Workbook

Sheet 组织分包
A1: 序号 | B1: 1 | D1: 1.战力先攻每两周更新一次，阵容不同会有所浮动 | W1: 礼包扣除DKP值 | Y1: 数量 | Z1: 已发放数量 | AA1: 剩余数量
D2: 2.战力加成按照当前战力值的十万分之一计算，四舍五入并减去3，计入DKP值，组织集结打满得1分，未打满记0分 | U2: 1 | V2: 传说 | W2: 19 | Y2: 8 | Z2: =COUNTIF($U$18:$U$289,1) -> 0 | AA2: =Y2-Z2 -> 8
D3: 3.组织战全勤，DKP+1 | U3: 2 | V3: 英雄 | W3: 15 | Y3: 8 | Z3: =COUNTIF($U$18:$U$289,2) -> 0 | AA3: =Y3-Z3 -> 8
D4: 4.参加忍战，单场获得DKP+1 | U4: 3 | V4: 精英 | W4: 12 | Y4: 12 | Z4: =COUNTIF($U$18:$U$289,3) -> 0 | AA4: =Y4-Z4 -> 12
D5: 5.周贡献值统计时间为每周一早上5点，至周六下午3点(左右）
D6: 6.周贡献值小于6000，DKP+1；大于等于6000且小于12000，DKP+2;大于等于12000，DKP+3
D7: 7.未参加忍战者本周无dkp | W7: 黄色标记格子需要输入
W8: 绿色格子为自动计算
V9: 战力调整值 | W9: 3
A10: 统计时间 | B10: 起 | C10: 月日 | V10: 单次忍战积分 | W10: 2
B11: 止 | C11: 月日 | V11: 忍战全勤额外积分 | W11: 2
V12: 本周忍战全勤次数 | W12: 4
A13: 本周忍战为 | B13: 跨服
M16: DKP值加成
D17: 成员名字 | F17: 战力 | H17: 先攻 | I17: 参战次数 | J17: 贡献值/周 | L17: 组织集结 | M17: 战力 | N17: 先攻 | O17: 忍战参战 | P17: 忍战全勤 | Q17: 周贡献 | S17: DKP上周结余 | T17: 本周DKP值 | U17: 本周礼包 | W17: 礼包扣除DKP | X17: DKP结余 | Y17: 备注 | Z17: 备注2 | AA17: 下次礼包
A18: 全勤 | C18: 1 | D18: 云朵朵 | F18: 736640 | H18: 3769 | I18: 4 | M18: =IF(F18>200000,IF(I18>0,ROUND(F18/100000,1)-$W$9,0),0) -> 4.4 | N18: =IF(H18>2000,IF(I18>0,ROUND(H18/10000,2),0),0)*5 -> 1.9 | O18: =I18*$W$10 -> 8 | P18: =IF(I18=$W$12,$W$11,0) -> 2 | Q18: =IF(AND(J18<6000,J18>0),1,IF(AND(J18<12000,J18>=6000),2,IF(AND(J18<=30000,J18>=12000),3))) -> FALSE | T18: =M18+O18+P18+Q18+L18+N18 -> 16.3 | V18: =IF(U18=$U$2,$V$2,IF(U18=$U$3,$V$3,IF(U18=$U$4,$V$4))) -> FALSE | W18: =-IF(U18=$U$2,$W$2,IF(U18=$U$3,$W$3,IF(U18=$U$4,$W$4))) -> 0 | X18: =S18+T18+W18 -> 16.3 | Y18: =IF(I18=0,List!$C$5,$C$3) -> 0
A19: 忍战缺1 | C19: 2 | D19: 花小鹿 | F19: 690700 | H19: 3300 | I19: 3 | M19: =IF(F19>200000,IF(I19>0,ROUND(F19/100000,1)-$W$9,0),0) -> 3.9 | N19: =IF(H19>2000,IF(I19>0,ROUND(H19/10000,2),0),0)*5 -> 1.65 | O19: =I19*$W$10 -> 6 | P19: =IF(I19=$W$12,$W$11,0) -> 0 | Q19: =IF(AND(J19<6000,J19>0),1,IF(AND(J19<12000,J19>=6000),2,IF(AND(J19<=30000,J19>=12000),3))) -> FALSE | T19: =M19+O19+P19+Q19+L19+N19 -> 11.55 | V19: =IF(U19=$U$2,$V$2,IF(U19=$U$3,$V$3,IF(U19=$U$4,$V$4))) -> FALSE | W19: =-IF(U19=$U$2,$W$2,IF(U19=$U$3,$W$3,IF(U19=$U$4,$W$4))) -> 0 | X19: =S19+T19+W19 -> 11.55 | Y19: =IF(I19=0,List!$C$5,$C$3) -> 0
C20: 3 | D20: 裤裤破了 | F20: 671896 | H20: 3130 | M20: =IF(F20>200000,IF(I20>0,ROUND(F20/100000,1)-$W$9,0),0) -> 0 | N20: =IF(H20>2000,IF(I20>0,ROUND(H20/10000,2),0),0)*5 -> 0 | O20: =I20*$W$10 -> 0 | P20: =IF(I20=$W$12,$W$11,0) -> 0 | Q20: =IF(AND(J20<6000,J20>0),1,IF(AND(J20<12000,J20>=6000),2,IF(AND(J20<=30000,J20>=12000),3))) -> FALSE | T20: =M20+O20+P20+Q20+L20+N20 -> 0 | V20: =IF(U20=$U$2,$V$2,IF(U20=$U$3,$V$3,IF(U20=$U$4,$V$4))) -> FALSE | W20: =-IF(U20=$U$2,$W$2,IF(U20=$U$3,$W$3,IF(U20=$U$4,$W$4))) -> 0 | X20: =S20+T20+W20 -> 0 | Y20: =IF(I20=0,List!$C$5,$C$3) -> 没有忍战，无法分包
A21: 忍战未参加 | C21: 4 | D21: 鬼月 | F21: 639288 | H21: 3080 | I21: 0 | M21: =IF(F21>200000,IF(I21>0,ROUND(F21/100000,1)-$W$9,0),0) -> 0 | N21: =IF(H21>2000,IF(I21>0,ROUND(H21/10000,2),0),0)*5 -> 0 | O21: =I21*$W$10 -> 0 | P21: =IF(I21=$W$12,$W$11,0) -> 0 | Q21: =IF(AND(J21<6000,J21>0),1,IF(AND(J21<12000,J21>=6000),2,IF(AND(J21<=30000,J21>=12000),3))) -> FALSE | T21: =M21+O21+P21+Q21+L21+N21 -> 0 | V21: =IF(U21=$U$2,$V$2,IF(U21=$U$3,$V$3,IF(U21=$U$4,$V$4))) -> FALSE | W21: =-IF(U21=$U$2,$W$2,IF(U21=$U$3,$W$3,IF(U21=$U$4,$W$4))) -> 0 | X21: =S21+T21+W21 -> 0 | Y21: =IF(I21=0,List!$C$5,$C$3) -> 没有忍战，无法分包
C22: 5 | D22: 扉间 | F22: 637707 | H22: 3006 | M22: =IF(F22>200000,IF(I22>0,ROUND(F22/100000,1)-$W$9,0),0) -> 0 | N22: =IF(H22>2000,IF(I22>0,ROUND(H22/10000,2),0),0)*5 -> 0 | O22: =I22*$W$10 -> 0 | P22: =IF(I22=$W$12,$W$11,0) -> 0 | Q22: =IF(AND(J22<6000,J22>0),1,IF(AND(J22<12000,J22>=6000),2,IF(AND(J22<=30000,J22>=12000),3))) -> FALSE | T22: =M22+O22+P22+Q22+L22+N22 -> 0 | V22: =IF(U22=$U$2,$V$2,IF(U22=$U$3,$V$3,IF(U22=$U$4,$V$4))) -> FALSE | W22: =-IF(U22=$U$2,$W$2,IF(U22=$U$3,$W$3,IF(U22=$U$4,$W$4))) -> 0 | X22: =S22+T22+W22 -> 0 | Y22: =IF(I22=0,List!$C$5,$C$3) -> 没有忍战，无法分包
C23: 6 | D23: 干你老师 | F23: 634778 | H23: 2954 | M23: =IF(F23>200000,IF(I23>0,ROUND(F23/100000,1)-$W$9,0),0) -> 0 | N23: =IF(H23>2000,IF(I23>0,ROUND(H23/10000,2),0),0)*5 -> 0 | O23: =I23*$W$10 -> 0 | P23: =IF(I23=$W$12,$W$11,0) -> 0 | Q23: =IF(AND(J23<6000,J23>0),1,IF(AND(J23<12000,J23>=6000),2,IF(AND(J23<=30000,J23>=12000),3))) -> FALSE | T23: =M23+O23+P23+Q23+L23+N23 -> 0 | V23: =IF(U23=$U$2,$V$2,IF(U23=$U$3,$V$3,IF(U23=$U$4,$V$4))) -> FALSE | W23: =-IF(U23=$U$2,$W$2,IF(U23=$U$3,$W$3,IF(U23=$U$4,$W$4))) -> 0 | X23: =S23+T23+W23 -> 0 | Y23: =IF(I23=0,List!$C$5,$C$3) -> 没有忍战，无法分包
C24: 7 | D24: 小柠檬 | F24: 634252 | H24: 3190 | M24: =IF(F24>200000,IF(I24>0,ROUND(F24/100000,1)-$W$9,0),0) -> 0 | N24: =IF(H24>2000,IF(I24>0,ROUND(H24/10000,2),0),0)*5 -> 0 | O24: =I24*$W$10 -> 0 | P24: =IF(I24=$W$12,$W$11,0) -> 0 | Q24: =IF(AND(J24<6000,J24>0),1,IF(AND(J24<12000,J24>=6000),2,IF(AND(J24<=30000,J24>=12000),3))) -> FALSE | T24: =M24+O24+P24+Q24+L24+N24 -> 0 | V24: =IF(U24=$U$2,$V$2,IF(U24=$U$3,$V$3,IF(U24=$U$4,$V$4))) -> FALSE | W24: =-IF(U24=$U$2,$W$2,IF(U24=$U$3,$W$3,IF(U24=$U$4,$W$4))) -> 0 | X24: =S24+T24+W24 -> 0 | Y24: =IF(I24=0,List!$C$5,$C$3) -> 没有忍战，无法分包
C25: 8 | D25: 爱老婆薪 | F25: 629148 | H25: 2828 | M25: =IF(F25>200000,IF(I25>0,ROUND(F25/100000,1)-$W$9,0),0) -> 0 | N25: =IF(H25>2000,IF(I25>0,ROUND(H25/10000,2),0),0)*5 -> 0 | O25: =I25*$W$10 -> 0 | P25: =IF(I25=$W$12,$W$11,0) -> 0 | Q25: =IF(AND(J25<6000,J25>0),1,IF(AND(J25<12000,J25>=6000),2,IF(AND(J25<=30000,J25>=12000),3))) -> FALSE | T25: =M25+O25+P25+Q25+L25+N25 -> 0 | V25: =IF(U25=$U$2,$V$2,IF(U25=$U$3,$V$3,IF(U25=$U$4,$V$4))) -> FALSE | W25: =-IF(U25=$U$2,$W$2,IF(U25=$U$3,$W$3,IF(U25=$U$4,$W$4))) -> 0 | X25: =S25+T25+W25 -> 0 | Y25: =IF(I25=0,List!$C$5,$C$3) -> 没有忍战，无法分包
C26: 9 | D26: 蛋总 | F26: 615876 | H26: 2741 | M26: =IF(F26>200000,IF(I26>0,ROUND(F26/100000,1)-$W$9,0),0) -> 0 | N26: =IF(H26>2000,IF(I26>0,ROUND(H26/10000,2),0),0)*5 -> 0 | O26: =I26*$W$10 -> 0 | P26: =IF(I26=$W$12,$W$11,0) -> 0 | Q26: =IF(AND(J26<6000,J26>0),1,IF(AND(J26<12000,J26>=6000),2,IF(AND(J26<=30000,J26>=12000),3))) -> FALSE | T26: =M26+O26+P26+Q26+L26+N26 -> 0 | V26: =IF(U26=$U$2,$V$2,IF(U26=$U$3,$V$3,IF(U26=$U$4,$V$4))) -> FALSE | W26: =-IF(U26=$U$2,$W$2,IF(U26=$U$3,$W$3,IF(U26=$U$4,$W$4))) -> 0 | X26: =S26+T26+W26 -> 0 | Y26: =IF(I26=0,List!$C$5,$C$3) -> 没有忍战，无法分包
C27: 10 | D27: Kolos | F27: 595824 | H27: 2913 | M27: =IF(F27>200000,IF(I27>0,ROUND(F27/100000,1)-$W$9,0),0) -> 0 | N27: =IF(H27>2000,IF(I27>0,ROUND(H27/10000,2),0),0)*5 -> 0 | O27: =I27*$W$10 -> 0 | P27: =IF(I27=$W$12,$W$11,0) -> 0 | Q27: =IF(AND(J27<6000,J27>0),1,IF(AND(J27<12000,J27>=6000),2,IF(AND(J27<=30000,J27>=12000),3))) -> FALSE | T27: =M27+O27+P27+Q27+L27+N27 -> 0 | V27: =IF(U27=$U$2,$V$2,IF(U27=$U$3,$V$3,IF(U27=$U$4,$V$4))) -> FALSE | W27: =-IF(U27=$U$2,$W$2,IF(U27=$U$3,$W$3,IF(U27=$U$4,$W$4))) -> 0 | X27: =S27+T27+W27 -> 0 | Y27: =IF(I27=0,List!$C$5,$C$3) -> 没有忍战，无法分包
C28: 11 | D28: 佐助 | F28: 589370 | H28: 2721 | M28: =IF(F28>200000,IF(I28>0,ROUND(F28/100000,1)-$W$9,0),0) -> 0 | N28: =IF(H28>2000,IF(I28>0,ROUND(H28/10000,2),0),0)*5 -> 0 | O28: =I28*$W$10 -> 0 | P28: =IF(I28=$W$12,$W$11,0) -> 0 | Q28: =IF(AND(J28<6000,J28>0),1,IF(AND(J28<12000,J28>=6000),2,IF(AND(J28<=30000,J28>=12000),3))) -> FALSE | T28: =M28+O28+P28+Q28+L28+N28 -> 0 | V28: =IF(U28=$U$2,$V$2,IF(U28=$U$3,$V$3,IF(U28=$U$4,$V$4))) -> FALSE | W28: =-IF(U28=$U$2,$W$2,IF(U28=$U$3,$W$3,IF(U28=$U$4,$W$4))) -> 0 | X28: =S28+T28+W28 -> 0 | Y28: =IF(I28=0,List!$C$5,$C$3) -> 没有忍战，无法分包
C29: 12 | D29: 智恩 | F29: 583620 | H29: 3042 | M29: =IF(F29>200000,IF(I29>0,ROUND(F29/100000,1)-$W$9,0),0) -> 0 | N29: =IF(H29>2000,IF(I29>0,ROUND(H29/10000,2),0),0)*5 -> 0 | O29: =I29*$W$10 -> 0 | P29: =IF(I29=$W$12,$W$11,0) -> 0 | Q29: =IF(AND(J29<6000,J29>0),1,IF(AND(J29<12000,J29>=6000),2,IF(AND(J29<=30000,J29>=12000),3))) -> FALSE | T29: =M29+O29+P29+Q29+L29+N29 -> 0 | V29: =IF(U29=$U$2,$V$2,IF(U29=$U$3,$V$3,IF(U29=$U$4,$V$4))) -> FALSE | W29: =-IF(U29=$U$2,$W$2,IF(U29=$U$3,$W$3,IF(U29=$U$4,$W$4))) -> 0 | X29: =S29+T29+W29 -> 0 | Y29: =IF(I29=0,List!$C$5,$C$3) -> 没有忍战，无法分包
C30: 13 | D30: 阿水 | F30: 575751 | H30: 2768 | M30: =IF(F30>200000,IF(I30>0,ROUND(F30/100000,1)-$W$9,0),0) -> 0 | N30: =IF(H30>2000,IF(I30>0,ROUND(H30/10000,2),0),0)*5 -> 0 | O30: =I30*$W$10 -> 0 | P30: =IF(I30=$W$12,$W$11,0) -> 0 | Q30: =IF(AND(J30<6000,J30>0),1,IF(AND(J30<12000,J30>=6000),2,IF(AND(J30<=30000,J30>=12000),3))) -> FALSE | T30: =M30+O30+P30+Q30+L30+N30 -> 0 | V30: =IF(U30=$U$2,$V$2,IF(U30=$U$3,$V$3,IF(U30=$U$4,$V$4))) -> FALSE | W30: =-IF(U30=$U$2,$W$2,IF(U30=$U$3,$W$3,IF(U30=$U$4,$W$4))) -> 0 | X30: =S30+T30+W30 -> 0 | Y30: =IF(I30=0,List!$C$5,$C$3) -> 没有忍战，无法分包
C31: 14 | D31: 雨 | F31: 566756 | H31: 2485 | M31: =IF(F31>200000,IF(I31>0,ROUND(F31/100000,1)-$W$9,0),0) -> 0 | N31: =IF(H31>2000,IF(I31>0,ROUND(H31/10000,2),0),0)*5 -> 0 | O31: =I31*$W$10 -> 0 | P31: =IF(I31=$W$12,$W$11,0) -> 0 | Q31: =IF(AND(J31<6000,J31>0),1,IF(AND(J31<12000,J31>=6000),2,IF(AND(J31<=30000,J31>=12000),3))) -> FALSE | T31: =M31+O31+P31+Q31+L31+N31 -> 0 | V31: =IF(U31=$U$2,$V$2,IF(U31=$U$3,$V$3,IF(U31=$U$4,$V$4))) -> FALSE | W31: =-IF(U31=$U$2,$W$2,IF(U31=$U$3,$W$3,IF(U31=$U$4,$W$4))) -> 0 | X31: =S31+T31+W31 -> 0 | Y31: =IF(I31=0,List!$C$5,$C$3) -> 没有忍战，无法分包
C32: 15 | D32: 霂霖 | F32: 561014 | H32: 2515 | M32: =IF(F32>200000,IF(I32>0,ROUND(F32/100000,1)-$W$9,0),0) -> 0 | N32: =IF(H32>2000,IF(I32>0,ROUND(H32/10000,2),0),0)*5 -> 0 | O32: =I32*$W$10 -> 0 | P32: =IF(I32=$W$12,$W$11,0) -> 0 | Q32: =IF(AND(J32<6000,J32>0),1,IF(AND(J32<12000,J32>=6000),2,IF(AND(J32<=30000,J32>=12000),3))) -> FALSE | T32: =M32+O32+P32+Q32+L32+N32 -> 0 | V32: =IF(U32=$U$2,$V$2,IF(U32=$U$3,$V$3,IF(U32=$U$4,$V$4))) -> FALSE | W32: =-IF(U32=$U$2,$W$2,IF(U32=$U$3,$W$3,IF(U32=$U$4,$W$4))) -> 0 | X32: =S32+T32+W32 -> 0 | Y32: =IF(I32=0,List!$C$5,$C$3) -> 没有忍战，无法分包
C33: 16 | D33: 裤裤旧了 | F33: 545640 | H33: 2739 | M33: =IF(F33>200000,IF(I33>0,ROUND(F33/100000,1)-$W$9,0),0) -> 0 | N33: =IF(H33>2000,IF(I33>0,ROUND(H33/10000,2),0),0)*5 -> 0 | O33: =I33*$W$10 -> 0 | P33: =IF(I33=$W$12,$W$11,0) -> 0 | Q33: =IF(AND(J33<6000,J33>0),1,IF(AND(J33<12000,J33>=6000),2,IF(AND(J33<=30000,J33>=12000),3))) -> FALSE | T33: =M33+O33+P33+Q33+L33+N33 -> 0 | V33: =IF(U33=$U$2,$V$2,IF(U33=$U$3,$V$3,IF(U33=$U$4,$V$4))) -> FALSE | W33: =-IF(U33=$U$2,$W$2,IF(U33=$U$3,$W$3,IF(U33=$U$4,$W$4))) -> 0 | X33: =S33+T33+W33 -> 0 | Y33: =IF(I33=0,List!$C$5,$C$3) -> 没有忍战，无法分包
... C41: 24 | D41: 路明畅 | F41: 507146 | H41: 2578 | M41: =IF(F41>200000,IF(I41>0,ROUND(F41/100000,1)-$W$9,0),0) -> 0 | N41: =IF(H41>2000,IF(I41>0,ROUND(H41/10000,2),0),0)*5 -> 0 | O41: =I41*$W$10 -> 0 | P41: =IF(I41=$W$12,$W$11,0) -> 0 | Q41: =IF(AND(J41<6000,J41>0),1,IF(AND(J41<12000,J41>=6000),2,IF(AND(J41<=30000,J41>=12000),3))) -> FALSE | T41: =M41+O41+P41+Q41+L41+N41 -> 0 | V41: =IF(U41=$U$2,$V$2,IF(U41=$U$3,$V$3,IF(U41=$U$4,$V$4))) -> FALSE | W41: =-IF(U41=$U$2,$W$2,IF(U41=$U$3,$W$3,IF(U41=$U$4,$W$4))) -> 0 | X41: =S41+T41+W41 -> 0 | Y41: =IF(I41=0,List!$C$5,$C$3) -> 没有忍战，无法分包
A42: 全勤 | C42: 25 | D42: 咸鱼 | F42: 501846 | H42: 2214 | I42: 4 | M42: =IF(F42>200000,IF(I42>0,ROUND(F42/100000,1)-$W$9,0),0) -> 2 | N42: =IF(H42>2000,IF(I42>0,ROUND(H42/10000,2),0),0)*5 -> 1.1 | O42: =I42*$W$10 -> 8 | P42: =IF(I42=$W$12,$W$11,0) -> 2 | Q42: =IF(AND(J42<6000,J42>0),1,IF(AND(J42<12000,J42>=6000),2,IF(AND(J42<=30000,J42>=12000),3))) -> FALSE | T42: =M42+O42+P42+Q42+L42+N42 -> 13.1 | V42: =IF(U42=$U$2,$V$2,IF(U42=$U$3,$V$3,IF(U42=$U$4,$V$4))) -> FALSE | W42: =-IF(U42=$U$2,$W$2,IF(U42=$U$3,$W$3,IF(U42=$U$4,$W$4))) -> 0 | X42: =S42+T42+W42 -> 13.1 | Y42: =IF(I42=0,List!$C$5,$C$3) -> 0
C43: 26 | D43: 浪漫本希 | F43: 501068 | H43: 2661 | M43: =IF(F43>200000,IF(I43>0,ROUND(F43/100000,1)-$W$9,0),0) -> 0 | N43: =IF(H43>2000,IF(I43>0,ROUND(H43/10000,2),0),0)*5 -> 0 | O43: =I43*$W$10 -> 0 | P43: =IF(I43=$W$12,$W$11,0) -> 0 | Q43: =IF(AND(J43<6000,J43>0),1,IF(AND(J43<12000,J43>=6000),2,IF(AND(J43<=30000,J43>=12000),3))) -> FALSE | T43: =M43+O43+P43+Q43+L43+N43 -> 0 | V43: =IF(U43=$U$2,$V$2,IF(U43=$U$3,$V$3,IF(U43=$U$4,$V$4))) -> FALSE | W43: =-IF(U43=$U$2,$W$2,IF(U43=$U$3,$W$3,IF(U43=$U$4,$W$4))) -> 0 | X43: =S43+T43+W43 -> 0 | Y43: =IF(I43=0,List!$C$5,$C$3) -> 没有忍战，无法分包
C44: 27 | D44: 奥卡 | F44: 497280 | H44: 2481 | M44: =IF(F44>200000,IF(I44>0,ROUND(F44/100000,1)-$W$9,0),0) -> 0 | N44: =IF(H44>2000,IF(I44>0,ROUND(H44/10000,2),0),0)*5 -> 0 | O44: =I44*$W$10 -> 0 | P44: =IF(I44=$W$12,$W$11,0) -> 0 | Q44: =IF(AND(J44<6000,J44>0),1,IF(AND(J44<12000,J44>=6000),2,IF(AND(J44<=30000,J44>=12000),3))) -> FALSE | T44: =M44+O44+P44+Q44+L44+N44 -> 0 | V44: =IF(U44=$U$2,$V$2,IF(U44=$U$3,$V$3,IF(U44=$U$4,$V$4))) -> FALSE | W44: =-IF(U44=$U$2,$W$2,IF(U44=$U$3,$W$3,IF(U44=$U$4,$W$4))) -> 0 | X44: =S44+T44+W44 -> 0 | Y44: =IF(I44=0,List!$C$5,$C$3) -> 没有忍战，无法分包
C45: 28 | D45: 赌圣 | F45: 490240 | H45: 2330 | M45: =IF(F45>200000,IF(I45>0,ROUND(F45/100000,1)-$W$9,0),0) -> 0 | N45: =IF(H45>2000,IF(I45>0,ROUND(H45/10000,2),0),0)*5 -> 0 | O45: =I45*$W$10 -> 0 | P45: =IF(I45=$W$12,$W$11,0) -> 0 | Q45: =IF(AND(J45<6000,J45>0),1,IF(AND(J45<12000,J45>=6000),2,IF(AND(J45<=30000,J45>=12000),3))) -> FALSE | T45: =M45+O45+P45+Q45+L45+N45 -> 0 | V45: =IF(U45=$U$2,$V$2,IF(U45=$U$3,$V$3,IF(U45=$U$4,$V$4))) -> FALSE | W45: =-IF(U45=$U$2,$W$2,IF(U45=$U$3,$W$3,IF(U45=$U$4,$W$4))) -> 0 | X45: =S45+T45+W45 -> 0 | Y45: =IF(I45=0,List!$C$5,$C$3) -> 没有忍战，无法分包
C46: 29 | D46: 狮子座 | F46: 490023 | H46: 2378 | M46: =IF(F46>200000,IF(I46>0,ROUND(F46/100000,1)-$W$9,0),0) -> 0 | N46: =IF(H46>2000,IF(I46>0,ROUND(H46/10000,2),0),0)*5 -> 0 | O46: =I46*$W$10 -> 0 | P46: =IF(I46=$W$12,$W$11,0) -> 0 | Q46: =IF(AND(J46<6000,J46>0),1,IF(AND(J46<12000,J46>=6000),2,IF(AND(J46<=30000,J46>=12000),3))) -> FALSE | T46: =M46+O46+P46+Q46+L46+N46 -> 0 | V46: =IF(U46=$U$2,$V$2,IF(U46=$U$3,$V$3,IF(U46=$U$4,$V$4))) -> FALSE | W46: =-IF(U46=$U$2,$W$2,IF(U46=$U$3,$W$3,IF(U46=$U$4,$W$4))) -> 0 | X46: =S46+T46+W46 -> 0 | Y46: =IF(I46=0,List!$C$5,$C$3) -> 没有忍战，无法分包
C47: 30 | D47: 鸭咧鸭咧 | F47: 477340 | H47: 2463 | M47: =IF(F47>200000,IF(I47>0,ROUND(F47/100000,1)-$W$9,0),0) -> 0 | N47: =IF(H47>2000,IF(I47>0,ROUND(H47/10000,2),0),0)*5 -> 0 | O47: =I47*$W$10 -> 0 | P47: =IF(I47=$W$12,$W$11,0) -> 0 | Q47: =IF(AND(J47<6000,J47>0),1,IF(AND(J47<12000,J47>=6000),2,IF(AND(J47<=30000,J47>=12000),3))) -> FALSE | T47: =M47+O47+P47+Q47+L47+N47 -> 0 | V47: =IF(U47=$U$2,$V$2,IF(U47=$U$3,$V$3,IF(U47=$U$4,$V$4))) -> FALSE | W47: =-IF(U47=$U$2,$W$2,IF(U47=$U$3,$W$3,IF(U47=$U$4,$W$4))) -> 0 | X47: =S47+T47+W47 -> 0 | Y47: =IF(I47=0,List!$C$5,$C$3) -> 没有忍战，无法分包
C48: 31 | D48: 深田&咏美 | F48: 472926 | H48: 2489 | M48: =IF(F48>200000,IF(I48>0,ROUND(F48/100000,1)-$W$9,0),0) -> 0 | N48: =IF(H48>2000,IF(I48>0,ROUND(H48/10000,2),0),0)*5 -> 0 | O48: =I48*$W$10 -> 0 | P48: =IF(I48=$W$12,$W$11,0) -> 0 | Q48: =IF(AND(J48<6000,J48>0),1,IF(AND(J48<12000,J48>=6000),2,IF(AND(J48<=30000,J48>=12000),3))) -> FALSE | T48: =M48+O48+P48+Q48+L48+N48 -> 0 | V48: =IF(U48=$U$2,$V$2,IF(U48=$U$3,$V$3,IF(U48=$U$4,$V$4))) -> FALSE | W48: =-IF(U48=$U$2,$W$2,IF(U48=$U$3,$W$3,IF(U48=$U$4,$W$4))) -> 0 | X48: =S48+T48+W48 -> 0 | Y48: =IF(I48=0,List!$C$5,$C$3) -> 没有忍战，无法分包
C49: 32 | D49: 大黄蜂 | F49: 471531 | H49: 2437 | M49: =IF(F49>200000,IF(I49>0,ROUND(F49/100000,1)-$W$9,0),0) -> 0 | N49: =IF(H49>2000,IF(I49>0,ROUND(H49/10000,2),0),0)*5 -> 0 | O49: =I49*$W$10 -> 0 | P49: =IF(I49=$W$12,$W$11,0) -> 0 | Q49: =IF(AND(J49<6000,J49>0),1,IF(AND(J49<12000,J49>=6000),2,IF(AND(J49<=30000,J49>=12000),3))) -> FALSE | T49: =M49+O49+P49+Q49+L49+N49 -> 0 | V49: =IF(U49=$U$2,$V$2,IF(U49=$U$3,$V$3,IF(U49=$U$4,$V$4))) -> FALSE | W49: =-IF(U49=$U$2,$W$2,IF(U49=$U$3,$W$3,IF(U49=$U$4,$W$4))) -> 0 | X49: =S49+T49+W49 -> 0 | Y49: =IF(I49=0,List!$C$5,$C$3) -> 没有忍战，无法分包
C50: 33 | D50: 呐泥哚 | F50: 465203 | H50: 2217 | M50: =IF(F50>200000,IF(I50>0,ROUND(F50/100000,1)-$W$9,0),0) -> 0 | N50: =IF(H50>2000,IF(I50>0,ROUND(H50/10000,2),0),0)*5 -> 0 | O50: =I50*$W$10 -> 0 | P50: =IF(I50=$W$12,$W$11,0) -> 0 | Q50: =IF(AND(J50<6000,J50>0),1,IF(AND(J50<12000,J50>=6000),2,IF(AND(J50<=30000,J50>=12000),3))) -> FALSE | T50: =M50+O50+P50+Q50+L50+N50 -> 0 | V50: =IF(U50=$U$2,$V$2,IF(U50=$U$3,$V$3,IF(U50=$U$4,$V$4))) -> FALSE | W50: =-IF(U50=$U$2,$W$2,IF(U50=$U$3,$W$3,IF(U50=$U$4,$W$4))) -> 0 | X50: =S50+T50+W50 -> 0 | Y50: =IF(I50=0,List!$C$5,$C$3) -> 没有忍战，无法分包
C51: 34 | D51: 野原君 | F51: 461108 | H51: 2073 | M51: =IF(F51>200000,IF(I51>0,ROUND(F51/100000,1)-$W$9,0),0) -> 0 | N51: =IF(H51>2000,IF(I51>0,ROUND(H51/10000,2),0),0)*5 -> 0 | O51: =I51*$W$10 -> 0 | P51: =IF(I51=$W$12,$W$11,0) -> 0 | Q51: =IF(AND(J51<6000,J51>0),1,IF(AND(J51<12000,J51>=6000),2,IF(AND(J51<=30000,J51>=12000),3))) -> FALSE | T51: =M51+O51+P51+Q51+L51+N51 -> 0 | V51: =IF(U51=$U$2,$V$2,IF(U51=$U$3,$V$3,IF(U51=$U$4,$V$4))) -> FALSE | W51: =-IF(U51=$U$2,$W$2,IF(U51=$U$3,$W$3,IF(U51=$U$4,$W$4))) -> 0 | X51: =S51+T51+W51 -> 0 | Y51: =IF(I51=0,List!$C$5,$C$3) -> 没有忍战，无法分包
C52: 35 | D52: 危险小子 | F52: 444985 | H52: 2100 | M52: =IF(F52>200000,IF(I52>0,ROUND(F52/100000,1)-$W$9,0),0) -> 0 | N52: =IF(H52>2000,IF(I52>0,ROUND(H52/10000,2),0),0)*5 -> 0 | O52: =I52*$W$10 -> 0 | P52: =IF(I52=$W$12,$W$11,0) -> 0 | Q52: =IF(AND(J52<6000,J52>0),1,IF(AND(J52<12000,J52>=6000),2,IF(AND(J52<=30000,J52>=12000),3))) -> FALSE | T52: =M52+O52+P52+Q52+L52+N52 -> 0 | V52: =IF(U52=$U$2,$V$2,IF(U52=$U$3,$V$3,IF(U52=$U$4,$V$4))) -> FALSE | W52: =-IF(U52=$U$2,$W$2,IF(U52=$U$3,$W$3,IF(U52=$U$4,$W$4))) -> 0 | X52: =S52+T52+W52 -> 0 | Y52: =IF(I52=0,List!$C$5,$C$3) -> 没有忍战，无法分包
C53: 36 | D53: 憨憨 | F53: 437777 | H53: 2284 | M53: =IF(F53>200000,IF(I53>0,ROUND(F53/100000,1)-$W$9,0),0) -> 0 | N53: =IF(H53>2000,IF(I53>0,ROUND(H53/10000,2),0),0)*5 -> 0 | O53: =I53*$W$10 -> 0 | P53: =IF(I53=$W$12,$W$11,0) -> 0 | Q53: =IF(AND(J53<6000,J53>0),1,IF(AND(J53<12000,J53>=6000),2,IF(AND(J53<=30000,J53>=12000),3))) -> FALSE | T53: =M53+O53+P53+Q53+L53+N53 -> 0 | V53: =IF(U53=$U$2,$V$2,IF(U53=$U$3,$V$3,IF(U53=$U$4,$V$4))) -> FALSE | W53: =-IF(U53=$U$2,$W$2,IF(U53=$U$3,$W$3,IF(U53=$U$4,$W$4))) -> 0 | X53: =S53+T53+W53 -> 0 | Y53: =IF(I53=0,List!$C$5,$C$3) -> 没有忍战，无法分包
C54: 37 | D54: 陌尊哥哥 | F54: 436507 | H54: 2228 | M54: =IF(F54>200000,IF(I54>0,ROUND(F54/100000,1)-$W$9,0),0) -> 0 | N54: =IF(H54>2000,IF(I54>0,ROUND(H54/10000,2),0),0)*5 -> 0 | O54: =I54*$W$10 -> 0 | P54: =IF(I54=$W$12,$W$11,0) -> 0 | Q54: =IF(AND(J54<6000,J54>0),1,IF(AND(J54<12000,J54>=6000),2,IF(AND(J54<=30000,J54>=12000),3))) -> FALSE | T54: =M54+O54+P54+Q54+L54+N54 -> 0 | V54: =IF(U54=$U$2,$V$2,IF(U54=$U$3,$V$3,IF(U54=$U$4,$V$4))) -> FALSE | W54: =-IF(U54=$U$2,$W$2,IF(U54=$U$3,$W$3,IF(U54=$U$4,$W$4))) -> 0 | X54: =S54+T54+W54 -> 0 | Y54: =IF(I54=0,List!$C$5,$C$3) -> 没有忍战，无法分包
... C56: 39 | D56: 鱼摆摆 | F56: 370935 | H56: 2064 | M56: =IF(F56>200000,IF(I56>0,ROUND(F56/100000,1)-$W$9,0),0) -> 0 | N56: =IF(H56>2000,IF(I56>0,ROUND(H56/10000,2),0),0)*5 -> 0 | O56: =I56*$W$10 -> 0 | P56: =IF(I56=$W$12,$W$11,0) -> 0 | Q56: =IF(AND(J56<6000,J56>0),1,IF(AND(J56<12000,J56>=6000),2,IF(AND(J56<=30000,J56>=12000),3))) -> FALSE | T56: =M56+O56+P56+Q56+L56+N56 -> 0 | V56: =IF(U56=$U$2,$V$2,IF(U56=$U$3,$V$3,IF(U56=$U$4,$V$4))) -> FALSE | W56: =-IF(U56=$U$2,$W$2,IF(U56=$U$3,$W$3,IF(U56=$U$4,$W$4))) -> 0 | X56: =S56+T56+W56 -> 0 | Y56: =IF(I56=0,List!$C$5,$C$3) -> 没有忍战，无法分包
F57: 0 | M57: =IF(F57>200000,IF(I57>0,ROUND(F57/100000,1)-$W$9,0),0) -> 0 | N57: =IF(H57>2000,IF(I57>0,ROUND(H57/10000,2),0),0)*5 -> 0 | O57: =I57*$W$10 -> 0 | P57: =IF(I57=$W$12,$W$11,0) -> 0 | Q57: =IF(AND(J57<6000,J57>0),1,IF(AND(J57<12000,J57>=6000),2,IF(AND(J57<=30000,J57>=12000),3))) -> FALSE | T57: =M57+O57+P57+Q57+L57+N57 -> 0 | V57: =IF(U57=$U$2,$V$2,IF(U57=$U$3,$V$3,IF(U57=$U$4,$V$4))) -> FALSE | W57: =-IF(U57=$U$2,$W$2,IF(U57=$U$3,$W$3,IF(U57=$U$4,$W$4))) -> 0 | X57: =S57+T57+W57 -> 0 | Y57: =IF(I57=0,List!$C$5,$C$3) -> 没有忍战，无法分包
F58: 0 | M58: =IF(F58>200000,IF(I58>0,ROUND(F58/100000,1)-$W$9,0),0) -> 0 | N58: =IF(H58>2000,IF(I58>0,ROUND(H58/10000,2),0),0)*5 -> 0 | O58: =I58*$W$10 -> 0 | P58: =IF(I58=$W$12,$W$11,0) -> 0 | Q58: =IF(AND(J58<6000,J58>0),1,IF(AND(J58<12000,J58>=6000),2,IF(AND(J58<=30000,J58>=12000),3))) -> FALSE | T58: =M58+O58+P58+Q58+L58+N58 -> 0 | V58: =IF(U58=$U$2,$V$2,IF(U58=$U$3,$V$3,IF(U58=$U$4,$V$4))) -> FALSE | W58: =-IF(U58=$U$2,$W$2,IF(U58=$U$3,$W$3,IF(U58=$U$4,$W$4))) -> 0 | X58: =S58+T58+W58 -> 0 | Y58: =IF(I58=0,List!$C$5,$C$3) -> 没有忍战，无法分包
F59: 0 | M59: =IF(F59>200000,IF(I59>0,ROUND(F59/100000,1)-$W$9,0),0) -> 0 | N59: =IF(H59>2000,IF(I59>0,ROUND(H59/10000,2),0),0)*5 -> 0 | O59: =I59*$W$10 -> 0 | P59: =IF(I59=$W$12,$W$11,0) -> 0 | Q59: =IF(AND(J59<6000,J59>0),1,IF(AND(J59<12000,J59>=6000),2,IF(AND(J59<=30000,J59>=12000),3))) -> FALSE | T59: =M59+O59+P59+Q59+L59+N59 -> 0 | V59: =IF(U59=$U$2,$V$2,IF(U59=$U$3,$V$3,IF(U59=$U$4,$V$4))) -> FALSE | W59: =-IF(U59=$U$2,$W$2,IF(U59=$U$3,$W$3,IF(U59=$U$4,$W$4))) -> 0 | X59: =S59+T59+W59 -> 0 | Y59: =IF(I59=0,List!$C$5,$C$3) -> 没有忍战，无法分包
F60: 0 | M60: =IF(F60>200000,IF(I60>0,ROUND(F60/100000,1)-$W$9,0),0) -> 0 | N60: =IF(H60>2000,IF(I60>0,ROUND(H60/10000,2),0),0)*5 -> 0 | O60: =I60*$W$10 -> 0 | P60: =IF(I60=$W$12,$W$11,0) -> 0 | Q60: =IF(AND(J60<6000,J60>0),1,IF(AND(J60<12000,J60>=6000),2,IF(AND(J60<=30000,J60>=12000),3))) -> FALSE | T60: =M60+O60+P60+Q60+L60+N60 -> 0 | V60: =IF(U60=$U$2,$V$2,IF(U60=$U$3,$V$3,IF(U60=$U$4,$V$4))) -> FALSE | W60: =-IF(U60=$U$2,$W$2,IF(U60=$U$3,$W$3,IF(U60=$U$4,$W$4))) -> 0 | X60: =S60+T60+W60 -> 0 | Y60: =IF(I60=0,List!$C$5,$C$3) -> 没有忍战，无法分包
F61: 0 | M61: =IF(F61>200000,IF(I61>0,ROUND(F61/100000,1)-$W$9,0),0) -> 0 | N61: =IF(H61>2000,IF(I61>0,ROUND(H61/10000,2),0),0)*5 -> 0 | O61: =I61*$W$10 -> 0 | P61: =IF(I61=$W$12,$W$11,0) -> 0 | Q61: =IF(AND(J61<6000,J61>0),1,IF(AND(J61<12000,J61>=6000),2,IF(AND(J61<=30000,J61>=12000),3))) -> FALSE | T61: =M61+O61+P61+Q61+L61+N61 -> 0 | V61: =IF(U61=$U$2,$V$2,IF(U61=$U$3,$V$3,IF(U61=$U$4,$V$4))) -> FALSE | W61: =-IF(U61=$U$2,$W$2,IF(U61=$U$3,$W$3,IF(U61=$U$4,$W$4))) -> 0 | X61: =S61+T61+W61 -> 0 | Y61: =IF(I61=0,List!$C$5,$C$3) -> 没有忍战，无法分包
F62: 0 | M62: =IF(F62>200000,IF(I62>0,ROUND(F62/100000,1)-$W$9,0),0) -> 0 | N62: =IF(H62>2000,IF(I62>0,ROUND(H62/10000,2),0),0)*5 -> 0 | O62: =I62*$W$10 -> 0 | P62: =IF(I62=$W$12,$W$11,0) -> 0 | Q62: =IF(AND(J62<6000,J62>0),1,IF(AND(J62<12000,J62>=6000),2,IF(AND(J62<=30000,J62>=12000),3))) -> FALSE | T62: =M62+O62+P62+Q62+L62+N62 -> 0 | V62: =IF(U62=$U$2,$V$2,IF(U62=$U$3,$V$3,IF(U62=$U$4,$V$4))) -> FALSE | W62: =-IF(U62=$U$2,$W$2,IF(U62=$U$3,$W$3,IF(U62=$U$4,$W$4))) -> 0 | X62: =S62+T62+W62 -> 0 | Y62: =IF(I62=0,List!$C$5,$C$3) -> 没有忍战，无法分包
F63: 0 | M63: =IF(F63>200000,IF(I63>0,ROUND(F63/100000,1)-$W$9,0),0) -> 0 | N63: =IF(H63>2000,IF(I63>0,ROUND(H63/10000,2),0),0)*5 -> 0 | O63: =I63*$W$10 -> 0 | P63: =IF(I63=$W$12,$W$11,0) -> 0 | Q63: =IF(AND(J63<6000,J63>0),1,IF(AND(J63<12000,J63>=6000),2,IF(AND(J63<=30000,J63>=12000),3))) -> FALSE | T63: =M63+O63+P63+Q63+L63+N63 -> 0 | V63: =IF(U63=$U$2,$V$2,IF(U63=$U$3,$V$3,IF(U63=$U$4,$V$4))) -> FALSE | W63: =-IF(U63=$U$2,$W$2,IF(U63=$U$3,$W$3,IF(U63=$U$4,$W$4))) -> 0 | X63: =S63+T63+W63 -> 0 | Y63: =IF(I63=0,List!$C$5,$C$3) -> 没有忍战，无法分包
F64: 0 | M64: =IF(F64>200000,IF(I64>0,ROUND(F64/100000,1)-$W$9,0),0) -> 0 | N64: =IF(H64>2000,IF(I64>0,ROUND(H64/10000,2),0),0)*5 -> 0 | O64: =I64*$W$10 -> 0 | P64: =IF(I64=$W$12,$W$11,0) -> 0 | Q64: =IF(AND(J64<6000,J64>0),1,IF(AND(J64<12000,J64>=6000),2,IF(AND(J64<=30000,J64>=12000),3))) -> FALSE | T64: =M64+O64+P64+Q64+L64+N64 -> 0 | V64: =IF(U64=$U$2,$V$2,IF(U64=$U$3,$V$3,IF(U64=$U$4,$V$4))) -> FALSE | W64: =-IF(U64=$U$2,$W$2,IF(U64=$U$3,$W$3,IF(U64=$U$4,$W$4))) -> 0 | X64: =S64+T64+W64 -> 0 | Y64: =IF(I64=0,List!$C$5,$C$3) -> 没有忍战，无法分包
F65: 0 | M65: =IF(F65>200000,IF(I65>0,ROUND(F65/100000,1)-$W$9,0),0) -> 0 | N65: =IF(H65>2000,IF(I65>0,ROUND(H65/10000,2),0),0)*5 -> 0 | O65: =I65*$W$10 -> 0 | P65: =IF(I65=$W$12,$W$11,0) -> 0 | Q65: =IF(AND(J65<6000,J65>0),1,IF(AND(J65<12000,J65>=6000),2,IF(AND(J65<=30000,J65>=12000),3))) -> FALSE | T65: =M65+O65+P65+Q65+L65+N65 -> 0 | V65: =IF(U65=$U$2,$V$2,IF(U65=$U$3,$V$3,IF(U65=$U$4,$V$4))) -> FALSE | W65: =-IF(U65=$U$2,$W$2,IF(U65=$U$3,$W$3,IF(U65=$U$4,$W$4))) -> 0 | X65: =S65+T65+W65 -> 0 | Y65: =IF(I65=0,List!$C$5,$C$3) -> 没有忍战，无法分包
F66: 0 | M66: =IF(F66>200000,IF(I66>0,ROUND(F66/100000,1)-$W$9,0),0) -> 0 | N66: =IF(H66>2000,IF(I66>0,ROUND(H66/10000,2),0),0)*5 -> 0 | O66: =I66*$W$10 -> 0 | P66: =IF(I66=$W$12,$W$11,0) -> 0 | Q66: =IF(AND(J66<6000,J66>0),1,IF(AND(J66<12000,J66>=6000),2,IF(AND(J66<=30000,J66>=12000),3))) -> FALSE | T66: =M66+O66+P66+Q66+L66+N66 -> 0 | V66: =IF(U66=$U$2,$V$2,IF(U66=$U$3,$V$3,IF(U66=$U$4,$V$4))) -> FALSE | W66: =-IF(U66=$U$2,$W$2,IF(U66=$U$3,$W$3,IF(U66=$U$4,$W$4))) -> 0 | X66: =S66+T66+W66 -> 0 | Y66: =IF(I66=0,List!$C$5,$C$3) -> 没有忍战，无法分包
F67: 0 | M67: =IF(F67>200000,IF(I67>0,ROUND(F67/100000,1)-$W$9,0),0) -> 0 | N67: =IF(H67>2000,IF(I67>0,ROUND(H67/10000,2),0),0)*5 -> 0 | O67: =I67*$W$10 -> 0 | P67: =IF(I67=$W$12,$W$11,0) -> 0 | Q67: =IF(AND(J67<6000,J67>0),1,IF(AND(J67<12000,J67>=6000),2,IF(AND(J67<=30000,J67>=12000),3))) -> FALSE | T67: =M67+O67+P67+Q67+L67+N67 -> 0 | V67: =IF(U67=$U$2,$V$2,IF(U67=$U$3,$V$3,IF(U67=$U$4,$V$4))) -> FALSE | W67: =-IF(U67=$U$2,$W$2,IF(U67=$U$3,$W$3,IF(U67=$U$4,$W$4))) -> 0 | X67: =S67+T67+W67 -> 0 | Y67: =IF(I67=0,List!$C$5,$C$3) -> 没有忍战，无法分包
F68: 0 | M68: =IF(F68>200000,IF(I68>0,ROUND(F68/100000,1)-$W$9,0),0) -> 0 | N68: =IF(H68>2000,IF(I68>0,ROUND(H68/10000,2),0),0)*5 -> 0 | O68: =I68*$W$10 -> 0 | P68: =IF(I68=$W$12,$W$11,0) -> 0 | Q68: =IF(AND(J68<6000,J68>0),1,IF(AND(J68<12000,J68>=6000),2,IF(AND(J68<=30000,J68>=12000),3))) -> FALSE | T68: =M68+O68+P68+Q68+L68+N68 -> 0 | V68: =IF(U68=$U$2,$V$2,IF(U68=$U$3,$V$3,IF(U68=$U$4,$V$4))) -> FALSE | W68: =-IF(U68=$U$2,$W$2,IF(U68=$U$3,$W$3,IF(U68=$U$4,$W$4))) -> 0 | X68: =S68+T68+W68 -> 0 | Y68: =IF(I68=0,List!$C$5,$C$3) -> 没有忍战，无法分包
... F80: 0 | M80: =IF(F80>200000,IF(I80>0,ROUND(F80/100000,1)-$W$9,0),0) -> 0 | N80: =IF(H80>2000,IF(I80>0,ROUND(H80/10000,2),0),0)*5 -> 0 | O80: =I80*$W$10 -> 0 | P80: =IF(I80=$W$12,$W$11,0) -> 0 | Q80: =IF(AND(J80<6000,J80>0),1,IF(AND(J80<12000,J80>=6000),2,IF(AND(J80<=30000,J80>=12000),3))) -> FALSE | T80: =M80+O80+P80+Q80+L80+N80 -> 0 | V80: =IF(U80=$U$2,$V$2,IF(U80=$U$3,$V$3,IF(U80=$U$4,$V$4))) -> FALSE | W80: =-IF(U80=$U$2,$W$2,IF(U80=$U$3,$W$3,IF(U80=$U$4,$W$4))) -> 0 | X80: =S80+T80+W80 -> 0 | Y80: =IF(I80=0,List!$C$5,$C$3) -> 没有忍战，无法分包
F81: 0 | M81: =IF(F81>200000,IF(I81>0,ROUND(F81/100000,1)-$W$9,0),0) -> 0 | N81: =IF(H81>2000,IF(I81>0,ROUND(H81/10000,2),0),0)*5 -> 0 | O81: =I81*$W$10 -> 0 | P81: =IF(I81=$W$12,$W$11,0) -> 0 | Q81: =IF(AND(J81<6000,J81>0),1,IF(AND(J81<12000,J81>=6000),2,IF(AND(J81<=30000,J81>=12000),3))) -> FALSE | T81: =M81+O81+P81+Q81+L81+N81 -> 0 | V81: =IF(U81=$U$2,$V$2,IF(U81=$U$3,$V$3,IF(U81=$U$4,$V$4))) -> FALSE | W81: =-IF(U81=$U$2,$W$2,IF(U81=$U$3,$W$3,IF(U81=$U$4,$W$4))) -> 0 | X81: =S81+T81+W81 -> 0 | Y81: =IF(I81=0,[1]List!$C$5,$C$3) -> 没有忍战，无法分包
F82: 0 | M82: =IF(F82>200000,IF(I82>0,ROUND(F82/100000,1)-$W$9,0),0) -> 0 | N82: =IF(H82>2000,IF(I82>0,ROUND(H82/10000,2),0),0)*5 -> 0 | O82: =I82*$W$10 -> 0 | P82: =IF(I82=$W$12,$W$11,0) -> 0 | Q82: =IF(AND(J82<6000,J82>0),1,IF(AND(J82<12000,J82>=6000),2,IF(AND(J82<=30000,J82>=12000),3))) -> FALSE | T82: =M82+O82+P82+Q82+L82+N82 -> 0 | V82: =IF(U82=$U$2,$V$2,IF(U82=$U$3,$V$3,IF(U82=$U$4,$V$4))) -> FALSE | W82: =-IF(U82=$U$2,$W$2,IF(U82=$U$3,$W$3,IF(U82=$U$4,$W$4))) -> 0 | X82: =S82+T82+W82 -> 0 | Y82: =IF(I82=0,[1]List!$C$5,$C$3) -> 没有忍战，无法分包
F83: 0 | M83: =IF(F83>200000,IF(I83>0,ROUND(F83/100000,1)-$W$9,0),0) -> 0 | N83: =IF(H83>2000,IF(I83>0,ROUND(H83/10000,2),0),0)*5 -> 0 | O83: =I83*$W$10 -> 0 | P83: =IF(I83=$W$12,$W$11,0) -> 0 | Q83: =IF(AND(J83<6000,J83>0),1,IF(AND(J83<12000,J83>=6000),2,IF(AND(J83<=30000,J83>=12000),3))) -> FALSE | T83: =M83+O83+P83+Q83+L83+N83 -> 0 | V83: =IF(U83=$U$2,$V$2,IF(U83=$U$3,$V$3,IF(U83=$U$4,$V$4))) -> FALSE | W83: =-IF(U83=$U$2,$W$2,IF(U83=$U$3,$W$3,IF(U83=$U$4,$W$4))) -> 0 | X83: =S83+T83+W83 -> 0 | Y83: =IF(I83=0,[1]List!$C$5,$C$3) -> 没有忍战，无法分包
F84: 0 | M84: =IF(F84>200000,IF(I84>0,ROUND(F84/100000,1)-$W$9,0),0) -> 0 | N84: =IF(H84>2000,IF(I84>0,ROUND(H84/10000,2),0),0)*5 -> 0 | O84: =I84*$W$10 -> 0 | P84: =IF(I84=$W$12,$W$11,0) -> 0 | Q84: =IF(AND(J84<6000,J84>0),1,IF(AND(J84<12000,J84>=6000),2,IF(AND(J84<=30000,J84>=12000),3))) -> FALSE | T84: =M84+O84+P84+Q84+L84+N84 -> 0 | V84: =IF(U84=$U$2,$V$2,IF(U84=$U$3,$V$3,IF(U84=$U$4,$V$4))) -> FALSE | W84: =-IF(U84=$U$2,$W$2,IF(U84=$U$3,$W$3,IF(U84=$U$4,$W$4))) -> 0 | X84: =S84+T84+W84 -> 0 | Y84: =IF(I84=0,[1]List!$C$5,$C$3) -> 没有忍战，无法分包
F85: 0 | M85: =IF(F85>200000,IF(I85>0,ROUND(F85/100000,1)-$W$9,0),0) -> 0 | N85: =IF(H85>2000,IF(I85>0,ROUND(H85/10000,2),0),0)*5 -> 0 | O85: =I85*$W$10 -> 0 | P85: =IF(I85=$W$12,$W$11,0) -> 0 | Q85: =IF(AND(J85<6000,J85>0),1,IF(AND(J85<12000,J85>=6000),2,IF(AND(J85<=30000,J85>=12000),3))) -> FALSE | T85: =M85+O85+P85+Q85+L85+N85 -> 0 | V85: =IF(U85=$U$2,$V$2,IF(U85=$U$3,$V$3,IF(U85=$U$4,$V$4))) -> FALSE | W85: =-IF(U85=$U$2,$W$2,IF(U85=$U$3,$W$3,IF(U85=$U$4,$W$4))) -> 0 | X85: =S85+T85+W85 -> 0 | Y85: =IF(I85=0,[1]List!$C$5,$C$3) -> 没有忍战，无法分包
F86: 0 | M86: =IF(F86>200000,IF(I86>0,ROUND(F86/100000,1)-$W$9,0),0) -> 0 | N86: =IF(H86>2000,IF(I86>0,ROUND(H86/10000,2),0),0)*5 -> 0 | O86: =I86*$W$10 -> 0 | P86: =IF(I86=$W$12,$W$11,0) -> 0 | Q86: =IF(AND(J86<6000,J86>0),1,IF(AND(J86<12000,J86>=6000),2,IF(AND(J86<=30000,J86>=12000),3))) -> FALSE | T86: =M86+O86+P86+Q86+L86+N86 -> 0 | V86: =IF(U86=$U$2,$V$2,IF(U86=$U$3,$V$3,IF(U86=$U$4,$V$4))) -> FALSE | W86: =-IF(U86=$U$2,$W$2,IF(U86=$U$3,$W$3,IF(U86=$U$4,$W$4))) -> 0 | X86: =S86+T86+W86 -> 0 | Y86: =IF(I86=0,[1]List!$C$5,$C$3) -> 没有忍战，无法分包
F87: 0 | M87: =IF(F87>200000,IF(I87>0,ROUND(F87/100000,1)-$W$9,0),0) -> 0 | N87: =IF(H87>2000,IF(I87>0,ROUND(H87/10000,2),0),0)*5 -> 0 | O87: =I87*$W$10 -> 0 | P87: =IF(I87=$W$12,$W$11,0) -> 0 | Q87: =IF(AND(J87<6000,J87>0),1,IF(AND(J87<12000,J87>=6000),2,IF(AND(J87<=30000,J87>=12000),3))) -> FALSE | T87: =M87+O87+P87+Q87+L87+N87 -> 0 | V87: =IF(U87=$U$2,$V$2,IF(U87=$U$3,$V$3,IF(U87=$U$4,$V$4))) -> FALSE | W87: =-IF(U87=$U$2,$W$2,IF(U87=$U$3,$W$3,IF(U87=$U$4,$W$4))) -> 0 | X87: =S87+T87+W87 -> 0 | Y87: =IF(I87=0,[1]List!$C$5,$C$3) -> 没有忍战，无法分包
F88: 0 | M88: =IF(F88>200000,IF(I88>0,ROUND(F88/100000,1)-$W$9,0),0) -> 0 | N88: =IF(H88>2000,IF(I88>0,ROUND(H88/10000,2),0),0)*5 -> 0 | O88: =I88*$W$10 -> 0 | P88: =IF(I88=$W$12,$W$11,0) -> 0 | Q88: =IF(AND(J88<6000,J88>0),1,IF(AND(J88<12000,J88>=6000),2,IF(AND(J88<=30000,J88>=12000),3))) -> FALSE | T88: =M88+O88+P88+Q88+L88+N88 -> 0 | V88: =IF(U88=$U$2,$V$2,IF(U88=$U$3,$V$3,IF(U88=$U$4,$V$4))) -> FALSE | W88: =-IF(U88=$U$2,$W$2,IF(U88=$U$3,$W$3,IF(U88=$U$4,$W$4))) -> 0 | X88: =S88+T88+W88 -> 0 | Y88: =IF(I88=0,[1]List!$C$5,$C$3) -> 没有忍战，无法分包
F89: 0 | M89: =IF(F89>200000,IF(I89>0,ROUND(F89/100000,1)-$W$9,0),0) -> 0 | N89: =IF(H89>2000,IF(I89>0,ROUND(H89/10000,2),0),0)*5 -> 0 | O89: =I89*$W$10 -> 0 | P89: =IF(I89=$W$12,$W$11,0) -> 0 | Q89: =IF(AND(J89<6000,J89>0),1,IF(AND(J89<12000,J89>=6000),2,IF(AND(J89<=30000,J89>=12000),3))) -> FALSE | T89: =M89+O89+P89+Q89+L89+N89 -> 0 | V89: =IF(U89=$U$2,$V$2,IF(U89=$U$3,$V$3,IF(U89=$U$4,$V$4))) -> FALSE | W89: =-IF(U89=$U$2,$W$2,IF(U89=$U$3,$W$3,IF(U89=$U$4,$W$4))) -> 0 | X89: =S89+T89+W89 -> 0 | Y89: =IF(I89=0,[1]List!$C$5,$C$3) -> 没有忍战，无法分包

Sheet List
C4: 种类
C5: 没有忍战，无法分包

Sheet 战力表
B1: 战力
A2: 花小鹿 | B2: 677760
A3: 鬼月 | B3: 639288
A4: 蛋总 | B4: 615876
A5: 佐助 | B5: 589370
A6: 智恩 | B6: 583620
A7: 残梦 | B7: 538826
A8: 阿水 | B8: 575751
A9: 霂霖 | B9: 561014
A10: 端弟 | B10: 536955
A11: 欧蜃 | B11: 515757
A12: 醉逍遥 | B12: 514761
A13: 咸鱼 | B13: 501846
... A40: 深田&咏美 | B40: 472926

Sheet 礼包
C2: 礼包积分计算
E3: 单价（元宝） | F3: 198 | G3: 100 | H3: 10
F4: 封印 | G4: 通灵 | H4: 原石 | I4: 小计 | J4: 消耗积分
C5: 跨服 | D5: 传说 | E5: 数量 | F5: 5 | G5: 7 | H5: 20
E6: 元宝 | F6: =F5*$F$3 -> 990 | G6: =G5*$G$3 -> 700 | H6: =H5*$H$3 -> 200 | I6: =SUM(F6:H6) -> 1890 | J6: 19
D7: 英雄 | E7: 数量 | F7: 4 | G7: 6 | H7: 15
E8: 元宝 | F8: =F7*$F$3 -> 792 | G8: =G7*$G$3 -> 600 | H8: =H7*$H$3 -> 150 | I8: =SUM(F8:H8) -> 1542 | J8: 15
D9: 精英 | E9: 数量 | F9: 3 | G9: 5 | H9: 10
E10: 元宝 | F10: =F9*$F$3 -> 594 | G10: =G9*$G$3 -> 500 | H10: =H9*$H$3 -> 100 | I10: =SUM(F10:H10) -> 1194 | J10: 12
C11: 本服 | D11: 传说 | E11: 数量 | F11: 4 | G11: 5
E12: 元宝 | F12: =F11*$F$3 -> 792 | G12: =G11*$G$3 -> 500 | I12: =SUM(F12:H12) -> 1292 | J12: 13
D13: 英雄 | E13: 数量 | F13: 3 | G13: 4
E14: 元宝 | F14: =F13*$F$3 -> 594 | G14: =G13*$G$3 -> 400 | I14: =SUM(F14:H14) -> 994 | J14: 10
D15: 精英 | E15: 数量 | F15: 2 | G15: 3
E16: 元宝 | F16: =F15*$F$3 -> 396 | G16: =G15*$G$3 -> 300 | I16: =SUM(F16:H16) -> 696 | J16: 7
C19: 积分原则
B20: 1 | C20: 参加忍战一次，积2分
B21: 2 | C21: 本周忍战全勤，额外活动2分
B22: 3 | C22: 战力对应积分计算。当前战力，除以10万，取整数，再减去3。举例65万战力，（65/10）四舍五入-3 = 4积分
B23: 4 | C23: 先攻对应积分计算。当前先攻，除以1万，保留两位小数再乘5，举例3300先攻（3300/10000*5）=1.65
C25: 获得礼包时扣除相应的积分。
C26: 发放礼包时不因礼包颜色而有区别，当前分高者优先获得橙色，橙色发放完，发紫色，直至没有礼包。
