Workbook

Sheet 黑名单

Sheet Sep2019
A1: 157区 活动中心 2019 9月 分包贡献明细
AH2: 礼包类别 | AI2: 分数
A3: 日期 | D3: 9月4日 & 9月7日 | I3: 9月11日 & 9月14日 | N3: 9月18日 & 9月21日 | S3: 9月25日 & 9月28日 | X3: 总分 | AD3: 备注 | AH3: 跨服传说礼包6分 | AI3: 6
A4: 编号 | B4: 昵称 | C4: 曾用名 | D4: 周三 | E4: 周六 | G4: 合计 | H4: 分包 | I4: 周三 | J4: 周六 | L4: 合计 | M4: 分包 | N4: 周三 | O4: 周六 | Q4: 合计 | R4: 分包 | S4: 周三 | T4: 周六 | U4: 贡献 | V4: 合计 | W4: 分包 | X4: 参战次数 | Y4: 本月得分 | Z4: 上月得分 | AA4: 礼包耗费 | AB4: 分包总分 | AC4: 轮入下月 | AH4: 跨服英雄礼包5分 | AI4: 5
A5: 1 | B5: Forever`欢喜 | D5: 0 | E5: 0 | G5: =D5+E5 -> 0 | H5: 未分包 | I5: 0 | J5: 0 | L5: =I5+J5 -> 0 | M5: 未分包 | N5: 0 | O5: 0 | Q5: =N5+O5 -> 0 | R5: 未分包 | S5: 0 | T5: 4 | U5: 32000 | V5: =S5+T5 -> 4 | W5: 未分包 | X5: =G5+L5+Q5+V5 -> 4 | Y5: =X5+U5/10000 -> 7.2 | Z5: 0 | AA5: =VLOOKUP(H5,$AH$3:$AI$9,2,FALSE)+VLOOKUP(M5,$AH$3:$AI$9,2,FALSE)+VLOOKUP(R5,$AH$3:$AI$9,2,FALSE)+VLOOKUP(W5,$AH$3:$AI$9,2,FALSE) -> 0 | AB5: =Y5+Z5-AA5 -> 7.2 | AC5: =AB5-MIN($AB$5:$AB$60) -> 7 | AE5: XXX 0战 | AH5: 跨服精英礼包4分 | AI5: 4
A6: 2 | B6: Forever`弟弟 | D6: 0 | E6: 0 | G6: =D6+E6 -> 0 | H6: 未分包 | I6: 0 | J6: 0 | L6: =I6+J6 -> 0 | M6: 未分包 | N6: 0 | O6: 0 | Q6: =N6+O6 -> 0 | R6: 未分包 | S6: 0 | T6: 4 | U6: 33800 | V6: =S6+T6 -> 4 | W6: 未分包 | X6: =G6+L6+Q6+V6 -> 4 | Y6: =X6+U6/10000 -> 7.38 | Z6: 0 | AA6: =VLOOKUP(H6,$AH$3:$AI$9,2,FALSE)+VLOOKUP(M6,$AH$3:$AI$9,2,FALSE)+VLOOKUP(R6,$AH$3:$AI$9,2,FALSE)+VLOOKUP(W6,$AH$3:$AI$9,2,FALSE) -> 0 | AB6: =Y6+Z6-AA6 -> 7.38 | AC6: =AB6-MIN($AB$5:$AB$60) -> 7.18 | AE6: XXX 1战 | AH6: 传说功勋礼包4分 | AI6: 4
A7: 3 | B7: Forever`暴风 | D7: 0 | E7: 0 | G7: =D7+E7 -> 0 | H7: 未分包 | I7: 0 | J7: 0 | L7: =I7+J7 -> 0 | M7: 未分包 | N7: 0 | O7: 0 | Q7: =N7+O7 -> 0 | R7: 未分包 | S7: 0 | T7: 4 | U7: 20000 | V7: =S7+T7 -> 4 | W7: 未分包 | X7: =G7+L7+Q7+V7 -> 4 | Y7: =X7+U7/10000 -> 6 | Z7: 0 | AA7: =VLOOKUP(H7,$AH$3:$AI$9,2,FALSE)+VLOOKUP(M7,$AH$3:$AI$9,2,FALSE)+VLOOKUP(R7,$AH$3:$AI$9,2,FALSE)+VLOOKUP(W7,$AH$3:$AI$9,2,FALSE) -> 0 | AB7: =Y7+Z7-AA7 -> 6 | AC7: =AB7-MIN($AB$5:$AB$60) -> 5.8 | AE7: XXX 2战 | AH7: 英雄功勋礼包3分 | AI7: 3
A8: 4 | B8: Forever`利 | D8: 0 | E8: 0 | G8: =D8+E8 -> 0 | H8: 未分包 | I8: 0 | J8: 0 | L8: =I8+J8 -> 0 | M8: 未分包 | N8: 0 | O8: 0 | Q8: =N8+O8 -> 0 | R8: 未分包 | S8: 0 | T8: 4 | U8: 14000 | V8: =S8+T8 -> 4 | W8: 未分包 | X8: =G8+L8+Q8+V8 -> 4 | Y8: =X8+U8/10000 -> 5.4 | Z8: 0 | AA8: =VLOOKUP(H8,$AH$3:$AI$9,2,FALSE)+VLOOKUP(M8,$AH$3:$AI$9,2,FALSE)+VLOOKUP(R8,$AH$3:$AI$9,2,FALSE)+VLOOKUP(W8,$AH$3:$AI$9,2,FALSE) -> 0 | AB8: =Y8+Z8-AA8 -> 5.4 | AC8: =AB8-MIN($AB$5:$AB$60) -> 5.2 | AE8: XXX 3战 | AH8: 精英功勋礼包2分 | AI8: 2
A9: 5 | B9: Forever`輪回 | D9: 0 | E9: 0 | G9: =D9+E9 -> 0 | H9: 未分包 | I9: 0 | J9: 0 | L9: =I9+J9 -> 0 | M9: 未分包 | N9: 0 | O9: 0 | Q9: =N9+O9 -> 0 | R9: 未分包 | S9: 0 | T9: 4 | U9: 14000 | V9: =S9+T9 -> 4 | W9: 未分包 | X9: =G9+L9+Q9+V9 -> 4 | Y9: =X9+U9/10000 -> 5.4 | Z9: 0 | AA9: =VLOOKUP(H9,$AH$3:$AI$9,2,FALSE)+VLOOKUP(M9,$AH$3:$AI$9,2,FALSE)+VLOOKUP(R9,$AH$3:$AI$9,2,FALSE)+VLOOKUP(W9,$AH$3:$AI$9,2,FALSE) -> 0 | AB9: =Y9+Z9-AA9 -> 5.4 | AC9: =AB9-MIN($AB$5:$AB$60) -> 5.2 | AE9: XXX 4战 | AH9: 未分包 | AI9: 0
A10: 6 | B10: Forever`等待 | D10: 0 | E10: 0 | G10: =D10+E10 -> 0 | H10: 未分包 | I10: 0 | J10: 0 | L10: =I10+J10 -> 0 | M10: 未分包 | N10: 0 | O10: 0 | Q10: =N10+O10 -> 0 | R10: 未分包 | S10: 0 | T10: 4 | U10: 13800 | V10: =S10+T10 -> 4 | W10: 未分包 | X10: =G10+L10+Q10+V10 -> 4 | Y10: =X10+U10/10000 -> 5.38 | Z10: 0 | AA10: =VLOOKUP(H10,$AH$3:$AI$9,2,FALSE)+VLOOKUP(M10,$AH$3:$AI$9,2,FALSE)+VLOOKUP(R10,$AH$3:$AI$9,2,FALSE)+VLOOKUP(W10,$AH$3:$AI$9,2,FALSE) -> 0 | AB10: =Y10+Z10-AA10 -> 5.38 | AC10: =AB10-MIN($AB$5:$AB$60) -> 5.18 | AE10: XXX 5战
A11: 7 | B11: Forever`瓶子 | D11: 0 | E11: 0 | G11: =D11+E11 -> 0 | H11: 未分包 | I11: 0 | J11: 0 | L11: =I11+J11 -> 0 | M11: 未分包 | N11: 0 | O11: 0 | Q11: =N11+O11 -> 0 | R11: 未分包 | S11: 0 | T11: 4 | U11: 13000 | V11: =S11+T11 -> 4 | W11: 未分包 | X11: =G11+L11+Q11+V11 -> 4 | Y11: =X11+U11/10000 -> 5.3 | Z11: 0 | AA11: =VLOOKUP(H11,$AH$3:$AI$9,2,FALSE)+VLOOKUP(M11,$AH$3:$AI$9,2,FALSE)+VLOOKUP(R11,$AH$3:$AI$9,2,FALSE)+VLOOKUP(W11,$AH$3:$AI$9,2,FALSE) -> 0 | AB11: =Y11+Z11-AA11 -> 5.3 | AC11: =AB11-MIN($AB$5:$AB$60) -> 5.1 | AE11: XXX 6战
A12: 8 | B12: Forever`了佳 | D12: 0 | E12: 0 | G12: =D12+E12 -> 0 | H12: 未分包 | I12: 0 | J12: 0 | L12: =I12+J12 -> 0 | M12: 未分包 | N12: 0 | O12: 0 | Q12: =N12+O12 -> 0 | R12: 未分包 | S12: 0 | T12: 4 | U12: 10200 | V12: =S12+T12 -> 4 | W12: 未分包 | X12: =G12+L12+Q12+V12 -> 4 | Y12: =X12+U12/10000 -> 5.02 | Z12: 0 | AA12: =VLOOKUP(H12,$AH$3:$AI$9,2,FALSE)+VLOOKUP(M12,$AH$3:$AI$9,2,FALSE)+VLOOKUP(R12,$AH$3:$AI$9,2,FALSE)+VLOOKUP(W12,$AH$3:$AI$9,2,FALSE) -> 0 | AB12: =Y12+Z12-AA12 -> 5.02 | AC12: =AB12-MIN($AB$5:$AB$60) -> 4.82 | AE12: XXX 7战
A13: 9 | B13: Forever`释空 | D13: 0 | E13: 0 | G13: =D13+E13 -> 0 | H13: 未分包 | I13: 0 | J13: 0 | L13: =I13+J13 -> 0 | M13: 未分包 | N13: 0 | O13: 0 | Q13: =N13+O13 -> 0 | R13: 未分包 | S13: 0 | T13: 3 | U13: 32000 | V13: =S13+T13 -> 3 | W13: 未分包 | X13: =G13+L13+Q13+V13 -> 3 | Y13: =X13+U13/10000 -> 6.2 | Z13: 0 | AA13: =VLOOKUP(H13,$AH$3:$AI$9,2,FALSE)+VLOOKUP(M13,$AH$3:$AI$9,2,FALSE)+VLOOKUP(R13,$AH$3:$AI$9,2,FALSE)+VLOOKUP(W13,$AH$3:$AI$9,2,FALSE) -> 0 | AB13: =Y13+Z13-AA13 -> 6.2 | AC13: =AB13-MIN($AB$5:$AB$60) -> 6 | AE13: XXX 8战
A14: 10 | B14: Forever`随风 | D14: 0 | E14: 0 | G14: =D14+E14 -> 0 | H14: 未分包 | I14: 0 | J14: 0 | L14: =I14+J14 -> 0 | M14: 未分包 | N14: 0 | O14: 0 | Q14: =N14+O14 -> 0 | R14: 未分包 | S14: 0 | T14: 3 | U14: 31600 | V14: =S14+T14 -> 3 | W14: 未分包 | X14: =G14+L14+Q14+V14 -> 3 | Y14: =X14+U14/10000 -> 6.16 | Z14: 0 | AA14: =VLOOKUP(H14,$AH$3:$AI$9,2,FALSE)+VLOOKUP(M14,$AH$3:$AI$9,2,FALSE)+VLOOKUP(R14,$AH$3:$AI$9,2,FALSE)+VLOOKUP(W14,$AH$3:$AI$9,2,FALSE) -> 0 | AB14: =Y14+Z14-AA14 -> 6.16 | AC14: =AB14-MIN($AB$5:$AB$60) -> 5.96 | AE14: XXX 9战
A15: 11 | B15: Forever`白泽 | D15: 0 | E15: 0 | G15: =D15+E15 -> 0 | H15: 未分包 | I15: 0 | J15: 0 | L15: =I15+J15 -> 0 | M15: 未分包 | N15: 0 | O15: 0 | Q15: =N15+O15 -> 0 | R15: 未分包 | S15: 0 | T15: 3 | U15: 35000 | V15: =S15+T15 -> 3 | W15: 未分包 | X15: =G15+L15+Q15+V15 -> 3 | Y15: =X15+U15/10000 -> 6.5 | Z15: 0 | AA15: =VLOOKUP(H15,$AH$3:$AI$9,2,FALSE)+VLOOKUP(M15,$AH$3:$AI$9,2,FALSE)+VLOOKUP(R15,$AH$3:$AI$9,2,FALSE)+VLOOKUP(W15,$AH$3:$AI$9,2,FALSE) -> 0 | AB15: =Y15+Z15-AA15 -> 6.5 | AC15: =AB15-MIN($AB$5:$AB$60) -> 6.3 | AE15: XXX 10战
A16: 12 | B16: Forever`仙尊 | D16: 0 | E16: 0 | G16: =D16+E16 -> 0 | H16: 未分包 | I16: 0 | J16: 0 | L16: =I16+J16 -> 0 | M16: 未分包 | N16: 0 | O16: 0 | Q16: =N16+O16 -> 0 | R16: 未分包 | S16: 0 | T16: 3 | U16: 29000 | V16: =S16+T16 -> 3 | W16: 未分包 | X16: =G16+L16+Q16+V16 -> 3 | Y16: =X16+U16/10000 -> 5.9 | Z16: 0 | AA16: =VLOOKUP(H16,$AH$3:$AI$9,2,FALSE)+VLOOKUP(M16,$AH$3:$AI$9,2,FALSE)+VLOOKUP(R16,$AH$3:$AI$9,2,FALSE)+VLOOKUP(W16,$AH$3:$AI$9,2,FALSE) -> 0 | AB16: =Y16+Z16-AA16 -> 5.9 | AC16: =AB16-MIN($AB$5:$AB$60) -> 5.7 | AE16: XXX 11战
A17: 13 | B17: Forever`雷柱 | D17: 0 | E17: 0 | G17: =D17+E17 -> 0 | H17: 未分包 | I17: 0 | J17: 0 | L17: =I17+J17 -> 0 | M17: 未分包 | N17: 0 | O17: 0 | Q17: =N17+O17 -> 0 | R17: 未分包 | S17: 0 | T17: 3 | U17: 23000 | V17: =S17+T17 -> 3 | W17: 未分包 | X17: =G17+L17+Q17+V17 -> 3 | Y17: =X17+U17/10000 -> 5.3 | Z17: 0 | AA17: =VLOOKUP(H17,$AH$3:$AI$9,2,FALSE)+VLOOKUP(M17,$AH$3:$AI$9,2,FALSE)+VLOOKUP(R17,$AH$3:$AI$9,2,FALSE)+VLOOKUP(W17,$AH$3:$AI$9,2,FALSE) -> 0 | AB17: =Y17+Z17-AA17 -> 5.3 | AC17: =AB17-MIN($AB$5:$AB$60) -> 5.1 | AE17: XXX 12战
A18: 14 | B18: Forever`初见 | D18: 0 | E18: 0 | G18: =D18+E18 -> 0 | H18: 未分包 | I18: 0 | J18: 0 | L18: =I18+J18 -> 0 | M18: 未分包 | N18: 0 | O18: 0 | Q18: =N18+O18 -> 0 | R18: 未分包 | S18: 0 | T18: 3 | U18: 22200 | V18: =S18+T18 -> 3 | W18: 未分包 | X18: =G18+L18+Q18+V18 -> 3 | Y18: =X18+U18/10000 -> 5.22 | Z18: 0 | AA18: =VLOOKUP(H18,$AH$3:$AI$9,2,FALSE)+VLOOKUP(M18,$AH$3:$AI$9,2,FALSE)+VLOOKUP(R18,$AH$3:$AI$9,2,FALSE)+VLOOKUP(W18,$AH$3:$AI$9,2,FALSE) -> 0 | AB18: =Y18+Z18-AA18 -> 5.22 | AC18: =AB18-MIN($AB$5:$AB$60) -> 5.02 | AE18: XXX 13战
A19: 15 | B19: Forever`Gai | D19: 0 | E19: 0 | G19: =D19+E19 -> 0 | H19: 未分包 | I19: 0 | J19: 0 | L19: =I19+J19 -> 0 | M19: 未分包 | N19: 0 | O19: 0 | Q19: =N19+O19 -> 0 | R19: 未分包 | S19: 0 | T19: 3 | U19: 19200 | V19: =S19+T19 -> 3 | W19: 未分包 | X19: =G19+L19+Q19+V19 -> 3 | Y19: =X19+U19/10000 -> 4.92 | Z19: 0 | AA19: =VLOOKUP(H19,$AH$3:$AI$9,2,FALSE)+VLOOKUP(M19,$AH$3:$AI$9,2,FALSE)+VLOOKUP(R19,$AH$3:$AI$9,2,FALSE)+VLOOKUP(W19,$AH$3:$AI$9,2,FALSE) -> 0 | AB19: =Y19+Z19-AA19 -> 4.92 | AC19: =AB19-MIN($AB$5:$AB$60) -> 4.72 | AE19: XXX 14战
A20: 16 | B20: Forever`啾啾 | D20: 0 | E20: 0 | G20: =D20+E20 -> 0 | H20: 未分包 | I20: 0 | J20: 0 | L20: =I20+J20 -> 0 | M20: 未分包 | N20: 0 | O20: 0 | Q20: =N20+O20 -> 0 | R20: 未分包 | S20: 0 | T20: 3 | U20: 17000 | V20: =S20+T20 -> 3 | W20: 未分包 | X20: =G20+L20+Q20+V20 -> 3 | Y20: =X20+U20/10000 -> 4.7 | Z20: 0 | AA20: =VLOOKUP(H20,$AH$3:$AI$9,2,FALSE)+VLOOKUP(M20,$AH$3:$AI$9,2,FALSE)+VLOOKUP(R20,$AH$3:$AI$9,2,FALSE)+VLOOKUP(W20,$AH$3:$AI$9,2,FALSE) -> 0 | AB20: =Y20+Z20-AA20 -> 4.7 | AC20: =AB20-MIN($AB$5:$AB$60) -> 4.5 | AE20: XXX 15战
A21: 17 | B21: Forever`珞珞 | D21: 0 | E21: 0 | G21: =D21+E21 -> 0 | H21: 未分包 | I21: 0 | J21: 0 | L21: =I21+J21 -> 0 | M21: 未分包 | N21: 0 | O21: 0 | Q21: =N21+O21 -> 0 | R21: 未分包 | S21: 0 | T21: 3 | U21: 14000 | V21: =S21+T21 -> 3 | W21: 未分包 | X21: =G21+L21+Q21+V21 -> 3 | Y21: =X21+U21/10000 -> 4.4 | Z21: 0 | AA21: =VLOOKUP(H21,$AH$3:$AI$9,2,FALSE)+VLOOKUP(M21,$AH$3:$AI$9,2,FALSE)+VLOOKUP(R21,$AH$3:$AI$9,2,FALSE)+VLOOKUP(W21,$AH$3:$AI$9,2,FALSE) -> 0 | AB21: =Y21+Z21-AA21 -> 4.4 | AC21: =AB21-MIN($AB$5:$AB$60) -> 4.2 | AE21: XXX 16战
A22: 18 | B22: 万事如意 | D22: 0 | E22: 0 | G22: =D22+E22 -> 0 | H22: 未分包 | I22: 0 | J22: 0 | L22: =I22+J22 -> 0 | M22: 未分包 | N22: 0 | O22: 0 | Q22: =N22+O22 -> 0 | R22: 未分包 | S22: 0 | T22: 3 | U22: 14000 | V22: =S22+T22 -> 3 | W22: 未分包 | X22: =G22+L22+Q22+V22 -> 3 | Y22: =X22+U22/10000 -> 4.4 | Z22: 0 | AA22: =VLOOKUP(H22,$AH$3:$AI$9,2,FALSE)+VLOOKUP(M22,$AH$3:$AI$9,2,FALSE)+VLOOKUP(R22,$AH$3:$AI$9,2,FALSE)+VLOOKUP(W22,$AH$3:$AI$9,2,FALSE) -> 0 | AB22: =Y22+Z22-AA22 -> 4.4 | AC22: =AB22-MIN($AB$5:$AB$60) -> 4.2
A23: 19 | B23: 林一 | D23: 0 | E23: 0 | G23: =D23+E23 -> 0 | H23: 未分包 | I23: 0 | J23: 0 | L23: =I23+J23 -> 0 | M23: 未分包 | N23: 0 | O23: 0 | Q23: =N23+O23 -> 0 | R23: 未分包 | S23: 0 | T23: 3 | U23: 12000 | V23: =S23+T23 -> 3 | W23: 未分包 | X23: =G23+L23+Q23+V23 -> 3 | Y23: =X23+U23/10000 -> 4.2 | Z23: 0 | AA23: =VLOOKUP(H23,$AH$3:$AI$9,2,FALSE)+VLOOKUP(M23,$AH$3:$AI$9,2,FALSE)+VLOOKUP(R23,$AH$3:$AI$9,2,FALSE)+VLOOKUP(W23,$AH$3:$AI$9,2,FALSE) -> 0 | AB23: =Y23+Z23-AA23 -> 4.2 | AC23: =AB23-MIN($AB$5:$AB$60) -> 4 | AE23: 精英功勋礼包2分
A24: 20 | B24: Forever`孤王 | D24: 0 | E24: 0 | G24: =D24+E24 -> 0 | H24: 未分包 | I24: 0 | J24: 0 | L24: =I24+J24 -> 0 | M24: 未分包 | N24: 0 | O24: 0 | Q24: =N24+O24 -> 0 | R24: 未分包 | S24: 0 | T24: 2 | U24: 31000 | V24: =S24+T24 -> 2 | W24: 未分包 | X24: =G24+L24+Q24+V24 -> 2 | Y24: =X24+U24/10000 -> 5.1 | Z24: 0 | AA24: =VLOOKUP(H24,$AH$3:$AI$9,2,FALSE)+VLOOKUP(M24,$AH$3:$AI$9,2,FALSE)+VLOOKUP(R24,$AH$3:$AI$9,2,FALSE)+VLOOKUP(W24,$AH$3:$AI$9,2,FALSE) -> 0 | AB24: =Y24+Z24-AA24 -> 5.1 | AC24: =AB24-MIN($AB$5:$AB$60) -> 4.9 | AE24: 英雄功勋礼包3分
A25: 21 | B25: Forever`里瞳 | D25: 0 | E25: 0 | G25: =D25+E25 -> 0 | H25: 未分包 | I25: 0 | J25: 0 | L25: =I25+J25 -> 0 | M25: 未分包 | N25: 0 | O25: 0 | Q25: =N25+O25 -> 0 | R25: 未分包 | S25: 0 | T25: 2 | U25: 30200 | V25: =S25+T25 -> 2 | W25: 未分包 | X25: =G25+L25+Q25+V25 -> 2 | Y25: =X25+U25/10000 -> 5.02 | Z25: 0 | AA25: =VLOOKUP(H25,$AH$3:$AI$9,2,FALSE)+VLOOKUP(M25,$AH$3:$AI$9,2,FALSE)+VLOOKUP(R25,$AH$3:$AI$9,2,FALSE)+VLOOKUP(W25,$AH$3:$AI$9,2,FALSE) -> 0 | AB25: =Y25+Z25-AA25 -> 5.02 | AC25: =AB25-MIN($AB$5:$AB$60) -> 4.82 | AE25: 传说功勋礼包4分
A26: 22 | B26: Forever`天刀 | D26: 0 | E26: 0 | G26: =D26+E26 -> 0 | H26: 未分包 | I26: 0 | J26: 0 | L26: =I26+J26 -> 0 | M26: 未分包 | N26: 0 | O26: 0 | Q26: =N26+O26 -> 0 | R26: 未分包 | S26: 0 | T26: 1 | U26: 14000 | V26: =S26+T26 -> 1 | W26: 未分包 | X26: =G26+L26+Q26+V26 -> 1 | Y26: =X26+U26/10000 -> 2.4 | Z26: 0 | AA26: =VLOOKUP(H26,$AH$3:$AI$9,2,FALSE)+VLOOKUP(M26,$AH$3:$AI$9,2,FALSE)+VLOOKUP(R26,$AH$3:$AI$9,2,FALSE)+VLOOKUP(W26,$AH$3:$AI$9,2,FALSE) -> 0 | AB26: =Y26+Z26-AA26 -> 2.4 | AC26: =AB26-MIN($AB$5:$AB$60) -> 2.2 | AE26: 跨服精英礼包4分
A27: 23 | B27: Forever`三傻 | D27: 0 | E27: 0 | G27: =D27+E27 -> 0 | H27: 未分包 | I27: 0 | J27: 0 | L27: =I27+J27 -> 0 | M27: 未分包 | N27: 0 | O27: 0 | Q27: =N27+O27 -> 0 | R27: 未分包 | S27: 0 | T27: 2 | U27: 30000 | V27: =S27+T27 -> 2 | W27: 未分包 | X27: =G27+L27+Q27+V27 -> 2 | Y27: =X27+U27/10000 -> 5 | Z27: 0 | AA27: =VLOOKUP(H27,$AH$3:$AI$9,2,FALSE)+VLOOKUP(M27,$AH$3:$AI$9,2,FALSE)+VLOOKUP(R27,$AH$3:$AI$9,2,FALSE)+VLOOKUP(W27,$AH$3:$AI$9,2,FALSE) -> 0 | AB27: =Y27+Z27-AA27 -> 5 | AC27: =AB27-MIN($AB$5:$AB$60) -> 4.8 | AE27: 跨服英雄礼包5分
A28: 24 | B28: Forever`孤心 | D28: 0 | E28: 0 | G28: =D28+E28 -> 0 | H28: 未分包 | I28: 0 | J28: 0 | L28: =I28+J28 -> 0 | M28: 未分包 | N28: 0 | O28: 0 | Q28: =N28+O28 -> 0 | R28: 未分包 | S28: 0 | T28: 2 | U28: 15000 | V28: =S28+T28 -> 2 | W28: 未分包 | X28: =G28+L28+Q28+V28 -> 2 | Y28: =X28+U28/10000 -> 3.5 | Z28: 0 | AA28: =VLOOKUP(H28,$AH$3:$AI$9,2,FALSE)+VLOOKUP(M28,$AH$3:$AI$9,2,FALSE)+VLOOKUP(R28,$AH$3:$AI$9,2,FALSE)+VLOOKUP(W28,$AH$3:$AI$9,2,FALSE) -> 0 | AB28: =Y28+Z28-AA28 -> 3.5 | AC28: =AB28-MIN($AB$5:$AB$60) -> 3.3 | AE28: 跨服传说礼包6分
A29: 25 | B29: Forever`天刀 | D29: 0 | E29: 0 | G29: =D29+E29 -> 0 | H29: 未分包 | I29: 0 | J29: 0 | L29: =I29+J29 -> 0 | M29: 未分包 | N29: 0 | O29: 0 | Q29: =N29+O29 -> 0 | R29: 未分包 | S29: 0 | T29: 1 | U29: 14000 | V29: =S29+T29 -> 1 | W29: 未分包 | X29: =G29+L29+Q29+V29 -> 1 | Y29: =X29+U29/10000 -> 2.4 | Z29: 0 | AA29: =VLOOKUP(H29,$AH$3:$AI$9,2,FALSE)+VLOOKUP(M29,$AH$3:$AI$9,2,FALSE)+VLOOKUP(R29,$AH$3:$AI$9,2,FALSE)+VLOOKUP(W29,$AH$3:$AI$9,2,FALSE) -> 0 | AB29: =Y29+Z29-AA29 -> 2.4 | AC29: =AB29-MIN($AB$5:$AB$60) -> 2.2
A30: 26 | B30: Forever`二傻 | D30: 0 | E30: 0 | G30: =D30+E30 -> 0 | H30: 未分包 | I30: 0 | J30: 0 | L30: =I30+J30 -> 0 | M30: 未分包 | N30: 0 | O30: 0 | Q30: =N30+O30 -> 0 | R30: 未分包 | S30: 0 | T30: 1 | U30: 11000 | V30: =S30+T30 -> 1 | W30: 未分包 | X30: =G30+L30+Q30+V30 -> 1 | Y30: =X30+U30/10000 -> 2.1 | Z30: 0 | AA30: =VLOOKUP(H30,$AH$3:$AI$9,2,FALSE)+VLOOKUP(M30,$AH$3:$AI$9,2,FALSE)+VLOOKUP(R30,$AH$3:$AI$9,2,FALSE)+VLOOKUP(W30,$AH$3:$AI$9,2,FALSE) -> 0 | AB30: =Y30+Z30-AA30 -> 2.1 | AC30: =AB30-MIN($AB$5:$AB$60) -> 1.9
A31: 27 | B31: Forever`為你 | D31: 0 | E31: 0 | G31: =D31+E31 -> 0 | H31: 未分包 | I31: 0 | J31: 0 | L31: =I31+J31 -> 0 | M31: 未分包 | N31: 0 | O31: 0 | Q31: =N31+O31 -> 0 | R31: 未分包 | S31: 0 | T31: 0 | U31: 34000 | V31: =S31+T31 -> 0 | W31: 未分包 | X31: =G31+L31+Q31+V31 -> 0 | Y31: =X31+U31/10000 -> 3.4 | Z31: 0 | AA31: =VLOOKUP(H31,$AH$3:$AI$9,2,FALSE)+VLOOKUP(M31,$AH$3:$AI$9,2,FALSE)+VLOOKUP(R31,$AH$3:$AI$9,2,FALSE)+VLOOKUP(W31,$AH$3:$AI$9,2,FALSE) -> 0 | AB31: =Y31+Z31-AA31 -> 3.4 | AC31: =AB31-MIN($AB$5:$AB$60) -> 3.2
A32: 28 | B32: Forever`鹿丸 | D32: 0 | E32: 0 | G32: =D32+E32 -> 0 | H32: 未分包 | I32: 0 | J32: 0 | L32: =I32+J32 -> 0 | M32: 未分包 | N32: 0 | O32: 0 | Q32: =N32+O32 -> 0 | R32: 未分包 | S32: 0 | T32: 0 | U32: 22400 | V32: =S32+T32 -> 0 | W32: 未分包 | X32: =G32+L32+Q32+V32 -> 0 | Y32: =X32+U32/10000 -> 2.24 | Z32: 0 | AA32: =VLOOKUP(H32,$AH$3:$AI$9,2,FALSE)+VLOOKUP(M32,$AH$3:$AI$9,2,FALSE)+VLOOKUP(R32,$AH$3:$AI$9,2,FALSE)+VLOOKUP(W32,$AH$3:$AI$9,2,FALSE) -> 0 | AB32: =Y32+Z32-AA32 -> 2.24 | AC32: =AB32-MIN($AB$5:$AB$60) -> 2.04
A33: 29 | B33: Forever`别吵 | D33: 0 | E33: 0 | G33: =D33+E33 -> 0 | H33: 未分包 | I33: 0 | J33: 0 | L33: =I33+J33 -> 0 | M33: 未分包 | N33: 0 | O33: 0 | Q33: =N33+O33 -> 0 | R33: 未分包 | S33: 0 | T33: 0 | U33: 11600 | V33: =S33+T33 -> 0 | W33: 未分包 | X33: =G33+L33+Q33+V33 -> 0 | Y33: =X33+U33/10000 -> 1.16 | Z33: 0 | AA33: =VLOOKUP(H33,$AH$3:$AI$9,2,FALSE)+VLOOKUP(M33,$AH$3:$AI$9,2,FALSE)+VLOOKUP(R33,$AH$3:$AI$9,2,FALSE)+VLOOKUP(W33,$AH$3:$AI$9,2,FALSE) -> 0 | AB33: =Y33+Z33-AA33 -> 1.16 | AC33: =AB33-MIN($AB$5:$AB$60) -> 0.96
A34: 30 | B34: 晨曦心 | D34: 0 | E34: 0 | G34: =D34+E34 -> 0 | H34: 未分包 | I34: 0 | J34: 0 | L34: =I34+J34 -> 0 | M34: 未分包 | N34: 0 | O34: 0 | Q34: =N34+O34 -> 0 | R34: 未分包 | S34: 0 | T34: 0 | U34: 10000 | V34: =S34+T34 -> 0 | W34: 未分包 | X34: =G34+L34+Q34+V34 -> 0 | Y34: =X34+U34/10000 -> 1 | Z34: 0 | AA34: =VLOOKUP(H34,$AH$3:$AI$9,2,FALSE)+VLOOKUP(M34,$AH$3:$AI$9,2,FALSE)+VLOOKUP(R34,$AH$3:$AI$9,2,FALSE)+VLOOKUP(W34,$AH$3:$AI$9,2,FALSE) -> 0 | AB34: =Y34+Z34-AA34 -> 1 | AC34: =AB34-MIN($AB$5:$AB$60) -> 0.8
A35: 31 | B35: Nobita | D35: 0 | E35: 0 | G35: =D35+E35 -> 0 | H35: 未分包 | I35: 0 | J35: 0 | L35: =I35+J35 -> 0 | M35: 未分包 | N35: 0 | O35: 0 | Q35: =N35+O35 -> 0 | R35: 未分包 | S35: 0 | T35: 0 | U35: 10000 | V35: =S35+T35 -> 0 | W35: 未分包 | X35: =G35+L35+Q35+V35 -> 0 | Y35: =X35+U35/10000 -> 1 | Z35: 0 | AA35: =VLOOKUP(H35,$AH$3:$AI$9,2,FALSE)+VLOOKUP(M35,$AH$3:$AI$9,2,FALSE)+VLOOKUP(R35,$AH$3:$AI$9,2,FALSE)+VLOOKUP(W35,$AH$3:$AI$9,2,FALSE) -> 0 | AB35: =Y35+Z35-AA35 -> 1 | AC35: =AB35-MIN($AB$5:$AB$60) -> 0.8
A36: 32 | B36: 清风术语 | D36: 0 | E36: 0 | G36: =D36+E36 -> 0 | H36: 未分包 | I36: 0 | J36: 0 | L36: =I36+J36 -> 0 | M36: 未分包 | N36: 0 | O36: 0 | Q36: =N36+O36 -> 0 | R36: 未分包 | S36: 0 | T36: 0 | U36: 9200 | V36: =S36+T36 -> 0 | W36: 未分包 | X36: =G36+L36+Q36+V36 -> 0 | Y36: =X36+U36/10000 -> 0.92 | Z36: 0 | AA36: =VLOOKUP(H36,$AH$3:$AI$9,2,FALSE)+VLOOKUP(M36,$AH$3:$AI$9,2,FALSE)+VLOOKUP(R36,$AH$3:$AI$9,2,FALSE)+VLOOKUP(W36,$AH$3:$AI$9,2,FALSE) -> 0 | AB36: =Y36+Z36-AA36 -> 0.92 | AC36: =AB36-MIN($AB$5:$AB$60) -> 0.72
A37: 33 | B37: Forever`大傻 | D37: 0 | E37: 0 | G37: =D37+E37 -> 0 | H37: 未分包 | I37: 0 | J37: 0 | L37: =I37+J37 -> 0 | M37: 未分包 | N37: 0 | O37: 0 | Q37: =N37+O37 -> 0 | R37: 未分包 | S37: 0 | T37: 0 | U37: 7000 | V37: =S37+T37 -> 0 | W37: 未分包 | X37: =G37+L37+Q37+V37 -> 0 | Y37: =X37+U37/10000 -> 0.7 | Z37: 0 | AA37: =VLOOKUP(H37,$AH$3:$AI$9,2,FALSE)+VLOOKUP(M37,$AH$3:$AI$9,2,FALSE)+VLOOKUP(R37,$AH$3:$AI$9,2,FALSE)+VLOOKUP(W37,$AH$3:$AI$9,2,FALSE) -> 0 | AB37: =Y37+Z37-AA37 -> 0.7 | AC37: =AB37-MIN($AB$5:$AB$60) -> 0.5
A38: 34 | B38: Forever`劳模 | D38: 0 | E38: 0 | G38: =D38+E38 -> 0 | H38: 未分包 | I38: 0 | J38: 0 | L38: =I38+J38 -> 0 | M38: 未分包 | N38: 0 | O38: 0 | Q38: =N38+O38 -> 0 | R38: 未分包 | S38: 0 | T38: 0 | U38: 6000 | V38: =S38+T38 -> 0 | W38: 未分包 | X38: =G38+L38+Q38+V38 -> 0 | Y38: =X38+U38/10000 -> 0.6 | Z38: 0 | AA38: =VLOOKUP(H38,$AH$3:$AI$9,2,FALSE)+VLOOKUP(M38,$AH$3:$AI$9,2,FALSE)+VLOOKUP(R38,$AH$3:$AI$9,2,FALSE)+VLOOKUP(W38,$AH$3:$AI$9,2,FALSE) -> 0 | AB38: =Y38+Z38-AA38 -> 0.6 | AC38: =AB38-MIN($AB$5:$AB$60) -> 0.4
A39: 35 | B39: 神罗天征 | D39: 0 | E39: 0 | G39: =D39+E39 -> 0 | H39: 未分包 | I39: 0 | J39: 0 | L39: =I39+J39 -> 0 | M39: 未分包 | N39: 0 | O39: 0 | Q39: =N39+O39 -> 0 | R39: 未分包 | S39: 0 | T39: 0 | U39: 4000 | V39: =S39+T39 -> 0 | W39: 未分包 | X39: =G39+L39+Q39+V39 -> 0 | Y39: =X39+U39/10000 -> 0.4 | Z39: 0 | AA39: =VLOOKUP(H39,$AH$3:$AI$9,2,FALSE)+VLOOKUP(M39,$AH$3:$AI$9,2,FALSE)+VLOOKUP(R39,$AH$3:$AI$9,2,FALSE)+VLOOKUP(W39,$AH$3:$AI$9,2,FALSE) -> 0 | AB39: =Y39+Z39-AA39 -> 0.4 | AC39: =AB39-MIN($AB$5:$AB$60) -> 0.2
A40: 36 | B40: 卟离卟弃 | D40: 0 | E40: 0 | G40: =D40+E40 -> 0 | H40: 未分包 | I40: 0 | J40: 0 | L40: =I40+J40 -> 0 | M40: 未分包 | N40: 0 | O40: 0 | Q40: =N40+O40 -> 0 | R40: 未分包 | S40: 0 | T40: 0 | U40: 4000 | V40: =S40+T40 -> 0 | W40: 未分包 | X40: =G40+L40+Q40+V40 -> 0 | Y40: =X40+U40/10000 -> 0.4 | Z40: 0 | AA40: =VLOOKUP(H40,$AH$3:$AI$9,2,FALSE)+VLOOKUP(M40,$AH$3:$AI$9,2,FALSE)+VLOOKUP(R40,$AH$3:$AI$9,2,FALSE)+VLOOKUP(W40,$AH$3:$AI$9,2,FALSE) -> 0 | AB40: =Y40+Z40-AA40 -> 0.4 | AC40: =AB40-MIN($AB$5:$AB$60) -> 0.2
... A60: 56 | B60: Forever`真吾 | D60: 0 | E60: 0 | G60: =D60+E60 -> 0 | H60: 未分包 | I60: 0 | J60: 0 | L60: =I60+J60 -> 0 | M60: 未分包 | N60: 0 | O60: 0 | Q60: =N60+O60 -> 0 | R60: 未分包 | S60: 0 | T60: 3 | U60: 17600 | V60: =S60+T60 -> 3 | W60: 传说功勋礼包4分 | X60: =G60+L60+Q60+V60 -> 3 | Y60: =X60+U60/10000 -> 4.76 | Z60: 0 | AA60: =VLOOKUP(H60,$AH$3:$AI$9,2,FALSE)+VLOOKUP(M60,$AH$3:$AI$9,2,FALSE)+VLOOKUP(R60,$AH$3:$AI$9,2,FALSE)+VLOOKUP(W60,$AH$3:$AI$9,2,FALSE) -> 4 | AB60: =Y60+Z60-AA60 -> 0.76 | AC60: =AB60-MIN($AB$5:$AB$60) -> 0.56

Sheet Oct2019
A1: 157区 活动中心 分包贡献明细 By:Forever`二傻 | AF1: 人数 | AG1: 56
AF2: 礼包类别 | AG2: 消耗分数 | AH2: 封印卷個數 | AI2: 通靈卷個數 | AJ2: 價值（金幣）
A3: 日期 | D3: 10月2日 & 10月5日 | I3: 10月9日 & 10月12日 | N3: 10月16日 & 10月19日 | S3: 10月23日 & 10月26日 | X3: 总分 | AE3: 备注 | AF3: 跨服传说礼包 | AG3: =AJ3/200 -> 8.5 | AH3: 5 | AI3: 7 | AJ3: =AH3*200+AI3*100 -> 1700
A4: 编号 | B4: 昵称 | C4: 曾用名 | D4: 周三 | E4: 周六 | F4: 贡献 | G4: 参战 | H4: 分包 | I4: 周三 | J4: 周六 | K4: 贡献 | L4: 参战 | M4: 分包 | N4: 周三 | O4: 周六 | P4: 贡献 | Q4: 参战 | R4: 分包 | S4: 周三 | T4: 周六 | U4: 贡献 | V4: 参战 | W4: 分包 | X4: 参战次数 | Y4: 本月得分 | Z4: 上月得分 | AA4: 礼包耗费 | AB4: 分包总分 | AC4: 新人战力排名 | AD4: 新人初始分 | AF4: 跨服英雄礼包 | AG4: =AJ4/200 -> 7 | AH4: 4 | AI4: 6 | AJ4: =AH4*200+AI4*100 -> 1400
A5: 57 | B5: Forever`习惯 | C5: 习惯 | D5: 0 | E5: 0 | F5: 12000 | G5: 3 | H5: 未分包 | I5: 0 | J5: 4 | K5: 12000 | L5: =I5+J5 -> 4 | M5: 未分包 | N5: 0 | O5: 3 | P5: 12000 | Q5: =N5+O5 -> 3 | R5: 未分包 | S5: 0 | T5: 0 | U5: 0 | V5: =S5+T5 -> 0 | W5: 未分包 | X5: =G5+L5+Q5+V5 -> 10 | Y5: =X5+F5/10000+K5/10000+P5/10000+U5/10000 -> 13.6 | Z5: 1.95 | AA5: =VLOOKUP(H5,$AF$3:$AG$9,2,FALSE)+VLOOKUP(M5,$AF$3:$AG$9,2,FALSE)+VLOOKUP(R5,$AF$3:$AG$9,2,FALSE)+VLOOKUP(W5,$AF$3:$AG$9,2,FALSE) -> 0 | AB5: =Y5+Z5-AA5 -> 15.55 | AC5: 44 | AD5: 1.95 | AF5: 跨服精英礼包 | AG5: =AJ5/200 -> 5.5 | AH5: 3 | AI5: 5 | AJ5: =AH5*200+AI5*100 -> 1100
A6: 58 | B6: Forever`大欢 | D6: 0 | E6: 0 | F6: 11000 | G6: 3 | H6: 未分包 | I6: 0 | J6: 3 | K6: 11200 | L6: =I6+J6 -> 3 | M6: 未分包 | N6: 0 | O6: 3 | P6: 9600 | Q6: =N6+O6 -> 3 | R6: 未分包 | S6: 0 | T6: 0 | U6: 0 | V6: =S6+T6 -> 0 | W6: 未分包 | X6: =G6+L6+Q6+V6 -> 9 | Y6: =X6+F6/10000+K6/10000+P6/10000+U6/10000 -> 12.18 | Z6: 3.1828571 | AA6: =VLOOKUP(H6,$AF$3:$AG$9,2,FALSE)+VLOOKUP(M6,$AF$3:$AG$9,2,FALSE)+VLOOKUP(R6,$AF$3:$AG$9,2,FALSE)+VLOOKUP(W6,$AF$3:$AG$9,2,FALSE) -> 0 | AB6: =Y6+Z6-AA6 -> 15.362857 | AC6: 32 | AD6: 3.1828571 | AF6: 传说功勋礼包 | AG6: =AJ6/200 -> 6.5 | AH6: 4 | AI6: 5 | AJ6: =AH6*200+AI6*100 -> 1300
A7: 34 | B7: Forever`劳模 | D7: 0 | E7: 0 | F7: 12000 | G7: 4 | H7: 未分包 | I7: 0 | J7: 3 | K7: 12000 | L7: =I7+J7 -> 3 | M7: 未分包 | N7: 0 | O7: 3 | P7: 12000 | Q7: =N7+O7 -> 3 | R7: 未分包 | S7: 0 | T7: 0 | U7: 0 | V7: =S7+T7 -> 0 | W7: 未分包 | X7: =G7+L7+Q7+V7 -> 10 | Y7: =X7+F7/10000+K7/10000+P7/10000+U7/10000 -> 13.6 | Z7: ='Sep2019'!AC38 -> 0.4 | AA7: =VLOOKUP(H7,$AF$3:$AG$9,2,FALSE)+VLOOKUP(M7,$AF$3:$AG$9,2,FALSE)+VLOOKUP(R7,$AF$3:$AG$9,2,FALSE)+VLOOKUP(W7,$AF$3:$AG$9,2,FALSE) -> 0 | AB7: =Y7+Z7-AA7 -> 14 | AF7: 英雄功勋礼包 | AG7: =AJ7/200 -> 5 | AH7: 3 | AI7: 4 | AJ7: =AH7*200+AI7*100 -> 1000
A8: 13 | B8: Forever`雷柱 | D8: 0 | E8: 0 | F8: 12000 | G8: 4 | H8: 精英功勋礼包 | I8: 0 | J8: 4 | K8: 12000 | L8: =I8+J8 -> 4 | M8: 精英功勋礼包 | N8: 0 | O8: 4 | P8: 12000 | Q8: =N8+O8 -> 4 | R8: 未分包 | S8: 0 | T8: 0 | U8: 0 | V8: =S8+T8 -> 0 | W8: 未分包 | X8: =G8+L8+Q8+V8 -> 12 | Y8: =X8+F8/10000+K8/10000+P8/10000+U8/10000 -> 15.6 | Z8: ='Sep2019'!AC17 -> 5.1 | AA8: =VLOOKUP(H8,$AF$3:$AG$9,2,FALSE)+VLOOKUP(M8,$AF$3:$AG$9,2,FALSE)+VLOOKUP(R8,$AF$3:$AG$9,2,FALSE)+VLOOKUP(W8,$AF$3:$AG$9,2,FALSE) -> 7 | AB8: =Y8+Z8-AA8 -> 13.7 | AF8: 精英功勋礼包 | AG8: =AJ8/200 -> 3.5 | AH8: 2 | AI8: 3 | AJ8: =AH8*200+AI8*100 -> 700
A9: 12 | B9: Forever`仙尊 | D9: 0 | E9: 0 | F9: 19200 | G9: 4 | H9: 英雄功勋礼包 | I9: 0 | J9: 4 | K9: 12000 | L9: =I9+J9 -> 4 | M9: 精英功勋礼包 | N9: 0 | O9: 4 | P9: 12000 | Q9: =N9+O9 -> 4 | R9: 未分包 | S9: 0 | T9: 0 | U9: 0 | V9: =S9+T9 -> 0 | W9: 未分包 | X9: =G9+L9+Q9+V9 -> 12 | Y9: =X9+F9/10000+K9/10000+P9/10000+U9/10000 -> 16.32 | Z9: ='Sep2019'!AC16 -> 5.7 | AA9: =VLOOKUP(H9,$AF$3:$AG$9,2,FALSE)+VLOOKUP(M9,$AF$3:$AG$9,2,FALSE)+VLOOKUP(R9,$AF$3:$AG$9,2,FALSE)+VLOOKUP(W9,$AF$3:$AG$9,2,FALSE) -> 8.5 | AB9: =Y9+Z9-AA9 -> 13.52 | AF9: 未分包 | AG9: 0
A10: 15 | B10: Forever`Gai | D10: 0 | E10: 0 | F10: 14400 | G10: 3 | H10: 未分包 | I10: 0 | J10: 4 | K10: 12000 | L10: =I10+J10 -> 4 | M10: 传说功勋礼包 | N10: 0 | O10: 4 | P10: 12000 | Q10: =N10+O10 -> 4 | R10: 未分包 | S10: 0 | T10: 0 | U10: 0 | V10: =S10+T10 -> 0 | W10: 未分包 | X10: =G10+L10+Q10+V10 -> 11 | Y10: =X10+F10/10000+K10/10000+P10/10000+U10/10000 -> 14.84 | Z10: ='Sep2019'!AC19 -> 4.72 | AA10: =VLOOKUP(H10,$AF$3:$AG$9,2,FALSE)+VLOOKUP(M10,$AF$3:$AG$9,2,FALSE)+VLOOKUP(R10,$AF$3:$AG$9,2,FALSE)+VLOOKUP(W10,$AF$3:$AG$9,2,FALSE) -> 6.5 | AB10: =Y10+Z10-AA10 -> 13.06
A11: 52 | B11: Forever`七夜 | D11: 0 | E11: 0 | F11: 12000 | G11: 4 | H11: 未分包 | I11: 0 | J11: 4 | K11: 15000 | L11: =I11+J11 -> 4 | M11: 英雄功勋礼包 | N11: 0 | O11: 3 | P11: 12000 | Q11: =N11+O11 -> 3 | R11: 未分包 | S11: 0 | T11: 0 | U11: 0 | V11: =S11+T11 -> 0 | W11: 未分包 | X11: =G11+L11+Q11+V11 -> 11 | Y11: =X11+F11/10000+K11/10000+P11/10000+U11/10000 -> 14.9 | Z11: ='Sep2019'!AC56 -> 3.1 | AA11: =VLOOKUP(H11,$AF$3:$AG$9,2,FALSE)+VLOOKUP(M11,$AF$3:$AG$9,2,FALSE)+VLOOKUP(R11,$AF$3:$AG$9,2,FALSE)+VLOOKUP(W11,$AF$3:$AG$9,2,FALSE) -> 5 | AB11: =Y11+Z11-AA11 -> 13
A12: 5 | B12: Forever`輪回 | D12: 0 | E12: 0 | F12: 12000 | G12: 3 | H12: 未分包 | I12: 0 | J12: 4 | K12: 12000 | L12: =I12+J12 -> 4 | M12: 传说功勋礼包 | N12: 0 | O12: 4 | P12: 9000 | Q12: =N12+O12 -> 4 | R12: 未分包 | S12: 0 | T12: 0 | U12: 0 | V12: =S12+T12 -> 0 | W12: 未分包 | X12: =G12+L12+Q12+V12 -> 11 | Y12: =X12+F12/10000+K12/10000+P12/10000+U12/10000 -> 14.3 | Z12: ='Sep2019'!AC9 -> 5.2 | AA12: =VLOOKUP(H12,$AF$3:$AG$9,2,FALSE)+VLOOKUP(M12,$AF$3:$AG$9,2,FALSE)+VLOOKUP(R12,$AF$3:$AG$9,2,FALSE)+VLOOKUP(W12,$AF$3:$AG$9,2,FALSE) -> 6.5 | AB12: =Y12+Z12-AA12 -> 13
A13: 9 | B13: Forever`释空 | D13: 0 | E13: 0 | F13: 27000 | G13: 4 | H13: 传说功勋礼包 | I13: 0 | J13: 4 | K13: 15000 | L13: =I13+J13 -> 4 | M13: 未分包 | N13: 0 | O13: 0 | P13: 12000 | Q13: =N13+O13 -> 0 | R13: 未分包 | S13: 0 | T13: 0 | U13: 0 | V13: =S13+T13 -> 0 | W13: 未分包 | X13: =G13+L13+Q13+V13 -> 8 | Y13: =X13+F13/10000+K13/10000+P13/10000+U13/10000 -> 13.4 | Z13: ='Sep2019'!AC13 -> 6 | AA13: =VLOOKUP(H13,$AF$3:$AG$9,2,FALSE)+VLOOKUP(M13,$AF$3:$AG$9,2,FALSE)+VLOOKUP(R13,$AF$3:$AG$9,2,FALSE)+VLOOKUP(W13,$AF$3:$AG$9,2,FALSE) -> 6.5 | AB13: =Y13+Z13-AA13 -> 12.9
A14: 17 | B14: Forever`珞珞 | D14: 0 | E14: 0 | F14: 12000 | G14: 4 | H14: 未分包 | I14: 0 | J14: 2 | K14: 12000 | L14: =I14+J14 -> 2 | M14: 英雄功勋礼包 | N14: 0 | O14: 4 | P14: 12000 | Q14: =N14+O14 -> 4 | R14: 未分包 | S14: 0 | T14: 0 | U14: 0 | V14: =S14+T14 -> 0 | W14: 未分包 | X14: =G14+L14+Q14+V14 -> 10 | Y14: =X14+F14/10000+K14/10000+P14/10000+U14/10000 -> 13.6 | Z14: ='Sep2019'!AC21 -> 4.2 | AA14: =VLOOKUP(H14,$AF$3:$AG$9,2,FALSE)+VLOOKUP(M14,$AF$3:$AG$9,2,FALSE)+VLOOKUP(R14,$AF$3:$AG$9,2,FALSE)+VLOOKUP(W14,$AF$3:$AG$9,2,FALSE) -> 5 | AB14: =Y14+Z14-AA14 -> 12.8
A15: 45 | B15: Forever`杜莎 | D15: 0 | E15: 0 | F15: 20600 | G15: 1 | H15: 未分包 | I15: 0 | J15: 3 | K15: 12000 | L15: =I15+J15 -> 3 | M15: 未分包 | N15: 0 | O15: 0 | P15: 12000 | Q15: =N15+O15 -> 0 | R15: 未分包 | S15: 0 | T15: 0 | U15: 0 | V15: =S15+T15 -> 0 | W15: 未分包 | X15: =G15+L15+Q15+V15 -> 4 | Y15: =X15+F15/10000+K15/10000+P15/10000+U15/10000 -> 8.46 | Z15: ='Sep2019'!AC49 -> 4.3 | AA15: =VLOOKUP(H15,$AF$3:$AG$9,2,FALSE)+VLOOKUP(M15,$AF$3:$AG$9,2,FALSE)+VLOOKUP(R15,$AF$3:$AG$9,2,FALSE)+VLOOKUP(W15,$AF$3:$AG$9,2,FALSE) -> 0 | AB15: =Y15+Z15-AA15 -> 12.76
A16: 53 | B16: Forever`清风 | D16: 0 | E16: 0 | F16: 16200 | G16: 4 | H16: 未分包 | I16: 0 | J16: 4 | K16: 12600 | L16: =I16+J16 -> 4 | M16: 传说功勋礼包 | N16: 0 | O16: 4 | P16: 12000 | Q16: =N16+O16 -> 4 | R16: 未分包 | S16: 0 | T16: 0 | U16: 0 | V16: =S16+T16 -> 0 | W16: 未分包 | X16: =G16+L16+Q16+V16 -> 12 | Y16: =X16+F16/10000+K16/10000+P16/10000+U16/10000 -> 16.08 | Z16: ='Sep2019'!AC57 -> 3.06 | AA16: =VLOOKUP(H16,$AF$3:$AG$9,2,FALSE)+VLOOKUP(M16,$AF$3:$AG$9,2,FALSE)+VLOOKUP(R16,$AF$3:$AG$9,2,FALSE)+VLOOKUP(W16,$AF$3:$AG$9,2,FALSE) -> 6.5 | AB16: =Y16+Z16-AA16 -> 12.64
A17: 56 | B17: Forever`真吾 | D17: 0 | E17: 0 | F17: 26200 | G17: 3 | H17: 未分包 | I17: 0 | J17: 2 | K17: 12000 | L17: =I17+J17 -> 2 | M17: 未分包 | N17: 0 | O17: 2 | P17: 12000 | Q17: =N17+O17 -> 2 | R17: 未分包 | S17: 0 | T17: 0 | U17: 0 | V17: =S17+T17 -> 0 | W17: 未分包 | X17: =G17+L17+Q17+V17 -> 7 | Y17: =X17+F17/10000+K17/10000+P17/10000+U17/10000 -> 12.02 | Z17: ='Sep2019'!AC60 -> 0.56 | AA17: =VLOOKUP(H17,$AF$3:$AG$9,2,FALSE)+VLOOKUP(M17,$AF$3:$AG$9,2,FALSE)+VLOOKUP(R17,$AF$3:$AG$9,2,FALSE)+VLOOKUP(W17,$AF$3:$AG$9,2,FALSE) -> 0 | AB17: =Y17+Z17-AA17 -> 12.58
A18: 51 | B18: Forever`sky | D18: 0 | E18: 0 | F18: 20000 | G18: 4 | H18: 英雄功勋礼包 | I18: 0 | J18: 2 | K18: 16000 | L18: =I18+J18 -> 2 | M18: 未分包 | N18: 0 | O18: 2 | P18: 12000 | Q18: =N18+O18 -> 2 | R18: 未分包 | S18: 0 | T18: 0 | U18: 0 | V18: =S18+T18 -> 0 | W18: 未分包 | X18: =G18+L18+Q18+V18 -> 8 | Y18: =X18+F18/10000+K18/10000+P18/10000+U18/10000 -> 12.8 | Z18: ='Sep2019'!AC55 -> 4.4 | AA18: =VLOOKUP(H18,$AF$3:$AG$9,2,FALSE)+VLOOKUP(M18,$AF$3:$AG$9,2,FALSE)+VLOOKUP(R18,$AF$3:$AG$9,2,FALSE)+VLOOKUP(W18,$AF$3:$AG$9,2,FALSE) -> 5 | AB18: =Y18+Z18-AA18 -> 12.2
A19: 48 | B19: Forever`胖子 | D19: 0 | E19: 0 | F19: 18000 | G19: 4 | H19: 未分包 | I19: 0 | J19: 2 | K19: 12000 | L19: =I19+J19 -> 2 | M19: 精英功勋礼包 | N19: 0 | O19: 3 | P19: 8000 | Q19: =N19+O19 -> 3 | R19: 未分包 | S19: 0 | T19: 0 | U19: 0 | V19: =S19+T19 -> 0 | W19: 未分包 | X19: =G19+L19+Q19+V19 -> 9 | Y19: =X19+F19/10000+K19/10000+P19/10000+U19/10000 -> 12.8 | Z19: ='Sep2019'!AC52 -> 2.8 | AA19: =VLOOKUP(H19,$AF$3:$AG$9,2,FALSE)+VLOOKUP(M19,$AF$3:$AG$9,2,FALSE)+VLOOKUP(R19,$AF$3:$AG$9,2,FALSE)+VLOOKUP(W19,$AF$3:$AG$9,2,FALSE) -> 3.5 | AB19: =Y19+Z19-AA19 -> 12.1
A20: 62 | B20: Forever`Thoma | D20: 0 | E20: 0 | F20: 8400 | G20: 0 | H20: 未分包 | I20: 0 | J20: 1 | K20: 18000 | L20: =I20+J20 -> 1 | M20: 未分包 | N20: 0 | O20: 2 | P20: 12000 | Q20: =N20+O20 -> 2 | R20: 未分包 | S20: 0 | T20: 0 | U20: 0 | V20: =S20+T20 -> 0 | W20: 未分包 | X20: =G20+L20+Q20+V20 -> 3 | Y20: =X20+F20/10000+K20/10000+P20/10000+U20/10000 -> 6.84 | Z20: 4.5457143 | AA20: =VLOOKUP(H20,$AF$3:$AG$9,2,FALSE)+VLOOKUP(M20,$AF$3:$AG$9,2,FALSE)+VLOOKUP(R20,$AF$3:$AG$9,2,FALSE)+VLOOKUP(W20,$AF$3:$AG$9,2,FALSE) -> 0 | AB20: =Y20+Z20-AA20 -> 11.385714 | AC20: 24 | AD20: 4.5457143
A21: 23 | B21: Forever`三傻 | D21: 0 | E21: 0 | F21: 17800 | G21: 4 | H21: 英雄功勋礼包 | I21: 0 | J21: 4 | K21: 19000 | L21: =I21+J21 -> 4 | M21: 未分包 | N21: 0 | O21: 4 | P21: 6000 | Q21: =N21+O21 -> 4 | R21: 英雄功勋礼包 | S21: 0 | T21: 0 | U21: 0 | V21: =S21+T21 -> 0 | W21: 未分包 | X21: =G21+L21+Q21+V21 -> 12 | Y21: =X21+F21/10000+K21/10000+P21/10000+U21/10000 -> 16.28 | Z21: ='Sep2019'!AC27 -> 4.8 | AA21: =VLOOKUP(H21,$AF$3:$AG$9,2,FALSE)+VLOOKUP(M21,$AF$3:$AG$9,2,FALSE)+VLOOKUP(R21,$AF$3:$AG$9,2,FALSE)+VLOOKUP(W21,$AF$3:$AG$9,2,FALSE) -> 10 | AB21: =Y21+Z21-AA21 -> 11.08
A22: 8 | B22: Forever`了佳 | D22: 0 | E22: 0 | F22: 17400 | G22: 4 | H22: 英雄功勋礼包 | I22: 0 | J22: 4 | K22: 12000 | L22: =I22+J22 -> 4 | M22: 未分包 | N22: 0 | O22: 4 | P22: 12000 | Q22: =N22+O22 -> 4 | R22: 英雄功勋礼包 | S22: 0 | T22: 0 | U22: 0 | V22: =S22+T22 -> 0 | W22: 未分包 | X22: =G22+L22+Q22+V22 -> 12 | Y22: =X22+F22/10000+K22/10000+P22/10000+U22/10000 -> 16.14 | Z22: ='Sep2019'!AC12 -> 4.82 | AA22: =VLOOKUP(H22,$AF$3:$AG$9,2,FALSE)+VLOOKUP(M22,$AF$3:$AG$9,2,FALSE)+VLOOKUP(R22,$AF$3:$AG$9,2,FALSE)+VLOOKUP(W22,$AF$3:$AG$9,2,FALSE) -> 10 | AB22: =Y22+Z22-AA22 -> 10.96
A23: 20 | B23: Forever`孤王 | D23: 0 | E23: 0 | F23: 18800 | G23: 1 | H23: 未分包 | I23: 0 | J23: 4 | K23: 9800 | L23: =I23+J23 -> 4 | M23: 英雄功勋礼包 | N23: 0 | O23: 2 | P23: 11000 | Q23: =N23+O23 -> 2 | R23: 未分包 | S23: 0 | T23: 0 | U23: 0 | V23: =S23+T23 -> 0 | W23: 未分包 | X23: =G23+L23+Q23+V23 -> 7 | Y23: =X23+F23/10000+K23/10000+P23/10000+U23/10000 -> 10.96 | Z23: ='Sep2019'!AC24 -> 4.9 | AA23: =VLOOKUP(H23,$AF$3:$AG$9,2,FALSE)+VLOOKUP(M23,$AF$3:$AG$9,2,FALSE)+VLOOKUP(R23,$AF$3:$AG$9,2,FALSE)+VLOOKUP(W23,$AF$3:$AG$9,2,FALSE) -> 5 | AB23: =Y23+Z23-AA23 -> 10.86
A24: 43 | B24: Forever`阿良 | D24: 0 | E24: 0 | F24: 30000 | G24: 3 | H24: 未分包 | I24: 0 | J24: 4 | K24: 30000 | L24: =I24+J24 -> 4 | M24: 传说功勋礼包 | N24: 0 | O24: 4 | P24: 30000 | Q24: =N24+O24 -> 4 | R24: 英雄功勋礼包 | S24: 0 | T24: 0 | U24: 0 | V24: =S24+T24 -> 0 | W24: 未分包 | X24: =G24+L24+Q24+V24 -> 11 | Y24: =X24+F24/10000+K24/10000+P24/10000+U24/10000 -> 20 | Z24: ='Sep2019'!AC47 -> 2.3 | AA24: =VLOOKUP(H24,$AF$3:$AG$9,2,FALSE)+VLOOKUP(M24,$AF$3:$AG$9,2,FALSE)+VLOOKUP(R24,$AF$3:$AG$9,2,FALSE)+VLOOKUP(W24,$AF$3:$AG$9,2,FALSE) -> 11.5 | AB24: =Y24+Z24-AA24 -> 10.8
A25: 36 | B25: 卟离卟弃 | D25: 0 | E25: 0 | F25: 12000 | G25: 2 | H25: 未分包 | I25: 0 | J25: 2 | K25: 12000 | L25: =I25+J25 -> 2 | M25: 未分包 | N25: 0 | O25: 3 | P25: 12000 | Q25: =N25+O25 -> 3 | R25: 未分包 | S25: 0 | T25: 0 | U25: 0 | V25: =S25+T25 -> 0 | W25: 未分包 | X25: =G25+L25+Q25+V25 -> 7 | Y25: =X25+F25/10000+K25/10000+P25/10000+U25/10000 -> 10.6 | Z25: ='Sep2019'!AC40 -> 0.2 | AA25: =VLOOKUP(H25,$AF$3:$AG$9,2,FALSE)+VLOOKUP(M25,$AF$3:$AG$9,2,FALSE)+VLOOKUP(R25,$AF$3:$AG$9,2,FALSE)+VLOOKUP(W25,$AF$3:$AG$9,2,FALSE) -> 0 | AB25: =Y25+Z25-AA25 -> 10.8
A26: 4 | B26: Forever`利 | D26: 0 | E26: 0 | F26: 12000 | G26: 4 | H26: 英雄功勋礼包 | I26: 0 | J26: 4 | K26: 12000 | L26: =I26+J26 -> 4 | M26: 未分包 | N26: 0 | O26: 4 | P26: 12000 | Q26: =N26+O26 -> 4 | R26: 英雄功勋礼包 | S26: 0 | T26: 0 | U26: 0 | V26: =S26+T26 -> 0 | W26: 未分包 | X26: =G26+L26+Q26+V26 -> 12 | Y26: =X26+F26/10000+K26/10000+P26/10000+U26/10000 -> 15.6 | Z26: ='Sep2019'!AC8 -> 5.2 | AA26: =VLOOKUP(H26,$AF$3:$AG$9,2,FALSE)+VLOOKUP(M26,$AF$3:$AG$9,2,FALSE)+VLOOKUP(R26,$AF$3:$AG$9,2,FALSE)+VLOOKUP(W26,$AF$3:$AG$9,2,FALSE) -> 10 | AB26: =Y26+Z26-AA26 -> 10.8
A27: 10 | B27: Forever`随风 | D27: 0 | E27: 0 | F27: 28200 | G27: 4 | H27: 传说功勋礼包 | I27: 0 | J27: 4 | K27: 18600 | L27: =I27+J27 -> 4 | M27: 精英功勋礼包 | N27: 0 | O27: 4 | P27: 16200 | Q27: =N27+O27 -> 4 | R27: 精英功勋礼包 | S27: 0 | T27: 0 | U27: 0 | V27: =S27+T27 -> 0 | W27: 未分包 | X27: =G27+L27+Q27+V27 -> 12 | Y27: =X27+F27/10000+K27/10000+P27/10000+U27/10000 -> 18.3 | Z27: ='Sep2019'!AC14 -> 5.96 | AA27: =VLOOKUP(H27,$AF$3:$AG$9,2,FALSE)+VLOOKUP(M27,$AF$3:$AG$9,2,FALSE)+VLOOKUP(R27,$AF$3:$AG$9,2,FALSE)+VLOOKUP(W27,$AF$3:$AG$9,2,FALSE) -> 13.5 | AB27: =Y27+Z27-AA27 -> 10.76
A28: 14 | B28: Forever`初见 | D28: 0 | E28: 0 | F28: 12000 | G28: 2 | H28: 未分包 | I28: 0 | J28: 0 | K28: 12000 | L28: =I28+J28 -> 0 | M28: 未分包 | N28: 0 | O28: 4 | P28: 8000 | Q28: =N28+O28 -> 4 | R28: 精英功勋礼包 | S28: 0 | T28: 0 | U28: 0 | V28: =S28+T28 -> 0 | W28: 未分包 | X28: =G28+L28+Q28+V28 -> 6 | Y28: =X28+F28/10000+K28/10000+P28/10000+U28/10000 -> 9.2 | Z28: ='Sep2019'!AC18 -> 5.02 | AA28: =VLOOKUP(H28,$AF$3:$AG$9,2,FALSE)+VLOOKUP(M28,$AF$3:$AG$9,2,FALSE)+VLOOKUP(R28,$AF$3:$AG$9,2,FALSE)+VLOOKUP(W28,$AF$3:$AG$9,2,FALSE) -> 3.5 | AB28: =Y28+Z28-AA28 -> 10.72
A29: 69 | B29: Forever`时光 | D29: 0 | E29: 0 | F29: 0 | G29: 0 | H29: 未分包 | I29: 0 | J29: 4 | K29: 9200 | L29: =I29+J29 -> 4 | M29: 未分包 | N29: 0 | O29: 4 | P29: 12000 | Q29: =N29+O29 -> 4 | R29: 未分包 | S29: 0 | T29: 0 | U29: 0 | V29: =S29+T29 -> 0 | W29: 未分包 | X29: =G29+L29+Q29+V29 -> 8 | Y29: =X29+F29/10000+K29/10000+P29/10000+U29/10000 -> 10.12 | Z29: 0.5525 | AA29: =VLOOKUP(H29,$AF$3:$AG$9,2,FALSE)+VLOOKUP(M29,$AF$3:$AG$9,2,FALSE)+VLOOKUP(R29,$AF$3:$AG$9,2,FALSE)+VLOOKUP(W29,$AF$3:$AG$9,2,FALSE) -> 0 | AB29: =Y29+Z29-AA29 -> 10.6725 | AC29: 49 | AD29: 0.5525
A30: 46 | B30: Forever`帆锅 | D30: 0 | E30: 0 | F30: 16800 | G30: 3 | H30: 精英功勋礼包 | I30: 0 | J30: 4 | K30: 16200 | L30: =I30+J30 -> 4 | M30: 精英功勋礼包 | N30: 0 | O30: 4 | P30: 17400 | Q30: =N30+O30 -> 4 | R30: 精英功勋礼包 | S30: 0 | T30: 0 | U30: 0 | V30: =S30+T30 -> 0 | W30: 未分包 | X30: =G30+L30+Q30+V30 -> 11 | Y30: =X30+F30/10000+K30/10000+P30/10000+U30/10000 -> 16.04 | Z30: ='Sep2019'!AC50 -> 5.06 | AA30: =VLOOKUP(H30,$AF$3:$AG$9,2,FALSE)+VLOOKUP(M30,$AF$3:$AG$9,2,FALSE)+VLOOKUP(R30,$AF$3:$AG$9,2,FALSE)+VLOOKUP(W30,$AF$3:$AG$9,2,FALSE) -> 10.5 | AB30: =Y30+Z30-AA30 -> 10.6
A31: 29 | B31: Forever`别吵 | D31: 0 | E31: 0 | F31: 21600 | G31: 4 | H31: 未分包 | I31: 0 | J31: 4 | K31: 12000 | L31: =I31+J31 -> 4 | M31: 英雄功勋礼包 | N31: 0 | O31: 2 | P31: 12000 | Q31: =N31+O31 -> 2 | R31: 未分包 | S31: 0 | T31: 0 | U31: 0 | V31: =S31+T31 -> 0 | W31: 未分包 | X31: =G31+L31+Q31+V31 -> 10 | Y31: =X31+F31/10000+K31/10000+P31/10000+U31/10000 -> 14.56 | Z31: ='Sep2019'!AC33 -> 0.96 | AA31: =VLOOKUP(H31,$AF$3:$AG$9,2,FALSE)+VLOOKUP(M31,$AF$3:$AG$9,2,FALSE)+VLOOKUP(R31,$AF$3:$AG$9,2,FALSE)+VLOOKUP(W31,$AF$3:$AG$9,2,FALSE) -> 5 | AB31: =Y31+Z31-AA31 -> 10.52
A32: 54 | B32: Forever`XXX | D32: 0 | E32: 0 | F32: 18000 | G32: 3 | H32: 未分包 | I32: 0 | J32: 4 | K32: 12000 | L32: =I32+J32 -> 4 | M32: 英雄功勋礼包 | N32: 0 | O32: 4 | P32: 12000 | Q32: =N32+O32 -> 4 | R32: 精英功勋礼包 | S32: 0 | T32: 0 | U32: 0 | V32: =S32+T32 -> 0 | W32: 未分包 | X32: =G32+L32+Q32+V32 -> 11 | Y32: =X32+F32/10000+K32/10000+P32/10000+U32/10000 -> 15.2 | Z32: ='Sep2019'!AC58 -> 3.8 | AA32: =VLOOKUP(H32,$AF$3:$AG$9,2,FALSE)+VLOOKUP(M32,$AF$3:$AG$9,2,FALSE)+VLOOKUP(R32,$AF$3:$AG$9,2,FALSE)+VLOOKUP(W32,$AF$3:$AG$9,2,FALSE) -> 8.5 | AB32: =Y32+Z32-AA32 -> 10.5
A33: 11 | B33: Forever`白泽 | D33: 0 | E33: 0 | F33: 15000 | G33: 4 | H33: 传说功勋礼包 | I33: 0 | J33: 4 | K33: 15000 | L33: =I33+J33 -> 4 | M33: 未分包 | N33: 0 | O33: 2 | P33: 12000 | Q33: =N33+O33 -> 2 | R33: 精英功勋礼包 | S33: 0 | T33: 0 | U33: 0 | V33: =S33+T33 -> 0 | W33: 未分包 | X33: =G33+L33+Q33+V33 -> 10 | Y33: =X33+F33/10000+K33/10000+P33/10000+U33/10000 -> 14.2 | Z33: ='Sep2019'!AC15 -> 6.3 | AA33: =VLOOKUP(H33,$AF$3:$AG$9,2,FALSE)+VLOOKUP(M33,$AF$3:$AG$9,2,FALSE)+VLOOKUP(R33,$AF$3:$AG$9,2,FALSE)+VLOOKUP(W33,$AF$3:$AG$9,2,FALSE) -> 10 | AB33: =Y33+Z33-AA33 -> 10.5
A34: 1 | B34: Forever`欢喜 | D34: 0 | E34: 0 | F34: 18000 | G34: 4 | H34: 传说功勋礼包 | I34: 0 | J34: 4 | K34: 14800 | L34: =I34+J34 -> 4 | M34: 未分包 | N34: 0 | O34: 4 | P34: 12000 | Q34: =N34+O34 -> 4 | R34: 传说功勋礼包 | S34: 0 | T34: 0 | U34: 0 | V34: =S34+T34 -> 0 | W34: 未分包 | X34: =G34+L34+Q34+V34 -> 12 | Y34: =X34+F34/10000+K34/10000+P34/10000+U34/10000 -> 16.48 | Z34: ='Sep2019'!AC5 -> 7 | AA34: =VLOOKUP(H34,$AF$3:$AG$9,2,FALSE)+VLOOKUP(M34,$AF$3:$AG$9,2,FALSE)+VLOOKUP(R34,$AF$3:$AG$9,2,FALSE)+VLOOKUP(W34,$AF$3:$AG$9,2,FALSE) -> 13 | AB34: =Y34+Z34-AA34 -> 10.48
A35: 16 | B35: Forever`啾啾 | D35: 0 | E35: 0 | F35: 16200 | G35: 4 | H35: 精英功勋礼包 | I35: 0 | J35: 3 | K35: 18000 | L35: =I35+J35 -> 3 | M35: 未分包 | N35: 0 | O35: 4 | P35: 13800 | Q35: =N35+O35 -> 4 | R35: 传说功勋礼包 | S35: 0 | T35: 0 | U35: 0 | V35: =S35+T35 -> 0 | W35: 未分包 | X35: =G35+L35+Q35+V35 -> 11 | Y35: =X35+F35/10000+K35/10000+P35/10000+U35/10000 -> 15.8 | Z35: ='Sep2019'!AC20 -> 4.5 | AA35: =VLOOKUP(H35,$AF$3:$AG$9,2,FALSE)+VLOOKUP(M35,$AF$3:$AG$9,2,FALSE)+VLOOKUP(R35,$AF$3:$AG$9,2,FALSE)+VLOOKUP(W35,$AF$3:$AG$9,2,FALSE) -> 10 | AB35: =Y35+Z35-AA35 -> 10.3
A36: 49 | B36: Forever`小傻 | D36: 0 | E36: 0 | F36: 11600 | G36: 4 | H36: 精英功勋礼包 | I36: 0 | J36: 4 | K36: 12000 | L36: =I36+J36 -> 4 | M36: 未分包 | N36: 0 | O36: 4 | P36: 12000 | Q36: =N36+O36 -> 4 | R36: 传说功勋礼包 | S36: 0 | T36: 0 | U36: 0 | V36: =S36+T36 -> 0 | W36: 未分包 | X36: =G36+L36+Q36+V36 -> 12 | Y36: =X36+F36/10000+K36/10000+P36/10000+U36/10000 -> 15.56 | Z36: ='Sep2019'!AC53 -> 4.66 | AA36: =VLOOKUP(H36,$AF$3:$AG$9,2,FALSE)+VLOOKUP(M36,$AF$3:$AG$9,2,FALSE)+VLOOKUP(R36,$AF$3:$AG$9,2,FALSE)+VLOOKUP(W36,$AF$3:$AG$9,2,FALSE) -> 10 | AB36: =Y36+Z36-AA36 -> 10.22
A37: 28 | B37: Forever`鹿丸 | D37: 0 | E37: 0 | F37: 18000 | G37: 2 | H37: 未分包 | I37: 0 | J37: 2 | K37: 21000 | L37: =I37+J37 -> 2 | M37: 未分包 | N37: 0 | O37: 4 | P37: 12000 | Q37: =N37+O37 -> 4 | R37: 英雄功勋礼包 | S37: 0 | T37: 0 | U37: 0 | V37: =S37+T37 -> 0 | W37: 未分包 | X37: =G37+L37+Q37+V37 -> 8 | Y37: =X37+F37/10000+K37/10000+P37/10000+U37/10000 -> 13.1 | Z37: ='Sep2019'!AC32 -> 2.04 | AA37: =VLOOKUP(H37,$AF$3:$AG$9,2,FALSE)+VLOOKUP(M37,$AF$3:$AG$9,2,FALSE)+VLOOKUP(R37,$AF$3:$AG$9,2,FALSE)+VLOOKUP(W37,$AF$3:$AG$9,2,FALSE) -> 5 | AB37: =Y37+Z37-AA37 -> 10.14
A38: 2 | B38: Forever`弟弟 | D38: 0 | E38: 0 | F38: 22200 | G38: 3 | H38: 传说功勋礼包 | I38: 0 | J38: 4 | K38: 14400 | L38: =I38+J38 -> 4 | M38: 未分包 | N38: 0 | O38: 4 | P38: 12000 | Q38: =N38+O38 -> 4 | R38: 传说功勋礼包 | S38: 0 | T38: 0 | U38: 0 | V38: =S38+T38 -> 0 | W38: 未分包 | X38: =G38+L38+Q38+V38 -> 11 | Y38: =X38+F38/10000+K38/10000+P38/10000+U38/10000 -> 15.86 | Z38: ='Sep2019'!AC6 -> 7.18 | AA38: =VLOOKUP(H38,$AF$3:$AG$9,2,FALSE)+VLOOKUP(M38,$AF$3:$AG$9,2,FALSE)+VLOOKUP(R38,$AF$3:$AG$9,2,FALSE)+VLOOKUP(W38,$AF$3:$AG$9,2,FALSE) -> 13 | AB38: =Y38+Z38-AA38 -> 10.04
A39: 35 | B39: 神罗天征 | D39: 0 | E39: 0 | F39: 0 | G39: =D39+E39 -> 0 | H39: 未分包 | I39: 0 | J39: 0 | K39: 0 | L39: =I39+J39 -> 0 | M39: 未分包 | N39: 0 | O39: 0 | P39: 0 | Q39: =N39+O39 -> 0 | R39: 未分包 | S39: 0 | T39: 0 | U39: 0 | V39: =S39+T39 -> 0 | W39: 未分包 | X39: =G39+L39+Q39+V39 -> 0 | Y39: =X39+F39/10000+K39/10000+P39/10000+U39/10000 -> 0 | Z39: ='Sep2019'!AC39 -> 0.2 | AA39: =VLOOKUP(H39,$AF$3:$AG$9,2,FALSE)+VLOOKUP(M39,$AF$3:$AG$9,2,FALSE)+VLOOKUP(R39,$AF$3:$AG$9,2,FALSE)+VLOOKUP(W39,$AF$3:$AG$9,2,FALSE) -> 0 | AB39: =Y39+Z39-AA39 -> 0.2
A40: 33 | B40: Forever`大傻 | D40: 0 | E40: 0 | F40: 22000 | G40: 4 | H40: 未分包 | I40: 0 | J40: 3 | K40: 15000 | L40: =I40+J40 -> 3 | M40: 未分包 | N40: 0 | O40: 4 | P40: 12000 | Q40: =N40+O40 -> 4 | R40: 传说功勋礼包 | S40: 0 | T40: 0 | U40: 0 | V40: =S40+T40 -> 0 | W40: 未分包 | X40: =G40+L40+Q40+V40 -> 11 | Y40: =X40+F40/10000+K40/10000+P40/10000+U40/10000 -> 15.9 | Z40: ='Sep2019'!AC37 -> 0.5 | AA40: =VLOOKUP(H40,$AF$3:$AG$9,2,FALSE)+VLOOKUP(M40,$AF$3:$AG$9,2,FALSE)+VLOOKUP(R40,$AF$3:$AG$9,2,FALSE)+VLOOKUP(W40,$AF$3:$AG$9,2,FALSE) -> 6.5 | AB40: =Y40+Z40-AA40 -> 9.9
A41: 37 | B41: 培昱 | D41: 0 | E41: 0 | F41: 0 | G41: =D41+E41 -> 0 | H41: 未分包 | I41: 0 | J41: 0 | K41: 0 | L41: =I41+J41 -> 0 | M41: 未分包 | N41: 0 | O41: 0 | P41: 0 | Q41: =N41+O41 -> 0 | R41: 未分包 | S41: 0 | T41: 0 | U41: 0 | V41: =S41+T41 -> 0 | W41: 未分包 | X41: =G41+L41+Q41+V41 -> 0 | Y41: =X41+F41/10000+K41/10000+P41/10000+U41/10000 -> 0 | Z41: ='Sep2019'!AC41 -> 0.2 | AA41: =VLOOKUP(H41,$AF$3:$AG$9,2,FALSE)+VLOOKUP(M41,$AF$3:$AG$9,2,FALSE)+VLOOKUP(R41,$AF$3:$AG$9,2,FALSE)+VLOOKUP(W41,$AF$3:$AG$9,2,FALSE) -> 0 | AB41: =Y41+Z41-AA41 -> 0.2
A42: 27 | B42: Forever`為你 | D42: 0 | E42: 0 | F42: 22200 | G42: =D42+E42 -> 0 | H42: 未分包 | I42: 0 | J42: 2 | K42: 13200 | L42: =I42+J42 -> 2 | M42: 未分包 | N42: 0 | O42: 0 | P42: 6000 | Q42: =N42+O42 -> 0 | R42: 未分包 | S42: 0 | T42: 0 | U42: 0 | V42: =S42+T42 -> 0 | W42: 未分包 | X42: =G42+L42+Q42+V42 -> 2 | Y42: =X42+F42/10000+K42/10000+P42/10000+U42/10000 -> 6.14 | Z42: ='Sep2019'!AC31 -> 3.2 | AA42: =VLOOKUP(H42,$AF$3:$AG$9,2,FALSE)+VLOOKUP(M42,$AF$3:$AG$9,2,FALSE)+VLOOKUP(R42,$AF$3:$AG$9,2,FALSE)+VLOOKUP(W42,$AF$3:$AG$9,2,FALSE) -> 0 | AB42: =Y42+Z42-AA42 -> 9.34
A43: 42 | B43: Forever`奶抖 | D43: 0 | E43: 0 | F43: 21600 | G43: 4 | H43: 未分包 | I43: 0 | J43: 0 | K43: 0 | L43: =I43+J43 -> 0 | M43: 未分包 | N43: 0 | O43: 0 | P43: 0 | Q43: =N43+O43 -> 0 | R43: 未分包 | S43: 0 | T43: 0 | U43: 0 | V43: =S43+T43 -> 0 | W43: 未分包 | X43: =G43+L43+Q43+V43 -> 4 | Y43: =X43+F43/10000+K43/10000+P43/10000+U43/10000 -> 6.16 | Z43: ='Sep2019'!AC46 -> 3.14 | AA43: =VLOOKUP(H43,$AF$3:$AG$9,2,FALSE)+VLOOKUP(M43,$AF$3:$AG$9,2,FALSE)+VLOOKUP(R43,$AF$3:$AG$9,2,FALSE)+VLOOKUP(W43,$AF$3:$AG$9,2,FALSE) -> 0 | AB43: =Y43+Z43-AA43 -> 9.3
A44: 3 | B44: Forever`暴风 | D44: 0 | E44: 0 | F44: 12000 | G44: 2 | H44: 未分包 | I44: 0 | J44: 0 | K44: 0 | L44: =I44+J44 -> 0 | M44: 未分包 | N44: 0 | O44: 0 | P44: 0 | Q44: =N44+O44 -> 0 | R44: 未分包 | S44: 0 | T44: 0 | U44: 0 | V44: =S44+T44 -> 0 | W44: 未分包 | X44: =G44+L44+Q44+V44 -> 2 | Y44: =X44+F44/10000+K44/10000+P44/10000+U44/10000 -> 3.2 | Z44: ='Sep2019'!AC7 -> 5.8 | AA44: =VLOOKUP(H44,$AF$3:$AG$9,2,FALSE)+VLOOKUP(M44,$AF$3:$AG$9,2,FALSE)+VLOOKUP(R44,$AF$3:$AG$9,2,FALSE)+VLOOKUP(W44,$AF$3:$AG$9,2,FALSE) -> 0 | AB44: =Y44+Z44-AA44 -> 9
A45: 72 | B45: Forever`火年 | D45: 0 | E45: 0 | F45: 0 | G45: 0 | H45: 未分包 | I45: 0 | J45: 0 | K45: 4000 | L45: =I45+J45 -> 0 | M45: 未分包 | N45: 0 | O45: 4 | P45: 12000 | Q45: =N45+O45 -> 4 | R45: 未分包 | S45: 0 | T45: 0 | U45: 0 | V45: =S45+T45 -> 0 | W45: 未分包 | X45: =G45+L45+Q45+V45 -> 4 | Y45: =X45+F45/10000+K45/10000+P45/10000+U45/10000 -> 5.6 | Z45: 2.3142857 | AA45: =VLOOKUP(H45,$AF$3:$AG$9,2,FALSE)+VLOOKUP(M45,$AF$3:$AG$9,2,FALSE)+VLOOKUP(R45,$AF$3:$AG$9,2,FALSE)+VLOOKUP(W45,$AF$3:$AG$9,2,FALSE) -> 0 | AB45: =Y45+Z45-AA45 -> 7.9142857 | AC45: 40 | AD45: 2.3142857
A46: 50 | B46: Forever`牧人Y | D46: 0 | E46: 0 | F46: 16800 | G46: 4 | H46: 未分包 | I46: 0 | J46: 4 | K46: 17400 | L46: =I46+J46 -> 4 | M46: 传说功勋礼包 | N46: 0 | O46: 0 | P46: 0 | Q46: =N46+O46 -> 0 | R46: 未分包 | S46: 0 | T46: 0 | U46: 0 | V46: =S46+T46 -> 0 | W46: 未分包 | X46: =G46+L46+Q46+V46 -> 8 | Y46: =X46+F46/10000+K46/10000+P46/10000+U46/10000 -> 11.42 | Z46: ='Sep2019'!AC54 -> 2.4 | AA46: =VLOOKUP(H46,$AF$3:$AG$9,2,FALSE)+VLOOKUP(M46,$AF$3:$AG$9,2,FALSE)+VLOOKUP(R46,$AF$3:$AG$9,2,FALSE)+VLOOKUP(W46,$AF$3:$AG$9,2,FALSE) -> 6.5 | AB46: =Y46+Z46-AA46 -> 7.32
A47: 22 | B47: Forever`天刀 | D47: 0 | E47: 0 | F47: 21000 | G47: 3 | H47: 未分包 | I47: 0 | J47: 0 | K47: 0 | L47: =I47+J47 -> 0 | M47: 未分包 | N47: 0 | O47: 0 | P47: 0 | Q47: =N47+O47 -> 0 | R47: 未分包 | S47: 0 | T47: 0 | U47: 0 | V47: =S47+T47 -> 0 | W47: 未分包 | X47: =G47+L47+Q47+V47 -> 3 | Y47: =X47+F47/10000+K47/10000+P47/10000+U47/10000 -> 5.1 | Z47: ='Sep2019'!AC26 -> 2.2 | AA47: =VLOOKUP(H47,$AF$3:$AG$9,2,FALSE)+VLOOKUP(M47,$AF$3:$AG$9,2,FALSE)+VLOOKUP(R47,$AF$3:$AG$9,2,FALSE)+VLOOKUP(W47,$AF$3:$AG$9,2,FALSE) -> 0 | AB47: =Y47+Z47-AA47 -> 7.3
A48: 31 | B48: Nobita | D48: 0 | E48: 0 | F48: 18000 | G48: 1 | H48: 未分包 | I48: 0 | J48: 1 | K48: 12000 | L48: =I48+J48 -> 1 | M48: 未分包 | N48: 0 | O48: 0 | P48: 12000 | Q48: =N48+O48 -> 0 | R48: 未分包 | S48: 0 | T48: 0 | U48: 0 | V48: =S48+T48 -> 0 | W48: 未分包 | X48: =G48+L48+Q48+V48 -> 2 | Y48: =X48+F48/10000+K48/10000+P48/10000+U48/10000 -> 6.2 | Z48: ='Sep2019'!AC35 -> 0.8 | AA48: =VLOOKUP(H48,$AF$3:$AG$9,2,FALSE)+VLOOKUP(M48,$AF$3:$AG$9,2,FALSE)+VLOOKUP(R48,$AF$3:$AG$9,2,FALSE)+VLOOKUP(W48,$AF$3:$AG$9,2,FALSE) -> 0 | AB48: =Y48+Z48-AA48 -> 7
A49: 26 | B49: Forever`二傻 | D49: 0 | E49: 0 | F49: 15000 | G49: =D49+E49 -> 0 | H49: 未分包 | I49: 0 | J49: 1 | K49: 12400 | L49: =I49+J49 -> 1 | M49: 未分包 | N49: 0 | O49: 0 | P49: 12000 | Q49: =N49+O49 -> 0 | R49: 未分包 | S49: 0 | T49: 0 | U49: 0 | V49: =S49+T49 -> 0 | W49: 未分包 | X49: =G49+L49+Q49+V49 -> 1 | Y49: =X49+F49/10000+K49/10000+P49/10000+U49/10000 -> 4.94 | Z49: ='Sep2019'!AC30 -> 1.9 | AA49: =VLOOKUP(H49,$AF$3:$AG$9,2,FALSE)+VLOOKUP(M49,$AF$3:$AG$9,2,FALSE)+VLOOKUP(R49,$AF$3:$AG$9,2,FALSE)+VLOOKUP(W49,$AF$3:$AG$9,2,FALSE) -> 0 | AB49: =Y49+Z49-AA49 -> 6.84
A50: 21 | B50: Forever`里瞳 | D50: 0 | E50: 0 | F50: 15200 | G50: 4 | H50: 精英功勋礼包 | I50: 0 | J50: 0 | K50: 0 | L50: =I50+J50 -> 0 | M50: 未分包 | N50: 0 | O50: 0 | P50: 0 | Q50: =N50+O50 -> 0 | R50: 未分包 | S50: 0 | T50: 0 | U50: 0 | V50: =S50+T50 -> 0 | W50: 未分包 | X50: =G50+L50+Q50+V50 -> 4 | Y50: =X50+F50/10000+K50/10000+P50/10000+U50/10000 -> 5.52 | Z50: ='Sep2019'!AC25 -> 4.82 | AA50: =VLOOKUP(H50,$AF$3:$AG$9,2,FALSE)+VLOOKUP(M50,$AF$3:$AG$9,2,FALSE)+VLOOKUP(R50,$AF$3:$AG$9,2,FALSE)+VLOOKUP(W50,$AF$3:$AG$9,2,FALSE) -> 3.5 | AB50: =Y50+Z50-AA50 -> 6.84
A51: 80 | B51: Forever`丝控 | D51: 0 | E51: 0 | F51: 0 | G51: 0 | H51: 未分包 | I51: 0 | J51: 0 | K51: 2000 | L51: =I51+J51 -> 0 | M51: 未分包 | N51: 0 | O51: 3 | P51: 12000 | Q51: =N51+O51 -> 3 | R51: 未分包 | S51: 0 | T51: 0 | U51: 0 | V51: =S51+T51 -> 0 | W51: 未分包 | X51: =G51+L51+Q51+V51 -> 3 | Y51: =X51+F51/10000+K51/10000+P51/10000+U51/10000 -> 4.4 | Z51: 2.2446429 | AA51: =VLOOKUP(H51,$AF$3:$AG$9,2,FALSE)+VLOOKUP(M51,$AF$3:$AG$9,2,FALSE)+VLOOKUP(R51,$AF$3:$AG$9,2,FALSE)+VLOOKUP(W51,$AF$3:$AG$9,2,FALSE) -> 0 | AB51: =Y51+Z51-AA51 -> 6.6446429 | AC51: 41 | AD51: 2.2446429
A52: 65 | B52: 休闲酷哥 | D52: 0 | E52: 0 | F52: 2000 | G52: 0 | H52: 未分包 | I52: 0 | J52: 3 | K52: 6000 | L52: =I52+J52 -> 3 | M52: 未分包 | N52: 0 | O52: 0 | P52: 6000 | Q52: =N52+O52 -> 0 | R52: 未分包 | S52: 0 | T52: 0 | U52: 0 | V52: =S52+T52 -> 0 | W52: 未分包 | X52: =G52+L52+Q52+V52 -> 3 | Y52: =X52+F52/10000+K52/10000+P52/10000+U52/10000 -> 4.4 | Z52: 2.16 | AA52: =VLOOKUP(H52,$AF$3:$AG$9,2,FALSE)+VLOOKUP(M52,$AF$3:$AG$9,2,FALSE)+VLOOKUP(R52,$AF$3:$AG$9,2,FALSE)+VLOOKUP(W52,$AF$3:$AG$9,2,FALSE) -> 0 | AB52: =Y52+Z52-AA52 -> 6.56 | AC52: 42 | AD52: 2.16
A53: 63 | B53: Forever`Dog | D53: 0 | E53: 0 | F53: 8200 | G53: 0 | H53: 未分包 | I53: 0 | J53: 4 | K53: 16000 | L53: =I53+J53 -> 4 | M53: 未分包 | N53: 0 | O53: 0 | P53: 0 | Q53: =N53+O53 -> 0 | R53: 未分包 | S53: 0 | T53: 0 | U53: 0 | V53: =S53+T53 -> 0 | W53: 未分包 | X53: =G53+L53+Q53+V53 -> 4 | Y53: =X53+F53/10000+K53/10000+P53/10000+U53/10000 -> 6.42 | Z53: ='Sep2019'!AC67 -> 0 | AA53: =VLOOKUP(H53,$AF$3:$AG$9,2,FALSE)+VLOOKUP(M53,$AF$3:$AG$9,2,FALSE)+VLOOKUP(R53,$AF$3:$AG$9,2,FALSE)+VLOOKUP(W53,$AF$3:$AG$9,2,FALSE) -> 0 | AB53: =Y53+Z53-AA53 -> 6.42
A54: 7 | B54: Forever`瓶子 | D54: 0 | E54: 0 | F54: 11200 | G54: =D54+E54 -> 0 | H54: 未分包 | I54: 0 | J54: 0 | K54: 0 | L54: =I54+J54 -> 0 | M54: 未分包 | N54: 0 | O54: 0 | P54: 0 | Q54: =N54+O54 -> 0 | R54: 未分包 | S54: 0 | T54: 0 | U54: 0 | V54: =S54+T54 -> 0 | W54: 未分包 | X54: =G54+L54+Q54+V54 -> 0 | Y54: =X54+F54/10000+K54/10000+P54/10000+U54/10000 -> 1.12 | Z54: ='Sep2019'!AC11 -> 5.1 | AA54: =VLOOKUP(H54,$AF$3:$AG$9,2,FALSE)+VLOOKUP(M54,$AF$3:$AG$9,2,FALSE)+VLOOKUP(R54,$AF$3:$AG$9,2,FALSE)+VLOOKUP(W54,$AF$3:$AG$9,2,FALSE) -> 0 | AB54: =Y54+Z54-AA54 -> 6.22
A55: 61 | B55: Forever`楚风 | D55: 0 | E55: 0 | F55: 10000 | G55: 0 | H55: 未分包 | I55: 0 | J55: 4 | K55: 12000 | L55: =I55+J55 -> 4 | M55: 未分包 | N55: 0 | O55: 0 | P55: 0 | Q55: =N55+O55 -> 0 | R55: 未分包 | S55: 0 | T55: 0 | U55: 0 | V55: =S55+T55 -> 0 | W55: 未分包 | X55: =G55+L55+Q55+V55 -> 4 | Y55: =X55+F55/10000+K55/10000+P55/10000+U55/10000 -> 6.2 | Z55: ='Sep2019'!AC65 -> 0 | AA55: =VLOOKUP(H55,$AF$3:$AG$9,2,FALSE)+VLOOKUP(M55,$AF$3:$AG$9,2,FALSE)+VLOOKUP(R55,$AF$3:$AG$9,2,FALSE)+VLOOKUP(W55,$AF$3:$AG$9,2,FALSE) -> 0 | AB55: =Y55+Z55-AA55 -> 6.2
A56: 19 | B56: 林一 | D56: 0 | E56: 0 | F56: 12000 | G56: 1 | H56: 未分包 | I56: 0 | J56: 0 | K56: 0 | L56: =I56+J56 -> 0 | M56: 未分包 | N56: 0 | O56: 0 | P56: 0 | Q56: =N56+O56 -> 0 | R56: 未分包 | S56: 0 | T56: 0 | U56: 0 | V56: =S56+T56 -> 0 | W56: 未分包 | X56: =G56+L56+Q56+V56 -> 1 | Y56: =X56+F56/10000+K56/10000+P56/10000+U56/10000 -> 2.2 | Z56: ='Sep2019'!AC23 -> 4 | AA56: =VLOOKUP(H56,$AF$3:$AG$9,2,FALSE)+VLOOKUP(M56,$AF$3:$AG$9,2,FALSE)+VLOOKUP(R56,$AF$3:$AG$9,2,FALSE)+VLOOKUP(W56,$AF$3:$AG$9,2,FALSE) -> 0 | AB56: =Y56+Z56-AA56 -> 6.2
A57: 66 | B57: Forever`爱神 | D57: 0 | E57: 0 | F57: 2000 | G57: 0 | H57: 未分包 | I57: 0 | J57: 3 | K57: 27600 | L57: =I57+J57 -> 3 | M57: 未分包 | N57: 0 | O57: 0 | P57: 0 | Q57: =N57+O57 -> 0 | R57: 未分包 | S57: 0 | T57: 0 | U57: 0 | V57: =S57+T57 -> 0 | W57: 未分包 | X57: =G57+L57+Q57+V57 -> 3 | Y57: =X57+F57/10000+K57/10000+P57/10000+U57/10000 -> 5.96 | Z57: 0.2 | AA57: =VLOOKUP(H57,$AF$3:$AG$9,2,FALSE)+VLOOKUP(M57,$AF$3:$AG$9,2,FALSE)+VLOOKUP(R57,$AF$3:$AG$9,2,FALSE)+VLOOKUP(W57,$AF$3:$AG$9,2,FALSE) -> 0 | AB57: =Y57+Z57-AA57 -> 6.16 | AC57: 56 | AD57: 0.2
A58: 73 | B58: Forever`靓仔 | D58: 0 | E58: 0 | F58: 0 | G58: 0 | H58: 未分包 | I58: 0 | J58: 0 | K58: 4000 | L58: =I58+J58 -> 0 | M58: 未分包 | N58: 0 | O58: 4 | P58: 13200 | Q58: =N58+O58 -> 4 | R58: 未分包 | S58: 0 | T58: 0 | U58: 0 | V58: =S58+T58 -> 0 | W58: 未分包 | X58: =G58+L58+Q58+V58 -> 4 | Y58: =X58+F58/10000+K58/10000+P58/10000+U58/10000 -> 5.72 | Z58: 0.21785714 | AA58: =VLOOKUP(H58,$AF$3:$AG$9,2,FALSE)+VLOOKUP(M58,$AF$3:$AG$9,2,FALSE)+VLOOKUP(R58,$AF$3:$AG$9,2,FALSE)+VLOOKUP(W58,$AF$3:$AG$9,2,FALSE) -> 0 | AB58: =Y58+Z58-AA58 -> 5.9378571 | AC58: 53 | AD58: 0.21785714
A59: 76 | B59: Forever`无聊 | C59: 宇智波四 | D59: 0 | E59: 0 | F59: 0 | G59: 0 | H59: 未分包 | I59: 0 | J59: 0 | K59: 2000 | L59: =I59+J59 -> 0 | M59: 未分包 | N59: 0 | O59: 4 | P59: 12000 | Q59: =N59+O59 -> 4 | R59: 未分包 | S59: 0 | T59: 0 | U59: 0 | V59: =S59+T59 -> 0 | W59: 未分包 | X59: =G59+L59+Q59+V59 -> 4 | Y59: =X59+F59/10000+K59/10000+P59/10000+U59/10000 -> 5.4 | Z59: 0.51071429 | AA59: =VLOOKUP(H59,$AF$3:$AG$9,2,FALSE)+VLOOKUP(M59,$AF$3:$AG$9,2,FALSE)+VLOOKUP(R59,$AF$3:$AG$9,2,FALSE)+VLOOKUP(W59,$AF$3:$AG$9,2,FALSE) -> 0 | AB59: =Y59+Z59-AA59 -> 5.9107143 | AC59: 50 | AD59: 0.51071429
A60: 81 | B60: Forever`迷弟 | D60: 0 | E60: 0 | F60: 0 | G60: 0 | H60: 未分包 | I60: 0 | J60: 0 | K60: 2000 | L60: =I60+J60 -> 0 | M60: 未分包 | N60: 0 | O60: 2 | P60: 12000 | Q60: =N60+O60 -> 2 | R60: 未分包 | S60: 0 | T60: 0 | U60: 0 | V60: =S60+T60 -> 0 | W60: 未分包 | X60: =G60+L60+Q60+V60 -> 2 | Y60: =X60+F60/10000+K60/10000+P60/10000+U60/10000 -> 3.4 | Z60: 2.16 | AA60: =VLOOKUP(H60,$AF$3:$AG$9,2,FALSE)+VLOOKUP(M60,$AF$3:$AG$9,2,FALSE)+VLOOKUP(R60,$AF$3:$AG$9,2,FALSE)+VLOOKUP(W60,$AF$3:$AG$9,2,FALSE) -> 0 | AB60: =Y60+Z60-AA60 -> 5.56 | AC60: 42 | AD60: 2.16
A61: 68 | B61: Forever`流川 | D61: 0 | E61: 0 | F61: 0 | G61: 0 | H61: 未分包 | I61: 0 | J61: 4 | K61: 15000 | L61: =I61+J61 -> 4 | M61: 未分包 | N61: 0 | O61: 0 | P61: 0 | Q61: =N61+O61 -> 0 | R61: 未分包 | S61: 0 | T61: 0 | U61: 0 | V61: =S61+T61 -> 0 | W61: 未分包 | X61: =G61+L61+Q61+V61 -> 4 | Y61: =X61+F61/10000+K61/10000+P61/10000+U61/10000 -> 5.5 | Z61: ='Sep2019'!AC73 -> 0 | AA61: =VLOOKUP(H61,$AF$3:$AG$9,2,FALSE)+VLOOKUP(M61,$AF$3:$AG$9,2,FALSE)+VLOOKUP(R61,$AF$3:$AG$9,2,FALSE)+VLOOKUP(W61,$AF$3:$AG$9,2,FALSE) -> 0 | AB61: =Y61+Z61-AA61 -> 5.5
A62: 70 | B62: Forever`耶耶 | D62: 0 | E62: 0 | F62: 0 | G62: 0 | H62: 未分包 | I62: 0 | J62: 0 | K62: 12000 | L62: =I62+J62 -> 0 | M62: 未分包 | N62: 0 | O62: 2 | P62: 12000 | Q62: =N62+O62 -> 2 | R62: 未分包 | S62: 0 | T62: 0 | U62: 0 | V62: =S62+T62 -> 0 | W62: 未分包 | X62: =G62+L62+Q62+V62 -> 2 | Y62: =X62+F62/10000+K62/10000+P62/10000+U62/10000 -> 4.4 | Z62: 0.95428571 | AA62: =VLOOKUP(H62,$AF$3:$AG$9,2,FALSE)+VLOOKUP(M62,$AF$3:$AG$9,2,FALSE)+VLOOKUP(R62,$AF$3:$AG$9,2,FALSE)+VLOOKUP(W62,$AF$3:$AG$9,2,FALSE) -> 0 | AB62: =Y62+Z62-AA62 -> 5.3542857 | AC62: 46 | AD62: 0.95428571
A63: 41 | B63: Forever`荣耀 | D63: 0 | E63: 0 | F63: 12000 | G63: 4 | H63: 未分包 | I63: 0 | J63: 0 | K63: 0 | L63: =I63+J63 -> 0 | M63: 未分包 | N63: 0 | O63: 0 | P63: 0 | Q63: =N63+O63 -> 0 | R63: 未分包 | S63: 0 | T63: 0 | U63: 0 | V63: =S63+T63 -> 0 | W63: 未分包 | X63: =G63+L63+Q63+V63 -> 4 | Y63: =X63+F63/10000+K63/10000+P63/10000+U63/10000 -> 5.2 | Z63: ='Sep2019'!AC45 -> 0 | AA63: =VLOOKUP(H63,$AF$3:$AG$9,2,FALSE)+VLOOKUP(M63,$AF$3:$AG$9,2,FALSE)+VLOOKUP(R63,$AF$3:$AG$9,2,FALSE)+VLOOKUP(W63,$AF$3:$AG$9,2,FALSE) -> 0 | AB63: =Y63+Z63-AA63 -> 5.2
A64: 6 | B64: Forever`等待 | D64: 0 | E64: 0 | F64: 0 | G64: =D64+E64 -> 0 | H64: 未分包 | I64: 0 | J64: 0 | K64: 0 | L64: =I64+J64 -> 0 | M64: 未分包 | N64: 0 | O64: 0 | P64: 0 | Q64: =N64+O64 -> 0 | R64: 未分包 | S64: 0 | T64: 0 | U64: 0 | V64: =S64+T64 -> 0 | W64: 未分包 | X64: =G64+L64+Q64+V64 -> 0 | Y64: =X64+F64/10000+K64/10000+P64/10000+U64/10000 -> 0 | Z64: ='Sep2019'!AC10 -> 5.18 | AA64: =VLOOKUP(H64,$AF$3:$AG$9,2,FALSE)+VLOOKUP(M64,$AF$3:$AG$9,2,FALSE)+VLOOKUP(R64,$AF$3:$AG$9,2,FALSE)+VLOOKUP(W64,$AF$3:$AG$9,2,FALSE) -> 0 | AB64: =Y64+Z64-AA64 -> 5.18
A65: 77 | B65: 飞鸟九 | D65: 0 | E65: 0 | F65: 0 | G65: 0 | H65: 未分包 | I65: 0 | J65: 0 | K65: 2000 | L65: =I65+J65 -> 0 | M65: 未分包 | N65: 0 | O65: 3 | P65: 6000 | Q65: =N65+O65 -> 3 | R65: 未分包 | S65: 0 | T65: 0 | U65: 0 | V65: =S65+T65 -> 0 | W65: 未分包 | X65: =G65+L65+Q65+V65 -> 3 | Y65: =X65+F65/10000+K65/10000+P65/10000+U65/10000 -> 3.8 | Z65: 0.69714286 | AA65: =VLOOKUP(H65,$AF$3:$AG$9,2,FALSE)+VLOOKUP(M65,$AF$3:$AG$9,2,FALSE)+VLOOKUP(R65,$AF$3:$AG$9,2,FALSE)+VLOOKUP(W65,$AF$3:$AG$9,2,FALSE) -> 0 | AB65: =Y65+Z65-AA65 -> 4.4971429 | AC65: 48 | AD65: 0.69714286
A66: 44 | B66: Forever`野马 | D66: 0 | E66: 0 | F66: 0 | G66: =D66+E66 -> 0 | H66: 未分包 | I66: 0 | J66: 0 | K66: 0 | L66: =I66+J66 -> 0 | M66: 未分包 | N66: 0 | O66: 0 | P66: 0 | Q66: =N66+O66 -> 0 | R66: 未分包 | S66: 0 | T66: 0 | U66: 0 | V66: =S66+T66 -> 0 | W66: 未分包 | X66: =G66+L66+Q66+V66 -> 0 | Y66: =X66+F66/10000+K66/10000+P66/10000+U66/10000 -> 0 | Z66: ='Sep2019'!AC48 -> 4.3 | AA66: =VLOOKUP(H66,$AF$3:$AG$9,2,FALSE)+VLOOKUP(M66,$AF$3:$AG$9,2,FALSE)+VLOOKUP(R66,$AF$3:$AG$9,2,FALSE)+VLOOKUP(W66,$AF$3:$AG$9,2,FALSE) -> 0 | AB66: =Y66+Z66-AA66 -> 4.3
A67: 18 | B67: 万事如意 | D67: 0 | E67: 0 | F67: 0 | G67: =D67+E67 -> 0 | H67: 未分包 | I67: 0 | J67: 0 | K67: 0 | L67: =I67+J67 -> 0 | M67: 未分包 | N67: 0 | O67: 0 | P67: 0 | Q67: =N67+O67 -> 0 | R67: 未分包 | S67: 0 | T67: 0 | U67: 0 | V67: =S67+T67 -> 0 | W67: 未分包 | X67: =G67+L67+Q67+V67 -> 0 | Y67: =X67+F67/10000+K67/10000+P67/10000+U67/10000 -> 0 | Z67: ='Sep2019'!AC22 -> 4.2 | AA67: =VLOOKUP(H67,$AF$3:$AG$9,2,FALSE)+VLOOKUP(M67,$AF$3:$AG$9,2,FALSE)+VLOOKUP(R67,$AF$3:$AG$9,2,FALSE)+VLOOKUP(W67,$AF$3:$AG$9,2,FALSE) -> 0 | AB67: =Y67+Z67-AA67 -> 4.2
A68: 60 | B68: Forever`辣条 | D68: 0 | E68: 0 | F68: 6600 | G68: 1 | H68: 未分包 | I68: 0 | J68: 0 | K68: 5400 | L68: =I68+J68 -> 0 | M68: 未分包 | N68: 0 | O68: 1 | P68: 6400 | Q68: =N68+O68 -> 1 | R68: 未分包 | S68: 0 | T68: 0 | U68: 0 | V68: =S68+T68 -> 0 | W68: 未分包 | X68: =G68+L68+Q68+V68 -> 2 | Y68: =X68+F68/10000+K68/10000+P68/10000+U68/10000 -> 3.84 | Z68: 0.35714286 | AA68: =VLOOKUP(H68,$AF$3:$AG$9,2,FALSE)+VLOOKUP(M68,$AF$3:$AG$9,2,FALSE)+VLOOKUP(R68,$AF$3:$AG$9,2,FALSE)+VLOOKUP(W68,$AF$3:$AG$9,2,FALSE) -> 0 | AB68: =Y68+Z68-AA68 -> 4.1971429 | AC68: 52 | AD68: 0.35714286
A69: 47 | B69: 奈何桥上唱领悟 | D69: 0 | E69: 0 | F69: 0 | G69: =D69+E69 -> 0 | H69: 未分包 | I69: 0 | J69: 0 | K69: 0 | L69: =I69+J69 -> 0 | M69: 未分包 | N69: 0 | O69: 0 | P69: 0 | Q69: =N69+O69 -> 0 | R69: 未分包 | S69: 0 | T69: 0 | U69: 0 | V69: =S69+T69 -> 0 | W69: 未分包 | X69: =G69+L69+Q69+V69 -> 0 | Y69: =X69+F69/10000+K69/10000+P69/10000+U69/10000 -> 0 | Z69: ='Sep2019'!AC51 -> 4 | AA69: =VLOOKUP(H69,$AF$3:$AG$9,2,FALSE)+VLOOKUP(M69,$AF$3:$AG$9,2,FALSE)+VLOOKUP(R69,$AF$3:$AG$9,2,FALSE)+VLOOKUP(W69,$AF$3:$AG$9,2,FALSE) -> 0 | AB69: =Y69+Z69-AA69 -> 4
A70: 66 | B70: Forever`明天 | C70: ..明天 | D70: 0 | E70: 0 | F70: 1000 | G70: 0 | H70: 未分包 | I70: 0 | J70: 1 | K70: 22000 | L70: =I70+J70 -> 1 | M70: 未分包 | N70: 0 | O70: 0 | P70: 5800 | Q70: =N70+O70 -> 0 | R70: 未分包 | S70: 0 | T70: 0 | U70: 0 | V70: =S70+T70 -> 0 | W70: 未分包 | X70: =G70+L70+Q70+V70 -> 1 | Y70: =X70+F70/10000+K70/10000+P70/10000+U70/10000 -> 3.88 | Z70: ='Sep2019'!AC71 -> 0 | AA70: =VLOOKUP(H70,$AF$3:$AG$9,2,FALSE)+VLOOKUP(M70,$AF$3:$AG$9,2,FALSE)+VLOOKUP(R70,$AF$3:$AG$9,2,FALSE)+VLOOKUP(W70,$AF$3:$AG$9,2,FALSE) -> 0 | AB70: =Y70+Z70-AA70 -> 3.88
A71: 30 | B71: 晨曦心 | D71: 0 | E71: 0 | F71: 20000 | G71: 1 | H71: 未分包 | I71: 0 | J71: 0 | K71: 0 | L71: =I71+J71 -> 0 | M71: 未分包 | N71: 0 | O71: 0 | P71: 0 | Q71: =N71+O71 -> 0 | R71: 未分包 | S71: 0 | T71: 0 | U71: 0 | V71: =S71+T71 -> 0 | W71: 未分包 | X71: =G71+L71+Q71+V71 -> 1 | Y71: =X71+F71/10000+K71/10000+P71/10000+U71/10000 -> 3 | Z71: ='Sep2019'!AC34 -> 0.8 | AA71: =VLOOKUP(H71,$AF$3:$AG$9,2,FALSE)+VLOOKUP(M71,$AF$3:$AG$9,2,FALSE)+VLOOKUP(R71,$AF$3:$AG$9,2,FALSE)+VLOOKUP(W71,$AF$3:$AG$9,2,FALSE) -> 0 | AB71: =Y71+Z71-AA71 -> 3.8
A72: 82 | B72: Forever`纯 | D72: 0 | E72: 0 | F72: 0 | G72: 0 | H72: 未分包 | I72: 0 | J72: 0 | K72: 2000 | L72: =I72+J72 -> 0 | M72: 未分包 | N72: 0 | O72: 2 | P72: 6000 | Q72: =N72+O72 -> 2 | R72: 未分包 | S72: 0 | T72: 0 | U72: 0 | V72: =S72+T72 -> 0 | W72: 未分包 | X72: =G72+L72+Q72+V72 -> 2 | Y72: =X72+F72/10000+K72/10000+P72/10000+U72/10000 -> 2.8 | Z72: 0.84285714 | AA72: =VLOOKUP(H72,$AF$3:$AG$9,2,FALSE)+VLOOKUP(M72,$AF$3:$AG$9,2,FALSE)+VLOOKUP(R72,$AF$3:$AG$9,2,FALSE)+VLOOKUP(W72,$AF$3:$AG$9,2,FALSE) -> 0 | AB72: =Y72+Z72-AA72 -> 3.6428571 | AC72: 47 | AD72: 0.84285714
A73: 59 | B73: Forever`星星 | D73: 0 | E73: 0 | F73: 5000 | G73: 3 | H73: 未分包 | I73: 0 | J73: 0 | K73: 0 | L73: =I73+J73 -> 0 | M73: 未分包 | N73: 0 | O73: 0 | P73: 0 | Q73: =N73+O73 -> 0 | R73: 未分包 | S73: 0 | T73: 0 | U73: 0 | V73: =S73+T73 -> 0 | W73: 未分包 | X73: =G73+L73+Q73+V73 -> 3 | Y73: =X73+F73/10000+K73/10000+P73/10000+U73/10000 -> 3.5 | Z73: ='Sep2019'!AC63 -> 0 | AA73: =VLOOKUP(H73,$AF$3:$AG$9,2,FALSE)+VLOOKUP(M73,$AF$3:$AG$9,2,FALSE)+VLOOKUP(R73,$AF$3:$AG$9,2,FALSE)+VLOOKUP(W73,$AF$3:$AG$9,2,FALSE) -> 0 | AB73: =Y73+Z73-AA73 -> 3.5
A74: 55 | B74: Forever`影迷 | D74: 0 | E74: 0 | F74: 0 | G74: =D74+E74 -> 0 | H74: 未分包 | I74: 0 | J74: 0 | K74: 0 | L74: =I74+J74 -> 0 | M74: 未分包 | N74: 0 | O74: 0 | P74: 0 | Q74: =N74+O74 -> 0 | R74: 未分包 | S74: 0 | T74: 0 | U74: 0 | V74: =S74+T74 -> 0 | W74: 未分包 | X74: =G74+L74+Q74+V74 -> 0 | Y74: =X74+F74/10000+K74/10000+P74/10000+U74/10000 -> 0 | Z74: ='Sep2019'!AC59 -> 3.5 | AA74: =VLOOKUP(H74,$AF$3:$AG$9,2,FALSE)+VLOOKUP(M74,$AF$3:$AG$9,2,FALSE)+VLOOKUP(R74,$AF$3:$AG$9,2,FALSE)+VLOOKUP(W74,$AF$3:$AG$9,2,FALSE) -> 0 | AB74: =Y74+Z74-AA74 -> 3.5
A75: 64 | B75: Forever`iU | D75: 0 | E75: 0 | F75: 5200 | G75: 0 | H75: 未分包 | I75: 0 | J75: 0 | K75: 17400 | L75: =I75+J75 -> 0 | M75: 未分包 | N75: 0 | O75: 0 | P75: 11000 | Q75: =N75+O75 -> 0 | R75: 未分包 | S75: 0 | T75: 0 | U75: 0 | V75: =S75+T75 -> 0 | W75: 未分包 | X75: =G75+L75+Q75+V75 -> 0 | Y75: =X75+F75/10000+K75/10000+P75/10000+U75/10000 -> 3.36 | Z75: ='Sep2019'!AC68 -> 0 | AA75: =VLOOKUP(H75,$AF$3:$AG$9,2,FALSE)+VLOOKUP(M75,$AF$3:$AG$9,2,FALSE)+VLOOKUP(R75,$AF$3:$AG$9,2,FALSE)+VLOOKUP(W75,$AF$3:$AG$9,2,FALSE) -> 0 | AB75: =Y75+Z75-AA75 -> 3.36
A76: 24 | B76: Forever`孤心 | D76: 0 | E76: 0 | F76: 0 | G76: =D76+E76 -> 0 | H76: 未分包 | I76: 0 | J76: 0 | K76: 0 | L76: =I76+J76 -> 0 | M76: 未分包 | N76: 0 | O76: 0 | P76: 0 | Q76: =N76+O76 -> 0 | R76: 未分包 | S76: 0 | T76: 0 | U76: 0 | V76: =S76+T76 -> 0 | W76: 未分包 | X76: =G76+L76+Q76+V76 -> 0 | Y76: =X76+F76/10000+K76/10000+P76/10000+U76/10000 -> 0 | Z76: ='Sep2019'!AC28 -> 3.3 | AA76: =VLOOKUP(H76,$AF$3:$AG$9,2,FALSE)+VLOOKUP(M76,$AF$3:$AG$9,2,FALSE)+VLOOKUP(R76,$AF$3:$AG$9,2,FALSE)+VLOOKUP(W76,$AF$3:$AG$9,2,FALSE) -> 0 | AB76: =Y76+Z76-AA76 -> 3.3
A77: 38 | B77: 宫本武藏 | D77: 0 | E77: 0 | F77: 4000 | G77: 2 | H77: 未分包 | I77: 0 | J77: 0 | K77: 0 | L77: =I77+J77 -> 0 | M77: 未分包 | N77: 0 | O77: 0 | P77: 0 | Q77: =N77+O77 -> 0 | R77: 未分包 | S77: 0 | T77: 0 | U77: 0 | V77: =S77+T77 -> 0 | W77: 未分包 | X77: =G77+L77+Q77+V77 -> 2 | Y77: =X77+F77/10000+K77/10000+P77/10000+U77/10000 -> 2.4 | Z77: ='Sep2019'!AC42 -> 0.1 | AA77: =VLOOKUP(H77,$AF$3:$AG$9,2,FALSE)+VLOOKUP(M77,$AF$3:$AG$9,2,FALSE)+VLOOKUP(R77,$AF$3:$AG$9,2,FALSE)+VLOOKUP(W77,$AF$3:$AG$9,2,FALSE) -> 0 | AB77: =Y77+Z77-AA77 -> 2.5
A78: 74 | B78: 维拉多 | D78: 0 | E78: 0 | F78: 0 | G78: 0 | H78: 未分包 | I78: 0 | J78: 0 | K78: 3000 | L78: =I78+J78 -> 0 | M78: 未分包 | N78: 0 | O78: 1 | P78: 6000 | Q78: =N78+O78 -> 1 | R78: 未分包 | S78: 0 | T78: 0 | U78: 0 | V78: =S78+T78 -> 0 | W78: 未分包 | X78: =G78+L78+Q78+V78 -> 1 | Y78: =X78+F78/10000+K78/10000+P78/10000+U78/10000 -> 1.9 | Z78: 0.2 | AA78: =VLOOKUP(H78,$AF$3:$AG$9,2,FALSE)+VLOOKUP(M78,$AF$3:$AG$9,2,FALSE)+VLOOKUP(R78,$AF$3:$AG$9,2,FALSE)+VLOOKUP(W78,$AF$3:$AG$9,2,FALSE) -> 0 | AB78: =Y78+Z78-AA78 -> 2.1 | AC78: 54 | AD78: 0.2
A79: 78 | B79: Forever`武陽 | D79: 0 | E79: 0 | F79: 0 | G79: 0 | H79: 未分包 | I79: 0 | J79: 0 | K79: 2000 | L79: =I79+J79 -> 0 | M79: 未分包 | N79: 0 | O79: 0 | P79: 6000 | Q79: =N79+O79 -> 0 | R79: 未分包 | S79: 0 | T79: 0 | U79: 0 | V79: =S79+T79 -> 0 | W79: 未分包 | X79: =G79+L79+Q79+V79 -> 0 | Y79: =X79+F79/10000+K79/10000+P79/10000+U79/10000 -> 0.8 | Z79: 0.2 | AA79: =VLOOKUP(H79,$AF$3:$AG$9,2,FALSE)+VLOOKUP(M79,$AF$3:$AG$9,2,FALSE)+VLOOKUP(R79,$AF$3:$AG$9,2,FALSE)+VLOOKUP(W79,$AF$3:$AG$9,2,FALSE) -> 0 | AB79: =Y79+Z79-AA79 -> 1 | AC79: 55 | AD79: 0.2
A80: 75 | B80: 口哥泰国佛牌 | D80: 0 | E80: 0 | F80: 0 | G80: 0 | H80: 未分包 | I80: 0 | J80: 0 | K80: 3000 | L80: =I80+J80 -> 0 | M80: 未分包 | N80: 0 | O80: 0 | P80: 7000 | Q80: =N80+O80 -> 0 | R80: 未分包 | S80: 0 | T80: 0 | U80: 0 | V80: =S80+T80 -> 0 | W80: 未分包 | X80: =G80+L80+Q80+V80 -> 0 | Y80: =X80+F80/10000+K80/10000+P80/10000+U80/10000 -> 1 | Z80: ='Sep2019'!AC80 -> 0 | AA80: =VLOOKUP(H80,$AF$3:$AG$9,2,FALSE)+VLOOKUP(M80,$AF$3:$AG$9,2,FALSE)+VLOOKUP(R80,$AF$3:$AG$9,2,FALSE)+VLOOKUP(W80,$AF$3:$AG$9,2,FALSE) -> 0 | AB80: =Y80+Z80-AA80 -> 1
A81: 32 | B81: 清风术语 | D81: 0 | E81: 0 | F81: 0 | G81: =D81+E81 -> 0 | H81: 未分包 | I81: 0 | J81: 0 | K81: 0 | L81: =I81+J81 -> 0 | M81: 未分包 | N81: 0 | O81: 0 | P81: 0 | Q81: =N81+O81 -> 0 | R81: 未分包 | S81: 0 | T81: 0 | U81: 0 | V81: =S81+T81 -> 0 | W81: 未分包 | X81: =G81+L81+Q81+V81 -> 0 | Y81: =X81+F81/10000+K81/10000+P81/10000+U81/10000 -> 0 | Z81: ='Sep2019'!AC36 -> 0.72 | AA81: =VLOOKUP(H81,$AF$3:$AG$9,2,FALSE)+VLOOKUP(M81,$AF$3:$AG$9,2,FALSE)+VLOOKUP(R81,$AF$3:$AG$9,2,FALSE)+VLOOKUP(W81,$AF$3:$AG$9,2,FALSE) -> 0 | AB81: =Y81+Z81-AA81 -> 0.72
A82: 71 | B82: Forever`无敌 | D82: 0 | E82: 0 | F82: 0 | G82: 0 | H82: 未分包 | I82: 0 | J82: 0 | K82: 5000 | L82: =I82+J82 -> 0 | M82: 未分包 | N82: 0 | O82: 0 | P82: 0 | Q82: =N82+O82 -> 0 | R82: 未分包 | S82: 0 | T82: 0 | U82: 0 | V82: =S82+T82 -> 0 | W82: 未分包 | X82: =G82+L82+Q82+V82 -> 0 | Y82: =X82+F82/10000+K82/10000+P82/10000+U82/10000 -> 0.5 | Z82: ='Sep2019'!AC76 -> 0 | AA82: =VLOOKUP(H82,$AF$3:$AG$9,2,FALSE)+VLOOKUP(M82,$AF$3:$AG$9,2,FALSE)+VLOOKUP(R82,$AF$3:$AG$9,2,FALSE)+VLOOKUP(W82,$AF$3:$AG$9,2,FALSE) -> 0 | AB82: =Y82+Z82-AA82 -> 0.5
A83: 83 | B83: 我们还只是年轻 | D83: 0 | E83: 0 | F83: 0 | G83: 0 | H83: 未分包 | I83: 0 | J83: 0 | K83: 2000 | L83: =I83+J83 -> 0 | M83: 未分包 | N83: 0 | O83: 0 | P83: 2000 | Q83: =N83+O83 -> 0 | R83: 未分包 | S83: 0 | T83: 0 | U83: 0 | V83: =S83+T83 -> 0 | W83: 未分包 | X83: =G83+L83+Q83+V83 -> 0 | Y83: =X83+F83/10000+K83/10000+P83/10000+U83/10000 -> 0.4 | Z83: ='Sep2019'!AC88 -> 0 | AA83: =VLOOKUP(H83,$AF$3:$AG$9,2,FALSE)+VLOOKUP(M83,$AF$3:$AG$9,2,FALSE)+VLOOKUP(R83,$AF$3:$AG$9,2,FALSE)+VLOOKUP(W83,$AF$3:$AG$9,2,FALSE) -> 0 | AB83: =Y83+Z83-AA83 -> 0.4
A84: 39 | B84: 平平淡淡就行 | D84: 0 | E84: 0 | F84: 0 | G84: =D84+E84 -> 0 | H84: 未分包 | I84: 0 | J84: 0 | K84: 0 | L84: =I84+J84 -> 0 | M84: 未分包 | N84: 0 | O84: 0 | P84: 0 | Q84: =N84+O84 -> 0 | R84: 未分包 | S84: 0 | T84: 0 | U84: 0 | V84: =S84+T84 -> 0 | W84: 未分包 | X84: =G84+L84+Q84+V84 -> 0 | Y84: =X84+F84/10000+K84/10000+P84/10000+U84/10000 -> 0 | Z84: ='Sep2019'!AC43 -> 0.1 | AA84: =VLOOKUP(H84,$AF$3:$AG$9,2,FALSE)+VLOOKUP(M84,$AF$3:$AG$9,2,FALSE)+VLOOKUP(R84,$AF$3:$AG$9,2,FALSE)+VLOOKUP(W84,$AF$3:$AG$9,2,FALSE) -> 0 | AB84: =Y84+Z84-AA84 -> 0.1
A85: 40 | B85: 阿祖 | D85: 0 | E85: 0 | F85: 0 | G85: =D85+E85 -> 0 | H85: 未分包 | I85: 0 | J85: 0 | K85: 0 | L85: =I85+J85 -> 0 | M85: 未分包 | N85: 0 | O85: 0 | P85: 0 | Q85: =N85+O85 -> 0 | R85: 未分包 | S85: 0 | T85: 0 | U85: 0 | V85: =S85+T85 -> 0 | W85: 未分包 | X85: =G85+L85+Q85+V85 -> 0 | Y85: =X85+F85/10000+K85/10000+P85/10000+U85/10000 -> 0 | Z85: ='Sep2019'!AC44 -> 0.1 | AA85: =VLOOKUP(H85,$AF$3:$AG$9,2,FALSE)+VLOOKUP(M85,$AF$3:$AG$9,2,FALSE)+VLOOKUP(R85,$AF$3:$AG$9,2,FALSE)+VLOOKUP(W85,$AF$3:$AG$9,2,FALSE) -> 0 | AB85: =Y85+Z85-AA85 -> 0.1

Sheet Oct26th2019
A1: 157区 活动中心 分包贡献明细 By:Forever`二傻 | AF1: 人数 | AG1: 52
AF2: 礼包类别 | AG2: 消耗分数 | AH2: 封印卷個數 | AI2: 通靈卷個數 | AJ2: 價值（金幣）
A3: 日期 | D3: 10月2日 & 10月5日 | I3: 10月9日 & 10月12日 | N3: 10月16日 & 10月19日 | S3: 10月23日 & 10月26日 | X3: 总分 | AE3: 备注 | AF3: 跨服传说礼包 | AG3: =AJ3/200 -> 8.5 | AH3: 5 | AI3: 7 | AJ3: =AH3*200+AI3*100 -> 1700
A4: 编号 | B4: 昵称 | C4: 曾用名 | D4: 周三 | E4: 周六 | F4: 贡献 | G4: 参战 | H4: 分包 | I4: 周三 | J4: 周六 | K4: 贡献 | L4: 参战 | M4: 分包 | N4: 周三 | O4: 周六 | P4: 贡献 | Q4: 参战 | R4: 分包 | S4: 周三 | T4: 周六 | U4: 贡献 | V4: 参战 | W4: 分包 | X4: 参战次数 | Y4: 本月得分 | Z4: 上月得分 | AA4: 礼包耗费 | AB4: 分包总分 | AC4: 新人战力排名 | AD4: 新人初始分 | AF4: 跨服英雄礼包 | AG4: =AJ4/200 -> 7 | AH4: 4 | AI4: 6 | AJ4: =AH4*200+AI4*100 -> 1400
A5: 1 | B5: Forever`欢喜 | D5: 0 | E5: 0 | F5: 18000 | G5: 4 | H5: 传说功勋礼包 | I5: 0 | J5: 4 | K5: 14800 | L5: =I5+J5 -> 4 | M5: 未分包 | N5: 0 | O5: 4 | P5: 12000 | Q5: =N5+O5 -> 4 | R5: 传说功勋礼包 | S5: 0 | T5: 3 | U5: 12000 | V5: =S5+T5 -> 3 | W5: 未分包 | X5: =G5+L5+Q5+V5 -> 15 | Y5: =X5+F5/10000+K5/10000+P5/10000+U5/10000 -> 20.68 | Z5: ='Sep2019'!AC5 -> 7 | AA5: =VLOOKUP(H5,$AF$3:$AG$9,2,FALSE)+VLOOKUP(M5,$AF$3:$AG$9,2,FALSE)+VLOOKUP(R5,$AF$3:$AG$9,2,FALSE)+VLOOKUP(W5,$AF$3:$AG$9,2,FALSE) -> 13 | AB5: =Y5+Z5-AA5 -> 14.68 | AF5: 跨服精英礼包 | AG5: =AJ5/200 -> 5.5 | AH5: 3 | AI5: 5 | AJ5: =AH5*200+AI5*100 -> 1100
A6: 51 | B6: Forever`sky | D6: 0 | E6: 0 | F6: 20000 | G6: 4 | H6: 英雄功勋礼包 | I6: 0 | J6: 2 | K6: 16000 | L6: =I6+J6 -> 2 | M6: 未分包 | N6: 0 | O6: 2 | P6: 12000 | Q6: =N6+O6 -> 2 | R6: 未分包 | S6: 0 | T6: 1 | U6: 12000 | V6: =S6+T6 -> 1 | W6: 未分包 | X6: =G6+L6+Q6+V6 -> 9 | Y6: =X6+F6/10000+K6/10000+P6/10000+U6/10000 -> 15 | Z6: ='Sep2019'!AC55 -> 4.4 | AA6: =VLOOKUP(H6,$AF$3:$AG$9,2,FALSE)+VLOOKUP(M6,$AF$3:$AG$9,2,FALSE)+VLOOKUP(R6,$AF$3:$AG$9,2,FALSE)+VLOOKUP(W6,$AF$3:$AG$9,2,FALSE) -> 5 | AB6: =Y6+Z6-AA6 -> 14.4 | AF6: 传说功勋礼包 | AG6: =AJ6/200 -> 6.5 | AH6: 4 | AI6: 5 | AJ6: =AH6*200+AI6*100 -> 1300
A7: 52 | B7: Forever`七夜 | D7: 0 | E7: 0 | F7: 12000 | G7: 4 | H7: 未分包 | I7: 0 | J7: 4 | K7: 15000 | L7: =I7+J7 -> 4 | M7: 英雄功勋礼包 | N7: 0 | O7: 3 | P7: 12000 | Q7: =N7+O7 -> 3 | R7: 未分包 | S7: 0 | T7: 0 | U7: 12000 | V7: =S7+T7 -> 0 | W7: 未分包 | X7: =G7+L7+Q7+V7 -> 11 | Y7: =X7+F7/10000+K7/10000+P7/10000+U7/10000 -> 16.1 | Z7: ='Sep2019'!AC56 -> 3.1 | AA7: =VLOOKUP(H7,$AF$3:$AG$9,2,FALSE)+VLOOKUP(M7,$AF$3:$AG$9,2,FALSE)+VLOOKUP(R7,$AF$3:$AG$9,2,FALSE)+VLOOKUP(W7,$AF$3:$AG$9,2,FALSE) -> 5 | AB7: =Y7+Z7-AA7 -> 14.2 | AF7: 英雄功勋礼包 | AG7: =AJ7/200 -> 5 | AH7: 3 | AI7: 4 | AJ7: =AH7*200+AI7*100 -> 1000
A8: 9 | B8: Forever`释空 | D8: 0 | E8: 0 | F8: 27000 | G8: 4 | H8: 传说功勋礼包 | I8: 0 | J8: 4 | K8: 15000 | L8: =I8+J8 -> 4 | M8: 未分包 | N8: 0 | O8: 0 | P8: 12000 | Q8: =N8+O8 -> 0 | R8: 未分包 | S8: 0 | T8: 0 | U8: 8000 | V8: =S8+T8 -> 0 | W8: 未分包 | X8: =G8+L8+Q8+V8 -> 8 | Y8: =X8+F8/10000+K8/10000+P8/10000+U8/10000 -> 14.2 | Z8: ='Sep2019'!AC13 -> 6 | AA8: =VLOOKUP(H8,$AF$3:$AG$9,2,FALSE)+VLOOKUP(M8,$AF$3:$AG$9,2,FALSE)+VLOOKUP(R8,$AF$3:$AG$9,2,FALSE)+VLOOKUP(W8,$AF$3:$AG$9,2,FALSE) -> 6.5 | AB8: =Y8+Z8-AA8 -> 13.7 | AF8: 精英功勋礼包 | AG8: =AJ8/200 -> 3.5 | AH8: 2 | AI8: 3 | AJ8: =AH8*200+AI8*100 -> 700
A9: 86 | B9: Forever`一笑 | D9: 0 | E9: 0 | F9: 0 | G9: 0 | H9: 未分包 | I9: 0 | J9: 0 | K9: 0 | L9: =I9+J9 -> 0 | M9: 未分包 | N9: 0 | O9: 0 | P9: 0 | Q9: =N9+O9 -> 0 | R9: 未分包 | S9: 0 | T9: 3 | U9: 9000 | V9: =S9+T9 -> 3 | W9: 未分包 | X9: =G9+L9+Q9+V9 -> 3 | Y9: =X9+F9/10000+K9/10000+P9/10000+U9/10000 -> 3.9 | Z9: 8.7 | AA9: =VLOOKUP(H9,$AF$3:$AG$9,2,FALSE)+VLOOKUP(M9,$AF$3:$AG$9,2,FALSE)+VLOOKUP(R9,$AF$3:$AG$9,2,FALSE)+VLOOKUP(W9,$AF$3:$AG$9,2,FALSE) -> 0 | AB9: =Y9+Z9-AA9 -> 12.6 | AC9: 37 | AD9: 8.7 | AF9: 未分包 | AG9: 0
A10: 87 | B10: 【镜像】夜幕 | D10: 0 | E10: 0 | F10: 0 | G10: 0 | H10: 未分包 | I10: 0 | J10: 0 | K10: 0 | L10: =I10+J10 -> 0 | M10: 未分包 | N10: 0 | O10: 0 | P10: 0 | Q10: =N10+O10 -> 0 | R10: 未分包 | S10: 0 | T10: 3 | U10: 8000 | V10: =S10+T10 -> 3 | W10: 未分包 | X10: =G10+L10+Q10+V10 -> 3 | Y10: =X10+F10/10000+K10/10000+P10/10000+U10/10000 -> 3.8 | Z10: 8.76 | AA10: =VLOOKUP(H10,$AF$3:$AG$9,2,FALSE)+VLOOKUP(M10,$AF$3:$AG$9,2,FALSE)+VLOOKUP(R10,$AF$3:$AG$9,2,FALSE)+VLOOKUP(W10,$AF$3:$AG$9,2,FALSE) -> 0 | AB10: =Y10+Z10-AA10 -> 12.56 | AC10: 34 | AD10: 8.76
A11: 13 | B11: Forever`雷柱 | D11: 0 | E11: 0 | F11: 12000 | G11: 4 | H11: 精英功勋礼包 | I11: 0 | J11: 4 | K11: 12000 | L11: =I11+J11 -> 4 | M11: 精英功勋礼包 | N11: 0 | O11: 4 | P11: 12000 | Q11: =N11+O11 -> 4 | R11: 未分包 | S11: 0 | T11: 3 | U11: 12000 | V11: =S11+T11 -> 3 | W11: 跨服精英礼包 | X11: =G11+L11+Q11+V11 -> 15 | Y11: =X11+F11/10000+K11/10000+P11/10000+U11/10000 -> 19.8 | Z11: ='Sep2019'!AC17 -> 5.1 | AA11: =VLOOKUP(H11,$AF$3:$AG$9,2,FALSE)+VLOOKUP(M11,$AF$3:$AG$9,2,FALSE)+VLOOKUP(R11,$AF$3:$AG$9,2,FALSE)+VLOOKUP(W11,$AF$3:$AG$9,2,FALSE) -> 12.5 | AB11: =Y11+Z11-AA11 -> 12.4
A12: 14 | B12: Forever`初见 | D12: 0 | E12: 0 | F12: 12000 | G12: 2 | H12: 未分包 | I12: 0 | J12: 0 | K12: 12000 | L12: =I12+J12 -> 0 | M12: 未分包 | N12: 0 | O12: 4 | P12: 8000 | Q12: =N12+O12 -> 4 | R12: 精英功勋礼包 | S12: 0 | T12: 1 | U12: 6000 | V12: =S12+T12 -> 1 | W12: 未分包 | X12: =G12+L12+Q12+V12 -> 7 | Y12: =X12+F12/10000+K12/10000+P12/10000+U12/10000 -> 10.8 | Z12: ='Sep2019'!AC18 -> 5.02 | AA12: =VLOOKUP(H12,$AF$3:$AG$9,2,FALSE)+VLOOKUP(M12,$AF$3:$AG$9,2,FALSE)+VLOOKUP(R12,$AF$3:$AG$9,2,FALSE)+VLOOKUP(W12,$AF$3:$AG$9,2,FALSE) -> 3.5 | AB12: =Y12+Z12-AA12 -> 12.32
A13: 48 | B13: Forever`胖子 | D13: 0 | E13: 0 | F13: 18000 | G13: 4 | H13: 未分包 | I13: 0 | J13: 2 | K13: 12000 | L13: =I13+J13 -> 2 | M13: 精英功勋礼包 | N13: 0 | O13: 3 | P13: 8000 | Q13: =N13+O13 -> 3 | R13: 未分包 | S13: 0 | T13: 0 | U13: 0 | V13: =S13+T13 -> 0 | W13: 未分包 | X13: =G13+L13+Q13+V13 -> 9 | Y13: =X13+F13/10000+K13/10000+P13/10000+U13/10000 -> 12.8 | Z13: ='Sep2019'!AC52 -> 2.8 | AA13: =VLOOKUP(H13,$AF$3:$AG$9,2,FALSE)+VLOOKUP(M13,$AF$3:$AG$9,2,FALSE)+VLOOKUP(R13,$AF$3:$AG$9,2,FALSE)+VLOOKUP(W13,$AF$3:$AG$9,2,FALSE) -> 3.5 | AB13: =Y13+Z13-AA13 -> 12.1
A14: 36 | B14: 卟离卟弃 | D14: 0 | E14: 0 | F14: 12000 | G14: 2 | H14: 未分包 | I14: 0 | J14: 2 | K14: 12000 | L14: =I14+J14 -> 2 | M14: 未分包 | N14: 0 | O14: 3 | P14: 12000 | Q14: =N14+O14 -> 3 | R14: 未分包 | S14: 0 | T14: 0 | U14: 12000 | V14: =S14+T14 -> 0 | W14: 未分包 | X14: =G14+L14+Q14+V14 -> 7 | Y14: =X14+F14/10000+K14/10000+P14/10000+U14/10000 -> 11.8 | Z14: ='Sep2019'!AC40 -> 0.2 | AA14: =VLOOKUP(H14,$AF$3:$AG$9,2,FALSE)+VLOOKUP(M14,$AF$3:$AG$9,2,FALSE)+VLOOKUP(R14,$AF$3:$AG$9,2,FALSE)+VLOOKUP(W14,$AF$3:$AG$9,2,FALSE) -> 0 | AB14: =Y14+Z14-AA14 -> 12
A15: 28 | B15: Forever`鹿丸 | D15: 0 | E15: 0 | F15: 18000 | G15: 2 | H15: 未分包 | I15: 0 | J15: 2 | K15: 21000 | L15: =I15+J15 -> 2 | M15: 未分包 | N15: 0 | O15: 4 | P15: 12000 | Q15: =N15+O15 -> 4 | R15: 英雄功勋礼包 | S15: 0 | T15: 0 | U15: 12000 | V15: =S15+T15 -> 0 | W15: 未分包 | X15: =G15+L15+Q15+V15 -> 8 | Y15: =X15+F15/10000+K15/10000+P15/10000+U15/10000 -> 14.3 | Z15: ='Sep2019'!AC32 -> 2.04 | AA15: =VLOOKUP(H15,$AF$3:$AG$9,2,FALSE)+VLOOKUP(M15,$AF$3:$AG$9,2,FALSE)+VLOOKUP(R15,$AF$3:$AG$9,2,FALSE)+VLOOKUP(W15,$AF$3:$AG$9,2,FALSE) -> 5 | AB15: =Y15+Z15-AA15 -> 11.34
A16: 72 | B16: Forever`火年 | D16: 0 | E16: 0 | F16: 0 | G16: 0 | H16: 未分包 | I16: 0 | J16: 0 | K16: 4000 | L16: =I16+J16 -> 0 | M16: 未分包 | N16: 0 | O16: 4 | P16: 12000 | Q16: =N16+O16 -> 4 | R16: 未分包 | S16: 0 | T16: 2 | U16: 12000 | V16: =S16+T16 -> 2 | W16: 未分包 | X16: =G16+L16+Q16+V16 -> 6 | Y16: =X16+F16/10000+K16/10000+P16/10000+U16/10000 -> 8.8 | Z16: 2.3142857 | AA16: =VLOOKUP(H16,$AF$3:$AG$9,2,FALSE)+VLOOKUP(M16,$AF$3:$AG$9,2,FALSE)+VLOOKUP(R16,$AF$3:$AG$9,2,FALSE)+VLOOKUP(W16,$AF$3:$AG$9,2,FALSE) -> 0 | AB16: =Y16+Z16-AA16 -> 11.114286
A17: 27 | B17: Forever`為你 | D17: 0 | E17: 0 | F17: 22200 | G17: =D17+E17 -> 0 | H17: 未分包 | I17: 0 | J17: 2 | K17: 13200 | L17: =I17+J17 -> 2 | M17: 未分包 | N17: 0 | O17: 0 | P17: 6000 | Q17: =N17+O17 -> 0 | R17: 未分包 | S17: 0 | T17: 1 | U17: 7600 | V17: =S17+T17 -> 1 | W17: 未分包 | X17: =G17+L17+Q17+V17 -> 3 | Y17: =X17+F17/10000+K17/10000+P17/10000+U17/10000 -> 7.9 | Z17: ='Sep2019'!AC31 -> 3.2 | AA17: =VLOOKUP(H17,$AF$3:$AG$9,2,FALSE)+VLOOKUP(M17,$AF$3:$AG$9,2,FALSE)+VLOOKUP(R17,$AF$3:$AG$9,2,FALSE)+VLOOKUP(W17,$AF$3:$AG$9,2,FALSE) -> 0 | AB17: =Y17+Z17-AA17 -> 11.1
A18: 58 | B18: Forever`大欢 | D18: 0 | E18: 0 | F18: 11000 | G18: 3 | H18: 未分包 | I18: 0 | J18: 3 | K18: 11200 | L18: =I18+J18 -> 3 | M18: 未分包 | N18: 0 | O18: 3 | P18: 9600 | Q18: =N18+O18 -> 3 | R18: 未分包 | S18: 0 | T18: 3 | U18: 12000 | V18: =S18+T18 -> 3 | W18: 跨服传说礼包 | X18: =G18+L18+Q18+V18 -> 12 | Y18: =X18+F18/10000+K18/10000+P18/10000+U18/10000 -> 16.38 | Z18: 3.1828571 | AA18: =VLOOKUP(H18,$AF$3:$AG$9,2,FALSE)+VLOOKUP(M18,$AF$3:$AG$9,2,FALSE)+VLOOKUP(R18,$AF$3:$AG$9,2,FALSE)+VLOOKUP(W18,$AF$3:$AG$9,2,FALSE) -> 8.5 | AB18: =Y18+Z18-AA18 -> 11.062857
A19: 20 | B19: Forever`孤王 | D19: 0 | E19: 0 | F19: 18800 | G19: 1 | H19: 未分包 | I19: 0 | J19: 4 | K19: 9800 | L19: =I19+J19 -> 4 | M19: 英雄功勋礼包 | N19: 0 | O19: 2 | P19: 11000 | Q19: =N19+O19 -> 2 | R19: 未分包 | S19: 0 | T19: 0 | U19: 0 | V19: =S19+T19 -> 0 | W19: 未分包 | X19: =G19+L19+Q19+V19 -> 7 | Y19: =X19+F19/10000+K19/10000+P19/10000+U19/10000 -> 10.96 | Z19: ='Sep2019'!AC24 -> 4.9 | AA19: =VLOOKUP(H19,$AF$3:$AG$9,2,FALSE)+VLOOKUP(M19,$AF$3:$AG$9,2,FALSE)+VLOOKUP(R19,$AF$3:$AG$9,2,FALSE)+VLOOKUP(W19,$AF$3:$AG$9,2,FALSE) -> 5 | AB19: =Y19+Z19-AA19 -> 10.86
A20: 29 | B20: Forever`别吵 | D20: 0 | E20: 0 | F20: 21600 | G20: 4 | H20: 未分包 | I20: 0 | J20: 4 | K20: 12000 | L20: =I20+J20 -> 4 | M20: 英雄功勋礼包 | N20: 0 | O20: 2 | P20: 12000 | Q20: =N20+O20 -> 2 | R20: 未分包 | S20: 0 | T20: 0 | U20: 0 | V20: =S20+T20 -> 0 | W20: 未分包 | X20: =G20+L20+Q20+V20 -> 10 | Y20: =X20+F20/10000+K20/10000+P20/10000+U20/10000 -> 14.56 | Z20: ='Sep2019'!AC33 -> 0.96 | AA20: =VLOOKUP(H20,$AF$3:$AG$9,2,FALSE)+VLOOKUP(M20,$AF$3:$AG$9,2,FALSE)+VLOOKUP(R20,$AF$3:$AG$9,2,FALSE)+VLOOKUP(W20,$AF$3:$AG$9,2,FALSE) -> 5 | AB20: =Y20+Z20-AA20 -> 10.52
A21: 73 | B21: Forever`靓仔 | D21: 0 | E21: 0 | F21: 0 | G21: 0 | H21: 未分包 | I21: 0 | J21: 0 | K21: 4000 | L21: =I21+J21 -> 0 | M21: 未分包 | N21: 0 | O21: 4 | P21: 13200 | Q21: =N21+O21 -> 4 | R21: 未分包 | S21: 0 | T21: 3 | U21: 13200 | V21: =S21+T21 -> 3 | W21: 未分包 | X21: =G21+L21+Q21+V21 -> 7 | Y21: =X21+F21/10000+K21/10000+P21/10000+U21/10000 -> 10.04 | Z21: 0.21785714 | AA21: =VLOOKUP(H21,$AF$3:$AG$9,2,FALSE)+VLOOKUP(M21,$AF$3:$AG$9,2,FALSE)+VLOOKUP(R21,$AF$3:$AG$9,2,FALSE)+VLOOKUP(W21,$AF$3:$AG$9,2,FALSE) -> 0 | AB21: =Y21+Z21-AA21 -> 10.257857
A22: 57 | B22: Forever`习惯 | C22: 习惯 | D22: 0 | E22: 0 | F22: 12000 | G22: 3 | H22: 未分包 | I22: 0 | J22: 4 | K22: 12000 | L22: =I22+J22 -> 4 | M22: 未分包 | N22: 0 | O22: 3 | P22: 12000 | Q22: =N22+O22 -> 3 | R22: 未分包 | S22: 0 | T22: 2 | U22: 12000 | V22: =S22+T22 -> 2 | W22: 跨服传说礼包 | X22: =G22+L22+Q22+V22 -> 12 | Y22: =X22+F22/10000+K22/10000+P22/10000+U22/10000 -> 16.8 | Z22: 1.95 | AA22: =VLOOKUP(H22,$AF$3:$AG$9,2,FALSE)+VLOOKUP(M22,$AF$3:$AG$9,2,FALSE)+VLOOKUP(R22,$AF$3:$AG$9,2,FALSE)+VLOOKUP(W22,$AF$3:$AG$9,2,FALSE) -> 8.5 | AB22: =Y22+Z22-AA22 -> 10.25
A23: 88 | B23: 钊_ | D23: 0 | E23: 0 | F23: 0 | G23: 0 | H23: 未分包 | I23: 0 | J23: 0 | K23: 0 | L23: =I23+J23 -> 0 | M23: 未分包 | N23: 0 | O23: 0 | P23: 0 | Q23: =N23+O23 -> 0 | R23: 未分包 | S23: 0 | T23: 1 | U23: 9000 | V23: =S23+T23 -> 1 | W23: 未分包 | X23: =G23+L23+Q23+V23 -> 1 | Y23: =X23+F23/10000+K23/10000+P23/10000+U23/10000 -> 1.9 | Z23: 8.2 | AA23: =VLOOKUP(H23,$AF$3:$AG$9,2,FALSE)+VLOOKUP(M23,$AF$3:$AG$9,2,FALSE)+VLOOKUP(R23,$AF$3:$AG$9,2,FALSE)+VLOOKUP(W23,$AF$3:$AG$9,2,FALSE) -> 0 | AB23: =Y23+Z23-AA23 -> 10.1 | AC23: 40 | AD23: 8.2
A24: 80 | B24: Forever`丝控 | D24: 0 | E24: 0 | F24: 0 | G24: 0 | H24: 未分包 | I24: 0 | J24: 0 | K24: 2000 | L24: =I24+J24 -> 0 | M24: 未分包 | N24: 0 | O24: 3 | P24: 12000 | Q24: =N24+O24 -> 3 | R24: 未分包 | S24: 0 | T24: 2 | U24: 12000 | V24: =S24+T24 -> 2 | W24: 未分包 | X24: =G24+L24+Q24+V24 -> 5 | Y24: =X24+F24/10000+K24/10000+P24/10000+U24/10000 -> 7.6 | Z24: 2.2446429 | AA24: =VLOOKUP(H24,$AF$3:$AG$9,2,FALSE)+VLOOKUP(M24,$AF$3:$AG$9,2,FALSE)+VLOOKUP(R24,$AF$3:$AG$9,2,FALSE)+VLOOKUP(W24,$AF$3:$AG$9,2,FALSE) -> 0 | AB24: =Y24+Z24-AA24 -> 9.8446429
A25: 53 | B25: Forever`清风 | D25: 0 | E25: 0 | F25: 16200 | G25: 4 | H25: 未分包 | I25: 0 | J25: 4 | K25: 12600 | L25: =I25+J25 -> 4 | M25: 传说功勋礼包 | N25: 0 | O25: 4 | P25: 12000 | Q25: =N25+O25 -> 4 | R25: 未分包 | S25: 0 | T25: 3 | U25: 12000 | V25: =S25+T25 -> 3 | W25: 跨服英雄礼包 | X25: =G25+L25+Q25+V25 -> 15 | Y25: =X25+F25/10000+K25/10000+P25/10000+U25/10000 -> 20.28 | Z25: ='Sep2019'!AC57 -> 3.06 | AA25: =VLOOKUP(H25,$AF$3:$AG$9,2,FALSE)+VLOOKUP(M25,$AF$3:$AG$9,2,FALSE)+VLOOKUP(R25,$AF$3:$AG$9,2,FALSE)+VLOOKUP(W25,$AF$3:$AG$9,2,FALSE) -> 13.5 | AB25: =Y25+Z25-AA25 -> 9.84
A26: 34 | B26: Forever`劳模 | D26: 0 | E26: 0 | F26: 12000 | G26: 4 | H26: 未分包 | I26: 0 | J26: 3 | K26: 12000 | L26: =I26+J26 -> 3 | M26: 未分包 | N26: 0 | O26: 3 | P26: 12000 | Q26: =N26+O26 -> 3 | R26: 未分包 | S26: 0 | T26: 3 | U26: 12000 | V26: =S26+T26 -> 3 | W26: 跨服传说礼包 | X26: =G26+L26+Q26+V26 -> 13 | Y26: =X26+F26/10000+K26/10000+P26/10000+U26/10000 -> 17.8 | Z26: ='Sep2019'!AC38 -> 0.4 | AA26: =VLOOKUP(H26,$AF$3:$AG$9,2,FALSE)+VLOOKUP(M26,$AF$3:$AG$9,2,FALSE)+VLOOKUP(R26,$AF$3:$AG$9,2,FALSE)+VLOOKUP(W26,$AF$3:$AG$9,2,FALSE) -> 8.5 | AB26: =Y26+Z26-AA26 -> 9.7
A27: 5 | B27: Forever`輪回 | D27: 0 | E27: 0 | F27: 12000 | G27: 3 | H27: 未分包 | I27: 0 | J27: 4 | K27: 12000 | L27: =I27+J27 -> 4 | M27: 传说功勋礼包 | N27: 0 | O27: 4 | P27: 9000 | Q27: =N27+O27 -> 4 | R27: 未分包 | S27: 0 | T27: 3 | U27: 6000 | V27: =S27+T27 -> 3 | W27: 跨服英雄礼包 | X27: =G27+L27+Q27+V27 -> 14 | Y27: =X27+F27/10000+K27/10000+P27/10000+U27/10000 -> 17.9 | Z27: ='Sep2019'!AC9 -> 5.2 | AA27: =VLOOKUP(H27,$AF$3:$AG$9,2,FALSE)+VLOOKUP(M27,$AF$3:$AG$9,2,FALSE)+VLOOKUP(R27,$AF$3:$AG$9,2,FALSE)+VLOOKUP(W27,$AF$3:$AG$9,2,FALSE) -> 13.5 | AB27: =Y27+Z27-AA27 -> 9.6
A28: 89 | B28: Forever`阿呆 | D28: 0 | E28: 0 | F28: 0 | G28: 0 | H28: 未分包 | I28: 0 | J28: 0 | K28: 0 | L28: =I28+J28 -> 0 | M28: 未分包 | N28: 0 | O28: 0 | P28: 0 | Q28: =N28+O28 -> 0 | R28: 未分包 | S28: 0 | T28: 0 | U28: 11000 | V28: =S28+T28 -> 0 | W28: 未分包 | X28: =G28+L28+Q28+V28 -> 0 | Y28: =X28+F28/10000+K28/10000+P28/10000+U28/10000 -> 1.1 | Z28: 8.5 | AA28: =VLOOKUP(H28,$AF$3:$AG$9,2,FALSE)+VLOOKUP(M28,$AF$3:$AG$9,2,FALSE)+VLOOKUP(R28,$AF$3:$AG$9,2,FALSE)+VLOOKUP(W28,$AF$3:$AG$9,2,FALSE) -> 0 | AB28: =Y28+Z28-AA28 -> 9.6 | AC28: 38 | AD28: 8.5
A29: 10 | B29: Forever`随风 | D29: 0 | E29: 0 | F29: 28200 | G29: 4 | H29: 传说功勋礼包 | I29: 0 | J29: 4 | K29: 18600 | L29: =I29+J29 -> 4 | M29: 精英功勋礼包 | N29: 0 | O29: 4 | P29: 16200 | Q29: =N29+O29 -> 4 | R29: 精英功勋礼包 | S29: 0 | T29: 3 | U29: 13200 | V29: =S29+T29 -> 3 | W29: 跨服精英礼包 | X29: =G29+L29+Q29+V29 -> 15 | Y29: =X29+F29/10000+K29/10000+P29/10000+U29/10000 -> 22.62 | Z29: ='Sep2019'!AC14 -> 5.96 | AA29: =VLOOKUP(H29,$AF$3:$AG$9,2,FALSE)+VLOOKUP(M29,$AF$3:$AG$9,2,FALSE)+VLOOKUP(R29,$AF$3:$AG$9,2,FALSE)+VLOOKUP(W29,$AF$3:$AG$9,2,FALSE) -> 19 | AB29: =Y29+Z29-AA29 -> 9.58
A30: 35 | B30: 神罗天征 | D30: 0 | E30: 0 | F30: 0 | G30: =D30+E30 -> 0 | H30: 未分包 | I30: 0 | J30: 0 | K30: 0 | L30: =I30+J30 -> 0 | M30: 未分包 | N30: 0 | O30: 0 | P30: 0 | Q30: =N30+O30 -> 0 | R30: 未分包 | S30: 0 | T30: 0 | U30: 0 | V30: =S30+T30 -> 0 | W30: 未分包 | X30: =G30+L30+Q30+V30 -> 0 | Y30: =X30+F30/10000+K30/10000+P30/10000+U30/10000 -> 0 | Z30: ='Sep2019'!AC39 -> 0.2 | AA30: =VLOOKUP(H30,$AF$3:$AG$9,2,FALSE)+VLOOKUP(M30,$AF$3:$AG$9,2,FALSE)+VLOOKUP(R30,$AF$3:$AG$9,2,FALSE)+VLOOKUP(W30,$AF$3:$AG$9,2,FALSE) -> 0 | AB30: =Y30+Z30-AA30 -> 0.2
A31: 8 | B31: Forever`法师 | C31: Forever`了佳 | D31: 0 | E31: 0 | F31: 17400 | G31: 4 | H31: 英雄功勋礼包 | I31: 0 | J31: 4 | K31: 12000 | L31: =I31+J31 -> 4 | M31: 未分包 | N31: 0 | O31: 4 | P31: 12000 | Q31: =N31+O31 -> 4 | R31: 英雄功勋礼包 | S31: 0 | T31: 3 | U31: 11000 | V31: =S31+T31 -> 3 | W31: 跨服精英礼包 | X31: =G31+L31+Q31+V31 -> 15 | Y31: =X31+F31/10000+K31/10000+P31/10000+U31/10000 -> 20.24 | Z31: ='Sep2019'!AC12 -> 4.82 | AA31: =VLOOKUP(H31,$AF$3:$AG$9,2,FALSE)+VLOOKUP(M31,$AF$3:$AG$9,2,FALSE)+VLOOKUP(R31,$AF$3:$AG$9,2,FALSE)+VLOOKUP(W31,$AF$3:$AG$9,2,FALSE) -> 15.5 | AB31: =Y31+Z31-AA31 -> 9.56
A32: 43 | B32: Forever`阿良 | D32: 0 | E32: 0 | F32: 30000 | G32: 3 | H32: 未分包 | I32: 0 | J32: 4 | K32: 30000 | L32: =I32+J32 -> 4 | M32: 传说功勋礼包 | N32: 0 | O32: 4 | P32: 30000 | Q32: =N32+O32 -> 4 | R32: 英雄功勋礼包 | S32: 0 | T32: 3 | U32: 12000 | V32: =S32+T32 -> 3 | W32: 跨服精英礼包 | X32: =G32+L32+Q32+V32 -> 14 | Y32: =X32+F32/10000+K32/10000+P32/10000+U32/10000 -> 24.2 | Z32: ='Sep2019'!AC47 -> 2.3 | AA32: =VLOOKUP(H32,$AF$3:$AG$9,2,FALSE)+VLOOKUP(M32,$AF$3:$AG$9,2,FALSE)+VLOOKUP(R32,$AF$3:$AG$9,2,FALSE)+VLOOKUP(W32,$AF$3:$AG$9,2,FALSE) -> 17 | AB32: =Y32+Z32-AA32 -> 9.5
A33: 69 | B33: Forever`时光 | D33: 0 | E33: 0 | F33: 0 | G33: 0 | H33: 未分包 | I33: 0 | J33: 4 | K33: 9200 | L33: =I33+J33 -> 4 | M33: 未分包 | N33: 0 | O33: 4 | P33: 12000 | Q33: =N33+O33 -> 4 | R33: 未分包 | S33: 0 | T33: 3 | U33: 12000 | V33: =S33+T33 -> 3 | W33: 跨服精英礼包 | X33: =G33+L33+Q33+V33 -> 11 | Y33: =X33+F33/10000+K33/10000+P33/10000+U33/10000 -> 14.32 | Z33: 0.5525 | AA33: =VLOOKUP(H33,$AF$3:$AG$9,2,FALSE)+VLOOKUP(M33,$AF$3:$AG$9,2,FALSE)+VLOOKUP(R33,$AF$3:$AG$9,2,FALSE)+VLOOKUP(W33,$AF$3:$AG$9,2,FALSE) -> 5.5 | AB33: =Y33+Z33-AA33 -> 9.3725
A34: 46 | B34: Forever`帆锅 | D34: 0 | E34: 0 | F34: 16800 | G34: 3 | H34: 精英功勋礼包 | I34: 0 | J34: 4 | K34: 16200 | L34: =I34+J34 -> 4 | M34: 精英功勋礼包 | N34: 0 | O34: 4 | P34: 17400 | Q34: =N34+O34 -> 4 | R34: 精英功勋礼包 | S34: 0 | T34: 3 | U34: 12000 | V34: =S34+T34 -> 3 | W34: 跨服精英礼包 | X34: =G34+L34+Q34+V34 -> 14 | Y34: =X34+F34/10000+K34/10000+P34/10000+U34/10000 -> 20.24 | Z34: ='Sep2019'!AC50 -> 5.06 | AA34: =VLOOKUP(H34,$AF$3:$AG$9,2,FALSE)+VLOOKUP(M34,$AF$3:$AG$9,2,FALSE)+VLOOKUP(R34,$AF$3:$AG$9,2,FALSE)+VLOOKUP(W34,$AF$3:$AG$9,2,FALSE) -> 16 | AB34: =Y34+Z34-AA34 -> 9.3
A35: 12 | B35: Forever`仙尊 | D35: 0 | E35: 0 | F35: 19200 | G35: 4 | H35: 英雄功勋礼包 | I35: 0 | J35: 4 | K35: 12000 | L35: =I35+J35 -> 4 | M35: 精英功勋礼包 | N35: 0 | O35: 4 | P35: 12000 | Q35: =N35+O35 -> 4 | R35: 未分包 | S35: 0 | T35: 3 | U35: 12000 | V35: =S35+T35 -> 3 | W35: 跨服传说礼包 | X35: =G35+L35+Q35+V35 -> 15 | Y35: =X35+F35/10000+K35/10000+P35/10000+U35/10000 -> 20.52 | Z35: ='Sep2019'!AC16 -> 5.7 | AA35: =VLOOKUP(H35,$AF$3:$AG$9,2,FALSE)+VLOOKUP(M35,$AF$3:$AG$9,2,FALSE)+VLOOKUP(R35,$AF$3:$AG$9,2,FALSE)+VLOOKUP(W35,$AF$3:$AG$9,2,FALSE) -> 17 | AB35: =Y35+Z35-AA35 -> 9.22
A36: 23 | B36: Forever`三傻 | D36: 0 | E36: 0 | F36: 17800 | G36: 4 | H36: 英雄功勋礼包 | I36: 0 | J36: 4 | K36: 19000 | L36: =I36+J36 -> 4 | M36: 未分包 | N36: 0 | O36: 4 | P36: 6000 | Q36: =N36+O36 -> 4 | R36: 英雄功勋礼包 | S36: 0 | T36: 3 | U36: 6000 | V36: =S36+T36 -> 3 | W36: 跨服精英礼包 | X36: =G36+L36+Q36+V36 -> 15 | Y36: =X36+F36/10000+K36/10000+P36/10000+U36/10000 -> 19.88 | Z36: ='Sep2019'!AC27 -> 4.8 | AA36: =VLOOKUP(H36,$AF$3:$AG$9,2,FALSE)+VLOOKUP(M36,$AF$3:$AG$9,2,FALSE)+VLOOKUP(R36,$AF$3:$AG$9,2,FALSE)+VLOOKUP(W36,$AF$3:$AG$9,2,FALSE) -> 15.5 | AB36: =Y36+Z36-AA36 -> 9.18
A37: 16 | B37: Forever`啾啾 | D37: 0 | E37: 0 | F37: 16200 | G37: 4 | H37: 精英功勋礼包 | I37: 0 | J37: 3 | K37: 18000 | L37: =I37+J37 -> 3 | M37: 未分包 | N37: 0 | O37: 4 | P37: 13800 | Q37: =N37+O37 -> 4 | R37: 传说功勋礼包 | S37: 0 | T37: 3 | U37: 13200 | V37: =S37+T37 -> 3 | W37: 跨服精英礼包 | X37: =G37+L37+Q37+V37 -> 14 | Y37: =X37+F37/10000+K37/10000+P37/10000+U37/10000 -> 20.12 | Z37: ='Sep2019'!AC20 -> 4.5 | AA37: =VLOOKUP(H37,$AF$3:$AG$9,2,FALSE)+VLOOKUP(M37,$AF$3:$AG$9,2,FALSE)+VLOOKUP(R37,$AF$3:$AG$9,2,FALSE)+VLOOKUP(W37,$AF$3:$AG$9,2,FALSE) -> 15.5 | AB37: =Y37+Z37-AA37 -> 9.12
A38: 62 | B38: Forever`Thoma | D38: 0 | E38: 0 | F38: 8400 | G38: 0 | H38: 未分包 | I38: 0 | J38: 1 | K38: 18000 | L38: =I38+J38 -> 1 | M38: 未分包 | N38: 0 | O38: 2 | P38: 12000 | Q38: =N38+O38 -> 2 | R38: 未分包 | S38: 0 | T38: 2 | U38: 12000 | V38: =S38+T38 -> 2 | W38: 跨服精英礼包 | X38: =G38+L38+Q38+V38 -> 5 | Y38: =X38+F38/10000+K38/10000+P38/10000+U38/10000 -> 10.04 | Z38: 4.5457143 | AA38: =VLOOKUP(H38,$AF$3:$AG$9,2,FALSE)+VLOOKUP(M38,$AF$3:$AG$9,2,FALSE)+VLOOKUP(R38,$AF$3:$AG$9,2,FALSE)+VLOOKUP(W38,$AF$3:$AG$9,2,FALSE) -> 5.5 | AB38: =Y38+Z38-AA38 -> 9.0857143
A39: 76 | B39: Forever`无聊 | C39: 宇智波四 | D39: 0 | E39: 0 | F39: 0 | G39: 0 | H39: 未分包 | I39: 0 | J39: 0 | K39: 2000 | L39: =I39+J39 -> 0 | M39: 未分包 | N39: 0 | O39: 4 | P39: 12000 | Q39: =N39+O39 -> 4 | R39: 未分包 | S39: 0 | T39: 2 | U39: 11000 | V39: =S39+T39 -> 2 | W39: 未分包 | X39: =G39+L39+Q39+V39 -> 6 | Y39: =X39+F39/10000+K39/10000+P39/10000+U39/10000 -> 8.5 | Z39: 0.51071429 | AA39: =VLOOKUP(H39,$AF$3:$AG$9,2,FALSE)+VLOOKUP(M39,$AF$3:$AG$9,2,FALSE)+VLOOKUP(R39,$AF$3:$AG$9,2,FALSE)+VLOOKUP(W39,$AF$3:$AG$9,2,FALSE) -> 0 | AB39: =Y39+Z39-AA39 -> 9.0107143
A40: 3 | B40: Forever`暴风 | D40: 0 | E40: 0 | F40: 12000 | G40: 2 | H40: 未分包 | I40: 0 | J40: 0 | K40: 0 | L40: =I40+J40 -> 0 | M40: 未分包 | N40: 0 | O40: 0 | P40: 0 | Q40: =N40+O40 -> 0 | R40: 未分包 | S40: 0 | T40: 0 | U40: 0 | V40: =S40+T40 -> 0 | W40: 未分包 | X40: =G40+L40+Q40+V40 -> 2 | Y40: =X40+F40/10000+K40/10000+P40/10000+U40/10000 -> 3.2 | Z40: ='Sep2019'!AC7 -> 5.8 | AA40: =VLOOKUP(H40,$AF$3:$AG$9,2,FALSE)+VLOOKUP(M40,$AF$3:$AG$9,2,FALSE)+VLOOKUP(R40,$AF$3:$AG$9,2,FALSE)+VLOOKUP(W40,$AF$3:$AG$9,2,FALSE) -> 0 | AB40: =Y40+Z40-AA40 -> 9
A41: 17 | B41: Forever`珞珞 | D41: 0 | E41: 0 | F41: 12000 | G41: 4 | H41: 未分包 | I41: 0 | J41: 2 | K41: 12000 | L41: =I41+J41 -> 2 | M41: 英雄功勋礼包 | N41: 0 | O41: 4 | P41: 12000 | Q41: =N41+O41 -> 4 | R41: 未分包 | S41: 0 | T41: 2 | U41: 12000 | V41: =S41+T41 -> 2 | W41: 跨服英雄礼包 | X41: =G41+L41+Q41+V41 -> 12 | Y41: =X41+F41/10000+K41/10000+P41/10000+U41/10000 -> 16.8 | Z41: ='Sep2019'!AC21 -> 4.2 | AA41: =VLOOKUP(H41,$AF$3:$AG$9,2,FALSE)+VLOOKUP(M41,$AF$3:$AG$9,2,FALSE)+VLOOKUP(R41,$AF$3:$AG$9,2,FALSE)+VLOOKUP(W41,$AF$3:$AG$9,2,FALSE) -> 12 | AB41: =Y41+Z41-AA41 -> 9
A42: 45 | B42: Forever`杜莎 | D42: 0 | E42: 0 | F42: 20600 | G42: 1 | H42: 未分包 | I42: 0 | J42: 3 | K42: 12000 | L42: =I42+J42 -> 3 | M42: 未分包 | N42: 0 | O42: 0 | P42: 12000 | Q42: =N42+O42 -> 0 | R42: 未分包 | S42: 0 | T42: 2 | U42: 12000 | V42: =S42+T42 -> 2 | W42: 跨服英雄礼包 | X42: =G42+L42+Q42+V42 -> 6 | Y42: =X42+F42/10000+K42/10000+P42/10000+U42/10000 -> 11.66 | Z42: ='Sep2019'!AC49 -> 4.3 | AA42: =VLOOKUP(H42,$AF$3:$AG$9,2,FALSE)+VLOOKUP(M42,$AF$3:$AG$9,2,FALSE)+VLOOKUP(R42,$AF$3:$AG$9,2,FALSE)+VLOOKUP(W42,$AF$3:$AG$9,2,FALSE) -> 7 | AB42: =Y42+Z42-AA42 -> 8.96
A43: 56 | B43: Forever`真吾 | D43: 0 | E43: 0 | F43: 26200 | G43: 3 | H43: 未分包 | I43: 0 | J43: 2 | K43: 12000 | L43: =I43+J43 -> 2 | M43: 未分包 | N43: 0 | O43: 2 | P43: 12000 | Q43: =N43+O43 -> 2 | R43: 未分包 | S43: 0 | T43: 2 | U43: 12000 | V43: =S43+T43 -> 2 | W43: 跨服英雄礼包 | X43: =G43+L43+Q43+V43 -> 9 | Y43: =X43+F43/10000+K43/10000+P43/10000+U43/10000 -> 15.22 | Z43: ='Sep2019'!AC60 -> 0.56 | AA43: =VLOOKUP(H43,$AF$3:$AG$9,2,FALSE)+VLOOKUP(M43,$AF$3:$AG$9,2,FALSE)+VLOOKUP(R43,$AF$3:$AG$9,2,FALSE)+VLOOKUP(W43,$AF$3:$AG$9,2,FALSE) -> 7 | AB43: =Y43+Z43-AA43 -> 8.78
A44: 81 | B44: Forever`迷弟 | D44: 0 | E44: 0 | F44: 0 | G44: 0 | H44: 未分包 | I44: 0 | J44: 0 | K44: 2000 | L44: =I44+J44 -> 0 | M44: 未分包 | N44: 0 | O44: 2 | P44: 12000 | Q44: =N44+O44 -> 2 | R44: 未分包 | S44: 0 | T44: 2 | U44: 12000 | V44: =S44+T44 -> 2 | W44: 未分包 | X44: =G44+L44+Q44+V44 -> 4 | Y44: =X44+F44/10000+K44/10000+P44/10000+U44/10000 -> 6.6 | Z44: 2.16 | AA44: =VLOOKUP(H44,$AF$3:$AG$9,2,FALSE)+VLOOKUP(M44,$AF$3:$AG$9,2,FALSE)+VLOOKUP(R44,$AF$3:$AG$9,2,FALSE)+VLOOKUP(W44,$AF$3:$AG$9,2,FALSE) -> 0 | AB44: =Y44+Z44-AA44 -> 8.76
A45: 15 | B45: Forever`Gai | D45: 0 | E45: 0 | F45: 14400 | G45: 3 | H45: 未分包 | I45: 0 | J45: 4 | K45: 12000 | L45: =I45+J45 -> 4 | M45: 传说功勋礼包 | N45: 0 | O45: 4 | P45: 12000 | Q45: =N45+O45 -> 4 | R45: 未分包 | S45: 0 | T45: 3 | U45: 12000 | V45: =S45+T45 -> 3 | W45: 跨服传说礼包 | X45: =G45+L45+Q45+V45 -> 14 | Y45: =X45+F45/10000+K45/10000+P45/10000+U45/10000 -> 19.04 | Z45: ='Sep2019'!AC19 -> 4.72 | AA45: =VLOOKUP(H45,$AF$3:$AG$9,2,FALSE)+VLOOKUP(M45,$AF$3:$AG$9,2,FALSE)+VLOOKUP(R45,$AF$3:$AG$9,2,FALSE)+VLOOKUP(W45,$AF$3:$AG$9,2,FALSE) -> 15 | AB45: =Y45+Z45-AA45 -> 8.76
A46: 2 | B46: Forever`弟弟 | D46: 0 | E46: 0 | F46: 22200 | G46: 3 | H46: 传说功勋礼包 | I46: 0 | J46: 4 | K46: 14400 | L46: =I46+J46 -> 4 | M46: 未分包 | N46: 0 | O46: 4 | P46: 12000 | Q46: =N46+O46 -> 4 | R46: 传说功勋礼包 | S46: 0 | T46: 3 | U46: 12000 | V46: =S46+T46 -> 3 | W46: 跨服精英礼包 | X46: =G46+L46+Q46+V46 -> 14 | Y46: =X46+F46/10000+K46/10000+P46/10000+U46/10000 -> 20.06 | Z46: ='Sep2019'!AC6 -> 7.18 | AA46: =VLOOKUP(H46,$AF$3:$AG$9,2,FALSE)+VLOOKUP(M46,$AF$3:$AG$9,2,FALSE)+VLOOKUP(R46,$AF$3:$AG$9,2,FALSE)+VLOOKUP(W46,$AF$3:$AG$9,2,FALSE) -> 18.5 | AB46: =Y46+Z46-AA46 -> 8.74
A47: 49 | B47: Forever`小傻 | D47: 0 | E47: 0 | F47: 11600 | G47: 4 | H47: 精英功勋礼包 | I47: 0 | J47: 4 | K47: 12000 | L47: =I47+J47 -> 4 | M47: 未分包 | N47: 0 | O47: 4 | P47: 12000 | Q47: =N47+O47 -> 4 | R47: 传说功勋礼包 | S47: 0 | T47: 3 | U47: 10000 | V47: =S47+T47 -> 3 | W47: 跨服精英礼包 | X47: =G47+L47+Q47+V47 -> 15 | Y47: =X47+F47/10000+K47/10000+P47/10000+U47/10000 -> 19.56 | Z47: ='Sep2019'!AC53 -> 4.66 | AA47: =VLOOKUP(H47,$AF$3:$AG$9,2,FALSE)+VLOOKUP(M47,$AF$3:$AG$9,2,FALSE)+VLOOKUP(R47,$AF$3:$AG$9,2,FALSE)+VLOOKUP(W47,$AF$3:$AG$9,2,FALSE) -> 15.5 | AB47: =Y47+Z47-AA47 -> 8.72
A48: 4 | B48: Forever`利 | D48: 0 | E48: 0 | F48: 12000 | G48: 4 | H48: 英雄功勋礼包 | I48: 0 | J48: 4 | K48: 12000 | L48: =I48+J48 -> 4 | M48: 未分包 | N48: 0 | O48: 4 | P48: 12000 | Q48: =N48+O48 -> 4 | R48: 英雄功勋礼包 | S48: 0 | T48: 2 | U48: 12000 | V48: =S48+T48 -> 2 | W48: 跨服精英礼包 | X48: =G48+L48+Q48+V48 -> 14 | Y48: =X48+F48/10000+K48/10000+P48/10000+U48/10000 -> 18.8 | Z48: ='Sep2019'!AC8 -> 5.2 | AA48: =VLOOKUP(H48,$AF$3:$AG$9,2,FALSE)+VLOOKUP(M48,$AF$3:$AG$9,2,FALSE)+VLOOKUP(R48,$AF$3:$AG$9,2,FALSE)+VLOOKUP(W48,$AF$3:$AG$9,2,FALSE) -> 15.5 | AB48: =Y48+Z48-AA48 -> 8.5
A49: 54 | B49: Forever`XXX | D49: 0 | E49: 0 | F49: 18000 | G49: 3 | H49: 未分包 | I49: 0 | J49: 4 | K49: 12000 | L49: =I49+J49 -> 4 | M49: 英雄功勋礼包 | N49: 0 | O49: 4 | P49: 12000 | Q49: =N49+O49 -> 4 | R49: 精英功勋礼包 | S49: 0 | T49: 2 | U49: 12000 | V49: =S49+T49 -> 2 | W49: 跨服精英礼包 | X49: =G49+L49+Q49+V49 -> 13 | Y49: =X49+F49/10000+K49/10000+P49/10000+U49/10000 -> 18.4 | Z49: ='Sep2019'!AC58 -> 3.8 | AA49: =VLOOKUP(H49,$AF$3:$AG$9,2,FALSE)+VLOOKUP(M49,$AF$3:$AG$9,2,FALSE)+VLOOKUP(R49,$AF$3:$AG$9,2,FALSE)+VLOOKUP(W49,$AF$3:$AG$9,2,FALSE) -> 14 | AB49: =Y49+Z49-AA49 -> 8.2
A50: 11 | B50: Forever`白泽 | D50: 0 | E50: 0 | F50: 15000 | G50: 4 | H50: 传说功勋礼包 | I50: 0 | J50: 4 | K50: 15000 | L50: =I50+J50 -> 4 | M50: 未分包 | N50: 0 | O50: 2 | P50: 12000 | Q50: =N50+O50 -> 2 | R50: 精英功勋礼包 | S50: 0 | T50: 2 | U50: 12000 | V50: =S50+T50 -> 2 | W50: 跨服精英礼包 | X50: =G50+L50+Q50+V50 -> 12 | Y50: =X50+F50/10000+K50/10000+P50/10000+U50/10000 -> 17.4 | Z50: ='Sep2019'!AC15 -> 6.3 | AA50: =VLOOKUP(H50,$AF$3:$AG$9,2,FALSE)+VLOOKUP(M50,$AF$3:$AG$9,2,FALSE)+VLOOKUP(R50,$AF$3:$AG$9,2,FALSE)+VLOOKUP(W50,$AF$3:$AG$9,2,FALSE) -> 15.5 | AB50: =Y50+Z50-AA50 -> 8.2
A51: 77 | B51: Forever`飞鸟 | C51: 飞鸟九 | D51: 0 | E51: 0 | F51: 0 | G51: 0 | H51: 未分包 | I51: 0 | J51: 0 | K51: 2000 | L51: =I51+J51 -> 0 | M51: 未分包 | N51: 0 | O51: 3 | P51: 6000 | Q51: =N51+O51 -> 3 | R51: 未分包 | S51: 0 | T51: 3 | U51: 6000 | V51: =S51+T51 -> 3 | W51: 未分包 | X51: =G51+L51+Q51+V51 -> 6 | Y51: =X51+F51/10000+K51/10000+P51/10000+U51/10000 -> 7.4 | Z51: 0.69714286 | AA51: =VLOOKUP(H51,$AF$3:$AG$9,2,FALSE)+VLOOKUP(M51,$AF$3:$AG$9,2,FALSE)+VLOOKUP(R51,$AF$3:$AG$9,2,FALSE)+VLOOKUP(W51,$AF$3:$AG$9,2,FALSE) -> 0 | AB51: =Y51+Z51-AA51 -> 8.0971429
A52: 26 | B52: Forever`二傻 | D52: 0 | E52: 0 | F52: 15000 | G52: =D52+E52 -> 0 | H52: 未分包 | I52: 0 | J52: 1 | K52: 12400 | L52: =I52+J52 -> 1 | M52: 未分包 | N52: 0 | O52: 0 | P52: 12000 | Q52: =N52+O52 -> 0 | R52: 未分包 | S52: 0 | T52: 0 | U52: 12000 | V52: =S52+T52 -> 0 | W52: 未分包 | X52: =G52+L52+Q52+V52 -> 1 | Y52: =X52+F52/10000+K52/10000+P52/10000+U52/10000 -> 6.14 | Z52: ='Sep2019'!AC30 -> 1.9 | AA52: =VLOOKUP(H52,$AF$3:$AG$9,2,FALSE)+VLOOKUP(M52,$AF$3:$AG$9,2,FALSE)+VLOOKUP(R52,$AF$3:$AG$9,2,FALSE)+VLOOKUP(W52,$AF$3:$AG$9,2,FALSE) -> 0 | AB52: =Y52+Z52-AA52 -> 8.04
A53: 84 | B53: Forever`手鞠 | D53: 0 | E53: 0 | F53: 0 | G53: 0 | H53: 未分包 | I53: 0 | J53: 0 | K53: 0 | L53: =I53+J53 -> 0 | M53: 未分包 | N53: 0 | O53: 0 | P53: 0 | Q53: =N53+O53 -> 0 | R53: 未分包 | S53: 0 | T53: 3 | U53: 12000 | V53: =S53+T53 -> 3 | W53: 跨服精英礼包 | X53: =G53+L53+Q53+V53 -> 3 | Y53: =X53+F53/10000+K53/10000+P53/10000+U53/10000 -> 4.2 | Z53: 9.22 | AA53: =VLOOKUP(H53,$AF$3:$AG$9,2,FALSE)+VLOOKUP(M53,$AF$3:$AG$9,2,FALSE)+VLOOKUP(R53,$AF$3:$AG$9,2,FALSE)+VLOOKUP(W53,$AF$3:$AG$9,2,FALSE) -> 5.5 | AB53: =Y53+Z53-AA53 -> 7.92 | AC53: 22 | AD53: 9.22
A54: 33 | B54: Forever`大傻 | D54: 0 | E54: 0 | F54: 22000 | G54: 4 | H54: 未分包 | I54: 0 | J54: 3 | K54: 15000 | L54: =I54+J54 -> 3 | M54: 未分包 | N54: 0 | O54: 4 | P54: 12000 | Q54: =N54+O54 -> 4 | R54: 传说功勋礼包 | S54: 0 | T54: 2 | U54: 12000 | V54: =S54+T54 -> 2 | W54: 跨服精英礼包 | X54: =G54+L54+Q54+V54 -> 13 | Y54: =X54+F54/10000+K54/10000+P54/10000+U54/10000 -> 19.1 | Z54: ='Sep2019'!AC37 -> 0.5 | AA54: =VLOOKUP(H54,$AF$3:$AG$9,2,FALSE)+VLOOKUP(M54,$AF$3:$AG$9,2,FALSE)+VLOOKUP(R54,$AF$3:$AG$9,2,FALSE)+VLOOKUP(W54,$AF$3:$AG$9,2,FALSE) -> 12 | AB54: =Y54+Z54-AA54 -> 7.6
A55: 65 | B55: 休闲酷哥 | D55: 0 | E55: 0 | F55: 2000 | G55: 0 | H55: 未分包 | I55: 0 | J55: 3 | K55: 6000 | L55: =I55+J55 -> 3 | M55: 未分包 | N55: 0 | O55: 0 | P55: 6000 | Q55: =N55+O55 -> 0 | R55: 未分包 | S55: 0 | T55: 0 | U55: 5000 | V55: =S55+T55 -> 0 | W55: 未分包 | X55: =G55+L55+Q55+V55 -> 3 | Y55: =X55+F55/10000+K55/10000+P55/10000+U55/10000 -> 4.9 | Z55: 2.16 | AA55: =VLOOKUP(H55,$AF$3:$AG$9,2,FALSE)+VLOOKUP(M55,$AF$3:$AG$9,2,FALSE)+VLOOKUP(R55,$AF$3:$AG$9,2,FALSE)+VLOOKUP(W55,$AF$3:$AG$9,2,FALSE) -> 0 | AB55: =Y55+Z55-AA55 -> 7.06
A56: 31 | B56: Nobita | D56: 0 | E56: 0 | F56: 18000 | G56: 1 | H56: 未分包 | I56: 0 | J56: 1 | K56: 12000 | L56: =I56+J56 -> 1 | M56: 未分包 | N56: 0 | O56: 0 | P56: 12000 | Q56: =N56+O56 -> 0 | R56: 未分包 | S56: 0 | T56: 0 | U56: 0 | V56: =S56+T56 -> 0 | W56: 未分包 | X56: =G56+L56+Q56+V56 -> 2 | Y56: =X56+F56/10000+K56/10000+P56/10000+U56/10000 -> 6.2 | Z56: ='Sep2019'!AC35 -> 0.8 | AA56: =VLOOKUP(H56,$AF$3:$AG$9,2,FALSE)+VLOOKUP(M56,$AF$3:$AG$9,2,FALSE)+VLOOKUP(R56,$AF$3:$AG$9,2,FALSE)+VLOOKUP(W56,$AF$3:$AG$9,2,FALSE) -> 0 | AB56: =Y56+Z56-AA56 -> 7
A57: 70 | B57: Forever`耶耶 | D57: 0 | E57: 0 | F57: 0 | G57: 0 | H57: 未分包 | I57: 0 | J57: 0 | K57: 12000 | L57: =I57+J57 -> 0 | M57: 未分包 | N57: 0 | O57: 2 | P57: 12000 | Q57: =N57+O57 -> 2 | R57: 未分包 | S57: 0 | T57: 0 | U57: 12000 | V57: =S57+T57 -> 0 | W57: 未分包 | X57: =G57+L57+Q57+V57 -> 2 | Y57: =X57+F57/10000+K57/10000+P57/10000+U57/10000 -> 5.6 | Z57: 0.95428571 | AA57: =VLOOKUP(H57,$AF$3:$AG$9,2,FALSE)+VLOOKUP(M57,$AF$3:$AG$9,2,FALSE)+VLOOKUP(R57,$AF$3:$AG$9,2,FALSE)+VLOOKUP(W57,$AF$3:$AG$9,2,FALSE) -> 0 | AB57: =Y57+Z57-AA57 -> 6.5542857
A58: 82 | B58: Forever`纯 | D58: 0 | E58: 0 | F58: 0 | G58: 0 | H58: 未分包 | I58: 0 | J58: 0 | K58: 2000 | L58: =I58+J58 -> 0 | M58: 未分包 | N58: 0 | O58: 2 | P58: 6000 | Q58: =N58+O58 -> 2 | R58: 未分包 | S58: 0 | T58: 2 | U58: 7000 | V58: =S58+T58 -> 2 | W58: 未分包 | X58: =G58+L58+Q58+V58 -> 4 | Y58: =X58+F58/10000+K58/10000+P58/10000+U58/10000 -> 5.5 | Z58: 0.84285714 | AA58: =VLOOKUP(H58,$AF$3:$AG$9,2,FALSE)+VLOOKUP(M58,$AF$3:$AG$9,2,FALSE)+VLOOKUP(R58,$AF$3:$AG$9,2,FALSE)+VLOOKUP(W58,$AF$3:$AG$9,2,FALSE) -> 0 | AB58: =Y58+Z58-AA58 -> 6.3428571
A59: 66 | B59: Forever`爱神 | D59: 0 | E59: 0 | F59: 2000 | G59: 0 | H59: 未分包 | I59: 0 | J59: 3 | K59: 27600 | L59: =I59+J59 -> 3 | M59: 未分包 | N59: 0 | O59: 0 | P59: 0 | Q59: =N59+O59 -> 0 | R59: 未分包 | S59: 0 | T59: 0 | U59: 0 | V59: =S59+T59 -> 0 | W59: 未分包 | X59: =G59+L59+Q59+V59 -> 3 | Y59: =X59+F59/10000+K59/10000+P59/10000+U59/10000 -> 5.96 | Z59: 0.2 | AA59: =VLOOKUP(H59,$AF$3:$AG$9,2,FALSE)+VLOOKUP(M59,$AF$3:$AG$9,2,FALSE)+VLOOKUP(R59,$AF$3:$AG$9,2,FALSE)+VLOOKUP(W59,$AF$3:$AG$9,2,FALSE) -> 0 | AB59: =Y59+Z59-AA59 -> 6.16
A60: 92 | B60: 月城十忍 | D60: 0 | E60: 0 | F60: 0 | G60: 0 | H60: 未分包 | I60: 0 | J60: 0 | K60: 0 | L60: =I60+J60 -> 0 | M60: 未分包 | N60: 0 | O60: 0 | P60: 0 | Q60: =N60+O60 -> 0 | R60: 未分包 | S60: 0 | T60: 0 | U60: 0 | V60: =S60+T60 -> 0 | W60: 未分包 | X60: =G60+L60+Q60+V60 -> 0 | Y60: =X60+F60/10000+K60/10000+P60/10000+U60/10000 -> 0 | Z60: 4.1971429 | AA60: =VLOOKUP(H60,$AF$3:$AG$9,2,FALSE)+VLOOKUP(M60,$AF$3:$AG$9,2,FALSE)+VLOOKUP(R60,$AF$3:$AG$9,2,FALSE)+VLOOKUP(W60,$AF$3:$AG$9,2,FALSE) -> 0 | AB60: =Y60+Z60-AA60 -> 4.1971429 | AC60: 49 | AD60: 4.1971429
A61: 60 | B61: Forever`辣条 | D61: 0 | E61: 0 | F61: 6600 | G61: 1 | H61: 未分包 | I61: 0 | J61: 0 | K61: 5400 | L61: =I61+J61 -> 0 | M61: 未分包 | N61: 0 | O61: 1 | P61: 6400 | Q61: =N61+O61 -> 1 | R61: 未分包 | S61: 0 | T61: 0 | U61: 0 | V61: =S61+T61 -> 0 | W61: 未分包 | X61: =G61+L61+Q61+V61 -> 2 | Y61: =X61+F61/10000+K61/10000+P61/10000+U61/10000 -> 3.84 | Z61: 0.35714286 | AA61: =VLOOKUP(H61,$AF$3:$AG$9,2,FALSE)+VLOOKUP(M61,$AF$3:$AG$9,2,FALSE)+VLOOKUP(R61,$AF$3:$AG$9,2,FALSE)+VLOOKUP(W61,$AF$3:$AG$9,2,FALSE) -> 0 | AB61: =Y61+Z61-AA61 -> 4.1971429
A62: 66 | B62: Forever`明天 | C62: ..明天 | D62: 0 | E62: 0 | F62: 1000 | G62: 0 | H62: 未分包 | I62: 0 | J62: 1 | K62: 22000 | L62: =I62+J62 -> 1 | M62: 未分包 | N62: 0 | O62: 0 | P62: 5800 | Q62: =N62+O62 -> 0 | R62: 未分包 | S62: 0 | T62: 0 | U62: 0 | V62: =S62+T62 -> 0 | W62: 未分包 | X62: =G62+L62+Q62+V62 -> 1 | Y62: =X62+F62/10000+K62/10000+P62/10000+U62/10000 -> 3.88 | Z62: ='Sep2019'!AC71 -> 0 | AA62: =VLOOKUP(H62,$AF$3:$AG$9,2,FALSE)+VLOOKUP(M62,$AF$3:$AG$9,2,FALSE)+VLOOKUP(R62,$AF$3:$AG$9,2,FALSE)+VLOOKUP(W62,$AF$3:$AG$9,2,FALSE) -> 0 | AB62: =Y62+Z62-AA62 -> 3.88
A63: 64 | B63: Forever`iU | D63: 0 | E63: 0 | F63: 5200 | G63: 0 | H63: 未分包 | I63: 0 | J63: 0 | K63: 17400 | L63: =I63+J63 -> 0 | M63: 未分包 | N63: 0 | O63: 0 | P63: 11000 | Q63: =N63+O63 -> 0 | R63: 未分包 | S63: 0 | T63: 0 | U63: 0 | V63: =S63+T63 -> 0 | W63: 未分包 | X63: =G63+L63+Q63+V63 -> 0 | Y63: =X63+F63/10000+K63/10000+P63/10000+U63/10000 -> 3.36 | Z63: ='Sep2019'!AC68 -> 0 | AA63: =VLOOKUP(H63,$AF$3:$AG$9,2,FALSE)+VLOOKUP(M63,$AF$3:$AG$9,2,FALSE)+VLOOKUP(R63,$AF$3:$AG$9,2,FALSE)+VLOOKUP(W63,$AF$3:$AG$9,2,FALSE) -> 0 | AB63: =Y63+Z63-AA63 -> 3.36
A64: 90 | B64: 君上 | D64: 0 | E64: 0 | F64: 0 | G64: 0 | H64: 未分包 | I64: 0 | J64: 0 | K64: 0 | L64: =I64+J64 -> 0 | M64: 未分包 | N64: 0 | O64: 0 | P64: 0 | Q64: =N64+O64 -> 0 | R64: 未分包 | S64: 0 | T64: 0 | U64: 3000 | V64: =S64+T64 -> 0 | W64: 未分包 | X64: =G64+L64+Q64+V64 -> 0 | Y64: =X64+F64/10000+K64/10000+P64/10000+U64/10000 -> 0.3 | Z64: 2.1 | AA64: =VLOOKUP(H64,$AF$3:$AG$9,2,FALSE)+VLOOKUP(M64,$AF$3:$AG$9,2,FALSE)+VLOOKUP(R64,$AF$3:$AG$9,2,FALSE)+VLOOKUP(W64,$AF$3:$AG$9,2,FALSE) -> 0 | AB64: =Y64+Z64-AA64 -> 2.4 | AC64: 50 | AD64: 2.1
A65: 74 | B65: 维拉多 | D65: 0 | E65: 0 | F65: 0 | G65: 0 | H65: 未分包 | I65: 0 | J65: 0 | K65: 3000 | L65: =I65+J65 -> 0 | M65: 未分包 | N65: 0 | O65: 1 | P65: 6000 | Q65: =N65+O65 -> 1 | R65: 未分包 | S65: 0 | T65: 0 | U65: 0 | V65: =S65+T65 -> 0 | W65: 未分包 | X65: =G65+L65+Q65+V65 -> 1 | Y65: =X65+F65/10000+K65/10000+P65/10000+U65/10000 -> 1.9 | Z65: 0.2 | AA65: =VLOOKUP(H65,$AF$3:$AG$9,2,FALSE)+VLOOKUP(M65,$AF$3:$AG$9,2,FALSE)+VLOOKUP(R65,$AF$3:$AG$9,2,FALSE)+VLOOKUP(W65,$AF$3:$AG$9,2,FALSE) -> 0 | AB65: =Y65+Z65-AA65 -> 2.1
A66: 78 | B66: Forever`武陽 | D66: 0 | E66: 0 | F66: 0 | G66: 0 | H66: 未分包 | I66: 0 | J66: 0 | K66: 2000 | L66: =I66+J66 -> 0 | M66: 未分包 | N66: 0 | O66: 0 | P66: 6000 | Q66: =N66+O66 -> 0 | R66: 未分包 | S66: 0 | T66: 0 | U66: 5200 | V66: =S66+T66 -> 0 | W66: 未分包 | X66: =G66+L66+Q66+V66 -> 0 | Y66: =X66+F66/10000+K66/10000+P66/10000+U66/10000 -> 1.32 | Z66: 0.2 | AA66: =VLOOKUP(H66,$AF$3:$AG$9,2,FALSE)+VLOOKUP(M66,$AF$3:$AG$9,2,FALSE)+VLOOKUP(R66,$AF$3:$AG$9,2,FALSE)+VLOOKUP(W66,$AF$3:$AG$9,2,FALSE) -> 0 | AB66: =Y66+Z66-AA66 -> 1.52
A67: 75 | B67: 口哥泰国佛牌 | D67: 0 | E67: 0 | F67: 0 | G67: 0 | H67: 未分包 | I67: 0 | J67: 0 | K67: 3000 | L67: =I67+J67 -> 0 | M67: 未分包 | N67: 0 | O67: 0 | P67: 7000 | Q67: =N67+O67 -> 0 | R67: 未分包 | S67: 0 | T67: 0 | U67: 0 | V67: =S67+T67 -> 0 | W67: 未分包 | X67: =G67+L67+Q67+V67 -> 0 | Y67: =X67+F67/10000+K67/10000+P67/10000+U67/10000 -> 1 | Z67: ='Sep2019'!AC80 -> 0 | AA67: =VLOOKUP(H67,$AF$3:$AG$9,2,FALSE)+VLOOKUP(M67,$AF$3:$AG$9,2,FALSE)+VLOOKUP(R67,$AF$3:$AG$9,2,FALSE)+VLOOKUP(W67,$AF$3:$AG$9,2,FALSE) -> 0 | AB67: =Y67+Z67-AA67 -> 1
A68: 83 | B68: 我们还只是年轻 | D68: 0 | E68: 0 | F68: 0 | G68: 0 | H68: 未分包 | I68: 0 | J68: 0 | K68: 2000 | L68: =I68+J68 -> 0 | M68: 未分包 | N68: 0 | O68: 0 | P68: 2000 | Q68: =N68+O68 -> 0 | R68: 未分包 | S68: 0 | T68: 0 | U68: 0 | V68: =S68+T68 -> 0 | W68: 未分包 | X68: =G68+L68+Q68+V68 -> 0 | Y68: =X68+F68/10000+K68/10000+P68/10000+U68/10000 -> 0.4 | Z68: ='Sep2019'!AC88 -> 0 | AA68: =VLOOKUP(H68,$AF$3:$AG$9,2,FALSE)+VLOOKUP(M68,$AF$3:$AG$9,2,FALSE)+VLOOKUP(R68,$AF$3:$AG$9,2,FALSE)+VLOOKUP(W68,$AF$3:$AG$9,2,FALSE) -> 0 | AB68: =Y68+Z68-AA68 -> 0.4
A69: 91 | B69: Forever`天团 | D69: 0 | E69: 0 | F69: 0 | G69: 0 | H69: 未分包 | I69: 0 | J69: 0 | K69: 0 | L69: =I69+J69 -> 0 | M69: 未分包 | N69: 0 | O69: 0 | P69: 0 | Q69: =N69+O69 -> 0 | R69: 未分包 | S69: 0 | T69: 0 | U69: 1000 | V69: =S69+T69 -> 0 | W69: 未分包 | X69: =G69+L69+Q69+V69 -> 0 | Y69: =X69+F69/10000+K69/10000+P69/10000+U69/10000 -> 0.1 | Z69: 0.2 | AA69: =VLOOKUP(H69,$AF$3:$AG$9,2,FALSE)+VLOOKUP(M69,$AF$3:$AG$9,2,FALSE)+VLOOKUP(R69,$AF$3:$AG$9,2,FALSE)+VLOOKUP(W69,$AF$3:$AG$9,2,FALSE) -> 0 | AB69: =Y69+Z69-AA69 -> 0.3 | AC69: 52 | AD69: 0.2

Sheet Nov2 2019
A1: 157区 活动中心 分包贡献明细 By:Forever`二傻 | R1: 人数 | S1: 57
R2: 礼包类别 | S2: 消耗分数 | T2: 封印卷個數 | U2: 通靈卷個數 | V2: 價值（金幣）
A3: 人物信息 | E3: 参战与贡献 | H3: 积分统计 | Q3: 即时战力 | R3: a跨服传说礼包 | S3: =V3/200 -> 8.5 | T3: 5 | U3: 7 | V3: =T3*200+U3*100 -> 1700
A4: 编号 | B4: 人物账号 | C4: 昵称 | D4: 曾用名 | E4: 贡献 | F4: 参战 | G4: 分包 | H4: 参战得分 | I4: 贡献得分 | J4: 本周得分 | K4: 上周得分 | L4: 分包总分 | M4: 礼包耗费 | N4: 结余分数 | O4: 新人战力排名 | P4: 新人初始分 | R4: b跨服英雄礼包 | S4: =V4/200 -> 7 | T4: 4 | U4: 6 | V4: =T4*200+U4*100 -> 1400
A5: 73 | B5: 1326195449 | C5: Forever`靓仔 | E5: 13200 | F5: 4 | G5: d传说功勋礼包 | H5: =F5 -> 4 | I5: =E5/10000 -> 1.32 | J5: =H5+I5 -> 5.32 | K5: 10.257857 | L5: =J5+K5 -> 15.577857 | M5: =VLOOKUP(G5,$R$3:$S$9,2,FALSE) -> 6.5 | N5: =J5+K5-M5 -> 9.0778571 | Q5: 128735 | R5: c跨服精英礼包 | S5: =V5/200 -> 5.5 | T5: 3 | U5: 5 | V5: =T5*200+U5*100 -> 1100
A6: 5 | B6: 1044399218 | C6: Forever`輪回 | E6: 12000 | F6: 4 | G6: d传说功勋礼包 | H6: =F6 -> 4 | I6: =E6/10000 -> 1.2 | J6: =H6+I6 -> 5.2 | K6: 9.6 | L6: =J6+K6 -> 14.8 | M6: =VLOOKUP(G6,$R$3:$S$9,2,FALSE) -> 6.5 | N6: =J6+K6-M6 -> 8.3 | Q6: 115865 | R6: d传说功勋礼包 | S6: =V6/200 -> 6.5 | T6: 4 | U6: 5 | V6: =T6*200+U6*100 -> 1300
A7: 10 | B7: 2108977014 | C7: Forever`随风 | E7: 12000 | F7: 4 | G7: d传说功勋礼包 | H7: =F7 -> 4 | I7: =E7/10000 -> 1.2 | J7: =H7+I7 -> 5.2 | K7: 9.58 | L7: =J7+K7 -> 14.78 | M7: =VLOOKUP(G7,$R$3:$S$9,2,FALSE) -> 6.5 | N7: =J7+K7-M7 -> 8.28 | Q7: 118763 | R7: e英雄功勋礼包 | S7: =V7/200 -> 5 | T7: 3 | U7: 4 | V7: =T7*200+U7*100 -> 1000
A8: 12 | B8: 1137897317 | C8: Forever`仙尊 | E8: 12000 | F8: 4 | G8: d传说功勋礼包 | H8: =F8 -> 4 | I8: =E8/10000 -> 1.2 | J8: =H8+I8 -> 5.2 | K8: 9.22 | L8: =J8+K8 -> 14.42 | M8: =VLOOKUP(G8,$R$3:$S$9,2,FALSE) -> 6.5 | N8: =J8+K8-M8 -> 7.92 | Q8: 110730 | R8: f精英功勋礼包 | S8: =V8/200 -> 3.5 | T8: 2 | U8: 3 | V8: =T8*200+U8*100 -> 700
A9: 53 | B9: 500959924 | C9: Forever`清风 | E9: 12000 | F9: 4 | G9: d传说功勋礼包 | H9: =F9 -> 4 | I9: =E9/10000 -> 1.2 | J9: =H9+I9 -> 5.2 | K9: 9.84 | L9: =J9+K9 -> 15.04 | M9: =VLOOKUP(G9,$R$3:$S$9,2,FALSE) -> 6.5 | N9: =J9+K9-M9 -> 8.54 | Q9: 110240 | R9: 未分包 | S9: 0
A10: 36 | B10: 1392321855 | C10: 卟离卟弃 | E10: 12000 | F10: 4 | G10: e英雄功勋礼包 | H10: =F10 -> 4 | I10: =E10/10000 -> 1.2 | J10: =H10+I10 -> 5.2 | K10: 12 | L10: =J10+K10 -> 17.2 | M10: =VLOOKUP(G10,$R$3:$S$9,2,FALSE) -> 5 | N10: =J10+K10-M10 -> 12.2 | Q10: 106609
A11: 27 | B11: 2114875544 | C11: Forever`為你 | E11: 11800 | F11: 4 | G11: e英雄功勋礼包 | H11: =F11 -> 4 | I11: =E11/10000 -> 1.18 | J11: =H11+I11 -> 5.18 | K11: 11.1 | L11: =J11+K11 -> 16.28 | M11: =VLOOKUP(G11,$R$3:$S$9,2,FALSE) -> 5 | N11: =J11+K11-M11 -> 11.28 | Q11: 107270
A12: 72 | B12: 1555569254 | C12: Forever`火年 | E12: 11600 | F12: 4 | G12: e英雄功勋礼包 | H12: =F12 -> 4 | I12: =E12/10000 -> 1.16 | J12: =H12+I12 -> 5.16 | K12: 11.114286 | L12: =J12+K12 -> 16.274286 | M12: =VLOOKUP(G12,$R$3:$S$9,2,FALSE) -> 5 | N12: =J12+K12-M12 -> 11.274286 | Q12: 106134
A13: 58 | B13: 1875367946 | C13: Forever`大欢 | E13: 11400 | F13: 4 | G13: e英雄功勋礼包 | H13: =F13 -> 4 | I13: =E13/10000 -> 1.14 | J13: =H13+I13 -> 5.14 | K13: 11.062857 | L13: =J13+K13 -> 16.202857 | M13: =VLOOKUP(G13,$R$3:$S$9,2,FALSE) -> 5 | N13: =J13+K13-M13 -> 11.202857 | Q13: 96067
A14: 13 | B14: 1586734488 | C14: Forever`雷柱 | E14: 9000 | F14: 4 | G14: e英雄功勋礼包 | H14: =F14 -> 4 | I14: =E14/10000 -> 0.9 | J14: =H14+I14 -> 4.9 | K14: 12.4 | L14: =J14+K14 -> 17.3 | M14: =VLOOKUP(G14,$R$3:$S$9,2,FALSE) -> 5 | N14: =J14+K14-M14 -> 12.3 | Q14: 98240
A15: 1 | B15: 1782151946 | C15: Forever`欢喜 | E15: 12000 | F15: 4 | G15: f精英功勋礼包 | H15: =F15 -> 4 | I15: =E15/10000 -> 1.2 | J15: =H15+I15 -> 5.2 | K15: 14.68 | L15: =J15+K15 -> 19.88 | M15: =VLOOKUP(G15,$R$3:$S$9,2,FALSE) -> 3.5 | N15: =J15+K15-M15 -> 16.38 | Q15: 77112
A16: 52 | B16: 242123495 | C16: Forever`七夜 | E16: 12000 | F16: 4 | G16: f精英功勋礼包 | H16: =F16 -> 4 | I16: =E16/10000 -> 1.2 | J16: =H16+I16 -> 5.2 | K16: 14.2 | L16: =J16+K16 -> 19.4 | M16: =VLOOKUP(G16,$R$3:$S$9,2,FALSE) -> 3.5 | N16: =J16+K16-M16 -> 15.9 | Q16: 87534
A17: 86 | B17: 668436981 | C17: Forever`一笑 | E17: 12000 | F17: 4 | G17: f精英功勋礼包 | H17: =F17 -> 4 | I17: =E17/10000 -> 1.2 | J17: =H17+I17 -> 5.2 | K17: 12.6 | L17: =J17+K17 -> 17.8 | M17: =VLOOKUP(G17,$R$3:$S$9,2,FALSE) -> 3.5 | N17: =J17+K17-M17 -> 14.3 | Q17: 156451
A18: 87 | B18: 1126397085 | C18: 【镜像】夜幕 | E18: 12000 | F18: 4 | G18: f精英功勋礼包 | H18: =F18 -> 4 | I18: =E18/10000 -> 1.2 | J18: =H18+I18 -> 5.2 | K18: 12.56 | L18: =J18+K18 -> 17.76 | M18: =VLOOKUP(G18,$R$3:$S$9,2,FALSE) -> 3.5 | N18: =J18+K18-M18 -> 14.26 | Q18: 137421
A19: 51 | B19: 224931272 | C19: Forever`sky | E19: 9000 | F19: 4 | G19: f精英功勋礼包 | H19: =F19 -> 4 | I19: =E19/10000 -> 0.9 | J19: =H19+I19 -> 4.9 | K19: 14.4 | L19: =J19+K19 -> 19.3 | M19: =VLOOKUP(G19,$R$3:$S$9,2,FALSE) -> 3.5 | N19: =J19+K19-M19 -> 15.8 | Q19: 121864
A20: 93 | B20: 1458346420 | C20: Forever`邓sir | E20: 12600 | F20: 4 | G20: 未分包 | H20: =F20 -> 4 | I20: =E20/10000 -> 1.26 | J20: =H20+I20 -> 5.26 | K20: 10.738947 | L20: =J20+K20 -> 15.998947 | M20: =VLOOKUP(G20,$R$3:$S$9,2,FALSE) -> 0 | N20: =J20+K20-M20 -> 15.998947 | O20: 48 | Q20: 123095
A21: 2 | B21: 13685366739 | C21: Forever`弟弟 | E21: 12000 | F21: 4 | G21: 未分包 | H21: =F21 -> 4 | I21: =E21/10000 -> 1.2 | J21: =H21+I21 -> 5.2 | K21: 8.74 | L21: =J21+K21 -> 13.94 | M21: =VLOOKUP(G21,$R$3:$S$9,2,FALSE) -> 0 | N21: =J21+K21-M21 -> 13.94 | Q21: 125411
A22: 4 | B22: 1491983585 | C22: Forever`利 | E22: 12000 | F22: 3 | G22: 未分包 | H22: =F22 -> 3 | I22: =E22/10000 -> 1.2 | J22: =H22+I22 -> 4.2 | K22: 8.5 | L22: =J22+K22 -> 12.7 | M22: =VLOOKUP(G22,$R$3:$S$9,2,FALSE) -> 0 | N22: =J22+K22-M22 -> 12.7 | Q22: 141958
A23: 11 | B23: 1993992523 | C23: Forever`白泽 | E23: 12000 | F23: 4 | G23: 未分包 | H23: =F23 -> 4 | I23: =E23/10000 -> 1.2 | J23: =H23+I23 -> 5.2 | K23: 8.2 | L23: =J23+K23 -> 13.4 | M23: =VLOOKUP(G23,$R$3:$S$9,2,FALSE) -> 0 | N23: =J23+K23-M23 -> 13.4 | Q23: 125039
A24: 15 | B24: 388960345 | C24: Forever`Gai | E24: 12000 | F24: 4 | G24: 未分包 | H24: =F24 -> 4 | I24: =E24/10000 -> 1.2 | J24: =H24+I24 -> 5.2 | K24: 8.76 | L24: =J24+K24 -> 13.96 | M24: =VLOOKUP(G24,$R$3:$S$9,2,FALSE) -> 0 | N24: =J24+K24-M24 -> 13.96 | Q24: 135879
A25: 16 | B25: 438498603 | C25: Forever`啾啾 | E25: 12000 | F25: 4 | G25: 未分包 | H25: =F25 -> 4 | I25: =E25/10000 -> 1.2 | J25: =H25+I25 -> 5.2 | K25: 9.12 | L25: =J25+K25 -> 14.32 | M25: =VLOOKUP(G25,$R$3:$S$9,2,FALSE) -> 0 | N25: =J25+K25-M25 -> 14.32 | Q25: 125018
A26: 17 | B26: 1111683644 | C26: Forever`珞珞 | E26: 12000 | F26: 4 | G26: 未分包 | H26: =F26 -> 4 | I26: =E26/10000 -> 1.2 | J26: =H26+I26 -> 5.2 | K26: 9 | L26: =J26+K26 -> 14.2 | M26: =VLOOKUP(G26,$R$3:$S$9,2,FALSE) -> 0 | N26: =J26+K26-M26 -> 14.2 | Q26: 132176
A27: 33 | B27: 1006436515 | C27: Forever`大傻 | E27: 12000 | F27: 4 | G27: 未分包 | H27: =F27 -> 4 | I27: =E27/10000 -> 1.2 | J27: =H27+I27 -> 5.2 | K27: 7.6 | L27: =J27+K27 -> 12.8 | M27: =VLOOKUP(G27,$R$3:$S$9,2,FALSE) -> 0 | N27: =J27+K27-M27 -> 12.8 | Q27: 112892
A28: 34 | B28: 2021794494 | C28: Forever`劳模 | E28: 12000 | F28: 3 | G28: 未分包 | H28: =F28 -> 3 | I28: =E28/10000 -> 1.2 | J28: =H28+I28 -> 4.2 | K28: 9.7 | L28: =J28+K28 -> 13.9 | M28: =VLOOKUP(G28,$R$3:$S$9,2,FALSE) -> 0 | N28: =J28+K28-M28 -> 13.9 | Q28: 154800
A29: 35 | C29: 神罗天征 | E29: 0 | F29: 0 | G29: 未分包 | H29: =F29 -> 0 | I29: =E29/10000 -> 0 | J29: =H29+I29 -> 0 | K29: 0.2 | L29: =J29+K29 -> 0.2 | M29: =VLOOKUP(G29,$R$3:$S$9,2,FALSE) -> 0 | N29: =J29+K29-M29 -> 0.2
A30: 43 | B30: 1853818182 | C30: Forever`阿良 | E30: 12000 | F30: 1 | G30: 未分包 | H30: =F30 -> 1 | I30: =E30/10000 -> 1.2 | J30: =H30+I30 -> 2.2 | K30: 9.5 | L30: =J30+K30 -> 11.7 | M30: =VLOOKUP(G30,$R$3:$S$9,2,FALSE) -> 0 | N30: =J30+K30-M30 -> 11.7 | Q30: 135486
A31: 45 | B31: 856609279 | C31: Forever`杜莎 | E31: 12000 | F31: 4 | G31: 未分包 | H31: =F31 -> 4 | I31: =E31/10000 -> 1.2 | J31: =H31+I31 -> 5.2 | K31: 8.96 | L31: =J31+K31 -> 14.16 | M31: =VLOOKUP(G31,$R$3:$S$9,2,FALSE) -> 0 | N31: =J31+K31-M31 -> 14.16 | Q31: 144627
A32: 46 | B32: 2109182835 | C32: Forever`帆锅 | E32: 12000 | F32: 4 | G32: 未分包 | H32: =F32 -> 4 | I32: =E32/10000 -> 1.2 | J32: =H32+I32 -> 5.2 | K32: 9.3 | L32: =J32+K32 -> 14.5 | M32: =VLOOKUP(G32,$R$3:$S$9,2,FALSE) -> 0 | N32: =J32+K32-M32 -> 14.5 | Q32: 148416
A33: 49 | B33: 311361673 | C33: Forever`小傻 | E33: 12000 | F33: 3 | G33: 未分包 | H33: =F33 -> 3 | I33: =E33/10000 -> 1.2 | J33: =H33+I33 -> 4.2 | K33: 8.72 | L33: =J33+K33 -> 12.92 | M33: =VLOOKUP(G33,$R$3:$S$9,2,FALSE) -> 0 | N33: =J33+K33-M33 -> 12.92 | Q33: 135564
A34: 54 | B34: 765028471 | C34: Forever`XXX | E34: 12000 | F34: 2 | G34: 未分包 | H34: =F34 -> 2 | I34: =E34/10000 -> 1.2 | J34: =H34+I34 -> 3.2 | K34: 8.2 | L34: =J34+K34 -> 11.4 | M34: =VLOOKUP(G34,$R$3:$S$9,2,FALSE) -> 0 | N34: =J34+K34-M34 -> 11.4 | Q34: 124893
A35: 56 | B35: 10692887209 | C35: Forever`真吾 | E35: 12000 | F35: 3 | G35: 未分包 | H35: =F35 -> 3 | I35: =E35/10000 -> 1.2 | J35: =H35+I35 -> 4.2 | K35: 8.78 | L35: =J35+K35 -> 12.98 | M35: =VLOOKUP(G35,$R$3:$S$9,2,FALSE) -> 0 | N35: =J35+K35-M35 -> 12.98 | Q35: 115772
A36: 57 | B36: 446583427 | C36: Forever`习惯 | D36: 习惯 | E36: 12000 | F36: 4 | G36: 未分包 | H36: =F36 -> 4 | I36: =E36/10000 -> 1.2 | J36: =H36+I36 -> 5.2 | K36: 10.25 | L36: =J36+K36 -> 15.45 | M36: =VLOOKUP(G36,$R$3:$S$9,2,FALSE) -> 0 | N36: =J36+K36-M36 -> 15.45 | Q36: 128052
A37: 62 | B37: 643913124 | C37: Forever`Thoma | E37: 12000 | F37: 2 | G37: 未分包 | H37: =F37 -> 2 | I37: =E37/10000 -> 1.2 | J37: =H37+I37 -> 3.2 | K37: 9.0857143 | L37: =J37+K37 -> 12.285714 | M37: =VLOOKUP(G37,$R$3:$S$9,2,FALSE) -> 0 | N37: =J37+K37-M37 -> 12.285714 | Q37: 132576
A38: 69 | B38: 1588894627 | C38: Forever`时光 | E38: 12000 | F38: 4 | G38: 未分包 | H38: =F38 -> 4 | I38: =E38/10000 -> 1.2 | J38: =H38+I38 -> 5.2 | K38: 9.3725 | L38: =J38+K38 -> 14.5725 | M38: =VLOOKUP(G38,$R$3:$S$9,2,FALSE) -> 0 | N38: =J38+K38-M38 -> 14.5725 | Q38: 125718
A39: 70 | B39: 519850810 | C39: Forever`耶耶 | E39: 12000 | F39: 4 | G39: 未分包 | H39: =F39 -> 4 | I39: =E39/10000 -> 1.2 | J39: =H39+I39 -> 5.2 | K39: 6.5542857 | L39: =J39+K39 -> 11.754286 | M39: =VLOOKUP(G39,$R$3:$S$9,2,FALSE) -> 0 | N39: =J39+K39-M39 -> 11.754286 | Q39: 146576
A40: 76 | B40: 1933336110 | C40: Forever`无聊 | D40: 宇智波四 | E40: 12000 | F40: 2 | G40: 未分包 | H40: =F40 -> 2 | I40: =E40/10000 -> 1.2 | J40: =H40+I40 -> 3.2 | K40: 9.0107143 | L40: =J40+K40 -> 12.210714 | M40: =VLOOKUP(G40,$R$3:$S$9,2,FALSE) -> 0 | N40: =J40+K40-M40 -> 12.210714 | Q40: 147172
A41: 77 | B41: 904395212 | C41: Forever`飞鸟 | D41: 飞鸟九 | E41: 12000 | F41: 1 | G41: 未分包 | H41: =F41 -> 1 | I41: =E41/10000 -> 1.2 | J41: =H41+I41 -> 2.2 | K41: 8.0971429 | L41: =J41+K41 -> 10.297143 | M41: =VLOOKUP(G41,$R$3:$S$9,2,FALSE) -> 0 | N41: =J41+K41-M41 -> 10.297143 | Q41: 135421
A42: 81 | B42: 1812015327 | C42: Forever`迷弟 | E42: 12000 | F42: 3 | G42: 未分包 | H42: =F42 -> 3 | I42: =E42/10000 -> 1.2 | J42: =H42+I42 -> 4.2 | K42: 8.76 | L42: =J42+K42 -> 12.96 | M42: =VLOOKUP(G42,$R$3:$S$9,2,FALSE) -> 0 | N42: =J42+K42-M42 -> 12.96 | Q42: 119814
A43: 82 | B43: 982362214 | C43: Forever`纯 | E43: 12000 | F43: 4 | G43: 未分包 | H43: =F43 -> 4 | I43: =E43/10000 -> 1.2 | J43: =H43+I43 -> 5.2 | K43: 6.3428571 | L43: =J43+K43 -> 11.542857 | M43: =VLOOKUP(G43,$R$3:$S$9,2,FALSE) -> 0 | N43: =J43+K43-M43 -> 11.542857 | Q43: 140747
A44: 89 | B44: 1582701118 | C44: Forever`阿呆 | E44: 12000 | F44: 3 | G44: 未分包 | H44: =F44 -> 3 | I44: =E44/10000 -> 1.2 | J44: =H44+I44 -> 4.2 | K44: 9.6 | L44: =J44+K44 -> 13.8 | M44: =VLOOKUP(G44,$R$3:$S$9,2,FALSE) -> 0 | N44: =J44+K44-M44 -> 13.8 | Q44: 152079
A45: 92 | B45: 1367873925 | C45: 月城十忍 | E45: 12000 | F45: 0 | G45: 未分包 | H45: =F45 -> 0 | I45: =E45/10000 -> 1.2 | J45: =H45+I45 -> 1.2 | K45: 4.1971429 | L45: =J45+K45 -> 5.3971429 | M45: =VLOOKUP(G45,$R$3:$S$9,2,FALSE) -> 0 | N45: =J45+K45-M45 -> 5.3971429 | Q45: 119228
A46: 96 | B46: 1673678774 | C46: Forever`四傻 | E46: 12000 | F46: 2 | G46: 未分包 | H46: =F46 -> 2 | I46: =E46/10000 -> 1.2 | J46: =H46+I46 -> 3.2 | K46: 7.3578947 | L46: =J46+K46 -> 10.557895 | M46: =VLOOKUP(G46,$R$3:$S$9,2,FALSE) -> 0 | N46: =J46+K46-M46 -> 10.557895 | O46: 56 | Q46: 148110
A47: 94 | B47: 1885772704 | C47: Forever`爱 | E47: 11400 | F47: 0 | G47: 未分包 | H47: =F47 -> 0 | I47: =E47/10000 -> 1.14 | J47: =H47+I47 -> 1.14 | K47: 10.172632 | L47: =J47+K47 -> 11.312632 | M47: =VLOOKUP(G47,$R$3:$S$9,2,FALSE) -> 0 | N47: =J47+K47-M47 -> 11.312632 | O47: 53 | Q47: 107550
A48: 99 | B48: 1797454822 | C48: Forever`誓言 | E48: 11000 | F48: 2 | G48: 未分包 | H48: =F48 -> 2 | I48: =E48/10000 -> 1.1 | J48: =H48+I48 -> 3.1 | K48: 7 | L48: =J48+K48 -> 10.1 | M48: =VLOOKUP(G48,$R$3:$S$9,2,FALSE) -> 0 | N48: =J48+K48-M48 -> 10.1 | O48: 57 | Q48: 112635
A49: 23 | B49: 340156892 | C49: Forever`三傻 | E49: 10000 | F49: 4 | G49: 未分包 | H49: =F49 -> 4 | I49: =E49/10000 -> 1 | J49: =H49+I49 -> 5 | K49: 9.18 | L49: =J49+K49 -> 14.18 | M49: =VLOOKUP(G49,$R$3:$S$9,2,FALSE) -> 0 | N49: =J49+K49-M49 -> 14.18 | Q49: 122648
A50: 78 | B50: 783202763 | C50: Forever`武陽 | E50: 10000 | F50: 0 | G50: 未分包 | H50: =F50 -> 0 | I50: =E50/10000 -> 1 | J50: =H50+I50 -> 1 | K50: 1.52 | L50: =J50+K50 -> 2.52 | M50: =VLOOKUP(G50,$R$3:$S$9,2,FALSE) -> 0 | N50: =J50+K50-M50 -> 2.52 | Q50: 136334
A51: 80 | B51: 127546455 | C51: Forever`丝控 | E51: 10000 | F51: 2 | G51: 未分包 | H51: =F51 -> 2 | I51: =E51/10000 -> 1 | J51: =H51+I51 -> 3 | K51: 9.8446429 | L51: =J51+K51 -> 12.844643 | M51: =VLOOKUP(G51,$R$3:$S$9,2,FALSE) -> 0 | N51: =J51+K51-M51 -> 12.844643 | Q51: 132417
A52: 102 | B52: 699640991 | C52: Forever`收皮 | E52: 10000 | F52: 1 | G52: 未分包 | H52: =F52 -> 1 | I52: =E52/10000 -> 1 | J52: =H52+I52 -> 2 | K52: 11.271278 | L52: =J52+K52 -> 13.271278 | M52: =VLOOKUP(G52,$R$3:$S$9,2,FALSE) -> 0 | N52: =J52+K52-M52 -> 13.271278 | O52: 43 | Q52: 133425
A53: 28 | B53: 1824296264 | C53: Forever`鹿丸 | E53: 9800 | F53: 2 | G53: 未分包 | H53: =F53 -> 2 | I53: =E53/10000 -> 0.98 | J53: =H53+I53 -> 2.98 | K53: 11.34 | L53: =J53+K53 -> 14.32 | M53: =VLOOKUP(G53,$R$3:$S$9,2,FALSE) -> 0 | N53: =J53+K53-M53 -> 14.32 | Q53: 115151
A54: 98 | B54: 1592595701 | C54: Forever`噢耶 | E54: 9600 | F54: 3 | G54: 未分包 | H54: =F54 -> 3 | I54: =E54/10000 -> 0.96 | J54: =H54+I54 -> 3.96 | K54: 11.286316 | L54: =J54+K54 -> 15.246316 | M54: =VLOOKUP(G54,$R$3:$S$9,2,FALSE) -> 0 | N54: =J54+K54-M54 -> 15.246316 | O54: 40
A55: 26 | B55: 1754932067 | C55: Forever`二傻 | E55: 6600 | F55: 0 | G55: 未分包 | H55: =F55 -> 0 | I55: =E55/10000 -> 0.66 | J55: =H55+I55 -> 0.66 | K55: 8.04 | L55: =J55+K55 -> 8.7 | M55: =VLOOKUP(G55,$R$3:$S$9,2,FALSE) -> 0 | N55: =J55+K55-M55 -> 8.7 | Q55: 166717
A56: 8 | B56: 988820081 | C56: Forever`法师 | D56: Forever`了佳 | E56: 6400 | F56: 4 | G56: 未分包 | H56: =F56 -> 4 | I56: =E56/10000 -> 0.64 | J56: =H56+I56 -> 4.64 | K56: 9.56 | L56: =J56+K56 -> 14.2 | M56: =VLOOKUP(G56,$R$3:$S$9,2,FALSE) -> 0 | N56: =J56+K56-M56 -> 14.2 | Q56: 125029
A57: 14 | B57: 1573083338 | C57: Forever`初见 | E57: 6000 | F57: 0 | G57: 未分包 | H57: =F57 -> 0 | I57: =E57/10000 -> 0.6 | J57: =H57+I57 -> 0.6 | K57: 12.32 | L57: =J57+K57 -> 12.92 | M57: =VLOOKUP(G57,$R$3:$S$9,2,FALSE) -> 0 | N57: =J57+K57-M57 -> 12.92 | Q57: 130079
A58: 84 | B58: 1115930957 | C58: Forever`手鞠 | E58: 6000 | F58: 4 | G58: 未分包 | H58: =F58 -> 4 | I58: =E58/10000 -> 0.6 | J58: =H58+I58 -> 4.6 | K58: 7.92 | L58: =J58+K58 -> 12.52 | M58: =VLOOKUP(G58,$R$3:$S$9,2,FALSE) -> 0 | N58: =J58+K58-M58 -> 12.52 | Q58: 138654
A59: 91 | B59: 1346358482 | C59: Forever`天团 | E59: 6000 | F59: 0 | G59: 未分包 | H59: =F59 -> 0 | I59: =E59/10000 -> 0.6 | J59: =H59+I59 -> 0.6 | K59: 0.3 | L59: =J59+K59 -> 0.9 | M59: =VLOOKUP(G59,$R$3:$S$9,2,FALSE) -> 0 | N59: =J59+K59-M59 -> 0.9
A60: 95 | B60: 1450640640 | C60: Forever`Lera | E60: 6000 | F60: 4 | G60: 未分包 | H60: =F60 -> 4 | I60: =E60/10000 -> 0.6 | J60: =H60+I60 -> 4.6 | K60: 10.33985 | L60: =J60+K60 -> 14.93985 | M60: =VLOOKUP(G60,$R$3:$S$9,2,FALSE) -> 0 | N60: =J60+K60-M60 -> 14.93985 | O60: 52 | Q60: 112117
A61: 100 | B61: 1516934519 | C61: Forever`烟灰 | E61: 6000 | F61: 0 | G61: 未分包 | H61: =F61 -> 0 | I61: =E61/10000 -> 0.6 | J61: =H61+I61 -> 0.6 | K61: 10.501053 | L61: =J61+K61 -> 11.101053 | M61: =VLOOKUP(G61,$R$3:$S$9,2,FALSE) -> 0 | N61: =J61+K61-M61 -> 11.101053 | O61: 51
A62: 101 | B62: 550293186 | C62: Forever`释空 | E62: 4000 | F62: 0 | G62: 未分包 | H62: =F62 -> 0 | I62: =E62/10000 -> 0.4 | J62: =H62+I62 -> 0.4 | K62: 12.508421 | L62: =J62+K62 -> 12.908421 | M62: =VLOOKUP(G62,$R$3:$S$9,2,FALSE) -> 0 | N62: =J62+K62-M62 -> 12.908421 | O62: 25 | Q62: 132580
A63: 3 | C63: Forever`暴风 | E63: 0 | F63: 0 | G63: 未分包 | H63: =F63 -> 0 | I63: =E63/10000 -> 0 | J63: =H63+I63 -> 0 | K63: 9 | L63: =J63+K63 -> 9 | M63: =VLOOKUP(G63,$R$3:$S$9,2,FALSE) -> 0 | N63: =J63+K63-M63 -> 9 | Q63: 121957
A64: 20 | C64: Forever`孤王 | E64: 0 | F64: 0 | G64: 未分包 | H64: =F64 -> 0 | I64: =E64/10000 -> 0 | J64: =H64+I64 -> 0 | K64: 10.86 | L64: =J64+K64 -> 10.86 | M64: =VLOOKUP(G64,$R$3:$S$9,2,FALSE) -> 0 | N64: =J64+K64-M64 -> 10.86
A65: 29 | C65: Forever`别吵 | E65: 0 | F65: 0 | G65: 未分包 | H65: =F65 -> 0 | I65: =E65/10000 -> 0 | J65: =H65+I65 -> 0 | K65: 10.52 | L65: =J65+K65 -> 10.52 | M65: =VLOOKUP(G65,$R$3:$S$9,2,FALSE) -> 0 | N65: =J65+K65-M65 -> 10.52
A66: 31 | C66: Nobita | E66: 0 | F66: 0 | G66: 未分包 | H66: =F66 -> 0 | I66: =E66/10000 -> 0 | J66: =H66+I66 -> 0 | K66: 7 | L66: =J66+K66 -> 7 | M66: =VLOOKUP(G66,$R$3:$S$9,2,FALSE) -> 0 | N66: =J66+K66-M66 -> 7 | Q66: 119837
A67: 48 | C67: Forever`胖子 | E67: 0 | F67: 0 | G67: 未分包 | H67: =F67 -> 0 | I67: =E67/10000 -> 0 | J67: =H67+I67 -> 0 | K67: 12.1 | L67: =J67+K67 -> 12.1 | M67: =VLOOKUP(G67,$R$3:$S$9,2,FALSE) -> 0 | N67: =J67+K67-M67 -> 12.1
A68: 60 | C68: Forever`辣条 | E68: 0 | F68: 0 | G68: 未分包 | H68: =F68 -> 0 | I68: =E68/10000 -> 0 | J68: =H68+I68 -> 0 | K68: 4.1971429 | L68: =J68+K68 -> 4.1971429 | M68: =VLOOKUP(G68,$R$3:$S$9,2,FALSE) -> 0 | N68: =J68+K68-M68 -> 4.1971429
A69: 64 | C69: Forever`iU | E69: 0 | F69: 0 | G69: 未分包 | H69: =F69 -> 0 | I69: =E69/10000 -> 0 | J69: =H69+I69 -> 0 | K69: 3.36 | L69: =J69+K69 -> 3.36 | M69: =VLOOKUP(G69,$R$3:$S$9,2,FALSE) -> 0 | N69: =J69+K69-M69 -> 3.36 | Q69: 116534
A70: 65 | C70: 休闲酷哥 | E70: 0 | F70: 0 | G70: 未分包 | H70: =F70 -> 0 | I70: =E70/10000 -> 0 | J70: =H70+I70 -> 0 | K70: 7.06 | L70: =J70+K70 -> 7.06 | M70: =VLOOKUP(G70,$R$3:$S$9,2,FALSE) -> 0 | N70: =J70+K70-M70 -> 7.06
A71: 66 | C71: Forever`明天 | D71: ..明天 | E71: 0 | F71: 0 | G71: 未分包 | H71: =F71 -> 0 | I71: =E71/10000 -> 0 | J71: =H71+I71 -> 0 | K71: 3.88 | L71: =J71+K71 -> 3.88 | M71: =VLOOKUP(G71,$R$3:$S$9,2,FALSE) -> 0 | N71: =J71+K71-M71 -> 3.88
A72: 74 | C72: 维拉多 | E72: 0 | F72: 0 | G72: 未分包 | H72: =F72 -> 0 | I72: =E72/10000 -> 0 | J72: =H72+I72 -> 0 | K72: 2.1 | L72: =J72+K72 -> 2.1 | M72: =VLOOKUP(G72,$R$3:$S$9,2,FALSE) -> 0 | N72: =J72+K72-M72 -> 2.1
A73: 75 | C73: 口哥泰国佛牌 | E73: 0 | F73: 0 | G73: 未分包 | H73: =F73 -> 0 | I73: =E73/10000 -> 0 | J73: =H73+I73 -> 0 | K73: 1 | L73: =J73+K73 -> 1 | M73: =VLOOKUP(G73,$R$3:$S$9,2,FALSE) -> 0 | N73: =J73+K73-M73 -> 1 | Q73: 101224
A74: 83 | C74: 我们还只是年轻 | E74: 0 | F74: 0 | G74: 未分包 | H74: =F74 -> 0 | I74: =E74/10000 -> 0 | J74: =H74+I74 -> 0 | K74: 0.4 | L74: =J74+K74 -> 0.4 | M74: =VLOOKUP(G74,$R$3:$S$9,2,FALSE) -> 0 | N74: =J74+K74-M74 -> 0.4
A75: 88 | C75: 钊_ | E75: 0 | F75: 0 | G75: 未分包 | H75: =F75 -> 0 | I75: =E75/10000 -> 0 | J75: =H75+I75 -> 0 | K75: 10.1 | L75: =J75+K75 -> 10.1 | M75: =VLOOKUP(G75,$R$3:$S$9,2,FALSE) -> 0 | N75: =J75+K75-M75 -> 10.1
A76: 90 | C76: 君上 | E76: 0 | F76: 0 | G76: 未分包 | H76: =F76 -> 0 | I76: =E76/10000 -> 0 | J76: =H76+I76 -> 0 | K76: 2.4 | L76: =J76+K76 -> 2.4 | M76: =VLOOKUP(G76,$R$3:$S$9,2,FALSE) -> 0 | N76: =J76+K76-M76 -> 2.4
A77: 97 | B77: 716335177 | C77: 周炎炎 | E77: 0 | F77: 0 | G77: 未分包 | H77: =F77 -> 0 | I77: =E77/10000 -> 0 | J77: =H77+I77 -> 0 | K77: 0 | L77: =J77+K77 -> 0 | M77: =VLOOKUP(G77,$R$3:$S$9,2,FALSE) -> 0 | N77: =J77+K77-M77 -> 0

Sheet Nov9 2019
A1: 157区 活动中心 分包贡献明细 By:Forever`二傻 | Q1: 人数 | R1: 57
Q2: 礼包类别 | R2: 消耗分数 | S2: 封印卷個數 | T2: 通靈卷個數 | U2: 價值（金幣）
A3: 人物信息 | E3: 参战与贡献 | H3: 积分统计 | Q3: 跨服传说礼包 | R3: =U3/200 -> 8.5 | S3: 5 | T3: 7 | U3: =S3*200+T3*100 -> 1700
A4: 编号 | B4: 人物账号 | C4: 昵称 | D4: 曾用名 | E4: 贡献 | F4: 参战 | G4: 分包 | H4: 参战得分 | I4: 贡献得分 | J4: 本周得分 | K4: 上周得分 | L4: 分包总分 | M4: 礼包耗费 | N4: 结余分数 | O4: 新人战力排名 | P4: 新人初始分 | Q4: 跨服英雄礼包 | R4: =U4/200 -> 7 | S4: 4 | T4: 6 | U4: =S4*200+T4*100 -> 1400
A5: 82 | B5: 982362214 | C5: Forever`纯 | E5: 12000 | F5: 3 | G5: (未分包) | H5: =F5 -> 3 | I5: =E5/10000 -> 1.2 | J5: =H5+I5 -> 4.2 | K5: 11.542857 | L5: =J5+K5 -> 15.742857 | M5: =VLOOKUP(G5,$Q$3:$R$9,2,FALSE) -> 0 | N5: =J5+K5-M5 -> 15.742857 | Q5: 跨服精英礼包 | R5: =U5/200 -> 5.5 | S5: 3 | T5: 5 | U5: =S5*200+T5*100 -> 1100
A6: 54 | B6: 765028471 | C6: Forever`XXX | E6: 12000 | F6: 3 | G6: (未分包) | H6: =F6 -> 3 | I6: =E6/10000 -> 1.2 | J6: =H6+I6 -> 4.2 | K6: 11.4 | L6: =J6+K6 -> 15.6 | M6: =VLOOKUP(G6,$Q$3:$R$9,2,FALSE) -> 0 | N6: =J6+K6-M6 -> 15.6 | Q6: 传说功勋礼包 | R6: =U6/200 -> 6.5 | S6: 4 | T6: 5 | U6: =S6*200+T6*100 -> 1300
A7: 28 | B7: 1824296264 | C7: Forever`鹿丸 | E7: 12000 | F7: 0 | G7: (未分包) | H7: =F7 -> 0 | I7: =E7/10000 -> 1.2 | J7: =H7+I7 -> 1.2 | K7: 14.32 | L7: =J7+K7 -> 15.52 | M7: =VLOOKUP(G7,$Q$3:$R$9,2,FALSE) -> 0 | N7: =J7+K7-M7 -> 15.52 | Q7: 英雄功勋礼包 | R7: =U7/200 -> 5 | S7: 3 | T7: 4 | U7: =S7*200+T7*100 -> 1000
A8: 86 | B8: 668436981 | C8: Forever`一笑 | E8: 12000 | F8: 3 | G8: (未分包) | H8: =F8 -> 3 | I8: =E8/10000 -> 1.2 | J8: =H8+I8 -> 4.2 | K8: 11.3 | L8: =J8+K8 -> 15.5 | M8: =VLOOKUP(G8,$Q$3:$R$9,2,FALSE) -> 0 | N8: =J8+K8-M8 -> 15.5 | Q8: 精英功勋礼包 | R8: =U8/200 -> 3.5 | S8: 2 | T8: 3 | U8: =S8*200+T8*100 -> 700
A9: 53 | B9: 500959924 | C9: Forever`清风 | E9: 9600 | F9: 3 | G9: (未分包) | H9: =F9 -> 3 | I9: =E9/10000 -> 0.96 | J9: =H9+I9 -> 3.96 | K9: 11.54 | L9: =J9+K9 -> 15.5 | M9: =VLOOKUP(G9,$Q$3:$R$9,2,FALSE) -> 0 | N9: =J9+K9-M9 -> 15.5 | Q9: (未分包) | R9: 0
A10: 10 | B10: 2108977014 | C10: Forever`随风 | E10: 12000 | F10: 3 | G10: (未分包) | H10: =F10 -> 3 | I10: =E10/10000 -> 1.2 | J10: =H10+I10 -> 4.2 | K10: 11.28 | L10: =J10+K10 -> 15.48 | M10: =VLOOKUP(G10,$Q$3:$R$9,2,FALSE) -> 0 | N10: =J10+K10-M10 -> 15.48
A11: 72 | B11: 1555569254 | C11: Forever`火年 | E11: 12000 | F11: 3 | G11: (未分包) | H11: =F11 -> 3 | I11: =E11/10000 -> 1.2 | J11: =H11+I11 -> 4.2 | K11: 11.274286 | L11: =J11+K11 -> 15.474286 | M11: =VLOOKUP(G11,$Q$3:$R$9,2,FALSE) -> 0 | N11: =J11+K11-M11 -> 15.474286
A12: 73 | B12: 1326195449 | C12: Forever`靓仔 | E12: 13200 | F12: 2 | G12: (未分包) | H12: =F12 -> 2 | I12: =E12/10000 -> 1.32 | J12: =H12+I12 -> 3.32 | K12: 12.077857 | L12: =J12+K12 -> 15.397857 | M12: =VLOOKUP(G12,$Q$3:$R$9,2,FALSE) -> 0 | N12: =J12+K12-M12 -> 15.397857
A13: 98 | B13: 1592595701 | C13: Forever`噢耶 | E13: 0 | F13: 0 | G13: (未分包) | H13: =F13 -> 0 | I13: =E13/10000 -> 0 | J13: =H13+I13 -> 0 | K13: 15.246316 | L13: =J13+K13 -> 15.246316 | M13: =VLOOKUP(G13,$Q$3:$R$9,2,FALSE) -> 0 | N13: =J13+K13-M13 -> 15.246316
A14: 13 | B14: 1586734488 | C14: Forever`雷柱 | E14: 6000 | F14: 2 | G14: (未分包) | H14: =F14 -> 2 | I14: =E14/10000 -> 0.6 | J14: =H14+I14 -> 2.6 | K14: 12.3 | L14: =J14+K14 -> 14.9 | M14: =VLOOKUP(G14,$Q$3:$R$9,2,FALSE) -> 0 | N14: =J14+K14-M14 -> 14.9
A15: 69 | B15: 1588894627 | C15: Forever`时光 | E15: 12000 | F15: 3 | G15: (未分包) | H15: =F15 -> 3 | I15: =E15/10000 -> 1.2 | J15: =H15+I15 -> 4.2 | K15: 10.5725 | L15: =J15+K15 -> 14.7725 | M15: =VLOOKUP(G15,$Q$3:$R$9,2,FALSE) -> 0 | N15: =J15+K15-M15 -> 14.7725
A16: 81 | B16: 1812015327 | C16: Forever`迷弟 | E16: 8000 | F16: 1 | G16: (未分包) | H16: =F16 -> 1 | I16: =E16/10000 -> 0.8 | J16: =H16+I16 -> 1.8 | K16: 12.96 | L16: =J16+K16 -> 14.76 | M16: =VLOOKUP(G16,$Q$3:$R$9,2,FALSE) -> 0 | N16: =J16+K16-M16 -> 14.76
A17: 12 | B17: 1137897317 | C17: Forever`仙尊 | E17: 6200 | F17: 3 | G17: (未分包) | H17: =F17 -> 3 | I17: =E17/10000 -> 0.62 | J17: =H17+I17 -> 3.62 | K17: 10.92 | L17: =J17+K17 -> 14.54 | M17: =VLOOKUP(G17,$Q$3:$R$9,2,FALSE) -> 0 | N17: =J17+K17-M17 -> 14.54
A18: 5 | B18: 1044399218 | C18: Forever`輪回 | E18: 12000 | F18: 2 | G18: (未分包) | H18: =F18 -> 2 | I18: =E18/10000 -> 1.2 | J18: =H18+I18 -> 3.2 | K18: 11.3 | L18: =J18+K18 -> 14.5 | M18: =VLOOKUP(G18,$Q$3:$R$9,2,FALSE) -> 0 | N18: =J18+K18-M18 -> 14.5
A19: 77 | B19: 904395212 | C19: Forever`飞鸟 | D19: 飞鸟九 | E19: 12000 | F19: 3 | G19: (未分包) | H19: =F19 -> 3 | I19: =E19/10000 -> 1.2 | J19: =H19+I19 -> 4.2 | K19: 10.297143 | L19: =J19+K19 -> 14.497143 | M19: =VLOOKUP(G19,$Q$3:$R$9,2,FALSE) -> 0 | N19: =J19+K19-M19 -> 14.497143
A20: 102 | B20: 699640991 | C20: Forever`收皮 | E20: 12000 | F20: 0 | G20: (未分包) | H20: =F20 -> 0 | I20: =E20/10000 -> 1.2 | J20: =H20+I20 -> 1.2 | K20: 13.271278 | L20: =J20+K20 -> 14.471278 | M20: =VLOOKUP(G20,$Q$3:$R$9,2,FALSE) -> 0 | N20: =J20+K20-M20 -> 14.471278
A21: 58 | B21: 1875367946 | C21: Forever`大欢 | E21: 11600 | F21: 2 | G21: (未分包) | H21: =F21 -> 2 | I21: =E21/10000 -> 1.16 | J21: =H21+I21 -> 3.16 | K21: 11.202857 | L21: =J21+K21 -> 14.362857 | M21: =VLOOKUP(G21,$Q$3:$R$9,2,FALSE) -> 0 | N21: =J21+K21-M21 -> 14.362857
A22: 36 | B22: 1392321855 | C22: 卟离卟弃 | E22: 10000 | F22: 1 | G22: (未分包) | H22: =F22 -> 1 | I22: =E22/10000 -> 1 | J22: =H22+I22 -> 2 | K22: 12.2 | L22: =J22+K22 -> 14.2 | M22: =VLOOKUP(G22,$Q$3:$R$9,2,FALSE) -> 0 | N22: =J22+K22-M22 -> 14.2
A23: 87 | B23: 1126397085 | C23: 【镜像】夜幕 | E23: 11000 | F23: 1 | G23: (未分包) | H23: =F23 -> 1 | I23: =E23/10000 -> 1.1 | J23: =H23+I23 -> 2.1 | K23: 11.26 | L23: =J23+K23 -> 13.36 | M23: =VLOOKUP(G23,$Q$3:$R$9,2,FALSE) -> 0 | N23: =J23+K23-M23 -> 13.36
A24: 101 | B24: 550293186 | C24: Forever`释空 | E24: 0 | F24: 0 | G24: (未分包) | H24: =F24 -> 0 | I24: =E24/10000 -> 0 | J24: =H24+I24 -> 0 | K24: 12.908421 | L24: =J24+K24 -> 12.908421 | M24: =VLOOKUP(G24,$Q$3:$R$9,2,FALSE) -> 0 | N24: =J24+K24-M24 -> 12.908421
A25: 52 | B25: 242123495 | C25: Forever`七夜 | E25: 0 | F25: 0 | G25: (未分包) | H25: =F25 -> 0 | I25: =E25/10000 -> 0 | J25: =H25+I25 -> 0 | K25: 12.9 | L25: =J25+K25 -> 12.9 | M25: =VLOOKUP(G25,$Q$3:$R$9,2,FALSE) -> 0 | N25: =J25+K25-M25 -> 12.9
A26: 94 | B26: 1885772704 | C26: Forever`爱 | E26: 14600 | F26: 0 | G26: (未分包) | H26: =F26 -> 0 | I26: =E26/10000 -> 1.46 | J26: =H26+I26 -> 1.46 | K26: 11.312632 | L26: =J26+K26 -> 12.772632 | M26: =VLOOKUP(G26,$Q$3:$R$9,2,FALSE) -> 0 | N26: =J26+K26-M26 -> 12.772632
A27: 105 | B27: 1172805144 | C27: Forever`白茶 | E27: 6000 | F27: 2 | G27: (未分包) | H27: =F27 -> 2 | I27: =E27/10000 -> 0.6 | J27: =H27+I27 -> 2.6 | K27: 10.148219 | L27: =J27+K27 -> 12.748219 | M27: =VLOOKUP(G27,$Q$3:$R$9,2,FALSE) -> 0 | N27: =J27+K27-M27 -> 12.748219 | O27: 56 | P27: 10.148219
A28: 100 | B28: 1516934519 | C28: Forever`烟灰 | E28: 6000 | F28: 1 | G28: (未分包) | H28: =F28 -> 1 | I28: =E28/10000 -> 0.6 | J28: =H28+I28 -> 1.6 | K28: 11.101053 | L28: =J28+K28 -> 12.701053 | M28: =VLOOKUP(G28,$Q$3:$R$9,2,FALSE) -> 0 | N28: =J28+K28-M28 -> 12.701053
A29: 35 | C29: 神罗天征 | E29: 0 | F29: 0 | G29: (未分包) | H29: =F29 -> 0 | I29: =E29/10000 -> 0 | J29: =H29+I29 -> 0 | K29: #N/A | L29: =J29+K29 -> #N/A | M29: =VLOOKUP(G29,$Q$3:$R$9,2,FALSE) -> 0 | N29: =J29+K29-M29 -> #N/A
A30: 4 | B30: 1491983585 | C30: Forever`利 | E30: 0 | F30: 0 | G30: (未分包) | H30: =F30 -> 0 | I30: =E30/10000 -> 0 | J30: =H30+I30 -> 0 | K30: 12.7 | L30: =J30+K30 -> 12.7 | M30: =VLOOKUP(G30,$Q$3:$R$9,2,FALSE) -> 0 | N30: =J30+K30-M30 -> 12.7
A31: 27 | B31: 2114875544 | C31: Forever`為你 | E31: 12000 | F31: 0 | G31: (未分包) | H31: =F31 -> 0 | I31: =E31/10000 -> 1.2 | J31: =H31+I31 -> 1.2 | K31: 11.28 | L31: =J31+K31 -> 12.48 | M31: =VLOOKUP(G31,$Q$3:$R$9,2,FALSE) -> 0 | N31: =J31+K31-M31 -> 12.48
A32: 99 | B32: 1797454822 | C32: Forever`誓言 | E32: 12000 | F32: 2 | G32: (未分包) | H32: =F32 -> 2 | I32: =E32/10000 -> 1.2 | J32: =H32+I32 -> 3.2 | K32: 10.1 | L32: =J32+K32 -> 13.3 | M32: =VLOOKUP(G32,$Q$3:$R$9,2,FALSE) -> 0 | N32: =J32+K32-M32 -> 13.3
A33: 34 | B33: 2021794494 | C33: Forever`劳模 | E33: 6000 | F33: 3 | G33: 跨服精英礼包 | H33: =F33 -> 3 | I33: =E33/10000 -> 0.6 | J33: =H33+I33 -> 3.6 | K33: 13.9 | L33: =J33+K33 -> 17.5 | M33: =VLOOKUP(G33,$Q$3:$R$9,2,FALSE) -> 5.5 | N33: =J33+K33-M33 -> 12
A34: 89 | B34: 1582701118 | C34: Forever`阿呆 | E34: 6000 | F34: 3 | G34: 跨服精英礼包 | H34: =F34 -> 3 | I34: =E34/10000 -> 0.6 | J34: =H34+I34 -> 3.6 | K34: 13.8 | L34: =J34+K34 -> 17.4 | M34: =VLOOKUP(G34,$Q$3:$R$9,2,FALSE) -> 5.5 | N34: =J34+K34-M34 -> 11.9
A35: 93 | B35: 1458346420 | C35: Forever`邓sir | E35: 12000 | F35: 3 | G35: 跨服传说礼包 | H35: =F35 -> 3 | I35: =E35/10000 -> 1.2 | J35: =H35+I35 -> 4.2 | K35: 15.998947 | L35: =J35+K35 -> 20.198947 | M35: =VLOOKUP(G35,$Q$3:$R$9,2,FALSE) -> 8.5 | N35: =J35+K35-M35 -> 11.698947
A36: 2 | B36: 13685366739 | C36: Forever`弟弟 | E36: 12000 | F36: 2 | G36: 跨服精英礼包 | H36: =F36 -> 2 | I36: =E36/10000 -> 1.2 | J36: =H36+I36 -> 3.2 | K36: 13.94 | L36: =J36+K36 -> 17.14 | M36: =VLOOKUP(G36,$Q$3:$R$9,2,FALSE) -> 5.5 | N36: =J36+K36-M36 -> 11.64
A37: 33 | B37: 1006436515 | C37: Forever`大傻 | E37: 12000 | F37: 3 | G37: 跨服精英礼包 | H37: =F37 -> 3 | I37: =E37/10000 -> 1.2 | J37: =H37+I37 -> 4.2 | K37: 12.8 | L37: =J37+K37 -> 17 | M37: =VLOOKUP(G37,$Q$3:$R$9,2,FALSE) -> 5.5 | N37: =J37+K37-M37 -> 11.5
A38: 51 | B38: 224931272 | C38: Forever`sky | E38: 12000 | F38: 3 | G38: 跨服精英礼包 | H38: =F38 -> 3 | I38: =E38/10000 -> 1.2 | J38: =H38+I38 -> 4.2 | K38: 12.8 | L38: =J38+K38 -> 17 | M38: =VLOOKUP(G38,$Q$3:$R$9,2,FALSE) -> 5.5 | N38: =J38+K38-M38 -> 11.5
A39: 45 | B39: 856609279 | C39: Forever`杜莎 | E39: 12000 | F39: 3 | G39: 跨服英雄礼包 | H39: =F39 -> 3 | I39: =E39/10000 -> 1.2 | J39: =H39+I39 -> 4.2 | K39: 14.16 | L39: =J39+K39 -> 18.36 | M39: =VLOOKUP(G39,$Q$3:$R$9,2,FALSE) -> 7 | N39: =J39+K39-M39 -> 11.36
A40: 15 | B40: 388960345 | C40: Forever`Gai | E40: 12000 | F40: 3 | G40: 跨服英雄礼包 | H40: =F40 -> 3 | I40: =E40/10000 -> 1.2 | J40: =H40+I40 -> 4.2 | K40: 13.96 | L40: =J40+K40 -> 18.16 | M40: =VLOOKUP(G40,$Q$3:$R$9,2,FALSE) -> 7 | N40: =J40+K40-M40 -> 11.16
A41: 49 | B41: 311361673 | C41: Forever`小傻 | E41: 7000 | F41: 3 | G41: 跨服精英礼包 | H41: =F41 -> 3 | I41: =E41/10000 -> 0.7 | J41: =H41+I41 -> 3.7 | K41: 12.92 | L41: =J41+K41 -> 16.62 | M41: =VLOOKUP(G41,$Q$3:$R$9,2,FALSE) -> 5.5 | N41: =J41+K41-M41 -> 11.12
... A46: 62 | B46: 643913124 | C46: Forever`Thoma | E46: 12000 | F46: 3 | G46: 跨服精英礼包 | H46: =F46 -> 3 | I46: =E46/10000 -> 1.2 | J46: =H46+I46 -> 4.2 | K46: 12.285714 | L46: =J46+K46 -> 16.485714 | M46: =VLOOKUP(G46,$Q$3:$R$9,2,FALSE) -> 5.5 | N46: =J46+K46-M46 -> 10.985714
A47: 76 | B47: 1933336110 | C47: Forever`无聊 | D47: 宇智波四 | E47: 12000 | F47: 3 | G47: 跨服精英礼包 | H47: =F47 -> 3 | I47: =E47/10000 -> 1.2 | J47: =H47+I47 -> 4.2 | K47: 12.210714 | L47: =J47+K47 -> 16.410714 | M47: =VLOOKUP(G47,$Q$3:$R$9,2,FALSE) -> 5.5 | N47: =J47+K47-M47 -> 10.910714
A48: 23 | B48: 340156892 | C48: Forever`三傻 | E48: 7000 | F48: 3 | G48: 跨服英雄礼包 | H48: =F48 -> 3 | I48: =E48/10000 -> 0.7 | J48: =H48+I48 -> 3.7 | K48: 14.18 | L48: =J48+K48 -> 17.88 | M48: =VLOOKUP(G48,$Q$3:$R$9,2,FALSE) -> 7 | N48: =J48+K48-M48 -> 10.88
A49: 14 | B49: 1573083338 | C49: Forever`初见 | E49: 4400 | F49: 3 | G49: 跨服精英礼包 | H49: =F49 -> 3 | I49: =E49/10000 -> 0.44 | J49: =H49+I49 -> 3.44 | K49: 12.92 | L49: =J49+K49 -> 16.36 | M49: =VLOOKUP(G49,$Q$3:$R$9,2,FALSE) -> 5.5 | N49: =J49+K49-M49 -> 10.86
A50: 103 | B50: 1540443440 | C50: 威士忌的碎冰 | E50: 2000 | F50: 0 | G50: (未分包) | H50: =F50 -> 0 | I50: =E50/10000 -> 0.2 | J50: =H50+I50 -> 0.2 | K50: 10.657895 | L50: =J50+K50 -> 10.857895 | M50: =VLOOKUP(G50,$Q$3:$R$9,2,FALSE) -> 0 | N50: =J50+K50-M50 -> 10.857895 | O50: 49 | P50: 10.657895
A51: 8 | B51: 988820081 | C51: Forever`法师 | D51: Forever`了佳 | E51: 6000 | F51: 3 | G51: 跨服英雄礼包 | H51: =F51 -> 3 | I51: =E51/10000 -> 0.6 | J51: =H51+I51 -> 3.6 | K51: 14.2 | L51: =J51+K51 -> 17.8 | M51: =VLOOKUP(G51,$Q$3:$R$9,2,FALSE) -> 7 | N51: =J51+K51-M51 -> 10.8
A52: 104 | B52: 316244180 | C52: elvinc | E52: 2000 | F52: 0 | G52: (未分包) | H52: =F52 -> 0 | I52: =E52/10000 -> 0.2 | J52: =H52+I52 -> 0.2 | K52: 10.497086 | L52: =J52+K52 -> 10.697086 | M52: =VLOOKUP(G52,$Q$3:$R$9,2,FALSE) -> 0 | N52: =J52+K52-M52 -> 10.697086 | O52: 52 | P52: 10.497086
A53: 84 | B53: 1115930957 | C53: Forever`手鞠 | E53: 6000 | F53: 3 | G53: 跨服精英礼包 | H53: =F53 -> 3 | I53: =E53/10000 -> 0.6 | J53: =H53+I53 -> 3.6 | K53: 12.52 | L53: =J53+K53 -> 16.12 | M53: =VLOOKUP(G53,$Q$3:$R$9,2,FALSE) -> 5.5 | N53: =J53+K53-M53 -> 10.62
A54: 96 | B54: 1673678774 | C54: Forever`四傻 | E54: 0 | F54: 0 | G54: (未分包) | H54: =F54 -> 0 | I54: =E54/10000 -> 0 | J54: =H54+I54 -> 0 | K54: 10.557895 | L54: =J54+K54 -> 10.557895 | M54: =VLOOKUP(G54,$Q$3:$R$9,2,FALSE) -> 0 | N54: =J54+K54-M54 -> 10.557895
A55: 80 | B55: 127546455 | C55: Forever`丝控 | E55: 12000 | F55: 2 | G55: 跨服精英礼包 | H55: =F55 -> 2 | I55: =E55/10000 -> 1.2 | J55: =H55+I55 -> 3.2 | K55: 12.844643 | L55: =J55+K55 -> 16.044643 | M55: =VLOOKUP(G55,$Q$3:$R$9,2,FALSE) -> 5.5 | N55: =J55+K55-M55 -> 10.544643
A56: 70 | B56: 519850810 | C56: Forever`耶耶 | E56: 12000 | F56: 3 | G56: 跨服精英礼包 | H56: =F56 -> 3 | I56: =E56/10000 -> 1.2 | J56: =H56+I56 -> 4.2 | K56: 11.754286 | L56: =J56+K56 -> 15.954286 | M56: =VLOOKUP(G56,$Q$3:$R$9,2,FALSE) -> 5.5 | N56: =J56+K56-M56 -> 10.454286
A57: 43 | B57: 1853818182 | C57: Forever`阿良 | E57: 12000 | F57: 3 | G57: 跨服精英礼包 | H57: =F57 -> 3 | I57: =E57/10000 -> 1.2 | J57: =H57+I57 -> 4.2 | K57: 11.7 | L57: =J57+K57 -> 15.9 | M57: =VLOOKUP(G57,$Q$3:$R$9,2,FALSE) -> 5.5 | N57: =J57+K57-M57 -> 10.4
A58: 46 | B58: 2109182835 | C58: Forever`帆锅 | E58: 12000 | F58: 3 | G58: 跨服传说礼包 | H58: =F58 -> 3 | I58: =E58/10000 -> 1.2 | J58: =H58+I58 -> 4.2 | K58: 14.5 | L58: =J58+K58 -> 18.7 | M58: =VLOOKUP(G58,$Q$3:$R$9,2,FALSE) -> 8.5 | N58: =J58+K58-M58 -> 10.2
A59: 57 | B59: 446583427 | C59: Forever`习惯 | D59: 习惯 | E59: 12000 | F59: 2 | G59: 跨服传说礼包 | H59: =F59 -> 2 | I59: =E59/10000 -> 1.2 | J59: =H59+I59 -> 3.2 | K59: 15.45 | L59: =J59+K59 -> 18.65 | M59: =VLOOKUP(G59,$Q$3:$R$9,2,FALSE) -> 8.5 | N59: =J59+K59-M59 -> 10.15
A60: 95 | B60: 1450640640 | C60: Forever`Lera | E60: 7000 | F60: 3 | G60: 跨服传说礼包 | H60: =F60 -> 3 | I60: =E60/10000 -> 0.7 | J60: =H60+I60 -> 3.7 | K60: 14.93985 | L60: =J60+K60 -> 18.63985 | M60: =VLOOKUP(G60,$Q$3:$R$9,2,FALSE) -> 8.5 | N60: =J60+K60-M60 -> 10.13985
A61: 17 | B61: 1111683644 | C61: Forever`珞珞 | E61: 12000 | F61: 3 | G61: 跨服传说礼包 | H61: =F61 -> 3 | I61: =E61/10000 -> 1.2 | J61: =H61+I61 -> 4.2 | K61: 14.2 | L61: =J61+K61 -> 18.4 | M61: =VLOOKUP(G61,$Q$3:$R$9,2,FALSE) -> 8.5 | N61: =J61+K61-M61 -> 9.9
A62: 26 | B62: 1754932067 | C62: Forever`二傻 | E62: 6000 | F62: 0 | G62: (未分包) | H62: =F62 -> 0 | I62: =E62/10000 -> 0.6 | J62: =H62+I62 -> 0.6 | K62: 8.7 | L62: =J62+K62 -> 9.3 | M62: =VLOOKUP(G62,$Q$3:$R$9,2,FALSE) -> 0 | N62: =J62+K62-M62 -> 9.3
A63: 92 | B63: 1367873925 | C63: Forever`大九 | D63: 月城十忍 | E63: 12000 | F63: 0 | G63: (未分包) | H63: =F63 -> 0 | I63: =E63/10000 -> 1.2 | J63: =H63+I63 -> 1.2 | K63: 5.3971429 | L63: =J63+K63 -> 6.5971429 | M63: =VLOOKUP(G63,$Q$3:$R$9,2,FALSE) -> 0 | N63: =J63+K63-M63 -> 6.5971429
A64: 78 | B64: 783202763 | C64: Forever`武陽 | E64: 12000 | F64: 0 | G64: (未分包) | H64: =F64 -> 0 | I64: =E64/10000 -> 1.2 | J64: =H64+I64 -> 1.2 | K64: 2.52 | L64: =J64+K64 -> 3.72 | M64: =VLOOKUP(G64,$Q$3:$R$9,2,FALSE) -> 0 | N64: =J64+K64-M64 -> 3.72
A65: 91 | B65: 1346358482 | C65: Forever`渣男 | D65: Forever`天团 | E65: 6000 | F65: 0 | G65: (未分包) | H65: =F65 -> 0 | I65: =E65/10000 -> 0.6 | J65: =H65+I65 -> 0.6 | K65: 0.9 | L65: =J65+K65 -> 1.5 | M65: =VLOOKUP(G65,$Q$3:$R$9,2,FALSE) -> 0 | N65: =J65+K65-M65 -> 1.5

Sheet Nov17 2019
A1: 157区 活动中心 分包贡献明细 By:Forever`二傻 | Q1: 人数 | R1: 57
Q2: 礼包类别 | R2: 消耗分数 | S2: 封印卷個數 | T2: 通靈卷個數 | U2: 價值（金幣）
A3: 人物信息 | E3: 参战与贡献 | H3: 积分统计 | Q3: 跨服传说礼包 | R3: =U3/200 -> 8.5 | S3: 5 | T3: 7 | U3: =S3*200+T3*100 -> 1700
A4: 编号 | B4: 人物账号 | C4: 昵称 | D4: 曾用名 | E4: 贡献 | F4: 参战 | G4: 分包 | H4: 参战得分 | I4: 贡献得分 | J4: 本周得分 | K4: 上周得分 | L4: 分包总分 | M4: 礼包耗费 | N4: 结余分数 | O4: 新人战力排名 | P4: 新人初始分 | Q4: 跨服英雄礼包 | R4: =U4/200 -> 7 | S4: 4 | T4: 6 | U4: =S4*200+T4*100 -> 1400
A5: 82 | B5: 982362214 | C5: Forever`纯 | E5: 12000 | F5: 4 | G5: 传说功勋礼包 | H5: =F5 -> 4 | I5: =E5/10000 -> 1.2 | J5: =H5+I5 -> 5.2 | K5: 15.742857 | L5: =J5+K5 -> 20.942857 | M5: =VLOOKUP(G5,$Q$3:$R$9,2,FALSE) -> 6.5 | N5: =J5+K5-M5 -> 14.442857 | Q5: 跨服精英礼包 | R5: =U5/200 -> 5.5 | S5: 3 | T5: 5 | U5: =S5*200+T5*100 -> 1100
A6: 54 | B6: 765028471 | C6: Forever`XXX | E6: 12000 | F6: 4 | G6: 传说功勋礼包 | H6: =F6 -> 4 | I6: =E6/10000 -> 1.2 | J6: =H6+I6 -> 5.2 | K6: 15.6 | L6: =J6+K6 -> 20.8 | M6: =VLOOKUP(G6,$Q$3:$R$9,2,FALSE) -> 6.5 | N6: =J6+K6-M6 -> 14.3 | Q6: 传说功勋礼包 | R6: =U6/200 -> 6.5 | S6: 4 | T6: 5 | U6: =S6*200+T6*100 -> 1300
A7: 86 | B7: 668436981 | C7: Forever`一笑 | E7: 12000 | F7: 4 | G7: 传说功勋礼包 | H7: =F7 -> 4 | I7: =E7/10000 -> 1.2 | J7: =H7+I7 -> 5.2 | K7: 15.5 | L7: =J7+K7 -> 20.7 | M7: =VLOOKUP(G7,$Q$3:$R$9,2,FALSE) -> 6.5 | N7: =J7+K7-M7 -> 14.2 | Q7: 英雄功勋礼包 | R7: =U7/200 -> 5 | S7: 3 | T7: 4 | U7: =S7*200+T7*100 -> 1000
A8: 53 | B8: 500959924 | C8: Forever`清风 | E8: 12000 | F8: 4 | G8: 传说功勋礼包 | H8: =F8 -> 4 | I8: =E8/10000 -> 1.2 | J8: =H8+I8 -> 5.2 | K8: 15.5 | L8: =J8+K8 -> 20.7 | M8: =VLOOKUP(G8,$Q$3:$R$9,2,FALSE) -> 6.5 | N8: =J8+K8-M8 -> 14.2 | Q8: 精英功勋礼包 | R8: =U8/200 -> 3.5 | S8: 2 | T8: 3 | U8: =S8*200+T8*100 -> 700
A9: 10 | B9: 2108977014 | C9: Forever`随风 | E9: 12000 | F9: 4 | G9: 传说功勋礼包 | H9: =F9 -> 4 | I9: =E9/10000 -> 1.2 | J9: =H9+I9 -> 5.2 | K9: 15.48 | L9: =J9+K9 -> 20.68 | M9: =VLOOKUP(G9,$Q$3:$R$9,2,FALSE) -> 6.5 | N9: =J9+K9-M9 -> 14.18 | Q9: (未分包) | R9: 0
A10: 72 | B10: 1555569254 | C10: Forever`火年 | E10: 12000 | F10: 4 | G10: 英雄功勋礼包 | H10: =F10 -> 4 | I10: =E10/10000 -> 1.2 | J10: =H10+I10 -> 5.2 | K10: 15.474286 | L10: =J10+K10 -> 20.674286 | M10: =VLOOKUP(G10,$Q$3:$R$9,2,FALSE) -> 5 | N10: =J10+K10-M10 -> 15.674286
A11: 5 | B11: 1044399218 | C11: Forever`輪回 | E11: 12000 | F11: 4 | G11: 英雄功勋礼包 | H11: =F11 -> 4 | I11: =E11/10000 -> 1.2 | J11: =H11+I11 -> 5.2 | K11: 14.5 | L11: =J11+K11 -> 19.7 | M11: =VLOOKUP(G11,$Q$3:$R$9,2,FALSE) -> 5 | N11: =J11+K11-M11 -> 14.7
A12: 73 | B12: 1326195449 | C12: Forever`靓仔 | E12: 12000 | F12: 3 | G12: 英雄功勋礼包 | H12: =F12 -> 3 | I12: =E12/10000 -> 1.2 | J12: =H12+I12 -> 4.2 | K12: 15.397857 | L12: =J12+K12 -> 19.597857 | M12: =VLOOKUP(G12,$Q$3:$R$9,2,FALSE) -> 5 | N12: =J12+K12-M12 -> 14.597857
A13: 102 | B13: 699640991 | C13: Forever`收皮 | E13: 9000 | F13: 4 | G13: 英雄功勋礼包 | H13: =F13 -> 4 | I13: =E13/10000 -> 0.9 | J13: =H13+I13 -> 4.9 | K13: 14.471278 | L13: =J13+K13 -> 19.371278 | M13: =VLOOKUP(G13,$Q$3:$R$9,2,FALSE) -> 5 | N13: =J13+K13-M13 -> 14.371278
A14: 58 | B14: 1875367946 | C14: Forever`大欢 | E14: 10000 | F14: 4 | G14: 英雄功勋礼包 | H14: =F14 -> 4 | I14: =E14/10000 -> 1 | J14: =H14+I14 -> 5 | K14: 14.362857 | L14: =J14+K14 -> 19.362857 | M14: =VLOOKUP(G14,$Q$3:$R$9,2,FALSE) -> 5 | N14: =J14+K14-M14 -> 14.362857
A15: 77 | B15: 904395212 | C15: Forever`飞鸟 | D15: 飞鸟九 | E15: 12000 | F15: 3 | G15: 精英功勋礼包 | H15: =F15 -> 3 | I15: =E15/10000 -> 1.2 | J15: =H15+I15 -> 4.2 | K15: 14.497143 | L15: =J15+K15 -> 18.697143 | M15: =VLOOKUP(G15,$Q$3:$R$9,2,FALSE) -> 3.5 | N15: =J15+K15-M15 -> 15.197143
A16: 69 | B16: 1588894627 | C16: Forever`时光 | E16: 6000 | F16: 3 | G16: 精英功勋礼包 | H16: =F16 -> 3 | I16: =E16/10000 -> 0.6 | J16: =H16+I16 -> 3.6 | K16: 14.7725 | L16: =J16+K16 -> 18.3725 | M16: =VLOOKUP(G16,$Q$3:$R$9,2,FALSE) -> 3.5 | N16: =J16+K16-M16 -> 14.8725
A17: 87 | B17: 1126397085 | C17: 【镜像】夜幕 | E17: 8000 | F17: 4 | G17: 精英功勋礼包 | H17: =F17 -> 4 | I17: =E17/10000 -> 0.8 | J17: =H17+I17 -> 4.8 | K17: 13.36 | L17: =J17+K17 -> 18.16 | M17: =VLOOKUP(G17,$Q$3:$R$9,2,FALSE) -> 3.5 | N17: =J17+K17-M17 -> 14.66
A18: 12 | B18: 1137897317 | C18: Forever`仙尊 | E18: 6000 | F18: 3 | G18: 精英功勋礼包 | H18: =F18 -> 3 | I18: =E18/10000 -> 0.6 | J18: =H18+I18 -> 3.6 | K18: 14.54 | L18: =J18+K18 -> 18.14 | M18: =VLOOKUP(G18,$Q$3:$R$9,2,FALSE) -> 3.5 | N18: =J18+K18-M18 -> 14.64
A19: 105 | B19: 1172805144 | C19: Forever`白茶 | E19: 6000 | F19: 4 | G19: 精英功勋礼包 | H19: =F19 -> 4 | I19: =E19/10000 -> 0.6 | J19: =H19+I19 -> 4.6 | K19: 12.748219 | L19: =J19+K19 -> 17.348219 | M19: =VLOOKUP(G19,$Q$3:$R$9,2,FALSE) -> 3.5 | N19: =J19+K19-M19 -> 13.848219
A20: 93 | B20: 1458346420 | C20: Forever`邓sir | E20: 12000 | F20: 4 | G20: (未分包) | H20: =F20 -> 4 | I20: =E20/10000 -> 1.2 | J20: =H20+I20 -> 5.2 | K20: 11.698947 | L20: =J20+K20 -> 16.898947 | M20: =VLOOKUP(G20,$Q$3:$R$9,2,FALSE) -> 0 | N20: =J20+K20-M20 -> 16.898947
A21: 34 | B21: 2021794494 | C21: Forever`劳模 | E21: 7600 | F21: 4 | G21: (未分包) | H21: =F21 -> 4 | I21: =E21/10000 -> 0.76 | J21: =H21+I21 -> 4.76 | K21: 12 | L21: =J21+K21 -> 16.76 | M21: =VLOOKUP(G21,$Q$3:$R$9,2,FALSE) -> 0 | N21: =J21+K21-M21 -> 16.76
A22: 33 | B22: 1006436515 | C22: Forever`大傻 | E22: 12000 | F22: 4 | G22: (未分包) | H22: =F22 -> 4 | I22: =E22/10000 -> 1.2 | J22: =H22+I22 -> 5.2 | K22: 11.5 | L22: =J22+K22 -> 16.7 | M22: =VLOOKUP(G22,$Q$3:$R$9,2,FALSE) -> 0 | N22: =J22+K22-M22 -> 16.7
A23: 45 | B23: 856609279 | C23: Forever`杜莎 | E23: 12000 | F23: 4 | G23: (未分包) | H23: =F23 -> 4 | I23: =E23/10000 -> 1.2 | J23: =H23+I23 -> 5.2 | K23: 11.36 | L23: =J23+K23 -> 16.56 | M23: =VLOOKUP(G23,$Q$3:$R$9,2,FALSE) -> 0 | N23: =J23+K23-M23 -> 16.56
A24: 28 | B24: 1824296264 | C24: Forever`鹿丸 | E24: 10000 | F24: 0 | G24: (未分包) | H24: =F24 -> 0 | I24: =E24/10000 -> 1 | J24: =H24+I24 -> 1 | K24: 15.52 | L24: =J24+K24 -> 16.52 | M24: =VLOOKUP(G24,$Q$3:$R$9,2,FALSE) -> 0 | N24: =J24+K24-M24 -> 16.52
A25: 89 | B25: 1582701118 | C25: Forever`阿呆 | E25: 6000 | F25: 4 | G25: (未分包) | H25: =F25 -> 4 | I25: =E25/10000 -> 0.6 | J25: =H25+I25 -> 4.6 | K25: 11.9 | L25: =J25+K25 -> 16.5 | M25: =VLOOKUP(G25,$Q$3:$R$9,2,FALSE) -> 0 | N25: =J25+K25-M25 -> 16.5
A26: 11 | B26: 1993992523 | C26: Forever`白泽 | E26: 12000 | F26: 4 | G26: (未分包) | H26: =F26 -> 4 | I26: =E26/10000 -> 1.2 | J26: =H26+I26 -> 5.2 | K26: 11.1 | L26: =J26+K26 -> 16.3 | M26: =VLOOKUP(G26,$Q$3:$R$9,2,FALSE) -> 0 | N26: =J26+K26-M26 -> 16.3
A27: 56 | B27: 10692887209 | C27: Forever`真吾 | E27: 12000 | F27: 4 | G27: (未分包) | H27: =F27 -> 4 | I27: =E27/10000 -> 1.2 | J27: =H27+I27 -> 5.2 | K27: 11.08 | L27: =J27+K27 -> 16.28 | M27: =VLOOKUP(G27,$Q$3:$R$9,2,FALSE) -> 0 | N27: =J27+K27-M27 -> 16.28
A28: 16 | B28: 438498603 | C28: Forever`啾啾 | E28: 12000 | F28: 4 | G28: (未分包) | H28: =F28 -> 4 | I28: =E28/10000 -> 1.2 | J28: =H28+I28 -> 5.2 | K28: 11.02 | L28: =J28+K28 -> 16.22 | M28: =VLOOKUP(G28,$Q$3:$R$9,2,FALSE) -> 0 | N28: =J28+K28-M28 -> 16.22
A29: 35 | C29: 神罗天征 | G29: (未分包) | H29: =F29 -> 0 | I29: =E29/10000 -> 0 | J29: =H29+I29 -> 0 | K29: #N/A | L29: =J29+K29 -> #N/A | M29: =VLOOKUP(G29,$Q$3:$R$9,2,FALSE) -> 0 | N29: =J29+K29-M29 -> #N/A
A30: 15 | B30: 388960345 | C30: Forever`Gai | E30: 10000 | F30: 4 | G30: (未分包) | H30: =F30 -> 4 | I30: =E30/10000 -> 1 | J30: =H30+I30 -> 5 | K30: 11.16 | L30: =J30+K30 -> 16.16 | M30: =VLOOKUP(G30,$Q$3:$R$9,2,FALSE) -> 0 | N30: =J30+K30-M30 -> 16.16
A31: 1 | B31: 1782151946 | C31: Forever`欢喜 | E31: 10200 | F31: 4 | G31: (未分包) | H31: =F31 -> 4 | I31: =E31/10000 -> 1.02 | J31: =H31+I31 -> 5.02 | K31: 11.08 | L31: =J31+K31 -> 16.1 | M31: =VLOOKUP(G31,$Q$3:$R$9,2,FALSE) -> 0 | N31: =J31+K31-M31 -> 16.1
A32: 2 | B32: 13685366739 | C32: Forever`弟弟 | E32: 12000 | F32: 3 | G32: (未分包) | H32: =F32 -> 3 | I32: =E32/10000 -> 1.2 | J32: =H32+I32 -> 4.2 | K32: 11.64 | L32: =J32+K32 -> 15.84 | M32: =VLOOKUP(G32,$Q$3:$R$9,2,FALSE) -> 0 | N32: =J32+K32-M32 -> 15.84
A33: 49 | B33: 311361673 | C33: Forever`小傻 | E33: 6000 | F33: 4 | G33: (未分包) | H33: =F33 -> 4 | I33: =E33/10000 -> 0.6 | J33: =H33+I33 -> 4.6 | K33: 11.12 | L33: =J33+K33 -> 15.72 | M33: =VLOOKUP(G33,$Q$3:$R$9,2,FALSE) -> 0 | N33: =J33+K33-M33 -> 15.72
A34: 27 | B34: 2114875544 | C34: Forever`為你 | E34: 12000 | F34: 2 | G34: (未分包) | H34: =F34 -> 2 | I34: =E34/10000 -> 1.2 | J34: =H34+I34 -> 3.2 | K34: 12.48 | L34: =J34+K34 -> 15.68 | M34: =VLOOKUP(G34,$Q$3:$R$9,2,FALSE) -> 0 | N34: =J34+K34-M34 -> 15.68
A35: 23 | B35: 340156892 | C35: Forever`三傻 | E35: 6000 | F35: 4 | G35: (未分包) | H35: =F35 -> 4 | I35: =E35/10000 -> 0.6 | J35: =H35+I35 -> 4.6 | K35: 10.88 | L35: =J35+K35 -> 15.48 | M35: =VLOOKUP(G35,$Q$3:$R$9,2,FALSE) -> 0 | N35: =J35+K35-M35 -> 15.48
A36: 8 | B36: 988820081 | C36: Forever`法师 | D36: Forever`了佳 | E36: 6000 | F36: 4 | G36: (未分包) | H36: =F36 -> 4 | I36: =E36/10000 -> 0.6 | J36: =H36+I36 -> 4.6 | K36: 10.8 | L36: =J36+K36 -> 15.4 | M36: =VLOOKUP(G36,$Q$3:$R$9,2,FALSE) -> 0 | N36: =J36+K36-M36 -> 15.4
A37: 46 | B37: 2109182835 | C37: Forever`帆锅 | E37: 12000 | F37: 4 | G37: (未分包) | H37: =F37 -> 4 | I37: =E37/10000 -> 1.2 | J37: =H37+I37 -> 5.2 | K37: 10.2 | L37: =J37+K37 -> 15.4 | M37: =VLOOKUP(G37,$Q$3:$R$9,2,FALSE) -> 0 | N37: =J37+K37-M37 -> 15.4
A38: 100 | B38: 1516934519 | C38: Forever`烟灰 | E38: 6000 | F38: 2 | G38: (未分包) | H38: =F38 -> 2 | I38: =E38/10000 -> 0.6 | J38: =H38+I38 -> 2.6 | K38: 12.701053 | L38: =J38+K38 -> 15.301053 | M38: =VLOOKUP(G38,$Q$3:$R$9,2,FALSE) -> 0 | N38: =J38+K38-M38 -> 15.301053
A39: 84 | B39: 1115930957 | C39: Forever`手鞠 | E39: 6000 | F39: 4 | G39: (未分包) | H39: =F39 -> 4 | I39: =E39/10000 -> 0.6 | J39: =H39+I39 -> 4.6 | K39: 10.62 | L39: =J39+K39 -> 15.22 | M39: =VLOOKUP(G39,$Q$3:$R$9,2,FALSE) -> 0 | N39: =J39+K39-M39 -> 15.22
A40: 62 | B40: 643913124 | C40: Forever`Thoma | E40: 12000 | F40: 3 | G40: (未分包) | H40: =F40 -> 3 | I40: =E40/10000 -> 1.2 | J40: =H40+I40 -> 4.2 | K40: 10.985714 | L40: =J40+K40 -> 15.185714 | M40: =VLOOKUP(G40,$Q$3:$R$9,2,FALSE) -> 0 | N40: =J40+K40-M40 -> 15.185714
A41: 76 | B41: 1933336110 | C41: Forever`无聊 | D41: 宇智波四 | E41: 12000 | F41: 3 | G41: (未分包) | H41: =F41 -> 3 | I41: =E41/10000 -> 1.2 | J41: =H41+I41 -> 4.2 | K41: 10.910714 | L41: =J41+K41 -> 15.110714 | M41: =VLOOKUP(G41,$Q$3:$R$9,2,FALSE) -> 0 | N41: =J41+K41-M41 -> 15.110714
A42: 57 | B42: 446583427 | C42: Forever`习惯 | D42: 习惯 | E42: 8000 | F42: 4 | G42: (未分包) | H42: =F42 -> 4 | I42: =E42/10000 -> 0.8 | J42: =H42+I42 -> 4.8 | K42: 10.15 | L42: =J42+K42 -> 14.95 | M42: =VLOOKUP(G42,$Q$3:$R$9,2,FALSE) -> 0 | N42: =J42+K42-M42 -> 14.95
A43: 43 | B43: 1853818182 | C43: Forever`阿良 | E43: 12000 | F43: 3 | G43: (未分包) | H43: =F43 -> 3 | I43: =E43/10000 -> 1.2 | J43: =H43+I43 -> 4.2 | K43: 10.4 | L43: =J43+K43 -> 14.6 | M43: =VLOOKUP(G43,$Q$3:$R$9,2,FALSE) -> 0 | N43: =J43+K43-M43 -> 14.6
A44: 99 | B44: 1797454822 | C44: Forever`誓言 | E44: 12000 | F44: 1 | G44: (未分包) | H44: =F44 -> 1 | I44: =E44/10000 -> 1.2 | J44: =H44+I44 -> 2.2 | K44: 12.3 | L44: =J44+K44 -> 14.5 | M44: =VLOOKUP(G44,$Q$3:$R$9,2,FALSE) -> 0 | N44: =J44+K44-M44 -> 14.5
A45: 94 | B45: 1885772704 | C45: Forever`爱 | E45: 9800 | F45: 0 | G45: (未分包) | H45: =F45 -> 0 | I45: =E45/10000 -> 0.98 | J45: =H45+I45 -> 0.98 | K45: 12.772632 | L45: =J45+K45 -> 13.752632 | M45: =VLOOKUP(G45,$Q$3:$R$9,2,FALSE) -> 0 | N45: =J45+K45-M45 -> 13.752632
A46: 51 | B46: 224931272 | C46: Forever`sky | E46: 10600 | F46: 1 | G46: (未分包) | H46: =F46 -> 1 | I46: =E46/10000 -> 1.06 | J46: =H46+I46 -> 2.06 | K46: 11.5 | L46: =J46+K46 -> 13.56 | M46: =VLOOKUP(G46,$Q$3:$R$9,2,FALSE) -> 0 | N46: =J46+K46-M46 -> 13.56
A47: 17 | B47: 1111683644 | C47: Forever`珞珞 | E47: 12000 | F47: 2 | G47: (未分包) | H47: =F47 -> 2 | I47: =E47/10000 -> 1.2 | J47: =H47+I47 -> 3.2 | K47: 9.9 | L47: =J47+K47 -> 13.1 | M47: =VLOOKUP(G47,$Q$3:$R$9,2,FALSE) -> 0 | N47: =J47+K47-M47 -> 13.1
A48: 103 | B48: 1540443440 | C48: Forever`暖男 | D48: 威士忌的碎冰 | E48: 6000 | F48: 1 | G48: (未分包) | H48: =F48 -> 1 | I48: =E48/10000 -> 0.6 | J48: =H48+I48 -> 1.6 | K48: 10.857895 | L48: =J48+K48 -> 12.457895 | M48: =VLOOKUP(G48,$Q$3:$R$9,2,FALSE) -> 0 | N48: =J48+K48-M48 -> 12.457895
A49: 80 | B49: 127546455 | C49: Forever`丝控 | E49: 10000 | F49: 0 | G49: (未分包) | H49: =F49 -> 0 | I49: =E49/10000 -> 1 | J49: =H49+I49 -> 1 | K49: 10.544643 | L49: =J49+K49 -> 11.544643 | M49: =VLOOKUP(G49,$Q$3:$R$9,2,FALSE) -> 0 | N49: =J49+K49-M49 -> 11.544643
A50: 14 | B50: 1573083338 | C50: Forever`初见 | E50: 5200 | F50: 0 | G50: (未分包) | H50: =F50 -> 0 | I50: =E50/10000 -> 0.52 | J50: =H50+I50 -> 0.52 | K50: 10.86 | L50: =J50+K50 -> 11.38 | M50: =VLOOKUP(G50,$Q$3:$R$9,2,FALSE) -> 0 | N50: =J50+K50-M50 -> 11.38
A51: 26 | B51: 1754932067 | C51: Forever`二傻 | E51: 6000 | F51: 0 | G51: (未分包) | H51: =F51 -> 0 | I51: =E51/10000 -> 0.6 | J51: =H51+I51 -> 0.6 | K51: 9.3 | L51: =J51+K51 -> 9.9 | M51: =VLOOKUP(G51,$Q$3:$R$9,2,FALSE) -> 0 | N51: =J51+K51-M51 -> 9.9
A52: 92 | B52: 1367873925 | C52: Forever`大九 | D52: 月城十忍 | E52: 12000 | F52: 1 | G52: (未分包) | H52: =F52 -> 1 | I52: =E52/10000 -> 1.2 | J52: =H52+I52 -> 2.2 | K52: 6.5971429 | L52: =J52+K52 -> 8.7971429 | M52: =VLOOKUP(G52,$Q$3:$R$9,2,FALSE) -> 0 | N52: =J52+K52-M52 -> 8.7971429
A53: 78 | B53: 783202763 | C53: Forever`武陽 | E53: 9800 | F53: 2 | G53: (未分包) | H53: =F53 -> 2 | I53: =E53/10000 -> 0.98 | J53: =H53+I53 -> 2.98 | K53: 3.72 | L53: =J53+K53 -> 6.7 | M53: =VLOOKUP(G53,$Q$3:$R$9,2,FALSE) -> 0 | N53: =J53+K53-M53 -> 6.7
B54: 1698053022 | C54: Forever`天天 | E54: 11000 | F54: 0 | G54: (未分包) | H54: =F54 -> 0 | I54: =E54/10000 -> 1.1 | J54: =H54+I54 -> 1.1 | K54: 5.5 | L54: =J54+K54 -> 6.6 | M54: =VLOOKUP(G54,$Q$3:$R$9,2,FALSE) -> 0 | N54: =J54+K54-M54 -> 6.6
B55: 662528105 | C55: Forever`奈良 | E55: 5800 | F55: 0 | G55: (未分包) | H55: =F55 -> 0 | I55: =E55/10000 -> 0.58 | J55: =H55+I55 -> 0.58 | K55: 11.592709 | L55: =J55+K55 -> 12.172709 | M55: =VLOOKUP(G55,$Q$3:$R$9,2,FALSE) -> 0 | N55: =J55+K55-M55 -> 12.172709 | O55: 52 | P55: =_xlfn.AGGREGATE(16,6,N5:N54,1-(O55-1)/$R$1) -> 11.592709
B56: 914057984 | C56: Forever`野兽 | E56: 2000 | F56: 0 | G56: (未分包) | H56: =F56 -> 0 | I56: =E56/10000 -> 0.2 | J56: =H56+I56 -> 0.2 | K56: 12.217565 | L56: =J56+K56 -> 12.417565 | M56: =VLOOKUP(G56,$Q$3:$R$9,2,FALSE) -> 0 | N56: =J56+K56-M56 -> 12.417565 | O56: 50 | P56: =_xlfn.AGGREGATE(16,6,N6:N55,1-(O56-1)/$R$1) -> 12.382846
B57: 73971185 | C57: Forever`落尘 | E57: 2000 | F57: 0 | G57: (未分包) | H57: =F57 -> 0 | I57: =E57/10000 -> 0.2 | J57: =H57+I57 -> 0.2 | K57: 11.224211 | L57: =J57+K57 -> 11.424211 | M57: =VLOOKUP(G57,$Q$3:$R$9,2,FALSE) -> 0 | N57: =J57+K57-M57 -> 11.424211 | O57: 51 | P57: =_xlfn.AGGREGATE(16,6,N7:N56,1-(O57-1)/$R$1) -> 12.106597
N58: =J58+K58-M58 -> 0

Sheet Nov24 2019
A1: =CONCATENATE("157区 活动中心",Z15,"年",Z16,"月",Z17,"日","分包贡献明细"," 统计：三傻") -> 157区 活动中心2019年11月24日分包贡献明细 统计：三傻 | Y1: 人数 | Z1: 58
A2: 积分计算规则： 1.每周礼包按照分包总分由高到低分配。组织成员的结余分数=分包总分-礼包耗费。结余分数将计入下周表格的上周得分。 2.分包总分=本周得分+上周得分。 3.本周得分=参战得分+贡献得分+组织副本得分。 4.参战得分= 组织成员本周参战次数。 5.贡献得分= 组织成员截至礼包统计时间的周贡献值除以周贡献参数。 6.组织副本得分 = 指数化组织成员本周组织副本伤害/指数化全员本周组织副本总伤害*组织人数*组织副本平均分 7.每周的组织新人将在本周分包完成后得到新人初始分，公式为AGGREGATE(16,6,全体老成员结余分数数列,1-(新人组织内战力排名-1)/组织人数)。新人初始分将计入新人的上周得分 | Y2: 礼包类别 | Z2: 消耗分数 | AA2: 封印卷個數 | AB2: 通靈卷個數 | AC2: 價值（金幣）
A3: 人物信息 | E3: 参战与贡献 | G3: 组织副本伤害 | N3: 积分统计 | Y3: 跨服传说礼包 | Z3: =AC3/$Z$13 -> 10.625 | AA3: 5 | AB3: 7 | AC3: =AA3*200+AB3*100 -> 1700
A4: 编号 | B4: 人物账号 | C4: 昵称 | D4: 曾用名 | E4: 贡献 | F4: 参战 | G4: Day1 | H4: Day2 | I4: Day3 | J4: Day4 | K4: Day5 | L4: Day6 | M4: *总伤害 | N4: 分包 | O4: 参战得分 | P4: 贡献得分 | Q4: 组织副本得分 | R4: 本周得分 | S4: 上周得分 | T4: 分包总分 | U4: 礼包耗费 | V4: 结余分数 | W4: 新人战力排名 | X4: 新人初始分 | Y4: 跨服英雄礼包 | Z4: =AC4/$Z$13 -> 8.75 | AA4: 4 | AB4: 6 | AC4: =AA4*200+AB4*100 -> 1400
A5: 93 | B5: 1458346420 | C5: Forever`邓sir | E5: 12000 | F5: 3 | G5: 214655 | H5: 242000 | I5: 270000 | J5: 200000 | K5: 0 | L5: 0 | M5: =POWER(SUM(G5:L5),$Z$14) -> 29866.79 | N5: 跨服传说礼包 | O5: =F5 -> 3 | P5: =E5/$Z$12 -> 0.8 | Q5: =$Z$1*$Z$11*M5/SUM(OFFSET($M$5,0,0,COUNTA($M$5:$M$100))) -> 1.6129597 | R5: =O5+P5+Q5 -> 5.4129597 | S5: 16.898947 | T5: =R5+S5 -> 22.311907 | U5: =VLOOKUP(N5,$Y$3:$Z$9,2,FALSE) -> 10.625 | V5: =T5-U5 -> 11.686907 | Y5: 跨服精英礼包 | Z5: =AC5/$Z$13 -> 6.875 | AA5: 3 | AB5: 5 | AC5: =AA5*200+AB5*100 -> 1100
A6: 56 | B6: 10692887209 | C6: Forever`真吾 | E6: 12000 | F6: 3 | G6: 238823 | H6: 239000 | I6: 260000 | J6: 246000 | K6: 0 | L6: 0 | M6: =POWER(SUM(G6:L6),$Z$14) -> 31238.324 | N6: 跨服传说礼包 | O6: =F6 -> 3 | P6: =E6/$Z$12 -> 0.8 | Q6: =$Z$1*$Z$11*M6/SUM(OFFSET($M$5,0,0,COUNTA($M$5:$M$100))) -> 1.6870295 | R6: =O6+P6+Q6 -> 5.4870295 | S6: 16.28 | T6: =R6+S6 -> 21.76703 | U6: =VLOOKUP(N6,$Y$3:$Z$9,2,FALSE) -> 10.625 | V6: =T6-U6 -> 11.14203 | Y6: 传说功勋礼包 | Z6: =AC6/$Z$13 -> 8.125 | AA6: 4 | AB6: 5 | AC6: =AA6*200+AB6*100 -> 1300
A7: 45 | B7: 856609279 | C7: Forever`杜莎 | E7: 11800 | F7: 3 | G7: 184137 | H7: 136000 | I7: 169000 | J7: 146000 | K7: 0 | L7: 0 | M7: =POWER(SUM(G7:L7),$Z$14) -> 22498.344 | N7: 跨服传说礼包 | O7: =F7 -> 3 | P7: =E7/$Z$12 -> 0.78666667 | Q7: =$Z$1*$Z$11*M7/SUM(OFFSET($M$5,0,0,COUNTA($M$5:$M$100))) -> 1.2150259 | R7: =O7+P7+Q7 -> 5.0016925 | S7: 16.56 | T7: =R7+S7 -> 21.561693 | U7: =VLOOKUP(N7,$Y$3:$Z$9,2,FALSE) -> 10.625 | V7: =T7-U7 -> 10.936693 | Y7: 英雄功勋礼包 | Z7: =AC7/$Z$13 -> 6.25 | AA7: 3 | AB7: 4 | AC7: =AA7*200+AB7*100 -> 1000
A8: 1 | B8: 1782151946 | C8: Forever`欢喜 | E8: 6000 | F8: 3 | G8: 311563 | H8: 354000 | I8: 362000 | J8: 243000 | K8: 0 | L8: 0 | M8: =POWER(SUM(G8:L8),$Z$14) -> 37844.01 | N8: 跨服传说礼包 | O8: =F8 -> 3 | P8: =E8/$Z$12 -> 0.4 | Q8: =$Z$1*$Z$11*M8/SUM(OFFSET($M$5,0,0,COUNTA($M$5:$M$100))) -> 2.0437704 | R8: =O8+P8+Q8 -> 5.4437704 | S8: 16.1 | T8: =R8+S8 -> 21.54377 | U8: =VLOOKUP(N8,$Y$3:$Z$9,2,FALSE) -> 10.625 | V8: =T8-U8 -> 10.91877 | Y8: 精英功勋礼包 | Z8: =AC8/$Z$13 -> 4.375 | AA8: 2 | AB8: 3 | AC8: =AA8*200+AB8*100 -> 700
A9: 33 | B9: 1006436515 | C9: Forever`大傻 | E9: 6000 | F9: 3 | G9: 100343 | H9: 110000 | I9: 203000 | J9: 283000 | K9: 0 | L9: 0 | M9: =POWER(SUM(G9:L9),$Z$14) -> 24105.57 | N9: 跨服传说礼包 | O9: =F9 -> 3 | P9: =E9/$Z$12 -> 0.4 | Q9: =$Z$1*$Z$11*M9/SUM(OFFSET($M$5,0,0,COUNTA($M$5:$M$100))) -> 1.3018243 | R9: =O9+P9+Q9 -> 4.7018243 | S9: 16.7 | T9: =R9+S9 -> 21.401824 | U9: =VLOOKUP(N9,$Y$3:$Z$9,2,FALSE) -> 10.625 | V9: =T9-U9 -> 10.776824 | Y9: (未分包) | Z9: 0
A10: 11 | B10: 1993992523 | C10: Forever`白泽 | E10: 9200 | F10: 3 | G10: 234757 | H10: 233000 | I10: 254000 | J10: 0 | K10: 0 | L10: 0 | M10: =POWER(SUM(G10:L10),$Z$14) -> 24762.43 | N10: 跨服传说礼包 | O10: =F10 -> 3 | P10: =E10/$Z$12 -> 0.61333333 | Q10: =$Z$1*$Z$11*M10/SUM(OFFSET($M$5,0,0,COUNTA($M$5:$M$100))) -> 1.3372981 | R10: =O10+P10+Q10 -> 4.9506314 | S10: 16.3 | T10: =R10+S10 -> 21.250631 | U10: =VLOOKUP(N10,$Y$3:$Z$9,2,FALSE) -> 10.625 | V10: =T10-U10 -> 10.625631
A11: 34 | B11: 2021794494 | C11: Forever`劳模 | E11: 6000 | F11: 3 | G11: 0 | H11: 259000 | I11: 251000 | J11: 0 | K11: 0 | L11: 0 | M11: =POWER(SUM(G11:L11),$Z$14) -> 19084.361 | N11: 跨服英雄礼包 | O11: =F11 -> 3 | P11: =E11/$Z$12 -> 0.4 | Q11: =$Z$1*$Z$11*M11/SUM(OFFSET($M$5,0,0,COUNTA($M$5:$M$100))) -> 1.0306533 | R11: =O11+P11+Q11 -> 4.4306533 | S11: 16.76 | T11: =R11+S11 -> 21.190653 | U11: =VLOOKUP(N11,$Y$3:$Z$9,2,FALSE) -> 8.75 | V11: =T11-U11 -> 12.440653 | Y11: 组织副本平均分 | Z11: 1
A12: 49 | B12: 311361673 | C12: Forever`小傻 | E12: 6000 | F12: 3 | G12: 296067 | H12: 298000 | I12: 291000 | J12: 366000 | K12: 0 | L12: 0 | M12: =POWER(SUM(G12:L12),$Z$14) -> 37407.65 | N12: 跨服英雄礼包 | O12: =F12 -> 3 | P12: =E12/$Z$12 -> 0.4 | Q12: =$Z$1*$Z$11*M12/SUM(OFFSET($M$5,0,0,COUNTA($M$5:$M$100))) -> 2.0202047 | R12: =O12+P12+Q12 -> 5.4202047 | S12: 15.72 | T12: =R12+S12 -> 21.140205 | U12: =VLOOKUP(N12,$Y$3:$Z$9,2,FALSE) -> 8.75 | V12: =T12-U12 -> 12.390205 | Y12: 周贡献参数 | Z12: 15000
A13: 16 | B13: 438498603 | C13: Forever`啾啾 | E13: 12000 | F13: 3 | G13: 139322 | H13: 150000 | I13: 0 | J13: 157000 | K13: 0 | L13: 0 | M13: =POWER(SUM(G13:L13),$Z$14) -> 17267.769 | N13: 跨服英雄礼包 | O13: =F13 -> 3 | P13: =E13/$Z$12 -> 0.8 | Q13: =$Z$1*$Z$11*M13/SUM(OFFSET($M$5,0,0,COUNTA($M$5:$M$100))) -> 0.93254797 | R13: =O13+P13+Q13 -> 4.732548 | S13: 16.22 | T13: =R13+S13 -> 20.952548 | U13: =VLOOKUP(N13,$Y$3:$Z$9,2,FALSE) -> 8.75 | V13: =T13-U13 -> 12.202548 | Y13: 礼包消耗参数 | Z13: 160
A14: 89 | B14: 1582701118 | C14: Forever`阿呆 | E14: 6000 | F14: 3 | G14: 125790 | H14: 105000 | I14: 106000 | J14: 127000 | K14: 0 | L14: 0 | M14: =POWER(SUM(G14:L14),$Z$14) -> 17772.194 | N14: 跨服英雄礼包 | O14: =F14 -> 3 | P14: =E14/$Z$12 -> 0.4 | Q14: =$Z$1*$Z$11*M14/SUM(OFFSET($M$5,0,0,COUNTA($M$5:$M$100))) -> 0.9597895 | R14: =O14+P14+Q14 -> 4.3597895 | S14: 16.5 | T14: =R14+S14 -> 20.859789 | U14: =VLOOKUP(N14,$Y$3:$Z$9,2,FALSE) -> 8.75 | V14: =T14-U14 -> 12.109789 | Y14: *组织副本指数 | Z14: 0.75
A15: 28 | B15: 1824296264 | C15: Forever`鹿丸 | E15: 12000 | F15: 3 | G15: 0 | H15: 106000 | I15: 0 | J15: 0 | K15: 0 | L15: 0 | M15: =POWER(SUM(G15:L15),$Z$14) -> 5874.6149 | N15: 跨服英雄礼包 | O15: =F15 -> 3 | P15: =E15/$Z$12 -> 0.8 | Q15: =$Z$1*$Z$11*M15/SUM(OFFSET($M$5,0,0,COUNTA($M$5:$M$100))) -> 0.3172593 | R15: =O15+P15+Q15 -> 4.1172593 | S15: 16.52 | T15: =R15+S15 -> 20.637259 | U15: =VLOOKUP(N15,$Y$3:$Z$9,2,FALSE) -> 8.75 | V15: =T15-U15 -> 11.887259 | Y15: 年 | Z15: 2019
A16: 43 | B16: 1853818182 | C16: Forever`阿良 | E16: 12000 | F16: 3 | G16: 375521 | H16: 420000 | I16: 214000 | J16: 333000 | K16: 0 | L16: 0 | M16: =POWER(SUM(G16:L16),$Z$14) -> 39440.355 | N16: 跨服精英礼包 | O16: =F16 -> 3 | P16: =E16/$Z$12 -> 0.8 | Q16: =$Z$1*$Z$11*M16/SUM(OFFSET($M$5,0,0,COUNTA($M$5:$M$100))) -> 2.1299812 | R16: =O16+P16+Q16 -> 5.9299812 | S16: 14.6 | T16: =R16+S16 -> 20.529981 | U16: =VLOOKUP(N16,$Y$3:$Z$9,2,FALSE) -> 6.875 | V16: =T16-U16 -> 13.654981 | Y16: 月 | Z16: 11
A17: 23 | B17: 340156892 | C17: Forever`三傻 | E17: 6000 | F17: 3 | G17: 122369 | H17: 272000 | I17: 264000 | J17: 132000 | K17: 0 | L17: 0 | M17: =POWER(SUM(G17:L17),$Z$14) -> 26507.723 | N17: 跨服精英礼包 | O17: =F17 -> 3 | P17: =E17/$Z$12 -> 0.4 | Q17: =$Z$1*$Z$11*M17/SUM(OFFSET($M$5,0,0,COUNTA($M$5:$M$100))) -> 1.4315528 | R17: =O17+P17+Q17 -> 4.8315528 | S17: 15.48 | T17: =R17+S17 -> 20.311553 | U17: =VLOOKUP(N17,$Y$3:$Z$9,2,FALSE) -> 6.875 | V17: =T17-U17 -> 13.436553 | Y17: 日 | Z17: 24
A18: 57 | B18: 446583427 | C18: Forever`习惯 | D18: 习惯 | E18: 6000 | F18: 3 | G18: 231995 | H18: 258000 | I18: 307000 | J18: 301000 | K18: 0 | L18: 0 | M18: =POWER(SUM(G18:L18),$Z$14) -> 33919.565 | N18: 跨服精英礼包 | O18: =F18 -> 3 | P18: =E18/$Z$12 -> 0.4 | Q18: =$Z$1*$Z$11*M18/SUM(OFFSET($M$5,0,0,COUNTA($M$5:$M$100))) -> 1.8318303 | R18: =O18+P18+Q18 -> 5.2318303 | S18: 14.95 | T18: =R18+S18 -> 20.18183 | U18: =VLOOKUP(N18,$Y$3:$Z$9,2,FALSE) -> 6.875 | V18: =T18-U18 -> 13.30683
A19: 46 | B19: 2109182835 | C19: Forever`帆锅 | E19: 6000 | F19: 3 | G19: 265743 | H19: 277000 | I19: 266000 | J19: 181000 | K19: 0 | L19: 0 | M19: =POWER(SUM(G19:L19),$Z$14) -> 31379.197 | N19: 跨服精英礼包 | O19: =F19 -> 3 | P19: =E19/$Z$12 -> 0.4 | Q19: =$Z$1*$Z$11*M19/SUM(OFFSET($M$5,0,0,COUNTA($M$5:$M$100))) -> 1.6946374 | R19: =O19+P19+Q19 -> 5.0946374 | S19: 15.4 | T19: =R19+S19 -> 20.494637 | U19: =VLOOKUP(N19,$Y$3:$Z$9,2,FALSE) -> 6.875 | V19: =T19-U19 -> 13.619637
A20: 5 | B20: 1044399218 | C20: Forever`輪回 | E20: 12000 | F20: 3 | G20: 219834 | H20: 277000 | I20: 241000 | J20: 197000 | K20: 0 | L20: 0 | M20: =POWER(SUM(G20:L20),$Z$14) -> 30064.285 | N20: 跨服精英礼包 | O20: =F20 -> 3 | P20: =E20/$Z$12 -> 0.8 | Q20: =$Z$1*$Z$11*M20/SUM(OFFSET($M$5,0,0,COUNTA($M$5:$M$100))) -> 1.6236254 | R20: =O20+P20+Q20 -> 5.4236254 | S20: 14.7 | T20: =R20+S20 -> 20.123625 | U20: =VLOOKUP(N20,$Y$3:$Z$9,2,FALSE) -> 6.875 | V20: =T20-U20 -> 13.248625
A21: 62 | B21: 643913124 | C21: Forever`Thoma | E21: 6000 | F21: 3 | G21: 172402 | H21: 155000 | I21: 183000 | J21: 207000 | K21: 0 | L21: 0 | M21: =POWER(SUM(G21:L21),$Z$14) -> 24650.285 | N21: 跨服精英礼包 | O21: =F21 -> 3 | P21: =E21/$Z$12 -> 0.4 | Q21: =$Z$1*$Z$11*M21/SUM(OFFSET($M$5,0,0,COUNTA($M$5:$M$100))) -> 1.3312416 | R21: =O21+P21+Q21 -> 4.7312416 | S21: 15.185714 | T21: =R21+S21 -> 19.916956 | U21: =VLOOKUP(N21,$Y$3:$Z$9,2,FALSE) -> 6.875 | V21: =T21-U21 -> 13.041956
A22: 12 | B22: 1137897317 | C22: Forever`仙尊 | E22: 6000 | F22: 3 | G22: 297765 | H22: 299000 | I22: 319000 | J22: 185000 | K22: 0 | L22: 0 | M22: =POWER(SUM(G22:L22),$Z$14) -> 33983.723 | N22: 跨服精英礼包 | O22: =F22 -> 3 | P22: =E22/$Z$12 -> 0.4 | Q22: =$Z$1*$Z$11*M22/SUM(OFFSET($M$5,0,0,COUNTA($M$5:$M$100))) -> 1.8352952 | R22: =O22+P22+Q22 -> 5.2352952 | S22: 14.64 | T22: =R22+S22 -> 19.875295 | U22: =VLOOKUP(N22,$Y$3:$Z$9,2,FALSE) -> 6.875 | V22: =T22-U22 -> 13.000295
A23: 53 | B23: 500959924 | C23: Forever`清风 | E23: 6800 | F23: 3 | G23: 277580 | H23: 281000 | I23: 295000 | J23: 348000 | K23: 0 | L23: 0 | M23: =POWER(SUM(G23:L23),$Z$14) -> 36292.302 | N23: 跨服精英礼包 | O23: =F23 -> 3 | P23: =E23/$Z$12 -> 0.45333333 | Q23: =$Z$1*$Z$11*M23/SUM(OFFSET($M$5,0,0,COUNTA($M$5:$M$100))) -> 1.9599702 | R23: =O23+P23+Q23 -> 5.4133036 | S23: 14.2 | T23: =R23+S23 -> 19.613304 | U23: =VLOOKUP(N23,$Y$3:$Z$9,2,FALSE) -> 6.875 | V23: =T23-U23 -> 12.738304
A24: 8 | B24: 988820081 | C24: Forever`法师 | D24: Forever`了佳 | E24: 6000 | F24: 3 | G24: 135437 | H24: 67000 | I24: 81000 | J24: 0 | K24: 0 | L24: 0 | M24: =POWER(SUM(G24:L24),$Z$14) -> 12284.074 | N24: 跨服精英礼包 | O24: =F24 -> 3 | P24: =E24/$Z$12 -> 0.4 | Q24: =$Z$1*$Z$11*M24/SUM(OFFSET($M$5,0,0,COUNTA($M$5:$M$100))) -> 0.6634029 | R24: =O24+P24+Q24 -> 4.0634029 | S24: 15.4 | T24: =R24+S24 -> 19.463403 | U24: =VLOOKUP(N24,$Y$3:$Z$9,2,FALSE) -> 6.875 | V24: =T24-U24 -> 12.588403
A25: 58 | B25: 1875367946 | C25: Forever`大欢 | E25: 6000 | F25: 3 | G25: 244966 | H25: 305000 | I25: 349000 | J25: 278000 | K25: 0 | L25: 0 | M25: =POWER(SUM(G25:L25),$Z$14) -> 35733.285 | N25: 跨服精英礼包 | O25: =F25 -> 3 | P25: =E25/$Z$12 -> 0.4 | Q25: =$Z$1*$Z$11*M25/SUM(OFFSET($M$5,0,0,COUNTA($M$5:$M$100))) -> 1.9297804 | R25: =O25+P25+Q25 -> 5.3297804 | S25: 14.362857 | T25: =R25+S25 -> 19.692638 | U25: =VLOOKUP(N25,$Y$3:$Z$9,2,FALSE) -> 6.875 | V25: =T25-U25 -> 12.817638
A26: 69 | B26: 1588894627 | C26: Forever`时光 | E26: 6000 | F26: 3 | G26: 0 | H26: 120000 | I26: 183000 | J26: 176000 | K26: 0 | L26: 0 | M26: =POWER(SUM(G26:L26),$Z$14) -> 18207.555 | N26: 跨服精英礼包 | O26: =F26 -> 3 | P26: =E26/$Z$12 -> 0.4 | Q26: =$Z$1*$Z$11*M26/SUM(OFFSET($M$5,0,0,COUNTA($M$5:$M$100))) -> 0.98330126 | R26: =O26+P26+Q26 -> 4.3833013 | S26: 14.8725 | T26: =R26+S26 -> 19.255801 | U26: =VLOOKUP(N26,$Y$3:$Z$9,2,FALSE) -> 6.875 | V26: =T26-U26 -> 12.380801
A27: 10 | B27: 2108977014 | C27: Forever`随风 | E27: 9000 | F27: 3 | G27: 238153 | H27: 274000 | I27: 0 | J27: 240000 | K27: 0 | L27: 0 | M27: =POWER(SUM(G27:L27),$Z$14) -> 25540.515 | N27: (未分包) | O27: =F27 -> 3 | P27: =E27/$Z$12 -> 0.6 | Q27: =$Z$1*$Z$11*M27/SUM(OFFSET($M$5,0,0,COUNTA($M$5:$M$100))) -> 1.3793186 | R27: =O27+P27+Q27 -> 4.9793186 | S27: 14.18 | T27: =R27+S27 -> 19.159319 | U27: =VLOOKUP(N27,$Y$3:$Z$9,2,FALSE) -> 0 | V27: =T27-U27 -> 19.159319
A28: 82 | B28: 982362214 | C28: Forever`纯 | E28: 6000 | F28: 3 | G28: 143437 | H28: 182000 | I28: 182000 | J28: 136000 | K28: 0 | L28: 0 | M28: =POWER(SUM(G28:L28),$Z$14) -> 22718.493 | N28: (未分包) | O28: =F28 -> 3 | P28: =E28/$Z$12 -> 0.4 | Q28: =$Z$1*$Z$11*M28/SUM(OFFSET($M$5,0,0,COUNTA($M$5:$M$100))) -> 1.226915 | R28: =O28+P28+Q28 -> 4.626915 | S28: 14.442857 | T28: =R28+S28 -> 19.069772 | U28: =VLOOKUP(N28,$Y$3:$Z$9,2,FALSE) -> 0 | V28: =T28-U28 -> 19.069772
A29: 35 | C29: 神罗天征 | E29: 0 | F29: 0 | G29: 0 | H29: 0 | I29: 0 | J29: 0 | K29: 0 | L29: 0 | M29: =POWER(SUM(G29:L29),$Z$14) -> 0 | N29: (未分包) | O29: =F29 -> 0 | P29: =E29/$Z$12 -> 0 | Q29: =$Z$1*$Z$11*M29/SUM(OFFSET($M$5,0,0,COUNTA($M$5:$M$100))) -> 0 | R29: =O29+P29+Q29 -> 0 | S29: #N/A | T29: =R29+S29 -> #N/A | U29: =VLOOKUP(N29,$Y$3:$Z$9,2,FALSE) -> 0 | V29: =T29-U29 -> #N/A
A30: 87 | B30: 1126397085 | C30: 【镜像】夜幕 | E30: 6000 | F30: 3 | G30: 90653 | H30: 117000 | I30: 120000 | J30: 167000 | K30: 0 | L30: 0 | M30: =POWER(SUM(G30:L30),$Z$14) -> 18652.003 | N30: (未分包) | O30: =F30 -> 3 | P30: =E30/$Z$12 -> 0.4 | Q30: =$Z$1*$Z$11*M30/SUM(OFFSET($M$5,0,0,COUNTA($M$5:$M$100))) -> 1.0073037 | R30: =O30+P30+Q30 -> 4.4073037 | S30: 14.66 | T30: =R30+S30 -> 19.067304 | U30: =VLOOKUP(N30,$Y$3:$Z$9,2,FALSE) -> 0 | V30: =T30-U30 -> 19.067304
A31: 73 | B31: 1326195449 | C31: Forever`靓仔 | E31: 12000 | F31: 3 | G31: 0 | H31: 2427 | I31: 8500 | J31: 9315 | K31: 0 | L31: 0 | M31: =POWER(SUM(G31:L31),$Z$14) -> 1697.0321 | N31: (未分包) | O31: =F31 -> 3 | P31: =E31/$Z$12 -> 0.8 | Q31: =$Z$1*$Z$11*M31/SUM(OFFSET($M$5,0,0,COUNTA($M$5:$M$100))) -> 0.091648429 | R31: =O31+P31+Q31 -> 3.8916484 | S31: 14.597857 | T31: =R31+S31 -> 18.489506 | U31: =VLOOKUP(N31,$Y$3:$Z$9,2,FALSE) -> 0 | V31: =T31-U31 -> 18.489506
A32: 105 | B32: 1172805144 | C32: Forever`白茶 | E32: 6000 | F32: 3 | G32: 22913 | H32: 17000 | I32: 37000 | J32: 32000 | K32: 0 | L32: 0 | M32: =POWER(SUM(G32:L32),$Z$14) -> 5995.2844 | N32: (未分包) | O32: =F32 -> 3 | P32: =E32/$Z$12 -> 0.4 | Q32: =$Z$1*$Z$11*M32/SUM(OFFSET($M$5,0,0,COUNTA($M$5:$M$100))) -> 0.32377607 | R32: =O32+P32+Q32 -> 3.7237761 | S32: 13.848219 | T32: =R32+S32 -> 17.571995 | U32: =VLOOKUP(N32,$Y$3:$Z$9,2,FALSE) -> 0 | V32: =T32-U32 -> 17.571995
A33: 107 | B33: 662528105 | C33: Forever`奈良 | E33: 6000 | F33: 3 | G33: 46793 | H33: 63000 | I33: 74000 | J33: 88000 | K33: 0 | L33: 0 | M33: =POWER(SUM(G33:L33),$Z$14) -> 11903.61 | N33: (未分包) | O33: =F33 -> 3 | P33: =E33/$Z$12 -> 0.4 | Q33: =$Z$1*$Z$11*M33/SUM(OFFSET($M$5,0,0,COUNTA($M$5:$M$100))) -> 0.64285594 | R33: =O33+P33+Q33 -> 4.0428559 | S33: 12.172709 | T33: =R33+S33 -> 16.215565 | U33: =VLOOKUP(N33,$Y$3:$Z$9,2,FALSE) -> 0 | V33: =T33-U33 -> 16.215565
A34: 92 | B34: 1367873925 | C34: Forever`大九 | D34: 月城十忍 | E34: 12000 | F34: 3 | G34: 75945 | H34: 143000 | I34: 212000 | J34: 177000 | K34: 0 | L34: 0 | M34: =POWER(SUM(G34:L34),$Z$14) -> 21771.995 | N34: (未分包) | O34: =F34 -> 3 | P34: =E34/$Z$12 -> 0.8 | Q34: =$Z$1*$Z$11*M34/SUM(OFFSET($M$5,0,0,COUNTA($M$5:$M$100))) -> 1.1757992 | R34: =O34+P34+Q34 -> 4.9757992 | S34: 8.7971429 | T34: =R34+S34 -> 13.772942 | U34: =VLOOKUP(N34,$Y$3:$Z$9,2,FALSE) -> 0 | V34: =T34-U34 -> 13.772942
A35: 110 | B35: 1968703358 | C35: Hill | E35: 7200 | F35: 3 | G35: 106726 | H35: 122000 | I35: 145000 | J35: 67000 | K35: 0 | L35: 0 | M35: =POWER(SUM(G35:L35),$Z$14) -> 17105.135 | N35: (未分包) | O35: =F35 -> 3 | P35: =E35/$Z$12 -> 0.48 | Q35: =$Z$1*$Z$11*M35/SUM(OFFSET($M$5,0,0,COUNTA($M$5:$M$100))) -> 0.92376491 | R35: =O35+P35+Q35 -> 4.4037649 | S35: 13.021126 | T35: =R35+S35 -> 17.42489 | U35: =VLOOKUP(N35,$Y$3:$Z$9,2,FALSE) -> 0 | V35: =T35-U35 -> 17.42489 | W35: 30 | X35: =_xlfn.AGGREGATE(16,6,$V$5:$V$57,1-(W35-1)/$Z$1) -> 13.245797
A36: 111 | B36: 821132395 | C36: Forever`小龙 | E36: 6000 | F36: 3 | G36: 65852 | H36: 63000 | I36: 47000 | J36: 101000 | K36: 0 | L36: 0 | M36: =POWER(SUM(G36:L36),$Z$14) -> 12069.402 | N36: (未分包) | O36: =F36 -> 3 | P36: =E36/$Z$12 -> 0.4 | Q36: =$Z$1*$Z$11*M36/SUM(OFFSET($M$5,0,0,COUNTA($M$5:$M$100))) -> 0.65180953 | R36: =O36+P36+Q36 -> 4.0518095 | S36: 12.425867 | T36: =R36+S36 -> 16.477676 | U36: =VLOOKUP(N36,$Y$3:$Z$9,2,FALSE) -> 0 | V36: =T36-U36 -> 16.477676 | W36: 40 | X36: =_xlfn.AGGREGATE(16,6,$V$5:$V$57,1-(W36-1)/$Z$1) -> 12.588289
A37: 116 | B37: 2122596917 | C37: 爱思妍 | E37: 4000 | F37: 3 | G37: 0 | H37: 0 | I37: 53000 | J37: 69000 | K37: 0 | L37: 0 | M37: =POWER(SUM(G37:L37),$Z$14) -> 6527.8456 | N37: (未分包) | O37: =F37 -> 3 | P37: =E37/$Z$12 -> 0.26666667 | Q37: =$Z$1*$Z$11*M37/SUM(OFFSET($M$5,0,0,COUNTA($M$5:$M$100))) -> 0.3525371 | R37: =O37+P37+Q37 -> 3.6192038 | S37: 12.010571 | T37: =R37+S37 -> 15.629775 | U37: =VLOOKUP(N37,$Y$3:$Z$9,2,FALSE) -> 0 | V37: =T37-U37 -> 15.629775 | W37: 46 | X37: =_xlfn.AGGREGATE(16,6,$V$5:$V$57,1-(W37-1)/$Z$1) -> 12.36037
A38: 15 | B38: 388960345 | C38: Forever`Gai | E38: 6000 | F38: 2 | G38: 180773 | H38: 211000 | I38: 260000 | J38: 233000 | K38: 0 | L38: 0 | M38: =POWER(SUM(G38:L38),$Z$14) -> 28848.544 | N38: 跨服精英礼包 | O38: =F38 -> 2 | P38: =E38/$Z$12 -> 0.4 | Q38: =$Z$1*$Z$11*M38/SUM(OFFSET($M$5,0,0,COUNTA($M$5:$M$100))) -> 1.5579692 | R38: =O38+P38+Q38 -> 3.9579692 | S38: 16.16 | T38: =R38+S38 -> 20.117969 | U38: =VLOOKUP(N38,$Y$3:$Z$9,2,FALSE) -> 6.875 | V38: =T38-U38 -> 13.242969
A39: 84 | B39: 1115930957 | C39: Forever`手鞠 | E39: 6000 | F39: 2 | G39: 242906 | H39: 300000 | I39: 279000 | J39: 283000 | K39: 0 | L39: 0 | M39: =POWER(SUM(G39:L39),$Z$14) -> 34079.562 | N39: 跨服精英礼包 | O39: =F39 -> 2 | P39: =E39/$Z$12 -> 0.4 | Q39: =$Z$1*$Z$11*M39/SUM(OFFSET($M$5,0,0,COUNTA($M$5:$M$100))) -> 1.8404709 | R39: =O39+P39+Q39 -> 4.2404709 | S39: 15.22 | T39: =R39+S39 -> 19.460471 | U39: =VLOOKUP(N39,$Y$3:$Z$9,2,FALSE) -> 6.875 | V39: =T39-U39 -> 12.585471
A40: 77 | B40: 904395212 | C40: Forever`飞鸟 | D40: 飞鸟九 | E40: 12000 | F40: 2 | G40: 262438 | H40: 293000 | I40: 282000 | J40: 223000 | K40: 0 | L40: 0 | M40: =POWER(SUM(G40:L40),$Z$14) -> 33045.624 | N40: 跨服精英礼包 | O40: =F40 -> 2 | P40: =E40/$Z$12 -> 0.8 | Q40: =$Z$1*$Z$11*M40/SUM(OFFSET($M$5,0,0,COUNTA($M$5:$M$100))) -> 1.784633 | R40: =O40+P40+Q40 -> 4.584633 | S40: 15.197143 | T40: =R40+S40 -> 19.781776 | U40: =VLOOKUP(N40,$Y$3:$Z$9,2,FALSE) -> 6.875 | V40: =T40-U40 -> 12.906776
A41: 2 | B41: 13685366739 | C41: Forever`弟弟 | E41: 6000 | F41: 2 | G41: 252546 | H41: 247000 | I41: 0 | J41: 351000 | K41: 0 | L41: 0 | M41: =POWER(SUM(G41:L41),$Z$14) -> 28007.436 | N41: 跨服精英礼包 | O41: =F41 -> 2 | P41: =E41/$Z$12 -> 0.4 | Q41: =$Z$1*$Z$11*M41/SUM(OFFSET($M$5,0,0,COUNTA($M$5:$M$100))) -> 1.512545 | R41: =O41+P41+Q41 -> 3.912545 | S41: 15.84 | T41: =R41+S41 -> 19.752545 | U41: =VLOOKUP(N41,$Y$3:$Z$9,2,FALSE) -> 6.875 | V41: =T41-U41 -> 12.877545
A42: 72 | B42: 1555569254 | C42: Forever`火年 | E42: 12000 | F42: 2 | G42: 143207 | H42: 188000 | I42: 0 | J42: 0 | K42: 0 | L42: 0 | M42: =POWER(SUM(G42:L42),$Z$14) -> 13806.215 | N42: 跨服精英礼包 | O42: =F42 -> 2 | P42: =E42/$Z$12 -> 0.8 | Q42: =$Z$1*$Z$11*M42/SUM(OFFSET($M$5,0,0,COUNTA($M$5:$M$100))) -> 0.74560633 | R42: =O42+P42+Q42 -> 3.5456063 | S42: 15.674286 | T42: =R42+S42 -> 19.219892 | U42: =VLOOKUP(N42,$Y$3:$Z$9,2,FALSE) -> 6.875 | V42: =T42-U42 -> 12.344892
A43: 100 | B43: 1516934519 | C43: Forever`烟灰 | E43: 6000 | F43: 2 | G43: 156705 | H43: 0 | I43: 173000 | J43: 0 | K43: 0 | L43: 0 | M43: =POWER(SUM(G43:L43),$Z$14) -> 13759.231 | N43: (未分包) | O43: =F43 -> 2 | P43: =E43/$Z$12 -> 0.4 | Q43: =$Z$1*$Z$11*M43/SUM(OFFSET($M$5,0,0,COUNTA($M$5:$M$100))) -> 0.74306894 | R43: =O43+P43+Q43 -> 3.1430689 | S43: 15.301053 | T43: =R43+S43 -> 18.444122 | U43: =VLOOKUP(N43,$Y$3:$Z$9,2,FALSE) -> 0 | V43: =T43-U43 -> 18.444122
A44: 51 | B44: 224931272 | C44: Forever`sky | E44: 7000 | F44: 2 | G44: 106726 | H44: 98000 | I44: 167000 | J44: 179000 | K44: 0 | L44: 0 | M44: =POWER(SUM(G44:L44),$Z$14) -> 20216.301 | N44: (未分包) | O44: =F44 -> 2 | P44: =E44/$Z$12 -> 0.46666667 | Q44: =$Z$1*$Z$11*M44/SUM(OFFSET($M$5,0,0,COUNTA($M$5:$M$100))) -> 1.0917838 | R44: =O44+P44+Q44 -> 3.5584505 | S44: 13.56 | T44: =R44+S44 -> 17.11845 | U44: =VLOOKUP(N44,$Y$3:$Z$9,2,FALSE) -> 0 | V44: =T44-U44 -> 17.11845
A45: 103 | B45: 1540443440 | C45: Forever`暖男 | D45: 威士忌的碎冰 | E45: 6000 | F45: 2 | G45: 60047 | H45: 70000 | I45: 66000 | J45: 86000 | K45: 0 | L45: 0 | M45: =POWER(SUM(G45:L45),$Z$14) -> 12238.864 | N45: (未分包) | O45: =F45 -> 2 | P45: =E45/$Z$12 -> 0.4 | Q45: =$Z$1*$Z$11*M45/SUM(OFFSET($M$5,0,0,COUNTA($M$5:$M$100))) -> 0.66096136 | R45: =O45+P45+Q45 -> 3.0609614 | S45: 12.457895 | T45: =R45+S45 -> 15.518856 | U45: =VLOOKUP(N45,$Y$3:$Z$9,2,FALSE) -> 0 | V45: =T45-U45 -> 15.518856
A46: 78 | B46: 783202763 | C46: Forever`武陽 | E46: 6000 | F46: 2 | G46: 80859 | H46: 100000 | I46: 138000 | J46: 0 | K46: 0 | L46: 0 | M46: =POWER(SUM(G46:L46),$Z$14) -> 13418.347 | N46: (未分包) | O46: =F46 -> 2 | P46: =E46/$Z$12 -> 0.4 | Q46: =$Z$1*$Z$11*M46/SUM(OFFSET($M$5,0,0,COUNTA($M$5:$M$100))) -> 0.72465946 | R46: =O46+P46+Q46 -> 3.1246595 | S46: 6.7 | T46: =R46+S46 -> 9.8246595 | U46: =VLOOKUP(N46,$Y$3:$Z$9,2,FALSE) -> 0 | V46: =T46-U46 -> 9.8246595
A47: 113 | B47: 1213805661 | C47: 江南 | E47: 6000 | F47: 2 | G47: 28354 | H47: 26000 | I47: 36000 | J47: 58000 | K47: 0 | L47: 0 | M47: =POWER(SUM(G47:L47),$Z$14) -> 7559.1758 | N47: (未分包) | O47: =F47 -> 2 | P47: =E47/$Z$12 -> 0.4 | Q47: =$Z$1*$Z$11*M47/SUM(OFFSET($M$5,0,0,COUNTA($M$5:$M$100))) -> 0.40823422 | R47: =O47+P47+Q47 -> 2.8082342 | S47: 9.4708787 | T47: =R47+S47 -> 12.279113 | U47: =VLOOKUP(N47,$Y$3:$Z$9,2,FALSE) -> 0 | V47: =T47-U47 -> 12.279113 | W47: 58 | X47: =_xlfn.AGGREGATE(16,6,$V$5:$V$57,1-(W47-1)/$Z$1) -> 10.528962
A48: 27 | B48: 2114875544 | C48: Forever`為你 | E48: 12000 | F48: 1 | G48: 102312 | H48: 153000 | I48: 138000 | J48: 148000 | K48: 0 | L48: 0 | M48: =POWER(SUM(G48:L48),$Z$14) -> 19956.563 | N48: (未分包) | O48: =F48 -> 1 | P48: =E48/$Z$12 -> 0.8 | Q48: =$Z$1*$Z$11*M48/SUM(OFFSET($M$5,0,0,COUNTA($M$5:$M$100))) -> 1.0777566 | R48: =O48+P48+Q48 -> 2.8777566 | S48: 15.68 | T48: =R48+S48 -> 18.557757 | U48: =VLOOKUP(N48,$Y$3:$Z$9,2,FALSE) -> 0 | V48: =T48-U48 -> 18.557757
A49: 17 | B49: 1111683644 | C49: Forever`珞珞 | E49: 6000 | F49: 1 | G49: 0 | H49: 100000 | I49: 0 | J49: 154000 | K49: 0 | L49: 0 | M49: =POWER(SUM(G49:L49),$Z$14) -> 11314.237 | N49: (未分包) | O49: =F49 -> 1 | P49: =E49/$Z$12 -> 0.4 | Q49: =$Z$1*$Z$11*M49/SUM(OFFSET($M$5,0,0,COUNTA($M$5:$M$100))) -> 0.61102678 | R49: =O49+P49+Q49 -> 2.0110268 | S49: 13.1 | T49: =R49+S49 -> 15.111027 | U49: =VLOOKUP(N49,$Y$3:$Z$9,2,FALSE) -> 0 | V49: =T49-U49 -> 15.111027
A50: 26 | B50: 1754932067 | C50: Forever`二傻 | E50: 6000 | F50: 1 | G50: 161301 | H50: 155000 | I50: 198000 | J50: 206000 | K50: 0 | L50: 0 | M50: =POWER(SUM(G50:L50),$Z$14) -> 24724.955 | N50: (未分包) | O50: =F50 -> 1 | P50: =E50/$Z$12 -> 0.4 | Q50: =$Z$1*$Z$11*M50/SUM(OFFSET($M$5,0,0,COUNTA($M$5:$M$100))) -> 1.3352742 | R50: =O50+P50+Q50 -> 2.7352742 | S50: 9.9 | T50: =R50+S50 -> 12.635274 | U50: =VLOOKUP(N50,$Y$3:$Z$9,2,FALSE) -> 0 | V50: =T50-U50 -> 12.635274
A51: 112 | B51: 1820590372 | C51: 南街 | E51: 6000 | F51: 1 | G51: 42234 | H51: 38000 | I51: 35000 | J51: 0 | K51: 0 | L51: 0 | M51: =POWER(SUM(G51:L51),$Z$14) -> 6254.3975 | N51: (未分包) | O51: =F51 -> 1 | P51: =E51/$Z$12 -> 0.4 | Q51: =$Z$1*$Z$11*M51/SUM(OFFSET($M$5,0,0,COUNTA($M$5:$M$100))) -> 0.3377695 | R51: =O51+P51+Q51 -> 1.7377695 | S51: 10.850245 | T51: =R51+S51 -> 12.588014 | U51: =VLOOKUP(N51,$Y$3:$Z$9,2,FALSE) -> 0 | V51: =T51-U51 -> 12.588014 | W51: 55 | X51: =_xlfn.AGGREGATE(16,6,$V$5:$V$57,1-(W51-1)/$Z$1) -> 10.92804
A52: 99 | B52: 1797454822 | C52: Forever`誓言 | E52: 12000 | F52: 0 | G52: 60937 | H52: 52000 | I52: 45000 | J52: 0 | K52: 0 | L52: 0 | M52: =POWER(SUM(G52:L52),$Z$14) -> 7922.5121 | N52: (未分包) | O52: =F52 -> 0 | P52: =E52/$Z$12 -> 0.8 | Q52: =$Z$1*$Z$11*M52/SUM(OFFSET($M$5,0,0,COUNTA($M$5:$M$100))) -> 0.42785624 | R52: =O52+P52+Q52 -> 1.2278562 | S52: 14.5 | T52: =R52+S52 -> 15.727856 | U52: =VLOOKUP(N52,$Y$3:$Z$9,2,FALSE) -> 0 | V52: =T52-U52 -> 15.727856
A53: 54 | B53: 765028471 | C53: Forever`XXX | E53: 0 | F53: 0 | G53: 188770 | H53: 0 | I53: 170000 | J53: 198000 | K53: 0 | L53: 0 | M53: =POWER(SUM(G53:L53),$Z$14) -> 20382.473 | N53: (未分包) | O53: =F53 -> 0 | P53: =E53/$Z$12 -> 0 | Q53: =$Z$1*$Z$11*M53/SUM(OFFSET($M$5,0,0,COUNTA($M$5:$M$100))) -> 1.1007579 | R53: =O53+P53+Q53 -> 1.1007579 | S53: 14.3 | T53: =R53+S53 -> 15.400758 | U53: =VLOOKUP(N53,$Y$3:$Z$9,2,FALSE) -> 0 | V53: =T53-U53 -> 15.400758
A54: 76 | B54: 1933336110 | C54: Forever`无聊 | D54: 宇智波四 | E54: 0 | F54: 0 | G54: 0 | H54: 0 | I54: 0 | J54: 0 | K54: 0 | L54: 0 | M54: =POWER(SUM(G54:L54),$Z$14) -> 0 | N54: (未分包) | O54: =F54 -> 0 | P54: =E54/$Z$12 -> 0 | Q54: =$Z$1*$Z$11*M54/SUM(OFFSET($M$5,0,0,COUNTA($M$5:$M$100))) -> 0 | R54: =O54+P54+Q54 -> 0 | S54: 15.110714 | T54: =R54+S54 -> 15.110714 | U54: =VLOOKUP(N54,$Y$3:$Z$9,2,FALSE) -> 0 | V54: =T54-U54 -> 15.110714
A55: 102 | B55: 699640991 | C55: Forever`收皮 | E55: 0 | F55: 0 | G55: 137193 | H55: 0 | I55: 0 | J55: 0 | K55: 0 | L55: 0 | M55: =POWER(SUM(G55:L55),$Z$14) -> 7128.5133 | N55: (未分包) | O55: =F55 -> 0 | P55: =E55/$Z$12 -> 0 | Q55: =$Z$1*$Z$11*M55/SUM(OFFSET($M$5,0,0,COUNTA($M$5:$M$100))) -> 0.38497624 | R55: =O55+P55+Q55 -> 0.38497624 | S55: 14.371278 | T55: =R55+S55 -> 14.756254 | U55: =VLOOKUP(N55,$Y$3:$Z$9,2,FALSE) -> 0 | V55: =T55-U55 -> 14.756254
A56: 94 | B56: 1885772704 | C56: Forever`爱 | E56: 6000 | F56: 0 | G56: 0 | H56: 59000 | I56: 0 | J56: 0 | K56: 0 | L56: 0 | M56: =POWER(SUM(G56:L56),$Z$14) -> 3785.6374 | N56: (未分包) | O56: =F56 -> 0 | P56: =E56/$Z$12 -> 0.4 | Q56: =$Z$1*$Z$11*M56/SUM(OFFSET($M$5,0,0,COUNTA($M$5:$M$100))) -> 0.20444381 | R56: =O56+P56+Q56 -> 0.60444381 | S56: 13.752632 | T56: =R56+S56 -> 14.357075 | U56: =VLOOKUP(N56,$Y$3:$Z$9,2,FALSE) -> 0 | V56: =T56-U56 -> 14.357075
A57: 86 | B57: 668436981 | C57: Forever`一笑 | E57: 0 | F57: 0 | G57: 0 | H57: 0 | I57: 0 | J57: 0 | K57: 0 | L57: 0 | M57: =POWER(SUM(G57:L57),$Z$14) -> 0 | N57: (未分包) | O57: =F57 -> 0 | P57: =E57/$Z$12 -> 0 | Q57: =$Z$1*$Z$11*M57/SUM(OFFSET($M$5,0,0,COUNTA($M$5:$M$100))) -> 0 | R57: =O57+P57+Q57 -> 0 | S57: 14.2 | T57: =R57+S57 -> 14.2 | U57: =VLOOKUP(N57,$Y$3:$Z$9,2,FALSE) -> 0 | V57: =T57-U57 -> 14.2
A58: 108 | B58: 914057984 | C58: Forever`野兽 | E58: 6000 | F58: 0 | G58: 21047 | H58: 78000 | I58: 30000 | J58: 152000 | K58: 0 | L58: 0 | M58: =POWER(SUM(G58:L58),$Z$14) -> 12206.305 | N58: (未分包) | O58: =F58 -> 0 | P58: =E58/$Z$12 -> 0.4 | Q58: =$Z$1*$Z$11*M58/SUM(OFFSET($M$5,0,0,COUNTA($M$5:$M$100))) -> 0.659203 | R58: =O58+P58+Q58 -> 1.059203 | S58: 12.417565 | T58: =R58+S58 -> 13.476768 | U58: =VLOOKUP(N58,$Y$3:$Z$9,2,FALSE) -> 0 | V58: =T58-U58 -> 13.476768
A59: 109 | B59: 73971185 | C59: Forever`落尘 | E59: 5000 | F59: 0 | G59: 0 | H59: 0 | I59: 0 | J59: 49000 | K59: 0 | L59: 0 | M59: =POWER(SUM(G59:L59),$Z$14) -> 3293.4196 | N59: (未分包) | O59: =F59 -> 0 | P59: =E59/$Z$12 -> 0.33333333 | Q59: =$Z$1*$Z$11*M59/SUM(OFFSET($M$5,0,0,COUNTA($M$5:$M$100))) -> 0.17786153 | R59: =O59+P59+Q59 -> 0.51119486 | S59: 11.424211 | T59: =R59+S59 -> 11.935405 | U59: =VLOOKUP(N59,$Y$3:$Z$9,2,FALSE) -> 0 | V59: =T59-U59 -> 11.935405
A60: 14 | B60: 1573083338 | C60: Forever`初见 | E60: 6000 | F60: 0 | G60: 0 | H60: 0 | I60: 0 | J60: 0 | K60: 0 | L60: 0 | M60: =POWER(SUM(G60:L60),$Z$14) -> 0 | N60: (未分包) | O60: =F60 -> 0 | P60: =E60/$Z$12 -> 0.4 | Q60: =$Z$1*$Z$11*M60/SUM(OFFSET($M$5,0,0,COUNTA($M$5:$M$100))) -> 0 | R60: =O60+P60+Q60 -> 0.4 | S60: 11.38 | T60: =R60+S60 -> 11.78 | U60: =VLOOKUP(N60,$Y$3:$Z$9,2,FALSE) -> 0 | V60: =T60-U60 -> 11.78
A61: 80 | B61: 127546455 | C61: Forever`丝控 | E61: 0 | F61: 0 | G61: 0 | H61: 0 | I61: 0 | J61: 0 | K61: 0 | L61: 0 | M61: =POWER(SUM(G61:L61),$Z$14) -> 0 | N61: (未分包) | O61: =F61 -> 0 | P61: =E61/$Z$12 -> 0 | Q61: =$Z$1*$Z$11*M61/SUM(OFFSET($M$5,0,0,COUNTA($M$5:$M$100))) -> 0 | R61: =O61+P61+Q61 -> 0 | S61: 11.544643 | T61: =R61+S61 -> 11.544643 | U61: =VLOOKUP(N61,$Y$3:$Z$9,2,FALSE) -> 0 | V61: =T61-U61 -> 11.544643
A62: 106 | B62: 1698053022 | C62: Forever`天天 | E62: 4400 | F62: 0 | G62: 0 | H62: 0 | I62: 0 | J62: 0 | K62: 0 | L62: 0 | M62: =POWER(SUM(G62:L62),$Z$14) -> 0 | N62: (未分包) | O62: =F62 -> 0 | P62: =E62/$Z$12 -> 0.29333333 | Q62: =$Z$1*$Z$11*M62/SUM(OFFSET($M$5,0,0,COUNTA($M$5:$M$100))) -> 0 | R62: =O62+P62+Q62 -> 0.29333333 | S62: 6.6 | T62: =R62+S62 -> 6.8933333 | U62: =VLOOKUP(N62,$Y$3:$Z$9,2,FALSE) -> 0 | V62: =T62-U62 -> 6.8933333
A63: 115 | B63: 489067158 | C63: 不下饭 | E63: 6000 | F63: 0 | G63: 0 | H63: 0 | I63: 0 | J63: 166000 | K63: 0 | L63: 0 | M63: =POWER(SUM(G63:L63),$Z$14) -> 8223.9615 | N63: (未分包) | O63: =F63 -> 0 | P63: =E63/$Z$12 -> 0.4 | Q63: =$Z$1*$Z$11*M63/SUM(OFFSET($M$5,0,0,COUNTA($M$5:$M$100))) -> 0.44413605 | R63: =O63+P63+Q63 -> 0.84413605 | S63: 12.604565 | T63: =R63+S63 -> 13.448701 | U63: =VLOOKUP(N63,$Y$3:$Z$9,2,FALSE) -> 0 | V63: =T63-U63 -> 13.448701 | W63: 37 | X63: =_xlfn.AGGREGATE(16,6,$V$5:$V$57,1-(W63-1)/$Z$1) -> 12.76566
A64: 118 | B64: 2018112397 | C64: Forever`雏田 | E64: 2000 | F64: 0 | G64: 0 | H64: 0 | I64: 0 | J64: 205000 | K64: 0 | L64: 0 | M64: =POWER(SUM(G64:L64),$Z$14) -> 9634.1942 | N64: (未分包) | O64: =F64 -> 0 | P64: =E64/$Z$12 -> 0.13333333 | Q64: =$Z$1*$Z$11*M64/SUM(OFFSET($M$5,0,0,COUNTA($M$5:$M$100))) -> 0.52029584 | R64: =O64+P64+Q64 -> 0.65362917 | S64: 12.586836 | T64: =R64+S64 -> 13.240465 | U64: =VLOOKUP(N64,$Y$3:$Z$9,2,FALSE) -> 0 | V64: =T64-U64 -> 13.240465 | W64: 38 | X64: =_xlfn.AGGREGATE(16,6,$V$5:$V$57,1-(W64-1)/$Z$1) -> 12.683236
A65: 117 | B65: 1557033060 | C65: Forever`红豆 | E65: 6000 | F65: 0 | G65: 0 | H65: 0 | I65: 0 | J65: 0 | K65: 0 | L65: 0 | M65: =POWER(SUM(G65:L65),$Z$14) -> 0 | N65: (未分包) | O65: =F65 -> 0 | P65: =E65/$Z$12 -> 0.4 | Q65: =$Z$1*$Z$11*M65/SUM(OFFSET($M$5,0,0,COUNTA($M$5:$M$100))) -> 0 | R65: =O65+P65+Q65 -> 0.4 | S65: 10.722082 | T65: =R65+S65 -> 11.122082 | U65: =VLOOKUP(N65,$Y$3:$Z$9,2,FALSE) -> 0 | V65: =T65-U65 -> 11.122082 | W65: 56 | X65: =_xlfn.AGGREGATE(16,6,$V$5:$V$57,1-(W65-1)/$Z$1) -> 10.867376
A66: 118 | B66: 821849703 | C66: 九鬼鬼 | E66: 2600 | F66: 0 | G66: 0 | H66: 0 | I66: 0 | K66: 0 | L66: 0 | M66: 0 | N66: (未分包) | O66: =F66 -> 0 | P66: =E66/$Z$12 -> 0.17333333 | Q66: =$Z$1*$Z$11*M66/SUM(OFFSET($M$5,0,0,COUNTA($M$5:$M$100))) -> 0 | R66: =O66+P66+Q66 -> 0.17333333 | S66: 11.204504 | T66: =R66+S66 -> 11.377837 | U66: =VLOOKUP(N66,$Y$3:$Z$9,2,FALSE) -> 0 | V66: =T66-U66 -> 11.377837 | W66: 52 | X66: =_xlfn.AGGREGATE(16,6,$V$5:$V$57,1-(W66-1)/$Z$1) -> 11.717996
A67: 114 | B67: 1332846724 | C67: 甲贺忍蛙 | E67: 2000 | F67: 0 | G67: 0 | H67: 0 | I67: 0 | J67: 0 | K67: 0 | L67: 0 | M67: =POWER(SUM(G67:L67),$Z$14) -> 0 | N67: (未分包) | O67: =F67 -> 0 | P67: =E67/$Z$12 -> 0.13333333 | Q67: =$Z$1*$Z$11*M67/SUM(OFFSET($M$5,0,0,COUNTA($M$5:$M$100))) -> 0 | R67: =O67+P67+Q67 -> 0.13333333 | S67: 12.138577 | T67: =R67+S67 -> 12.27191 | U67: =VLOOKUP(N67,$Y$3:$Z$9,2,FALSE) -> 0 | V67: =T67-U67 -> 12.27191 | W67: 45 | X67: =_xlfn.AGGREGATE(16,6,$V$5:$V$57,1-(W67-1)/$Z$1) -> 12.38372
A68: 118 | B68: 15662671026 | C68: Forever`家籽 | E68: 2000 | F68: 0 | G68: 0 | H68: 0 | I68: 0 | K68: 0 | L68: 0 | M68: 0 | N68: (未分包) | O68: =F68 -> 0 | P68: =E68/$Z$12 -> 0.13333333 | Q68: =$Z$1*$Z$11*M68/SUM(OFFSET($M$5,0,0,COUNTA($M$5:$M$100))) -> 0 | R68: =O68+P68+Q68 -> 0.13333333 | S68: 11.852123 | T68: =R68+S68 -> 11.985456 | U68: =VLOOKUP(N68,$Y$3:$Z$9,2,FALSE) -> 0 | V68: =T68-U68 -> 11.985456 | W68: 48 | X68: =_xlfn.AGGREGATE(16,6,$V$5:$V$57,1-(W68-1)/$Z$1) -> 12.254031

Sheet Dec1 2019
A1: =CONCATENATE("157区 活动中心",Z15,"年",Z16,"月",Z17,"日","分包贡献明细"," 统计：三傻") -> 157区 活动中心2019年12月1日分包贡献明细 统计：三傻 | Y1: 人数 | Z1: 58
A2: 积分计算规则： 1.每周礼包按照分包总分由高到低分配。组织成员的结余分数=分包总分-礼包耗费。结余分数将计入下周表格的上周得分。 2.分包总分=本周得分+上周得分。 3.本周得分=参战得分+贡献得分+组织副本得分。 4.参战得分= 组织成员本周参战次数。 5.贡献得分= 组织成员截至礼包统计时间的周贡献值除以周贡献参数。 6.组织副本得分 = 指数化组织成员本周组织副本伤害/指数化全员本周组织副本总伤害*组织人数*组织副本平均分 7.每周的组织新人将在本周分包完成后得到新人初始分，公式为AGGREGATE(16,6,全体老成员结余分数数列,1-(新人组织内战力排名-1)/组织人数)。新人初始分将计入新人的上周得分 | Y2: 礼包类别 | Z2: 消耗分数 | AA2: 封印卷個數 | AB2: 通靈卷個數 | AC2: 價值（金幣）
A3: 人物信息 | E3: 参战与贡献 | G3: 组织副本伤害 | N3: 积分统计 | Y3: 跨服传说礼包 | Z3: =AC3/$Z$13 -> 10.625 | AA3: 5 | AB3: 7 | AC3: =AA3*200+AB3*100 -> 1700
A4: 编号 | B4: 人物账号 | C4: 昵称 | D4: 曾用名 | E4: 贡献 | F4: 参战 | G4: Day1 | H4: Day2 | I4: Day3 | J4: Day4 | K4: Day5 | L4: Day6 | M4: *总伤害 | N4: 分包 | O4: 参战得分 | P4: 贡献得分 | Q4: 组织副本得分 | R4: 本周得分 | S4: 上周得分 | T4: 分包总分 | U4: 礼包耗费 | V4: 结余分数 | W4: 新人战力排名 | X4: 新人初始分 | Y4: 跨服英雄礼包 | Z4: =AC4/$Z$13 -> 8.75 | AA4: 4 | AB4: 6 | AC4: =AA4*200+AB4*100 -> 1400
A5: 10 | B5: 2108977014 | C5: Forever`随风 | E5: 8400 | F5: 4 | G5: 263000 | H5: 274000 | I5: 336000 | J5: 0 | K5: 0 | L5: 0 | M5: =POWER(SUM(G5:L5),$Z$14) -> 28560.163 | N5: 传说功勋礼包 | O5: =F5 -> 4 | P5: =E5/$Z$12 -> 0.56 | Q5: =IF(COUNTIF(OFFSET($M$5,0,0,COUNTA($M$5:$M$100)),">0"),$Z$1*$Z$11*M5/SUM(OFFSET($M$5,0,0,COUNTA($M$5:$M$100))),0) -> 1.7415704 | R5: =O5+P5+Q5 -> 6.3015704 | S5: 19.159319 | T5: =R5+S5 -> 25.460889 | U5: =VLOOKUP(N5,$Y$3:$Z$9,2,FALSE) -> 8.125 | V5: =T5-U5 -> 17.335889 | Y5: 跨服精英礼包 | Z5: =AC5/$Z$13 -> 6.875 | AA5: 3 | AB5: 5 | AC5: =AA5*200+AB5*100 -> 1100
A6: 87 | B6: 1126397085 | C6: 【镜像】夜幕 | E6: 6000 | F6: 4 | G6: 144000 | H6: 143000 | I6: 167000 | J6: 0 | K6: 0 | L6: 0 | M6: =POWER(SUM(G6:L6),$Z$14) -> 17490.084 | N6: 传说功勋礼包 | O6: =F6 -> 4 | P6: =E6/$Z$12 -> 0.4 | Q6: =IF(COUNTIF(OFFSET($M$5,0,0,COUNTA($M$5:$M$100)),">0"),$Z$1*$Z$11*M6/SUM(OFFSET($M$5,0,0,COUNTA($M$5:$M$100))),0) -> 1.0665279 | R6: =O6+P6+Q6 -> 5.4665279 | S6: 19.067304 | T6: =R6+S6 -> 24.533832 | U6: =VLOOKUP(N6,$Y$3:$Z$9,2,FALSE) -> 8.125 | V6: =T6-U6 -> 16.408832 | Y6: 传说功勋礼包 | Z6: =AC6/$Z$13 -> 8.125 | AA6: 4 | AB6: 5 | AC6: =AA6*200+AB6*100 -> 1300
A7: 27 | B7: 2114875544 | C7: Forever`為你 | E7: 12000 | F7: 4 | G7: 133000 | H7: 121000 | I7: 0 | J7: 0 | K7: 0 | L7: 0 | M7: =POWER(SUM(G7:L7),$Z$14) -> 11314.237 | N7: 传说功勋礼包 | O7: =F7 -> 4 | P7: =E7/$Z$12 -> 0.8 | Q7: =IF(COUNTIF(OFFSET($M$5,0,0,COUNTA($M$5:$M$100)),">0"),$Z$1*$Z$11*M7/SUM(OFFSET($M$5,0,0,COUNTA($M$5:$M$100))),0) -> 0.68993095 | R7: =O7+P7+Q7 -> 5.489931 | S7: 18.557757 | T7: =R7+S7 -> 24.047688 | U7: =VLOOKUP(N7,$Y$3:$Z$9,2,FALSE) -> 8.125 | V7: =T7-U7 -> 15.922688 | Y7: 英雄功勋礼包 | Z7: =AC7/$Z$13 -> 6.25 | AA7: 3 | AB7: 4 | AC7: =AA7*200+AB7*100 -> 1000
A8: 82 | B8: 982362214 | C8: Forever`纯 | E8: 6000 | F8: 3 | G8: 157000 | H8: 184000 | I8: 201000 | J8: 0 | K8: 0 | L8: 0 | M8: =POWER(SUM(G8:L8),$Z$14) -> 19975.583 | N8: 传说功勋礼包 | O8: =F8 -> 3 | P8: =E8/$Z$12 -> 0.4 | Q8: =IF(COUNTIF(OFFSET($M$5,0,0,COUNTA($M$5:$M$100)),">0"),$Z$1*$Z$11*M8/SUM(OFFSET($M$5,0,0,COUNTA($M$5:$M$100))),0) -> 1.2180912 | R8: =O8+P8+Q8 -> 4.6180912 | S8: 19.069772 | T8: =R8+S8 -> 23.687863 | U8: =VLOOKUP(N8,$Y$3:$Z$9,2,FALSE) -> 8.125 | V8: =T8-U8 -> 15.562863 | Y8: 精英功勋礼包 | Z8: =AC8/$Z$13 -> 4.375 | AA8: 2 | AB8: 3 | AC8: =AA8*200+AB8*100 -> 700
A9: 73 | B9: 1326195449 | C9: Forever`靓仔 | E9: 12000 | F9: 4 | G9: 8490 | H9: 104000 | I9: 3706 | J9: 0 | K9: 0 | L9: 0 | M9: =POWER(SUM(G9:L9),$Z$14) -> 6293.5166 | N9: (未分包) | O9: =F9 -> 4 | P9: =E9/$Z$12 -> 0.8 | Q9: =IF(COUNTIF(OFFSET($M$5,0,0,COUNTA($M$5:$M$100)),">0"),$Z$1*$Z$11*M9/SUM(OFFSET($M$5,0,0,COUNTA($M$5:$M$100))),0) -> 0.38377239 | R9: =O9+P9+Q9 -> 5.1837724 | S9: 18.489506 | T9: =R9+S9 -> 23.673278 | U9: =VLOOKUP(N9,$Y$3:$Z$9,2,FALSE) -> 0 | V9: =T9-U9 -> 23.673278 | Y9: (未分包) | Z9: 0
A10: 110 | B10: 1968703358 | C10: Hill | E10: 9200 | F10: 4 | G10: 99000 | H10: 127000 | I10: 156000 | J10: 0 | K10: 0 | L10: 0 | M10: =POWER(SUM(G10:L10),$Z$14) -> 15365.529 | N10: 传说功勋礼包 | O10: =F10 -> 4 | P10: =E10/$Z$12 -> 0.61333333 | Q10: =IF(COUNTIF(OFFSET($M$5,0,0,COUNTA($M$5:$M$100)),">0"),$Z$1*$Z$11*M10/SUM(OFFSET($M$5,0,0,COUNTA($M$5:$M$100))),0) -> 0.9369747 | R10: =O10+P10+Q10 -> 5.550308 | S10: 17.42489 | T10: =R10+S10 -> 22.975198 | U10: =VLOOKUP(N10,$Y$3:$Z$9,2,FALSE) -> 8.125 | V10: =T10-U10 -> 14.850198
A11: 111 | B11: 821132395 | C11: Forever`小龙 | E11: 15000 | F11: 4 | G11: 157000 | H11: 165000 | I11: 239000 | J11: 0 | K11: 0 | L11: 0 | M11: =POWER(SUM(G11:L11),$Z$14) -> 20498.503 | N11: 英雄功勋礼包 | O11: =F11 -> 4 | P11: =E11/$Z$12 -> 1 | Q11: =IF(COUNTIF(OFFSET($M$5,0,0,COUNTA($M$5:$M$100)),">0"),$Z$1*$Z$11*M11/SUM(OFFSET($M$5,0,0,COUNTA($M$5:$M$100))),0) -> 1.2499783 | R11: =O11+P11+Q11 -> 6.2499783 | S11: 16.477676 | T11: =R11+S11 -> 22.727655 | U11: =VLOOKUP(N11,$Y$3:$Z$9,2,FALSE) -> 6.25 | V11: =T11-U11 -> 16.477655 | Y11: 组织副本平均分 | Z11: 1
A12: 51 | B12: 224931272 | C12: Forever`sky | E12: 6000 | F12: 4 | G12: 114000 | H12: 152000 | I12: 0 | J12: 0 | K12: 0 | L12: 0 | M12: =POWER(SUM(G12:L12),$Z$14) -> 11712.813 | N12: 英雄功勋礼包 | O12: =F12 -> 4 | P12: =E12/$Z$12 -> 0.4 | Q12: =IF(COUNTIF(OFFSET($M$5,0,0,COUNTA($M$5:$M$100)),">0"),$Z$1*$Z$11*M12/SUM(OFFSET($M$5,0,0,COUNTA($M$5:$M$100))),0) -> 0.71423573 | R12: =O12+P12+Q12 -> 5.1142357 | S12: 17.11845 | T12: =R12+S12 -> 22.232686 | U12: =VLOOKUP(N12,$Y$3:$Z$9,2,FALSE) -> 6.25 | V12: =T12-U12 -> 15.982686 | Y12: 周贡献参数 | Z12: 15000
A13: 107 | B13: 662528105 | C13: Forever`奈良 | E13: 7000 | F13: 4 | G13: 107000 | H13: 110000 | I13: 148000 | J13: 0 | K13: 0 | L13: 0 | M13: =POWER(SUM(G13:L13),$Z$14) -> 14849.767 | N13: 英雄功勋礼包 | O13: =F13 -> 4 | P13: =E13/$Z$12 -> 0.46666667 | Q13: =IF(COUNTIF(OFFSET($M$5,0,0,COUNTA($M$5:$M$100)),">0"),$Z$1*$Z$11*M13/SUM(OFFSET($M$5,0,0,COUNTA($M$5:$M$100))),0) -> 0.90552405 | R13: =O13+P13+Q13 -> 5.3721907 | S13: 16.215565 | T13: =R13+S13 -> 21.587755 | U13: =VLOOKUP(N13,$Y$3:$Z$9,2,FALSE) -> 6.25 | V13: =T13-U13 -> 15.337755 | Y13: 礼包消耗参数 | Z13: 160
A14: 105 | B14: 1172805144 | C14: Forever`白茶 | E14: 6000 | F14: 2 | G14: 38000 | H14: 44000 | I14: 50000 | J14: 0 | K14: 0 | L14: 0 | M14: =POWER(SUM(G14:L14),$Z$14) -> 6925.1702 | N14: 英雄功勋礼包 | O14: =F14 -> 2 | P14: =E14/$Z$12 -> 0.4 | Q14: =IF(COUNTIF(OFFSET($M$5,0,0,COUNTA($M$5:$M$100)),">0"),$Z$1*$Z$11*M14/SUM(OFFSET($M$5,0,0,COUNTA($M$5:$M$100))),0) -> 0.42228999 | R14: =O14+P14+Q14 -> 2.82229 | S14: 17.571995 | T14: =R14+S14 -> 20.394285 | U14: =VLOOKUP(N14,$Y$3:$Z$9,2,FALSE) -> 6.25 | V14: =T14-U14 -> 14.144285 | Y14: *组织副本指数 | Z14: 0.75
A15: 62 | B15: 643913124 | C15: Forever`Thoma | E15: 18000 | F15: 4 | G15: 246000 | H15: 327000 | I15: 366000 | J15: 0 | K15: 0 | L15: 0 | M15: =POWER(SUM(G15:L15),$Z$14) -> 30164.713 | N15: 英雄功勋礼包 | O15: =F15 -> 4 | P15: =E15/$Z$12 -> 1.2 | Q15: =IF(COUNTIF(OFFSET($M$5,0,0,COUNTA($M$5:$M$100)),">0"),$Z$1*$Z$11*M15/SUM(OFFSET($M$5,0,0,COUNTA($M$5:$M$100))),0) -> 1.8394142 | R15: =O15+P15+Q15 -> 7.0394142 | S15: 13.041956 | T15: =R15+S15 -> 20.08137 | U15: =VLOOKUP(N15,$Y$3:$Z$9,2,FALSE) -> 6.25 | V15: =T15-U15 -> 13.83137 | Y15: 年 | Z15: 2019
A16: 43 | B16: 1853818182 | C16: Forever`阿良 | E16: 11200 | F16: 4 | G16: 0 | H16: 388000 | I16: 415000 | J16: 0 | K16: 0 | L16: 0 | M16: =POWER(SUM(G16:L16),$Z$14) -> 26824.81 | N16: 精英功勋礼包 | O16: =F16 -> 4 | P16: =E16/$Z$12 -> 0.74666667 | Q16: =IF(COUNTIF(OFFSET($M$5,0,0,COUNTA($M$5:$M$100)),">0"),$Z$1*$Z$11*M16/SUM(OFFSET($M$5,0,0,COUNTA($M$5:$M$100))),0) -> 1.6357503 | R16: =O16+P16+Q16 -> 6.3824169 | S16: 13.654981 | T16: =R16+S16 -> 20.037398 | U16: =VLOOKUP(N16,$Y$3:$Z$9,2,FALSE) -> 4.375 | V16: =T16-U16 -> 15.662398 | Y16: 月 | Z16: 12
A17: 5 | B17: 1044399218 | C17: Forever`輪回 | E17: 12000 | F17: 4 | G17: 301000 | H17: 302000 | I17: 383000 | J17: 0 | K17: 0 | L17: 0 | M17: =POWER(SUM(G17:L17),$Z$14) -> 31290.153 | N17: 精英功勋礼包 | O17: =F17 -> 4 | P17: =E17/$Z$12 -> 0.8 | Q17: =IF(COUNTIF(OFFSET($M$5,0,0,COUNTA($M$5:$M$100)),">0"),$Z$1*$Z$11*M17/SUM(OFFSET($M$5,0,0,COUNTA($M$5:$M$100))),0) -> 1.9080424 | R17: =O17+P17+Q17 -> 6.7080424 | S17: 13.248625 | T17: =R17+S17 -> 19.956668 | U17: =VLOOKUP(N17,$Y$3:$Z$9,2,FALSE) -> 4.375 | V17: =T17-U17 -> 15.581668 | Y17: 日 | Z17: 1
A18: 103 | B18: 1540443440 | C18: Forever`暖男 | D18: 威士忌的碎冰 | E18: 6000 | F18: 3 | G18: 110000 | H18: 94000 | I18: 227000 | J18: 0 | K18: 0 | L18: 0 | M18: =POWER(SUM(G18:L18),$Z$14) -> 16821.238 | N18: 精英功勋礼包 | O18: =F18 -> 3 | P18: =E18/$Z$12 -> 0.4 | Q18: =IF(COUNTIF(OFFSET($M$5,0,0,COUNTA($M$5:$M$100)),">0"),$Z$1*$Z$11*M18/SUM(OFFSET($M$5,0,0,COUNTA($M$5:$M$100))),0) -> 1.0257424 | R18: =O18+P18+Q18 -> 4.4257424 | S18: 15.518856 | T18: =R18+S18 -> 19.944598 | U18: =VLOOKUP(N18,$Y$3:$Z$9,2,FALSE) -> 4.375 | V18: =T18-U18 -> 15.569598
A19: 100 | B19: 1516934519 | C19: Forever`烟灰 | E19: 6000 | F19: 0 | G19: 183000 | H19: 211000 | I19: 0 | J19: 0 | K19: 0 | L19: 0 | M19: =POWER(SUM(G19:L19),$Z$14) -> 15726.141 | N19: (未分包) | O19: =F19 -> 0 | P19: =E19/$Z$12 -> 0.4 | Q19: =IF(COUNTIF(OFFSET($M$5,0,0,COUNTA($M$5:$M$100)),">0"),$Z$1*$Z$11*M19/SUM(OFFSET($M$5,0,0,COUNTA($M$5:$M$100))),0) -> 0.95896445 | R19: =O19+P19+Q19 -> 1.3589645 | S19: 18.444122 | T19: =R19+S19 -> 19.803086 | U19: =VLOOKUP(N19,$Y$3:$Z$9,2,FALSE) -> 0 | V19: =T19-U19 -> 19.803086
A20: 46 | B20: 2109182835 | C20: Forever`帆锅 | E20: 6000 | F20: 4 | G20: 287000 | H20: 293000 | I20: 195000 | J20: 0 | K20: 0 | L20: 0 | M20: =POWER(SUM(G20:L20),$Z$14) -> 26120.187 | N20: 精英功勋礼包 | O20: =F20 -> 4 | P20: =E20/$Z$12 -> 0.4 | Q20: =IF(COUNTIF(OFFSET($M$5,0,0,COUNTA($M$5:$M$100)),">0"),$Z$1*$Z$11*M20/SUM(OFFSET($M$5,0,0,COUNTA($M$5:$M$100))),0) -> 1.592783 | R20: =O20+P20+Q20 -> 5.992783 | S20: 13.619637 | T20: =R20+S20 -> 19.61242 | U20: =VLOOKUP(N20,$Y$3:$Z$9,2,FALSE) -> 4.375 | V20: =T20-U20 -> 15.23742
A21: 58 | B21: 1875367946 | C21: Forever`大欢 | E21: 6000 | F21: 4 | G21: 377000 | H21: 382000 | I21: 421000 | J21: 0 | K21: 0 | L21: 0 | M21: =POWER(SUM(G21:L21),$Z$14) -> 35802.348 | N21: (未分包) | O21: =F21 -> 4 | P21: =E21/$Z$12 -> 0.4 | Q21: =IF(COUNTIF(OFFSET($M$5,0,0,COUNTA($M$5:$M$100)),">0"),$Z$1*$Z$11*M21/SUM(OFFSET($M$5,0,0,COUNTA($M$5:$M$100))),0) -> 2.1831916 | R21: =O21+P21+Q21 -> 6.5831916 | S21: 12.817638 | T21: =R21+S21 -> 19.400829 | U21: =VLOOKUP(N21,$Y$3:$Z$9,2,FALSE) -> 0 | V21: =T21-U21 -> 19.400829
A22: 49 | B22: 311361673 | C22: Forever`小傻 | E22: 15000 | F22: 4 | G22: 300000 | H22: 302000 | I22: 315000 | J22: 0 | K22: 0 | L22: 0 | M22: =POWER(SUM(G22:L22),$Z$14) -> 29633.094 | N22: 精英功勋礼包 | O22: =F22 -> 4 | P22: =E22/$Z$12 -> 1 | Q22: =IF(COUNTIF(OFFSET($M$5,0,0,COUNTA($M$5:$M$100)),">0"),$Z$1*$Z$11*M22/SUM(OFFSET($M$5,0,0,COUNTA($M$5:$M$100))),0) -> 1.8069966 | R22: =O22+P22+Q22 -> 6.8069966 | S22: 12.390205 | T22: =R22+S22 -> 19.197201 | U22: =VLOOKUP(N22,$Y$3:$Z$9,2,FALSE) -> 4.375 | V22: =T22-U22 -> 14.822201
A23: 53 | B23: 500959924 | C23: Forever`清风 | E23: 8000 | F23: 4 | G23: 281000 | H23: 310000 | I23: 365000 | J23: 0 | K23: 0 | L23: 0 | M23: =POWER(SUM(G23:L23),$Z$14) -> 30573.378 | N23: (未分包) | O23: =F23 -> 4 | P23: =E23/$Z$12 -> 0.53333333 | Q23: =IF(COUNTIF(OFFSET($M$5,0,0,COUNTA($M$5:$M$100)),">0"),$Z$1*$Z$11*M23/SUM(OFFSET($M$5,0,0,COUNTA($M$5:$M$100))),0) -> 1.8643342 | R23: =O23+P23+Q23 -> 6.3976675 | S23: 12.738304 | T23: =R23+S23 -> 19.135971 | U23: =VLOOKUP(N23,$Y$3:$Z$9,2,FALSE) -> 0 | V23: =T23-U23 -> 19.135971
A24: 57 | B24: 446583427 | C24: Forever`习惯 | D24: 习惯 | E24: 6000 | F24: 4 | G24: 261000 | H24: 369000 | I24: 0 | J24: 0 | K24: 0 | L24: 0 | M24: =POWER(SUM(G24:L24),$Z$14) -> 22361.731 | N24: (未分包) | O24: =F24 -> 4 | P24: =E24/$Z$12 -> 0.4 | Q24: =IF(COUNTIF(OFFSET($M$5,0,0,COUNTA($M$5:$M$100)),">0"),$Z$1*$Z$11*M24/SUM(OFFSET($M$5,0,0,COUNTA($M$5:$M$100))),0) -> 1.3635961 | R24: =O24+P24+Q24 -> 5.7635961 | S24: 13.30683 | T24: =R24+S24 -> 19.070426 | U24: =VLOOKUP(N24,$Y$3:$Z$9,2,FALSE) -> 0 | V24: =T24-U24 -> 19.070426
A25: 17 | B25: 1111683644 | C25: Forever`珞珞 | E25: 7000 | F25: 3 | G25: 0 | H25: 118000 | I25: 0 | J25: 0 | K25: 0 | L25: 0 | M25: =POWER(SUM(G25:L25),$Z$14) -> 6366.6578 | N25: (未分包) | O25: =F25 -> 3 | P25: =E25/$Z$12 -> 0.46666667 | Q25: =IF(COUNTIF(OFFSET($M$5,0,0,COUNTA($M$5:$M$100)),">0"),$Z$1*$Z$11*M25/SUM(OFFSET($M$5,0,0,COUNTA($M$5:$M$100))),0) -> 0.38823246 | R25: =O25+P25+Q25 -> 3.8548991 | S25: 15.111027 | T25: =R25+S25 -> 18.965926 | U25: =VLOOKUP(N25,$Y$3:$Z$9,2,FALSE) -> 0 | V25: =T25-U25 -> 18.965926
A26: 118 | B26: 2018112397 | C26: Forever`雏田 | E26: 6000 | F26: 4 | G26: 213000 | H26: 0 | I26: 295000 | J26: 0 | K26: 0 | L26: 0 | M26: =POWER(SUM(G26:L26),$Z$14) -> 19028.203 | N26: (未分包) | O26: =F26 -> 4 | P26: =E26/$Z$12 -> 0.4 | Q26: =IF(COUNTIF(OFFSET($M$5,0,0,COUNTA($M$5:$M$100)),">0"),$Z$1*$Z$11*M26/SUM(OFFSET($M$5,0,0,COUNTA($M$5:$M$100))),0) -> 1.1603209 | R26: =O26+P26+Q26 -> 5.5603209 | S26: 13.240465 | T26: =R26+S26 -> 18.800786 | U26: =VLOOKUP(N26,$Y$3:$Z$9,2,FALSE) -> 0 | V26: =T26-U26 -> 18.800786
A27: 116 | B27: 2122596917 | C27: 爱思妍 | E27: 6000 | F27: 2 | G27: 69000 | H27: 77000 | I27: 68000 | J27: 0 | K27: 0 | L27: 0 | M27: =POWER(SUM(G27:L27),$Z$14) -> 9949.7079 | N27: (未分包) | O27: =F27 -> 2 | P27: =E27/$Z$12 -> 0.4 | Q27: =IF(COUNTIF(OFFSET($M$5,0,0,COUNTA($M$5:$M$100)),">0"),$Z$1*$Z$11*M27/SUM(OFFSET($M$5,0,0,COUNTA($M$5:$M$100))),0) -> 0.6067233 | R27: =O27+P27+Q27 -> 3.0067233 | S27: 15.629775 | T27: =R27+S27 -> 18.636498 | U27: =VLOOKUP(N27,$Y$3:$Z$9,2,FALSE) -> 0 | V27: =T27-U27 -> 18.636498
A28: 34 | B28: 2021794494 | C28: Forever`劳模 | E28: 6000 | F28: 4 | G28: 289000 | H28: 273000 | I28: 317000 | J28: 0 | K28: 0 | L28: 0 | M28: =POWER(SUM(G28:L28),$Z$14) -> 28707.254 | N28: (未分包) | O28: =F28 -> 4 | P28: =E28/$Z$12 -> 0.4 | Q28: =IF(COUNTIF(OFFSET($M$5,0,0,COUNTA($M$5:$M$100)),">0"),$Z$1*$Z$11*M28/SUM(OFFSET($M$5,0,0,COUNTA($M$5:$M$100))),0) -> 1.7505398 | R28: =O28+P28+Q28 -> 6.1505398 | S28: 12.440653 | T28: =R28+S28 -> 18.591193 | U28: =VLOOKUP(N28,$Y$3:$Z$9,2,FALSE) -> 0 | V28: =T28-U28 -> 18.591193
A29: 35 | C29: 神罗天征 | E29: 0 | F29: 0 | G29: 0 | H29: 0 | I29: 0 | J29: 0 | K29: 0 | L29: 0 | M29: =POWER(SUM(G29:L29),$Z$14) -> 0 | N29: (未分包) | O29: =F29 -> 0 | P29: =E29/$Z$12 -> 0 | Q29: =IF(COUNTIF(OFFSET($M$5,0,0,COUNTA($M$5:$M$100)),">0"),$Z$1*$Z$11*M29/SUM(OFFSET($M$5,0,0,COUNTA($M$5:$M$100))),0) -> 0 | R29: =O29+P29+Q29 -> 0 | S29: #N/A | T29: =R29+S29 -> #N/A | U29: =VLOOKUP(N29,$Y$3:$Z$9,2,FALSE) -> 0 | V29: =T29-U29 -> #N/A
A30: 77 | B30: 904395212 | C30: Forever`飞鸟 | D30: 飞鸟九 | E30: 12000 | F30: 3 | G30: 313000 | H30: 310000 | I30: 321000 | J30: 0 | K30: 0 | L30: 0 | M30: =POWER(SUM(G30:L30),$Z$14) -> 30285.099 | N30: (未分包) | O30: =F30 -> 3 | P30: =E30/$Z$12 -> 0.8 | Q30: =IF(COUNTIF(OFFSET($M$5,0,0,COUNTA($M$5:$M$100)),">0"),$Z$1*$Z$11*M30/SUM(OFFSET($M$5,0,0,COUNTA($M$5:$M$100))),0) -> 1.8467552 | R30: =O30+P30+Q30 -> 5.6467552 | S30: 12.906776 | T30: =R30+S30 -> 18.553531 | U30: =VLOOKUP(N30,$Y$3:$Z$9,2,FALSE) -> 0 | V30: =T30-U30 -> 18.553531
