Workbook

Sheet 计算器
B2: 通灵兽等级经验计算器
E3: 制作：逆轨
B5: 您的当前等级为 | C5: 1 | D5: 级，余 | E5: 0 | F5: 经验
B7: 您的目标等级为 | C7: 181 | D7: 级
B9: 您所需经验共计 | C9: =数据源!F3-数据源!F2 -> 312000 | D9: 点
B11: 您背包库存持有的通灵查克拉数量为：
B12: 初级通灵查克拉 | C12: 7311 | D12: 个
B13: 中级通灵查克拉 | C13: 1080 | D13: 个
B14: 高级通灵查克拉 | C14: 53 | D14: 个
B16: 您还需获取经验 | C16: =C9-数据源!F4 -> 4780 | D16: 点
B18: 注:本计算器目前可精确计算最高等级为281级，
B19: 282-301级数据仅供参考，302级后暂无数据

Sheet 数据源
A1: 通灵兽等级 | B1: 升级经验 | C1: 总经验
A2: 1 | B2: 0 | C2: =B2 -> 0 | E2: 当前经验 | F2: =VLOOKUP(计算器!C5,数据源!A:C,3,0)+计算器!E5 -> 0
A3: 2 | B3: 300 | C3: =C2+B3 -> 300 | E3: 目标经验 | F3: =VLOOKUP(计算器!C7,数据源!A:C,3,0) -> 312000
A4: 3 | B4: 300 | C4: =C3+B4 -> 600 | E4: 库存经验 | F4: =计算器!C12*20+计算器!C13*100+计算器!C14*1000 -> 307220
A5: 4 | B5: 300 | C5: =C4+B5 -> 900
A6: 5 | B6: 300 | C6: =C5+B6 -> 1200
A7: 6 | B7: 300 | C7: =C6+B7 -> 1500
A8: 7 | B8: 300 | C8: =C7+B8 -> 1800
A9: 8 | B9: 300 | C9: =C8+B9 -> 2100
A10: 9 | B10: 300 | C10: =C9+B10 -> 2400
A11: 10 | B11: 300 | C11: =C10+B11 -> 2700
A12: 11 | B12: 300 | C12: =C11+B12 -> 3000
A13: 12 | B13: 400 | C13: =C12+B13 -> 3400
A14: 13 | B14: 400 | C14: =C13+B14 -> 3800
A15: 14 | B15: 400 | C15: =C14+B15 -> 4200
A16: 15 | B16: 400 | C16: =C15+B16 -> 4600
... A302: 301 | B302: 8000 | C302: =C301+B302 -> 976000
