Workbook

Sheet main
A1: =(_xlfn.DAYS(TODAY(),A4)+2)/((_xlfn.DAYS(A93,A4))+1) -> 0.066666667 | I1: 工作区
D2: 合计经验 | F2: =SUM(F4:F93)+SUM(H4:H93) -> 63460 | I2: 队伍一 火 | K2: 步数 | L2: =COUNTIF(I4:P93,"<>空") -> 98 | M2: (不算跳步和传送) | Q2: 队伍二 雷 | S2: 步数 | T2: =COUNTIF(Q4:X93,"<>空") -> 508 | U2: (不算跳步和传送) | Y2: 队伍三 | AA2: 总步数 | AB2: =COUNTIF(Y4:AF93,"<>空") -> 439 | AC2: (不算跳步和传送) | AG2: =SUM(AG4:AG93) -> 81 | AH2: =SUM(AH4:AH93) -> 10 | AI2: =SUM(AI4:AI93) -> 58 | AJ2: =SUM(AJ4:AJ93) -> 13 | AK2: 八卦全开 | AU2: 总地块 | AV2: =SUM(AV4:AV29) -> 1045 | AW2: 剩余粮草 | AX2: =AR47 -> 124 | AY2: 总经验 | AZ2: =SUM(AX4:AZ29)+7000 -> 63460 | BB2: 粮草系数
A3: 日期 | B3: 获得粮草 | C3: 粮草调整 | D3: 消耗粮草 | E3: 剩余粮草 | F3: 获得经验 | G3: 累计经验 | H3: 任务经验 | I3: 1 | J3: 2 | K3: 3 | L3: 4 | M3: 5 | N3: 6 | O3: 7 | P3: 8 | Q3: 1 | R3: 2 | S3: 3 | T3: 4 | U3: 5 | V3: 6 | W3: 7 | X3: 8 | Y3: 1 | Z3: 2 | AA3: 3 | AB3: 4 | AC3: 5 | AD3: 6 | AE3: 7 | AF3: 8 | AG3: 跳步次数 | AH3: 1队跳步 | AI3: 2队跳步 | AJ3: 3队跳步 | AL3: 1队剩步 | AM3: 2队剩步 | AN3: 3队剩步 | AO3: 地块 | AP3: 粮草 | AQ3: 经验 | AR3: 八卦前亏损 | AS3: 一队地块 | AT3: 二队地块 | AU3: 三队地块 | AV3: 总地块 | AX3: 一队经验 | AY3: 二队经验 | AZ3: 三队经验 | BA3: 八卦前 | BB3: 1 | BD3: 亏损
A4: 46185 | B4: 800 | C4: 6000 | D4: =(SUM(粮草!A4:X4)+AG4*10*IF(AK4="是",$BB$4,$BB$3)) -> 2860 | E4: =SUM($B$4:B4)+SUM($C$4:C4)-SUM($D$4:D4) -> 3940 | F4: =SUM(经验!A4:X4) -> 820 | G4: =SUM($F$4:F4)+SUM($H$4:H4) -> 1320 | H4: 500 | I4: 1级 | J4: 1级 | K4: 1级 | L4: 1级 | M4: 1级 | N4: 1级 | O4: 1级 | P4: 1级 | Q4: 商人 | R4: 商人 | S4: 商人 | T4: 商人 | U4: 商人 | V4: 商人 | W4: 空 | X4: 空 | Y4: 3级 | Z4: 3级 | AA4: 3级 | AB4: 3级 | AC4: 3级 | AD4: 3级 | AE4: 3级 | AF4: 3级 | AG4: =AH4+AI4+AJ4 -> 0 | AK4: 否 | AL4: 0 | AM4: 0 | AN4: 0 | AO4: 1级 | AP4: 150 | AQ4: 35 | AR4: 44.222109 | AS4: =COUNTIF($I$4:$P$93,AO4) -> 20 | AT4: =COUNTIF($Q$4:$X$93,AO4) -> 0 | AU4: =COUNTIF($Y$4:$AF$93,AO4) -> 0 | AV4: =AS4+AT4+AU4 -> 20 | AX4: =AS4*$AQ4 -> 700 | AY4: =AT4*$AQ4 -> 0 | AZ4: =AU4*$AQ4 -> 0 | BA4: 八卦后 | BB4: 0.8 | BD4: =AR4*AV4 -> 884.44219
A5: 46186 | B5: 1600 | D5: =(SUM(粮草!A5:X5)+AG5*10*IF(AK5="是",$BB$4,$BB$3)) -> 3070 | E5: =SUM($B$4:B5)+SUM($C$4:C5)-SUM($D$4:D5) -> 2470 | F5: =SUM(经验!A5:X5) -> 835 | G5: =SUM($F$4:F5)+SUM($H$4:H5) -> 2155 | H5: 0 | I5: 1级 | J5: 1级 | K5: 1级 | L5: 1级 | M5: 1级 | N5: 1级 | O5: 1级 | P5: 1级 | Q5: 塔2 | R5: 草2 | S5: 草2 | T5: 草2 | U5: 营地 | V5: 塔1 | W5: 空 | X5: 空 | Y5: 3级 | Z5: 3级 | AA5: 3级 | AB5: 3级 | AC5: 3级 | AD5: 3级 | AE5: 3级 | AF5: 3级 | AG5: =AH5+AI5+AJ5 -> 0 | AK5: 否 | AL5: 0 | AM5: 0 | AN5: 0 | AO5: 2级 | AP5: 160 | AQ5: 40 | AR5: 39.110982 | AS5: =COUNTIF($I$4:$P$93,AO5) -> 53 | AT5: =COUNTIF($Q$4:$X$93,AO5) -> 0 | AU5: =COUNTIF($Y$4:$AF$93,AO5) -> 0 | AV5: =AS5+AT5+AU5 -> 53 | AX5: =AS5*$AQ5 -> 2120 | AY5: =AT5*$AQ5 -> 0 | AZ5: =AU5*$AQ5 -> 0 | BA5: Note：开完八卦当天可能需要手动计算粮草 | BD5: =AR5*AV5 -> 2072.8821
A6: 46187 | B6: 1600 | D6: =(SUM(粮草!A6:X6)+AG6*10*IF(AK6="是",$BB$4,$BB$3)) -> 3090 | E6: =SUM($B$4:B6)+SUM($C$4:C6)-SUM($D$4:D6) -> 980 | F6: =SUM(经验!A6:X6) -> 800 | G6: =SUM($F$4:F6)+SUM($H$4:H6) -> 2955 | H6: 0 | I6: 2级 | J6: 2级 | K6: 2级 | L6: 2级 | M6: 2级 | N6: 2级 | O6: 2级 | P6: 2级 | Q6: 空 | R6: 草2 | S6: 草2 | T6: 草2 | U6: 空 | V6: 空 | W6: 空 | X6: 空 | Y6: 3级 | Z6: 3级 | AA6: 3级 | AB6: 3级 | AC6: 3级 | AD6: 3级 | AE6: 3级 | AF6: 3级 | AG6: =AH6+AI6+AJ6 -> 0 | AK6: 否 | AL6: 0 | AM6: 0 | AN6: 0 | AO6: 3级 | AP6: 170 | AQ6: 45 | AR6: 34 | AS6: =COUNTIF($I$4:$P$93,AO6) -> 0 | AT6: =COUNTIF($Q$4:$X$93,AO6) -> 36 | AU6: =COUNTIF($Y$4:$AF$93,AO6) -> 140 | AV6: =AS6+AT6+AU6 -> 176 | AX6: =AS6*$AQ6 -> 0 | AY6: =AT6*$AQ6 -> 1620 | AZ6: =AU6*$AQ6 -> 6300 | BD6: =AR6*AV6 -> 5984
A7: 46188 | B7: 1600 | D7: =(SUM(粮草!A7:X7)+AG7*10*IF(AK7="是",$BB$4,$BB$3)) -> 2890 | E7: =SUM($B$4:B7)+SUM($C$4:C10)-SUM($D$4:D7) -> -1180 | F7: =SUM(经验!A7:X7) -> 830 | G7: =SUM($F$4:F7)+SUM($H$4:H7) -> 3985 | H7: 200 | I7: 2级 | J7: 2级 | K7: 2级 | L7: 2级 | M7: 2级 | N7: 2级 | O7: 2级 | P7: 2级 | Q7: 商人 | R7: 商人 | S7: 商人 | T7: 商人 | U7: 商人 | V7: 空 | W7: 空 | X7: 空 | Y7: 3级 | Z7: 3级 | AA7: 3级 | AB7: 3级 | AC7: 3级 | AD7: 3级 | AE7: 3级 | AF7: 3级 | AG7: =AH7+AI7+AJ7 -> 0 | AK7: 否 | AL7: 18 | AM7: 18 | AN7: 0 | AO7: 4级 | AP7: 180 | AQ7: 50 | AR7: 36 | AS7: =COUNTIF($I$4:$P$93,AO7) -> 0 | AT7: =COUNTIF($Q$4:$X$93,AO7) -> 244 | AU7: =COUNTIF($Y$4:$AF$93,AO7) -> 16 | AV7: =AS7+AT7+AU7 -> 260 | AX7: =AS7*$AQ7 -> 0 | AY7: =AT7*$AQ7 -> 12200 | AZ7: =AU7*$AQ7 -> 800 | BD7: =AR7*AV7 -> 9360
A8: 46189 | B8: 1600 | D8: =(SUM(粮草!A8:X8)+AG8*10*IF(AK8="是",$BB$4,$BB$3)) -> 1020 | E8: =SUM($B$4:B8)+SUM($C$4:C8)-SUM($D$4:D8) -> 270 | F8: =SUM(经验!A8:X8) -> 400 | G8: =SUM($F$4:F8)+SUM($H$4:H8) -> 4685 | H8: 300 | I8: 2级 | J8: 空 | K8: 空 | L8: 空 | M8: 空 | N8: 空 | O8: 空 | P8: 空 | Q8: 营地 | R8: 营地 | S8: 空 | T8: 空 | U8: 空 | V8: 空 | W8: 空 | X8: 空 | Y8: 3级 | Z8: 3级 | AA8: 3级 | AB8: 3级 | AC8: 3级 | AD8: 3级 | AE8: 3级 | AF8: 3级 | AG8: =AH8+AI8+AJ8 -> 0 | AK8: 否 | AL8: =MIN(AL7+6,18)-COUNTIF(I8:P8,"<>空")+COUNTIF(I8:P8,"历练")+COUNTIF(I8:P8,"营地")*2+COUNTIF(I8:P8,"塔1")*5 -> 17 | AM8: =MIN(AM7+6,18)-COUNTIF(Q8:X8,"<>空")+COUNTIF(Q8:X8,"历练")+COUNTIF(Q8:X8,"营地")*2+COUNTIF(Q8:X8,"塔1")*5 -> 20 | AN8: =MIN(AN7+6,18)-COUNTIF(Y8:AF8,"<>空")+COUNTIF(Y8:AF8,"历练")+COUNTIF(Y8:AF8,"营地")*2+COUNTIF(Y8:AF8,"塔1")*5 -> -2 | AO8: 5级 | AP8: 190 | AQ8: 55 | AR8: 38 | AS8: =COUNTIF($I$4:$P$93,AO8) -> 2 | AT8: =COUNTIF($Q$4:$X$93,AO8) -> 101 | AU8: =COUNTIF($Y$4:$AF$93,AO8) -> 120 | AV8: =AS8+AT8+AU8 -> 223 | AX8: =AS8*$AQ8 -> 110 | AY8: =AT8*$AQ8 -> 5555 | AZ8: =AU8*$AQ8 -> 6600 | BD8: =AR8*AV8 -> 8474
A9: 46190 | B9: 1600 | D9: =(SUM(粮草!A9:X9)+AG9*10*IF(AK9="是",$BB$4,$BB$3)) -> 1990 | E9: =SUM($B$4:B9)+SUM($C$4:C9)-SUM($D$4:D9) -> -120 | F9: =SUM(经验!A9:X9) -> 555 | G9: =SUM($F$4:F9)+SUM($H$4:H9) -> 5240 | H9: 0 | I9: 空 | J9: 空 | K9: 空 | L9: 空 | M9: 空 | N9: 空 | O9: 空 | P9: 空 | Q9: 3级卦 | R9: 3级卦 | S9: 3级卦 | T9: 3级卦 | U9: 3级卦 | V9: 空 | W9: 空 | X9: 空 | Y9: 5级 | Z9: 5级 | AA9: 5级 | AB9: 5级 | AC9: 5级 | AD9: 5级 | AE9: 空 | AF9: 空 | AG9: =AH9+AI9+AJ9 -> 0 | AK9: 否 | AL9: =MIN(AL8+6,18)-COUNTIF(I9:P9,"<>空")+COUNTIF(I9:P9,"历练")+COUNTIF(I9:P9,"营地")*2+COUNTIF(I9:P9,"塔1")*5 -> 18 | AM9: =MIN(AM8+6,18)-COUNTIF(Q9:X9,"<>空")+COUNTIF(Q9:X9,"历练")+COUNTIF(Q9:X9,"营地")*2+COUNTIF(Q9:X9,"塔1")*5 -> 13 | AN9: =MIN(AN8+6,18)-COUNTIF(Y9:AF9,"<>空")+COUNTIF(Y9:AF9,"历练")+COUNTIF(Y9:AF9,"营地")*2+COUNTIF(Y9:AF9,"塔1")*5 -> -2 | AO9: 6级 | AP9: 200 | AQ9: 60 | AR9: 40 | AS9: =COUNTIF($I$4:$P$93,AO9) -> 0 | AT9: =COUNTIF($Q$4:$X$93,AO9) -> 55 | AU9: =COUNTIF($Y$4:$AF$93,AO9) -> 131 | AV9: =AS9+AT9+AU9 -> 186 | AX9: =AS9*$AQ9 -> 0 | AY9: =AT9*$AQ9 -> 3300 | AZ9: =AU9*$AQ9 -> 7860 | BD9: =AR9*AV9 -> 7440
A10: 46191 | B10: 1600 | C10: -870 | D10: =(SUM(粮草!A10:X10)+AG10*10*IF(AK10="是",$BB$4,$BB$3)) -> 800 | E10: =SUM($B$4:B10)+SUM($C$4:C10)-SUM($D$4:D10) -> -190 | F10: =SUM(经验!A10:X10) -> 1420 | G10: =SUM($F$4:F10)+SUM($H$4:H10) -> 6660 | H10: 0 | I10: 空 | J10: 空 | K10: 空 | L10: 空 | M10: 空 | N10: 空 | O10: 空 | P10: 空 | Q10: 大卦 | R10: 大卦 | S10: 大卦 | T10: 历练 | U10: 空 | V10: 空 | W10: 空 | X10: 空 | Y10: 空 | Z10: 空 | AA10: 空 | AB10: 空 | AC10: 空 | AD10: 空 | AE10: 空 | AF10: 空 | AG10: =AH10+AI10+AJ10 -> 0 | AK10: 否 | AL10: =MIN(AL9+6,18)-COUNTIF(I10:P10,"<>空")+COUNTIF(I10:P10,"历练")+COUNTIF(I10:P10,"营地")*2+COUNTIF(I10:P10,"塔1")*5 -> 18 | AM10: =MIN(AM9+6,18)-COUNTIF(Q10:X10,"<>空")+COUNTIF(Q10:X10,"历练")+COUNTIF(Q10:X10,"营地")*2+COUNTIF(Q10:X10,"塔1")*5 -> 15 | AN10: =MIN(AN9+6,18)-COUNTIF(Y10:AF10,"<>空")+COUNTIF(Y10:AF10,"历练")+COUNTIF(Y10:AF10,"营地")*2+COUNTIF(Y10:AF10,"塔1")*5 -> 4 | AO10: 草1 | AP10: 150 | AQ10: 35 | AR10: 44.222109 | AS10: =COUNTIF($I$4:$P$93,AO10) -> 0 | AT10: =COUNTIF($Q$4:$X$93,AO10) -> 0 | AU10: =COUNTIF($Y$4:$AF$93,AO10) -> 0 | AV10: =AS10+AT10+AU10 -> 0 | AX10: =AS10*$AQ10 -> 0 | AY10: =AT10*$AQ10 -> 0 | AZ10: =AU10*$AQ10 -> 0 | BD10: =AR10*AV10 -> 0
A11: 46192 | B11: 1600 | D11: =(SUM(粮草!A11:X11)+AG11*10*IF(AK11="是",$BB$4,$BB$3)) -> 2652 | E11: =SUM($B$4:B11)+SUM($C$4:C11)-SUM($D$4:D11) -> -1242 | F11: =SUM(经验!A11:X11) -> 1020 | G11: =SUM($F$4:F11)+SUM($H$4:H11) -> 7680 | H11: 0 | I11: 5级 | J11: 5级 | K11: 2级 | L11: 2级 | M11: 2级 | N11: 商人 | O11: 2级 | P11: 空 | Q11: 5级 | R11: 5级 | S11: 草5 | T11: 5级 | U11: 5级 | V11: 商人 | W11: 4级 | X11: 4级 | Y11: 3级 | Z11: 3级 | AA11: 3级 | AB11: 营地 | AC11: 3级 | AD11: 3级 | AE11: 3级 | AF11: 3级 | AG11: =AH11+AI11+AJ11 -> 6 | AH11: 6 | AK11: 是 | AL11: =MIN(AL10+6,18)-COUNTIF(I11:P11,"<>空")+COUNTIF(I11:P11,"历练")+COUNTIF(I11:P11,"营地")*2+COUNTIF(I11:P11,"塔1")*5 -> 11 | AM11: =MIN(AM10+6,18)-COUNTIF(Q11:X11,"<>空")+COUNTIF(Q11:X11,"历练")+COUNTIF(Q11:X11,"营地")*2+COUNTIF(Q11:X11,"塔1")*5 -> 10 | AN11: =MIN(AN10+6,18)-COUNTIF(Y11:AF11,"<>空")+COUNTIF(Y11:AF11,"历练")+COUNTIF(Y11:AF11,"营地")*2+COUNTIF(Y11:AF11,"塔1")*5 -> 4 | AO11: 草2 | AP11: 150 | AQ11: 40 | AR11: 29.110982 | AS11: =COUNTIF($I$4:$P$93,AO11) -> 10 | AT11: =COUNTIF($Q$4:$X$93,AO11) -> 19 | AU11: =COUNTIF($Y$4:$AF$93,AO11) -> 14 | AV11: =AS11+AT11+AU11 -> 43 | AX11: =AS11*$AQ11 -> 400 | AY11: =AT11*$AQ11 -> 760 | AZ11: =AU11*$AQ11 -> 560 | BD11: =AR11*AV11 -> 1251.7722
A12: 46193 | B12: 1600 | D12: =(SUM(粮草!A12:X12)+AG12*10*IF(AK12="是",$BB$4,$BB$3)) -> 1560 | E12: =SUM($B$4:B12)+SUM($C$4:C12)-SUM($D$4:D12) -> -1202 | F12: =SUM(经验!A12:X12) -> 700 | G12: =SUM($F$4:F12)+SUM($H$4:H12) -> 8380 | H12: 0 | I12: 2级 | J12: 2级 | K12: 营地 | L12: 草2 | M12: 2级 | N12: 草2 | O12: 2级 | P12: 2级 | Q12: 5级 | R12: 营地 | S12: 空 | T12: 空 | U12: 空 | V12: 空 | W12: 空 | X12: 空 | Y12: 3级 | Z12: 3级 | AA12: 3级 | AB12: 商人 | AC12: 3级 | AD12: 3级 | AE12: 5级 | AF12: 5级 | AG12: =AH12+AI12+AJ12 -> 3 | AH12: 3 | AK12: 是 | AL12: =MIN(AL11+6,18)-COUNTIF(I12:P12,"<>空")+COUNTIF(I12:P12,"历练")+COUNTIF(I12:P12,"营地")*2+COUNTIF(I12:P12,"塔1")*5 -> 11 | AM12: =MIN(AM11+6,18)-COUNTIF(Q12:X12,"<>空")+COUNTIF(Q12:X12,"历练")+COUNTIF(Q12:X12,"营地")*2+COUNTIF(Q12:X12,"塔1")*5 -> 16 | AN12: =MIN(AN11+6,18)-COUNTIF(Y12:AF12,"<>空")+COUNTIF(Y12:AF12,"历练")+COUNTIF(Y12:AF12,"营地")*2+COUNTIF(Y12:AF12,"塔1")*5 -> 2 | AO12: 草3 | AP12: 150 | AQ12: 45 | AR12: 13.999855 | AS12: =COUNTIF($I$4:$P$93,AO12) -> 0 | AT12: =COUNTIF($Q$4:$X$93,AO12) -> 1 | AU12: =COUNTIF($Y$4:$AF$93,AO12) -> 3 | AV12: =AS12+AT12+AU12 -> 4 | AX12: =AS12*$AQ12 -> 0 | AY12: =AT12*$AQ12 -> 45 | AZ12: =AU12*$AQ12 -> 135 | BD12: =AR12*AV12 -> 55.99942
A13: 46194 | B13: 1600 | D13: =(SUM(粮草!A13:X13)+AG13*10*IF(AK13="是",$BB$4,$BB$3)) -> 8 | E13: =SUM($B$4:B13)+SUM($C$4:C13)-SUM($D$4:D13) -> 390 | F13: =SUM(经验!A13:X13) -> 175 | G13: =SUM($F$4:F13)+SUM($H$4:H13) -> 8555 | H13: 0 | I13: 草2 | J13: 2级 | K13: 2级 | L13: 营地 | M13: 空 | N13: 空 | O13: 空 | P13: 空 | Q13: 空 | R13: 空 | S13: 空 | T13: 空 | U13: 空 | V13: 空 | W13: 空 | X13: 空 | Y13: 5级 | Z13: 营地 | AA13: 空 | AB13: 空 | AC13: 空 | AD13: 空 | AE13: 空 | AF13: 空 | AG13: =AH13+AI13+AJ13 -> 0 | AK13: 是 | AL13: =MIN(AL12+6,18)-COUNTIF(I13:P13,"<>空")+COUNTIF(I13:P13,"历练")+COUNTIF(I13:P13,"营地")*2+COUNTIF(I13:P13,"塔1")*5 -> 15 | AM13: =MIN(AM12+6,18)-COUNTIF(Q13:X13,"<>空")+COUNTIF(Q13:X13,"历练")+COUNTIF(Q13:X13,"营地")*2+COUNTIF(Q13:X13,"塔1")*5 -> 18 | AN13: =MIN(AN12+6,18)-COUNTIF(Y13:AF13,"<>空")+COUNTIF(Y13:AF13,"历练")+COUNTIF(Y13:AF13,"营地")*2+COUNTIF(Y13:AF13,"塔1")*5 -> 8 | AO13: 草4 | AP13: 150 | AQ13: 50 | AS13: =COUNTIF($I$4:$P$93,AO13) -> 0 | AT13: =COUNTIF($Q$4:$X$93,AO13) -> 2 | AU13: =COUNTIF($Y$4:$AF$93,AO13) -> 1 | AV13: =AS13+AT13+AU13 -> 3 | AX13: =AS13*$AQ13 -> 0 | AY13: =AT13*$AQ13 -> 100 | AZ13: =AU13*$AQ13 -> 50 | BD13: =AR13*AV13 -> 0
A14: 46195 | B14: 1600 | D14: =(SUM(粮草!A14:X14)+AG14*10*IF(AK14="是",$BB$4,$BB$3)) -> 952 | E14: =SUM($B$4:B14)+SUM($C$4:C14)-SUM($D$4:D14) -> 1038 | F14: =SUM(经验!A14:X14) -> 355 | G14: =SUM($F$4:F14)+SUM($H$4:H14) -> 8910 | H14: 0 | I14: 空 | J14: 空 | K14: 空 | L14: 空 | M14: 空 | N14: 空 | O14: 空 | P14: 空 | Q14: 空 | R14: 空 | S14: 空 | T14: 空 | U14: 空 | V14: 空 | W14: 空 | X14: 空 | Y14: 6级 | Z14: 6级 | AA14: 6级 | AB14: 6级 | AC14: 6级 | AD14: 5级 | AE14: 空 | AF14: 空 | AG14: =AH14+AI14+AJ14 -> 0 | AK14: 是 | AL14: =MIN(AL13+6,18)-COUNTIF(I14:P14,"<>空")+COUNTIF(I14:P14,"历练")+COUNTIF(I14:P14,"营地")*2+COUNTIF(I14:P14,"塔1")*5 -> 18 | AM14: =MIN(AM13+6,18)-COUNTIF(Q14:X14,"<>空")+COUNTIF(Q14:X14,"历练")+COUNTIF(Q14:X14,"营地")*2+COUNTIF(Q14:X14,"塔1")*5 -> 18 | AN14: =MIN(AN13+6,18)-COUNTIF(Y14:AF14,"<>空")+COUNTIF(Y14:AF14,"历练")+COUNTIF(Y14:AF14,"营地")*2+COUNTIF(Y14:AF14,"塔1")*5 -> 8 | AO14: 草5 | AP14: 150 | AQ14: 55 | AS14: =COUNTIF($I$4:$P$93,AO14) -> 0 | AT14: =COUNTIF($Q$4:$X$93,AO14) -> 3 | AU14: =COUNTIF($Y$4:$AF$93,AO14) -> 0 | AV14: =AS14+AT14+AU14 -> 3 | AX14: =AS14*$AQ14 -> 0 | AY14: =AT14*$AQ14 -> 165 | AZ14: =AU14*$AQ14 -> 0 | BD14: =AR14*AV14 -> 0
A15: 46196 | B15: 1600 | D15: =(SUM(粮草!A15:X15)+AG15*10*IF(AK15="是",$BB$4,$BB$3)) -> 952 | E15: =SUM($B$4:B15)+SUM($C$4:C15)-SUM($D$4:D15) -> 1686 | F15: =SUM(经验!A15:X15) -> 355 | G15: =SUM($F$4:F15)+SUM($H$4:H15) -> 9565 | H15: 300 | I15: 空 | J15: 空 | K15: 空 | L15: 空 | M15: 空 | N15: 空 | O15: 空 | P15: 空 | Q15: 空 | R15: 空 | S15: 空 | T15: 空 | U15: 空 | V15: 空 | W15: 空 | X15: 空 | Y15: 5级 | Z15: 6级 | AA15: 6级 | AB15: 6级 | AC15: 6级 | AD15: 6级 | AE15: 空 | AF15: 空 | AG15: =AH15+AI15+AJ15 -> 0 | AK15: 是 | AL15: =MIN(AL14+6,18)-COUNTIF(I15:P15,"<>空")+COUNTIF(I15:P15,"历练")+COUNTIF(I15:P15,"营地")*2+COUNTIF(I15:P15,"塔1")*5 -> 18 | AM15: =MIN(AM14+6,18)-COUNTIF(Q15:X15,"<>空")+COUNTIF(Q15:X15,"历练")+COUNTIF(Q15:X15,"营地")*2+COUNTIF(Q15:X15,"塔1")*5 -> 18 | AN15: =MIN(AN14+6,18)-COUNTIF(Y15:AF15,"<>空")+COUNTIF(Y15:AF15,"历练")+COUNTIF(Y15:AF15,"营地")*2+COUNTIF(Y15:AF15,"塔1")*5 -> 8 | AO15: 草6 | AP15: 150 | AQ15: 60 | AS15: =COUNTIF($I$4:$P$93,AO15) -> 0 | AT15: =COUNTIF($Q$4:$X$93,AO15) -> 0 | AU15: =COUNTIF($Y$4:$AF$93,AO15) -> 1 | AV15: =AS15+AT15+AU15 -> 1 | AX15: =AS15*$AQ15 -> 0 | AY15: =AT15*$AQ15 -> 0 | AZ15: =AU15*$AQ15 -> 60 | BD15: =AR15*AV15 -> 0
A16: 46197 | B16: 1600 | D16: =(SUM(粮草!A16:X16)+AG16*10*IF(AK16="是",$BB$4,$BB$3)) -> 640 | E16: =SUM($B$4:B16)+SUM($C$4:C16)-SUM($D$4:D16) -> 2646 | F16: =SUM(经验!A16:X16) -> 240 | G16: =SUM($F$4:F16)+SUM($H$4:H16) -> 10005 | H16: 200 | I16: 空 | J16: 空 | K16: 空 | L16: 空 | M16: 空 | N16: 空 | O16: 空 | P16: 空 | Q16: 空 | R16: 空 | S16: 空 | T16: 空 | U16: 空 | V16: 空 | W16: 空 | X16: 空 | Y16: 6级 | Z16: 6级 | AA16: 6级 | AB16: 6级 | AC16: 空 | AD16: 空 | AE16: 空 | AF16: 空 | AG16: =AH16+AI16+AJ16 -> 0 | AK16: 是 | AL16: =MIN(AL15+6,18)-COUNTIF(I16:P16,"<>空")+COUNTIF(I16:P16,"历练")+COUNTIF(I16:P16,"营地")*2+COUNTIF(I16:P16,"塔1")*5 -> 18 | AM16: =MIN(AM15+6,18)-COUNTIF(Q16:X16,"<>空")+COUNTIF(Q16:X16,"历练")+COUNTIF(Q16:X16,"营地")*2+COUNTIF(Q16:X16,"塔1")*5 -> 18 | AN16: =MIN(AN15+6,18)-COUNTIF(Y16:AF16,"<>空")+COUNTIF(Y16:AF16,"历练")+COUNTIF(Y16:AF16,"营地")*2+COUNTIF(Y16:AF16,"塔1")*5 -> 10 | AO16: 遗迹 | AP16: 150 | AQ16: 40 | AR16: 29.110982 | AS16: =COUNTIF($I$4:$P$93,AO16) -> 0 | AT16: =COUNTIF($Q$4:$X$93,AO16) -> 0 | AU16: =COUNTIF($Y$4:$AF$93,AO16) -> 0 | AV16: =AS16+AT16+AU16 -> 0 | AX16: =AS16*$AQ16 -> 0 | AY16: =AT16*$AQ16 -> 0 | AZ16: =AU16*$AQ16 -> 0 | BD16: =AR16*AV16 -> 0
A17: 46198 | B17: 1600 | D17: =(SUM(粮草!A17:X17)+AG17*10*IF(AK17="是",$BB$4,$BB$3)) -> 1652 | E17: =SUM($B$4:B17)+SUM($C$4:C17)-SUM($D$4:D17) -> 2594 | F17: =SUM(经验!A17:X17) -> 735 | G17: =SUM($F$4:F17)+SUM($H$4:H17) -> 10740 | H17: 0 | I17: 空 | J17: 空 | K17: 空 | L17: 空 | M17: 空 | N17: 空 | O17: 空 | P17: 空 | Q17: 3级 | R17: 3级 | S17: 3级 | T17: 营地 | U17: 3级 | V17: 3级 | W17: 3级 | X17: 3级 | Y17: 6级 | Z17: 6级 | AA17: 6级 | AB17: 营地 | AC17: 6级 | AD17: 6级 | AE17: 6级 | AF17: 6级 | AG17: =AH17+AI17+AJ17 -> 0 | AK17: 是 | AL17: =MIN(AL16+6,18)-COUNTIF(I17:P17,"<>空")+COUNTIF(I17:P17,"历练")+COUNTIF(I17:P17,"营地")*2+COUNTIF(I17:P17,"塔1")*5 -> 18 | AM17: =MIN(AM16+6,18)-COUNTIF(Q17:X17,"<>空")+COUNTIF(Q17:X17,"历练")+COUNTIF(Q17:X17,"营地")*2+COUNTIF(Q17:X17,"塔1")*5 -> 12 | AN17: =MIN(AN16+6,18)-COUNTIF(Y17:AF17,"<>空")+COUNTIF(Y17:AF17,"历练")+COUNTIF(Y17:AF17,"营地")*2+COUNTIF(Y17:AF17,"塔1")*5 -> 10 | AO17: 商人 | AP17: 50 | AQ17: 30 | AR17: 10 | AS17: =COUNTIF($I$4:$P$93,AO17) -> 11 | AT17: =COUNTIF($Q$4:$X$93,AO17) -> 21 | AU17: =COUNTIF($Y$4:$AF$93,AO17) -> 7 | AV17: =AS17+AT17+AU17 -> 39 | AX17: =AS17*$AQ17 -> 330 | AY17: =AT17*$AQ17 -> 630 | AZ17: =AU17*$AQ17 -> 210 | BD17: =AR17*AV17 -> 390
A18: 46199 | B18: 1600 | D18: =(SUM(粮草!A18:X18)+AG18*10*IF(AK18="是",$BB$4,$BB$3)) -> 1918 | E18: =SUM($B$4:B18)+SUM($C$4:C18)-SUM($D$4:D18) -> 2276 | F18: =SUM(经验!A18:X18) -> 775 | G18: =SUM($F$4:F18)+SUM($H$4:H18) -> 11515 | H18: 0 | I18: 空 | J18: 空 | K18: 空 | L18: 空 | M18: 空 | N18: 空 | O18: 空 | P18: 空 | Q18: 3级 | R18: 3级 | S18: 3级 | T18: 商人 | U18: 3级 | V18: 3级 | W18: 5级 | X18: 5级 | Y18: 6级 | Z18: 6级 | AA18: 6级 | AB18: 6级 | AC18: 6级 | AD18: 5级 | AE18: 营地 | AF18: 5级 | AG18: =AH18+AI18+AJ18 -> 0 | AK18: 是 | AL18: =MIN(AL17+6,18)-COUNTIF(I18:P18,"<>空")+COUNTIF(I18:P18,"历练")+COUNTIF(I18:P18,"营地")*2+COUNTIF(I18:P18,"塔1")*5 -> 18 | AM18: =MIN(AM17+6,18)-COUNTIF(Q18:X18,"<>空")+COUNTIF(Q18:X18,"历练")+COUNTIF(Q18:X18,"营地")*2+COUNTIF(Q18:X18,"塔1")*5 -> 10 | AN18: =MIN(AN17+6,18)-COUNTIF(Y18:AF18,"<>空")+COUNTIF(Y18:AF18,"历练")+COUNTIF(Y18:AF18,"营地")*2+COUNTIF(Y18:AF18,"塔1")*5 -> 10 | AO18: 营地 | AP18: -150 | AQ18: 0 | AR18: 10 | AS18: =COUNTIF($I$4:$P$93,AO18) -> 2 | AT18: =COUNTIF($Q$4:$X$93,AO18) -> 8 | AU18: =COUNTIF($Y$4:$AF$93,AO18) -> 5 | AV18: =AS18+AT18+AU18 -> 15 | AX18: =AS18*$AQ18 -> 0 | AY18: =AT18*$AQ18 -> 0 | AZ18: =AU18*$AQ18 -> 0 | BD18: =AR18*AV18 -> 150
A19: 46200 | B19: 1600 | D19: =(SUM(粮草!A19:X19)+AG19*10*IF(AK19="是",$BB$4,$BB$3)) -> 1638 | E19: =SUM($B$4:B19)+SUM($C$4:C19)-SUM($D$4:D19) -> 2238 | F19: =SUM(经验!A19:X19) -> 690 | G19: =SUM($F$4:F19)+SUM($H$4:H19) -> 12205 | H19: 0 | I19: 空 | J19: 空 | K19: 空 | L19: 空 | M19: 空 | N19: 空 | O19: 空 | P19: 空 | Q19: 5级 | R19: 营地 | S19: 5级 | T19: 草5 | U19: 5级 | V19: 商人 | W19: 5级 | X19: 5级 | Y19: 5级 | Z19: 5级 | AA19: 5级 | AB19: 5级 | AC19: 5级 | AD19: 5级 | AE19: 空 | AF19: 空 | AG19: =AH19+AI19+AJ19 -> 2 | AI19: 2 | AK19: 是 | AL19: =MIN(AL18+6,18)-COUNTIF(I19:P19,"<>空")+COUNTIF(I19:P19,"历练")+COUNTIF(I19:P19,"营地")*2+COUNTIF(I19:P19,"塔1")*5 -> 18 | AM19: =MIN(AM18+6,18)-COUNTIF(Q19:X19,"<>空")+COUNTIF(Q19:X19,"历练")+COUNTIF(Q19:X19,"营地")*2+COUNTIF(Q19:X19,"塔1")*5 -> 10 | AN19: =MIN(AN18+6,18)-COUNTIF(Y19:AF19,"<>空")+COUNTIF(Y19:AF19,"历练")+COUNTIF(Y19:AF19,"营地")*2+COUNTIF(Y19:AF19,"塔1")*5 -> 10 | AO19: 大卦 | AP19: 250 | AQ19: 300 | AS19: =COUNTIF($I$4:$P$93,AO19) -> 0 | AT19: =COUNTIF($Q$4:$X$93,AO19) -> 3 | AU19: =COUNTIF($Y$4:$AF$93,AO19) -> 0 | AV19: =AS19+AT19+AU19 -> 3 | AX19: =AS19*$AQ19 -> 0 | AY19: =AT19*$AQ19 -> 900 | AZ19: =AU19*$AQ19 -> 0 | BD19: =AR19*AV19 -> 0
A20: 46201 | B20: 1600 | D20: =(SUM(粮草!A20:X20)+AG20*10*IF(AK20="是",$BB$4,$BB$3)) -> 1832 | E20: =SUM($B$4:B20)+SUM($C$4:C20)-SUM($D$4:D20) -> 2006 | F20: =SUM(经验!A20:X20) -> 640 | G20: =SUM($F$4:F20)+SUM($H$4:H20) -> 12845 | H20: 0 | I20: 空 | J20: 空 | K20: 空 | L20: 空 | M20: 空 | N20: 空 | O20: 空 | P20: 空 | Q20: 4级 | R20: 5级 | S20: 5级 | T20: 4级 | U20: 4级 | V20: 4级 | W20: 空 | X20: 空 | Y20: 5级 | Z20: 5级 | AA20: 5级 | AB20: 5级 | AC20: 5级 | AD20: 5级 | AE20: 空 | AF20: 空 | AG20: =AH20+AI20+AJ20 -> 5 | AI20: 5 | AK20: 是 | AL20: =MIN(AL19+6,18)-COUNTIF(I20:P20,"<>空")+COUNTIF(I20:P20,"历练")+COUNTIF(I20:P20,"营地")*2+COUNTIF(I20:P20,"塔1")*5 -> 18 | AM20: =MIN(AM19+6,18)-COUNTIF(Q20:X20,"<>空")+COUNTIF(Q20:X20,"历练")+COUNTIF(Q20:X20,"营地")*2+COUNTIF(Q20:X20,"塔1")*5 -> 10 | AN20: =MIN(AN19+6,18)-COUNTIF(Y20:AF20,"<>空")+COUNTIF(Y20:AF20,"历练")+COUNTIF(Y20:AF20,"营地")*2+COUNTIF(Y20:AF20,"塔1")*5 -> 10 | AO20: 3级卦 | AP20: 170 | AQ20: 45 | AS20: =COUNTIF($I$4:$P$93,AO20) -> 0 | AT20: =COUNTIF($Q$4:$X$93,AO20) -> 5 | AU20: =COUNTIF($Y$4:$AF$93,AO20) -> 0 | AV20: =AS20+AT20+AU20 -> 5 | AX20: =AS20*$AQ20 -> 0 | AY20: =AT20*$AQ20 -> 225 | AZ20: =AU20*$AQ20 -> 0 | BD20: =AR20*AV20 -> 0
A21: 46202 | B21: 1600 | D21: =(SUM(粮草!A21:X21)+AG21*10*IF(AK21="是",$BB$4,$BB$3)) -> 1840 | E21: =SUM($B$4:B21)+SUM($C$4:C21)-SUM($D$4:D21) -> 1766 | F21: =SUM(经验!A21:X21) -> 665 | G21: =SUM($F$4:F21)+SUM($H$4:H21) -> 13710 | H21: 200 | I21: 空 | J21: 空 | K21: 空 | L21: 空 | M21: 空 | N21: 空 | O21: 空 | P21: 空 | Q21: 5级 | R21: 5级 | S21: 4级 | T21: 4级 | U21: 5级 | V21: 5级 | W21: 空 | X21: 空 | Y21: 5级 | Z21: 5级 | AA21: 5级 | AB21: 6级 | AC21: 6级 | AD21: 6级 | AE21: 空 | AF21: 空 | AG21: =AH21+AI21+AJ21 -> 1 | AJ21: 1 | AK21: 是 | AL21: =MIN(AL20+6,18)-COUNTIF(I21:P21,"<>空")+COUNTIF(I21:P21,"历练")+COUNTIF(I21:P21,"营地")*2+COUNTIF(I21:P21,"塔1")*5 -> 18 | AM21: =MIN(AM20+6,18)-COUNTIF(Q21:X21,"<>空")+COUNTIF(Q21:X21,"历练")+COUNTIF(Q21:X21,"营地")*2+COUNTIF(Q21:X21,"塔1")*5 -> 10 | AN21: =MIN(AN20+6,18)-COUNTIF(Y21:AF21,"<>空")+COUNTIF(Y21:AF21,"历练")+COUNTIF(Y21:AF21,"营地")*2+COUNTIF(Y21:AF21,"塔1")*5 -> 10 | AO21: 巨卦 | AP21: 250 | AQ21: 400 | AS21: =COUNTIF($I$4:$P$93,AO21) -> 0 | AT21: =COUNTIF($Q$4:$X$93,AO21) -> 0 | AU21: =COUNTIF($Y$4:$AF$93,AO21) -> 0 | AV21: =AS21+AT21+AU21 -> 0 | AX21: =AS21*$AQ21 -> 0 | AY21: =AT21*$AQ21 -> 0 | AZ21: =AU21*$AQ21 -> 0 | BD21: =AR21*AV21 -> 0
A22: 46203 | B22: 1600 | D22: =(SUM(粮草!A22:X22)+AG22*10*IF(AK22="是",$BB$4,$BB$3)) -> 1862 | E22: =SUM($B$4:B22)+SUM($C$4:C22)-SUM($D$4:D22) -> 1504 | F22: =SUM(经验!A22:X22) -> 725 | G22: =SUM($F$4:F22)+SUM($H$4:H22) -> 14535 | H22: 100 | I22: 空 | J22: 空 | K22: 空 | L22: 空 | M22: 空 | N22: 空 | O22: 空 | P22: 空 | Q22: 4级 | R22: 营地 | S22: 5级 | T22: 5级 | U22: 4级 | V22: 4级 | W22: 4级 | X22: 5级 | Y22: 6级 | Z22: 6级 | AA22: 6级 | AB22: 6级 | AC22: 6级 | AD22: 6级 | AE22: 空 | AF22: 空 | AG22: =AH22+AI22+AJ22 -> 10 | AI22: 5 | AJ22: 5 | AK22: 是 | AL22: =MIN(AL21+6,18)-COUNTIF(I22:P22,"<>空")+COUNTIF(I22:P22,"历练")+COUNTIF(I22:P22,"营地")*2+COUNTIF(I22:P22,"塔1")*5 -> 18 | AM22: =MIN(AM21+6,18)-COUNTIF(Q22:X22,"<>空")+COUNTIF(Q22:X22,"历练")+COUNTIF(Q22:X22,"营地")*2+COUNTIF(Q22:X22,"塔1")*5 -> 10 | AN22: =MIN(AN21+6,18)-COUNTIF(Y22:AF22,"<>空")+COUNTIF(Y22:AF22,"历练")+COUNTIF(Y22:AF22,"营地")*2+COUNTIF(Y22:AF22,"塔1")*5 -> 10 | AO22: 大boss | AP22: 250 | AQ22: 1000 | AR22: 60 | AS22: =COUNTIF($I$4:$P$93,AO22) -> 0 | AT22: =COUNTIF($Q$4:$X$93,AO22) -> 2 | AU22: =COUNTIF($Y$4:$AF$93,AO22) -> 0 | AV22: =AS22+AT22+AU22 -> 2 | AX22: =AS22*$AQ22 -> 0 | AY22: =AT22*$AQ22 -> 2000 | AZ22: =AU22*$AQ22 -> 0 | BD22: =AR22*AV22 -> 120
A23: 46204 | B23: 1600 | D23: =(SUM(粮草!A23:X23)+AG23*10*IF(AK23="是",$BB$4,$BB$3)) -> 1412 | E23: =SUM($B$4:B23)+SUM($C$4:C23)-SUM($D$4:D23) -> 1692 | F23: =SUM(经验!A23:X23) -> 665 | G23: =SUM($F$4:F23)+SUM($H$4:H23) -> 15400 | H23: 200 | I23: 空 | J23: 空 | K23: 空 | L23: 空 | M23: 空 | N23: 空 | O23: 空 | P23: 空 | Q23: 4级 | R23: 4级 | S23: 4级 | T23: 4级 | U23: 5级 | V23: 4级 | W23: 营地 | X23: 空 | Y23: 6级 | Z23: 6级 | AA23: 6级 | AB23: 6级 | AC23: 6级 | AD23: 6级 | AE23: 营地 | AF23: 空 | AG23: =AH23+AI23+AJ23 -> 0 | AK23: 是 | AL23: =MIN(AL22+6,18)-COUNTIF(I23:P23,"<>空")+COUNTIF(I23:P23,"历练")+COUNTIF(I23:P23,"营地")*2+COUNTIF(I23:P23,"塔1")*5 -> 18 | AM23: =MIN(AM22+6,18)-COUNTIF(Q23:X23,"<>空")+COUNTIF(Q23:X23,"历练")+COUNTIF(Q23:X23,"营地")*2+COUNTIF(Q23:X23,"塔1")*5 -> 11 | AN23: =MIN(AN22+6,18)-COUNTIF(Y23:AF23,"<>空")+COUNTIF(Y23:AF23,"历练")+COUNTIF(Y23:AF23,"营地")*2+COUNTIF(Y23:AF23,"塔1")*5 -> 11 | AO23: 中boss | AP23: 250 | AQ23: 500 | AS23: =COUNTIF($I$4:$P$93,AO23) -> 0 | AT23: =COUNTIF($Q$4:$X$93,AO23) -> 2 | AU23: =COUNTIF($Y$4:$AF$93,AO23) -> 0 | AV23: =AS23+AT23+AU23 -> 2 | AX23: =AS23*$AQ23 -> 0 | AY23: =AT23*$AQ23 -> 1000 | AZ23: =AU23*$AQ23 -> 0 | BD23: =AR23*AV23 -> 0
A24: 46205 | B24: 1600 | D24: =(SUM(粮草!A24:X24)+AG24*10*IF(AK24="是",$BB$4,$BB$3)) -> 1816 | E24: =SUM($B$4:B24)+SUM($C$4:C24)-SUM($D$4:D24) -> 1476 | F24: =SUM(经验!A24:X24) -> 660 | G24: =SUM($F$4:F24)+SUM($H$4:H24) -> 16060 | H24: 0 | I24: 空 | J24: 空 | K24: 空 | L24: 空 | M24: 空 | N24: 空 | O24: 空 | P24: 空 | Q24: 4级 | R24: 4级 | S24: 4级 | T24: 草2 | U24: 5级 | V24: 5级 | W24: 空 | X24: 空 | Y24: 6级 | Z24: 6级 | AA24: 6级 | AB24: 6级 | AC24: 6级 | AD24: 6级 | AE24: 空 | AF24: 空 | AG24: =AH24+AI24+AJ24 -> 0 | AK24: 是 | AL24: =MIN(AL23+6,18)-COUNTIF(I24:P24,"<>空")+COUNTIF(I24:P24,"历练")+COUNTIF(I24:P24,"营地")*2+COUNTIF(I24:P24,"塔1")*5 -> 18 | AM24: =MIN(AM23+6,18)-COUNTIF(Q24:X24,"<>空")+COUNTIF(Q24:X24,"历练")+COUNTIF(Q24:X24,"营地")*2+COUNTIF(Q24:X24,"塔1")*5 -> 11 | AN24: =MIN(AN23+6,18)-COUNTIF(Y24:AF24,"<>空")+COUNTIF(Y24:AF24,"历练")+COUNTIF(Y24:AF24,"营地")*2+COUNTIF(Y24:AF24,"塔1")*5 -> 11 | AO24: 4级卦 | AP24: 180 | AQ24: 50 | AR24: 39.110982 | AS24: =COUNTIF($I$4:$P$93,AO24) -> 0 | AT24: =COUNTIF($Q$4:$X$93,AO24) -> 0 | AU24: =COUNTIF($Y$4:$AF$93,AO24) -> 0 | AV24: =AS24+AT24+AU24 -> 0 | AX24: =AS24*$AQ24 -> 0 | AY24: =AT24*$AQ24 -> 0 | AZ24: =AU24*$AQ24 -> 0 | BD24: =AR24*AV24 -> 0
A25: 46206 | B25: 1600 | D25: =(SUM(粮草!A25:X25)+AG25*10*IF(AK25="是",$BB$4,$BB$3)) -> 1832 | E25: =SUM($B$4:B25)+SUM($C$4:C25)-SUM($D$4:D25) -> 1244 | F25: =SUM(经验!A25:X25) -> 665 | G25: =SUM($F$4:F25)+SUM($H$4:H25) -> 16725 | H25: 0 | I25: 空 | J25: 空 | K25: 空 | L25: 空 | M25: 空 | N25: 空 | O25: 空 | P25: 空 | Q25: 4级 | R25: 5级 | S25: 4级 | T25: 4级 | U25: 4级 | V25: 4级 | W25: 空 | X25: 空 | Y25: 6级 | Z25: 6级 | AA25: 6级 | AB25: 6级 | AC25: 6级 | AD25: 6级 | AE25: 空 | AF25: 空 | AG25: =AH25+AI25+AJ25 -> 0 | AK25: 是 | AL25: =MIN(AL24+6,18)-COUNTIF(I25:P25,"<>空")+COUNTIF(I25:P25,"历练")+COUNTIF(I25:P25,"营地")*2+COUNTIF(I25:P25,"塔1")*5 -> 18 | AM25: =MIN(AM24+6,18)-COUNTIF(Q25:X25,"<>空")+COUNTIF(Q25:X25,"历练")+COUNTIF(Q25:X25,"营地")*2+COUNTIF(Q25:X25,"塔1")*5 -> 11 | AN25: =MIN(AN24+6,18)-COUNTIF(Y25:AF25,"<>空")+COUNTIF(Y25:AF25,"历练")+COUNTIF(Y25:AF25,"营地")*2+COUNTIF(Y25:AF25,"塔1")*5 -> 11 | AO25: 塔1 | AP25: 160 | AQ25: 35 | AR25: 44.222109 | AS25: =COUNTIF($I$4:$P$93,AO25) -> 0 | AT25: =COUNTIF($Q$4:$X$93,AO25) -> 1 | AU25: =COUNTIF($Y$4:$AF$93,AO25) -> 0 | AV25: =AS25+AT25+AU25 -> 1 | AX25: =AS25*$AQ25 -> 0 | AY25: =AT25*$AQ25 -> 35 | AZ25: =AU25*$AQ25 -> 0 | BD25: =AR25*AV25 -> 44.222109
A26: 46207 | B26: 1600 | D26: =(SUM(粮草!A26:X26)+AG26*10*IF(AK26="是",$BB$4,$BB$3)) -> 896 | E26: =SUM($B$4:B26)+SUM($C$4:C26)-SUM($D$4:D26) -> 1948 | F26: =SUM(经验!A26:X26) -> 320 | G26: =SUM($F$4:F26)+SUM($H$4:H26) -> 17045 | H26: 0 | I26: 空 | J26: 空 | K26: 空 | L26: 空 | M26: 空 | N26: 空 | O26: 空 | P26: 空 | Q26: 5级 | R26: 5级 | S26: 5级 | T26: 5级 | U26: 4级 | V26: 4级 | W26: 空 | X26: 空 | Y26: 空 | Z26: 空 | AA26: 空 | AB26: 空 | AC26: 空 | AD26: 空 | AE26: 空 | AF26: 空 | AG26: =AH26+AI26+AJ26 -> 0 | AK26: 是 | AL26: =MIN(AL25+6,18)-COUNTIF(I26:P26,"<>空")+COUNTIF(I26:P26,"历练")+COUNTIF(I26:P26,"营地")*2+COUNTIF(I26:P26,"塔1")*5 -> 18 | AM26: =MIN(AM25+6,18)-COUNTIF(Q26:X26,"<>空")+COUNTIF(Q26:X26,"历练")+COUNTIF(Q26:X26,"营地")*2+COUNTIF(Q26:X26,"塔1")*5 -> 11 | AN26: =MIN(AN25+6,18)-COUNTIF(Y26:AF26,"<>空")+COUNTIF(Y26:AF26,"历练")+COUNTIF(Y26:AF26,"营地")*2+COUNTIF(Y26:AF26,"塔1")*5 -> 17 | AO26: 塔2 | AP26: 150 | AQ26: 40 | AR26: 29.110982 | AS26: =COUNTIF($I$4:$P$93,AO26) -> 0 | AT26: =COUNTIF($Q$4:$X$93,AO26) -> 1 | AU26: =COUNTIF($Y$4:$AF$93,AO26) -> 0 | AV26: =AS26+AT26+AU26 -> 1 | AX26: =AS26*$AQ26 -> 0 | AY26: =AT26*$AQ26 -> 40 | AZ26: =AU26*$AQ26 -> 0 | BD26: =AR26*AV26 -> 29.110982
A27: 46208 | B27: 1600 | D27: =(SUM(粮草!A27:X27)+AG27*10*IF(AK27="是",$BB$4,$BB$3)) -> 1816 | E27: =SUM($B$4:B27)+SUM($C$4:C27)-SUM($D$4:D27) -> 1732 | F27: =SUM(经验!A27:X27) -> 675 | G27: =SUM($F$4:F27)+SUM($H$4:H27) -> 17720 | H27: 0 | I27: 空 | J27: 空 | K27: 空 | L27: 空 | M27: 空 | N27: 空 | O27: 空 | P27: 空 | Q27: 4级 | R27: 4级 | S27: 4级 | T27: 5级 | U27: 5级 | V27: 草5 | W27: 空 | X27: 空 | Y27: 6级 | Z27: 6级 | AA27: 6级 | AB27: 6级 | AC27: 6级 | AD27: 6级 | AE27: 空 | AF27: 空 | AG27: =AH27+AI27+AJ27 -> 0 | AK27: 是 | AL27: =MIN(AL26+6,18)-COUNTIF(I27:P27,"<>空")+COUNTIF(I27:P27,"历练")+COUNTIF(I27:P27,"营地")*2+COUNTIF(I27:P27,"塔1")*5 -> 18 | AM27: =MIN(AM26+6,18)-COUNTIF(Q27:X27,"<>空")+COUNTIF(Q27:X27,"历练")+COUNTIF(Q27:X27,"营地")*2+COUNTIF(Q27:X27,"塔1")*5 -> 11 | AN27: =MIN(AN26+6,18)-COUNTIF(Y27:AF27,"<>空")+COUNTIF(Y27:AF27,"历练")+COUNTIF(Y27:AF27,"营地")*2+COUNTIF(Y27:AF27,"塔1")*5 -> 12 | AO27: 塔3 | AP27: 150 | AQ27: 45 | AR27: 13.999855 | AS27: =COUNTIF($I$4:$P$93,AO27) -> 0 | AT27: =COUNTIF($Q$4:$X$93,AO27) -> 1 | AU27: =COUNTIF($Y$4:$AF$93,AO27) -> 1 | AV27: =AS27+AT27+AU27 -> 2 | AX27: =AS27*$AQ27 -> 0 | AY27: =AT27*$AQ27 -> 45 | AZ27: =AU27*$AQ27 -> 45 | BD27: =AR27*AV27 -> 27.99971
A28: 46209 | B28: 1600 | D28: =(SUM(粮草!A28:X28)+AG28*10*IF(AK28="是",$BB$4,$BB$3)) -> 1824 | E28: =SUM($B$4:B28)+SUM($C$4:C28)-SUM($D$4:D28) -> 1508 | F28: =SUM(经验!A28:X28) -> 680 | G28: =SUM($F$4:F28)+SUM($H$4:H28) -> 18600 | H28: 200 | I28: 空 | J28: 空 | K28: 空 | L28: 空 | M28: 空 | N28: 空 | O28: 空 | P28: 空 | Q28: 4级 | R28: 5级 | S28: 4级 | T28: 5级 | U28: 5级 | V28: 5级 | W28: 空 | X28: 空 | Y28: 6级 | Z28: 草6 | AA28: 6级 | AB28: 6级 | AC28: 6级 | AD28: 6级 | AE28: 空 | AF28: 空 | AG28: =AH28+AI28+AJ28 -> 1 | AI28: 1 | AK28: 是 | AL28: =MIN(AL27+6,18)-COUNTIF(I28:P28,"<>空")+COUNTIF(I28:P28,"历练")+COUNTIF(I28:P28,"营地")*2+COUNTIF(I28:P28,"塔1")*5 -> 18 | AM28: =MIN(AM27+6,18)-COUNTIF(Q28:X28,"<>空")+COUNTIF(Q28:X28,"历练")+COUNTIF(Q28:X28,"营地")*2+COUNTIF(Q28:X28,"塔1")*5 -> 11 | AN28: =MIN(AN27+6,18)-COUNTIF(Y28:AF28,"<>空")+COUNTIF(Y28:AF28,"历练")+COUNTIF(Y28:AF28,"营地")*2+COUNTIF(Y28:AF28,"塔1")*5 -> 12 | AO28: 空 | AP28: 0 | AQ28: 0 | AS28: =COUNTIF($I$4:$P$93,#REF!) -> 0 | AT28: =COUNTIF($Q$4:$X$93,#REF!) -> 0 | AU28: =COUNTIF($Y$4:$AF$93,#REF!) -> 0 | AV28: =AS28+AT28+AU28 -> 0 | AX28: =AS28*$AQ28 -> 0 | AY28: =AT28*$AQ28 -> 0 | AZ28: =AU28*$AQ28 -> 0 | BD28: =AR28*AV28 -> 0
A29: 46210 | B29: 1600 | D29: =(SUM(粮草!A29:X29)+AG29*10*IF(AK29="是",$BB$4,$BB$3)) -> 888 | E29: =SUM($B$4:B29)+SUM($C$4:C29)-SUM($D$4:D29) -> 2220 | F29: =SUM(经验!A29:X29) -> 315 | G29: =SUM($F$4:F29)+SUM($H$4:H29) -> 19015 | H29: 100 | I29: 空 | J29: 空 | K29: 空 | L29: 空 | M29: 空 | N29: 空 | O29: 空 | P29: 空 | Q29: 5级 | R29: 4级 | S29: 5级 | T29: 4级 | U29: 5级 | V29: 4级 | W29: 空 | X29: 空 | Y29: 空 | Z29: 空 | AA29: 空 | AB29: 空 | AC29: 空 | AD29: 空 | AE29: 空 | AF29: 空 | AG29: =AH29+AI29+AJ29 -> 0 | AK29: 是 | AL29: =MIN(AL28+6,18)-COUNTIF(I29:P29,"<>空")+COUNTIF(I29:P29,"历练")+COUNTIF(I29:P29,"营地")*2+COUNTIF(I29:P29,"塔1")*5 -> 18 | AM29: =MIN(AM28+6,18)-COUNTIF(Q29:X29,"<>空")+COUNTIF(Q29:X29,"历练")+COUNTIF(Q29:X29,"营地")*2+COUNTIF(Q29:X29,"塔1")*5 -> 11 | AN29: =MIN(AN28+6,18)-COUNTIF(Y29:AF29,"<>空")+COUNTIF(Y29:AF29,"历练")+COUNTIF(Y29:AF29,"营地")*2+COUNTIF(Y29:AF29,"塔1")*5 -> 18 | AO29: 历练 | AP29: 50 | AQ29: 520 | AS29: =COUNTIF($I$4:$P$93,AO29) -> 0 | AT29: =COUNTIF($Q$4:$X$93,AO29) -> 3 | AU29: =COUNTIF($Y$4:$AF$93,AO29) -> 0 | AV29: =AS29+AT29+AU29 -> 3 | AX29: =AS29*$AQ29 -> 0 | AY29: =AT29*$AQ29 -> 1560 | AZ29: =AU29*$AQ29 -> 0 | BD29: =AR29*AV29 -> 0
A30: 46211 | B30: 1600 | D30: =(SUM(粮草!A30:X30)+AG30*10*IF(AK30="是",$BB$4,$BB$3)) -> 1848 | E30: =SUM($B$4:B30)+SUM($C$4:C30)-SUM($D$4:D30) -> 1972 | F30: =SUM(经验!A30:X30) -> 675 | G30: =SUM($F$4:F30)+SUM($H$4:H30) -> 19890 | H30: 200 | I30: 空 | J30: 空 | K30: 空 | L30: 空 | M30: 空 | N30: 空 | O30: 空 | P30: 空 | Q30: 4级 | R30: 5级 | S30: 5级 | T30: 4级 | U30: 4级 | V30: 5级 | W30: 空 | X30: 空 | Y30: 6级 | Z30: 6级 | AA30: 6级 | AB30: 6级 | AC30: 6级 | AD30: 6级 | AE30: 空 | AF30: 空 | AG30: =AH30+AI30+AJ30 -> 0 | AK30: 是 | AL30: =MIN(AL29+6,18)-COUNTIF(I30:P30,"<>空")+COUNTIF(I30:P30,"历练")+COUNTIF(I30:P30,"营地")*2+COUNTIF(I30:P30,"塔1")*5 -> 18 | AM30: =MIN(AM29+6,18)-COUNTIF(Q30:X30,"<>空")+COUNTIF(Q30:X30,"历练")+COUNTIF(Q30:X30,"营地")*2+COUNTIF(Q30:X30,"塔1")*5 -> 11 | AN30: =MIN(AN29+6,18)-COUNTIF(Y30:AF30,"<>空")+COUNTIF(Y30:AF30,"历练")+COUNTIF(Y30:AF30,"营地")*2+COUNTIF(Y30:AF30,"塔1")*5 -> 12 | BD30: =SUM(BD4:BD29)+AG2*10 -> 37094.429
A31: 46212 | B31: 1600 | D31: =(SUM(粮草!A31:X31)+AG31*10*IF(AK31="是",$BB$4,$BB$3)) -> 1840 | E31: =SUM($B$4:B31)+SUM($C$4:C31)-SUM($D$4:D31) -> 1732 | F31: =SUM(经验!A31:X31) -> 670 | G31: =SUM($F$4:F31)+SUM($H$4:H31) -> 20560 | H31: 0 | I31: 空 | J31: 空 | K31: 空 | L31: 空 | M31: 空 | N31: 空 | O31: 空 | P31: 空 | Q31: 4级 | R31: 4级 | S31: 4级 | T31: 4级 | U31: 5级 | V31: 5级 | W31: 空 | X31: 空 | Y31: 6级 | Z31: 6级 | AA31: 6级 | AB31: 6级 | AC31: 6级 | AD31: 6级 | AE31: 空 | AF31: 空 | AG31: =AH31+AI31+AJ31 -> 0 | AK31: 是 | AL31: =MIN(AL30+6,18)-COUNTIF(I31:P31,"<>空")+COUNTIF(I31:P31,"历练")+COUNTIF(I31:P31,"营地")*2+COUNTIF(I31:P31,"塔1")*5 -> 18 | AM31: =MIN(AM30+6,18)-COUNTIF(Q31:X31,"<>空")+COUNTIF(Q31:X31,"历练")+COUNTIF(Q31:X31,"营地")*2+COUNTIF(Q31:X31,"塔1")*5 -> 11 | AN31: =MIN(AN30+6,18)-COUNTIF(Y31:AF31,"<>空")+COUNTIF(Y31:AF31,"历练")+COUNTIF(Y31:AF31,"营地")*2+COUNTIF(Y31:AF31,"塔1")*5 -> 12
A32: 46213 | B32: 1600 | D32: =(SUM(粮草!A32:X32)+AG32*10*IF(AK32="是",$BB$4,$BB$3)) -> 816 | E32: =SUM($B$4:B32)+SUM($C$4:C32)-SUM($D$4:D32) -> 2516 | F32: =SUM(经验!A32:X32) -> 290 | G32: =SUM($F$4:F32)+SUM($H$4:H32) -> 20850 | H32: 0 | I32: 空 | J32: 空 | K32: 空 | L32: 空 | M32: 空 | N32: 空 | O32: 空 | P32: 空 | Q32: 草2 | R32: 4级 | S32: 4级 | T32: 4级 | U32: 4级 | V32: 草4 | W32: 空 | X32: 空 | Y32: 空 | Z32: 空 | AA32: 空 | AB32: 空 | AC32: 空 | AD32: 空 | AE32: 空 | AF32: 空 | AG32: =AH32+AI32+AJ32 -> 0 | AK32: 是 | AL32: =MIN(AL31+6,18)-COUNTIF(I32:P32,"<>空")+COUNTIF(I32:P32,"历练")+COUNTIF(I32:P32,"营地")*2+COUNTIF(I32:P32,"塔1")*5 -> 18 | AM32: =MIN(AM31+6,18)-COUNTIF(Q32:X32,"<>空")+COUNTIF(Q32:X32,"历练")+COUNTIF(Q32:X32,"营地")*2+COUNTIF(Q32:X32,"塔1")*5 -> 11 | AN32: =MIN(AN31+6,18)-COUNTIF(Y32:AF32,"<>空")+COUNTIF(Y32:AF32,"历练")+COUNTIF(Y32:AF32,"营地")*2+COUNTIF(Y32:AF32,"塔1")*5 -> 18 | AO32: 地块统计 | AP32: 应占领 | AQ32: 缺少 | AR32: 粮草 | AS32: 分数
A33: 46214 | B33: 1600 | D33: =(SUM(粮草!A33:X33)+AG33*10*IF(AK33="是",$BB$4,$BB$3)) -> 1824 | E33: =SUM($B$4:B33)+SUM($C$4:C33)-SUM($D$4:D33) -> 2292 | F33: =SUM(经验!A33:X33) -> 665 | G33: =SUM($F$4:F33)+SUM($H$4:H33) -> 21515 | H33: 0 | I33: 空 | J33: 空 | K33: 空 | L33: 空 | M33: 空 | N33: 空 | O33: 空 | P33: 空 | Q33: 5级 | R33: 4级 | S33: 5级 | T33: 4级 | U33: 5级 | V33: 草2 | W33: 空 | X33: 空 | Y33: 6级 | Z33: 6级 | AA33: 6级 | AB33: 6级 | AC33: 6级 | AD33: 6级 | AE33: 空 | AF33: 空 | AG33: =AH33+AI33+AJ33 -> 0 | AK33: 是 | AL33: =MIN(AL32+6,18)-COUNTIF(I33:P33,"<>空")+COUNTIF(I33:P33,"历练")+COUNTIF(I33:P33,"营地")*2+COUNTIF(I33:P33,"塔1")*5 -> 18 | AM33: =MIN(AM32+6,18)-COUNTIF(Q33:X33,"<>空")+COUNTIF(Q33:X33,"历练")+COUNTIF(Q33:X33,"营地")*2+COUNTIF(Q33:X33,"塔1")*5 -> 11 | AN33: =MIN(AN32+6,18)-COUNTIF(Y33:AF33,"<>空")+COUNTIF(Y33:AF33,"历练")+COUNTIF(Y33:AF33,"营地")*2+COUNTIF(Y33:AF33,"塔1")*5 -> 12 | AO33: 3级 | AP33: 190 | AQ33: =AP33-AV6 -> 14 | AR33: =AQ33*AP6*0.8 -> 1904 | AS33: =AQ33*AQ6 -> 630
A34: 46215 | B34: 1600 | D34: =(SUM(粮草!A34:X34)+AG34*10*IF(AK34="是",$BB$4,$BB$3)) -> 1720 | E34: =SUM($B$4:B34)+SUM($C$4:C34)-SUM($D$4:D34) -> 2172 | F34: =SUM(经验!A34:X34) -> 625 | G34: =SUM($F$4:F34)+SUM($H$4:H34) -> 22140 | H34: 0 | I34: 空 | J34: 空 | K34: 空 | L34: 空 | M34: 空 | N34: 空 | O34: 空 | P34: 空 | Q34: 4级 | R34: 4级 | S34: 5级 | T34: 5级 | U34: 5级 | V34: 空 | W34: 空 | X34: 空 | Y34: 6级 | Z34: 6级 | AA34: 6级 | AB34: 6级 | AC34: 6级 | AD34: 6级 | AE34: 空 | AF34: 空 | AG34: =AH34+AI34+AJ34 -> 2 | AI34: 2 | AK34: 是 | AL34: =MIN(AL33+6,18)-COUNTIF(I34:P34,"<>空")+COUNTIF(I34:P34,"历练")+COUNTIF(I34:P34,"营地")*2+COUNTIF(I34:P34,"塔1")*5 -> 18 | AM34: =MIN(AM33+6,18)-COUNTIF(Q34:X34,"<>空")+COUNTIF(Q34:X34,"历练")+COUNTIF(Q34:X34,"营地")*2+COUNTIF(Q34:X34,"塔1")*5 -> 12 | AN34: =MIN(AN33+6,18)-COUNTIF(Y34:AF34,"<>空")+COUNTIF(Y34:AF34,"历练")+COUNTIF(Y34:AF34,"营地")*2+COUNTIF(Y34:AF34,"塔1")*5 -> 12 | AO34: 4级 | AP34: 266 | AQ34: =AP34-AV7 -> 6 | AR34: =AQ34*AP7*0.8 -> 864 | AS34: =AQ34*AQ7 -> 300
A35: 46216 | B35: 1600 | D35: =(SUM(粮草!A35:X35)+AG35*10*IF(AK35="是",$BB$4,$BB$3)) -> 856 | E35: =SUM($B$4:B35)+SUM($C$4:C35)-SUM($D$4:D35) -> 2916 | F35: =SUM(经验!A35:X35) -> 295 | G35: =SUM($F$4:F35)+SUM($H$4:H35) -> 22635 | H35: 200 | I35: 空 | J35: 空 | K35: 空 | L35: 空 | M35: 空 | N35: 空 | O35: 空 | P35: 空 | Q35: 3级 | R35: 4级 | S35: 4级 | T35: 4级 | U35: 4级 | V35: 4级 | W35: 空 | X35: 空 | Y35: 空 | Z35: 空 | AA35: 空 | AB35: 空 | AC35: 空 | AD35: 空 | AE35: 空 | AF35: 空 | AG35: =AH35+AI35+AJ35 -> 0 | AK35: 是 | AL35: =MIN(AL34+6,18)-COUNTIF(I35:P35,"<>空")+COUNTIF(I35:P35,"历练")+COUNTIF(I35:P35,"营地")*2+COUNTIF(I35:P35,"塔1")*5 -> 18 | AM35: =MIN(AM34+6,18)-COUNTIF(Q35:X35,"<>空")+COUNTIF(Q35:X35,"历练")+COUNTIF(Q35:X35,"营地")*2+COUNTIF(Q35:X35,"塔1")*5 -> 12 | AN35: =MIN(AN34+6,18)-COUNTIF(Y35:AF35,"<>空")+COUNTIF(Y35:AF35,"历练")+COUNTIF(Y35:AF35,"营地")*2+COUNTIF(Y35:AF35,"塔1")*5 -> 18 | AO35: 5级 | AP35: 219 | AQ35: =AP35-AV8 -> -4 | AR35: =AQ35*AP8*0.8 -> -608 | AS35: =AQ35*AQ8 -> -220
A36: 46217 | B36: 1600 | D36: =(SUM(粮草!A36:X36)+AG36*10*IF(AK36="是",$BB$4,$BB$3)) -> 1696 | E36: =SUM($B$4:B36)+SUM($C$4:C36)-SUM($D$4:D36) -> 2820 | F36: =SUM(经验!A36:X36) -> 610 | G36: =SUM($F$4:F36)+SUM($H$4:H36) -> 23345 | H36: 100 | I36: 空 | J36: 空 | K36: 空 | L36: 空 | M36: 空 | N36: 空 | O36: 空 | P36: 空 | Q36: 4级 | R36: 4级 | S36: 4级 | T36: 4级 | U36: 4级 | V36: 6级 | W36: 空 | X36: 空 | Y36: 6级 | Z36: 6级 | AA36: 6级 | AB36: 6级 | AC36: 6级 | AD36: 空 | AE36: 空 | AF36: 空 | AG36: =AH36+AI36+AJ36 -> 2 | AJ36: 2 | AK36: 是 | AL36: =MIN(AL35+6,18)-COUNTIF(I36:P36,"<>空")+COUNTIF(I36:P36,"历练")+COUNTIF(I36:P36,"营地")*2+COUNTIF(I36:P36,"塔1")*5 -> 18 | AM36: =MIN(AM35+6,18)-COUNTIF(Q36:X36,"<>空")+COUNTIF(Q36:X36,"历练")+COUNTIF(Q36:X36,"营地")*2+COUNTIF(Q36:X36,"塔1")*5 -> 12 | AN36: =MIN(AN35+6,18)-COUNTIF(Y36:AF36,"<>空")+COUNTIF(Y36:AF36,"历练")+COUNTIF(Y36:AF36,"营地")*2+COUNTIF(Y36:AF36,"塔1")*5 -> 13 | AO36: 6级 | AP36: 197 | AQ36: =AP36-AV9 -> 11 | AR36: =AQ36*AP9*0.8 -> 1760 | AS36: =AQ36*AQ9 -> 660
A37: 46218 | B37: 1600 | D37: =(SUM(粮草!A37:X37)+AG37*10*IF(AK37="是",$BB$4,$BB$3)) -> 1928 | E37: =SUM($B$4:B37)+SUM($C$4:C37)-SUM($D$4:D37) -> 2492 | F37: =SUM(经验!A37:X37) -> 720 | G37: =SUM($F$4:F37)+SUM($H$4:H37) -> 24265 | H37: 200 | I37: 空 | J37: 空 | K37: 空 | L37: 空 | M37: 空 | N37: 空 | O37: 空 | P37: 空 | Q37: 6级 | R37: 6级 | S37: 6级 | T37: 6级 | U37: 6级 | V37: 6级 | W37: 空 | X37: 空 | Y37: 6级 | Z37: 6级 | AA37: 6级 | AB37: 6级 | AC37: 6级 | AD37: 6级 | AE37: 空 | AF37: 空 | AG37: =AH37+AI37+AJ37 -> 1 | AJ37: 1 | AK37: 是 | AL37: =MIN(AL36+6,18)-COUNTIF(I37:P37,"<>空")+COUNTIF(I37:P37,"历练")+COUNTIF(I37:P37,"营地")*2+COUNTIF(I37:P37,"塔1")*5 -> 18 | AM37: =MIN(AM36+6,18)-COUNTIF(Q37:X37,"<>空")+COUNTIF(Q37:X37,"历练")+COUNTIF(Q37:X37,"营地")*2+COUNTIF(Q37:X37,"塔1")*5 -> 12 | AN37: =MIN(AN36+6,18)-COUNTIF(Y37:AF37,"<>空")+COUNTIF(Y37:AF37,"历练")+COUNTIF(Y37:AF37,"营地")*2+COUNTIF(Y37:AF37,"塔1")*5 -> 12 | AO37: 商人 | AP37: 38 | AQ37: =AP37-AV17 -> -1 | AR37: =AQ37*AP17*0.8 -> -40 | AS37: =AQ37*AQ17 -> -30
A38: 46219 | B38: 1600 | D38: =(SUM(粮草!A38:X38)+AG38*10*IF(AK38="是",$BB$4,$BB$3)) -> 960 | E38: =SUM($B$4:B38)+SUM($C$4:C38)-SUM($D$4:D38) -> 3132 | F38: =SUM(经验!A38:X38) -> 360 | G38: =SUM($F$4:F38)+SUM($H$4:H38) -> 24625 | H38: 0 | I38: 空 | J38: 空 | K38: 空 | L38: 空 | M38: 空 | N38: 空 | O38: 空 | P38: 空 | Q38: 6级 | R38: 6级 | S38: 6级 | T38: 6级 | U38: 6级 | V38: 6级 | W38: 空 | X38: 空 | Y38: 空 | Z38: 空 | AA38: 空 | AB38: 空 | AC38: 空 | AD38: 空 | AE38: 空 | AF38: 空 | AG38: =AH38+AI38+AJ38 -> 0 | AK38: 是 | AL38: =MIN(AL37+6,18)-COUNTIF(I38:P38,"<>空")+COUNTIF(I38:P38,"历练")+COUNTIF(I38:P38,"营地")*2+COUNTIF(I38:P38,"塔1")*5 -> 18 | AM38: =MIN(AM37+6,18)-COUNTIF(Q38:X38,"<>空")+COUNTIF(Q38:X38,"历练")+COUNTIF(Q38:X38,"营地")*2+COUNTIF(Q38:X38,"塔1")*5 -> 12 | AN38: =MIN(AN37+6,18)-COUNTIF(Y38:AF38,"<>空")+COUNTIF(Y38:AF38,"历练")+COUNTIF(Y38:AF38,"营地")*2+COUNTIF(Y38:AF38,"塔1")*5 -> 18 | AO38: 草2 | AP38: 35 | AQ38: =AP38-AV11 -> -8 | AR38: =AQ38*AP11*0.8 -> -960 | AS38: =AQ38*AQ11 -> -320
A39: 46220 | B39: 1600 | D39: =(SUM(粮草!A39:X39)+AG39*10*IF(AK39="是",$BB$4,$BB$3)) -> 1808 | E39: =SUM($B$4:B39)+SUM($C$4:C39)-SUM($D$4:D39) -> 2924 | F39: =SUM(经验!A39:X39) -> 690 | G39: =SUM($F$4:F39)+SUM($H$4:H39) -> 25315 | H39: 0 | I39: 空 | J39: 空 | K39: 空 | L39: 空 | M39: 空 | N39: 空 | O39: 空 | P39: 空 | Q39: 商人 | R39: 6级 | S39: 6级 | T39: 6级 | U39: 6级 | V39: 6级 | W39: 空 | X39: 空 | Y39: 6级 | Z39: 6级 | AA39: 6级 | AB39: 6级 | AC39: 6级 | AD39: 6级 | AE39: 空 | AF39: 空 | AG39: =AH39+AI39+AJ39 -> 1 | AJ39: 1 | AK39: 是 | AL39: =MIN(AL38+6,18)-COUNTIF(I39:P39,"<>空")+COUNTIF(I39:P39,"历练")+COUNTIF(I39:P39,"营地")*2+COUNTIF(I39:P39,"塔1")*5 -> 18 | AM39: =MIN(AM38+6,18)-COUNTIF(Q39:X39,"<>空")+COUNTIF(Q39:X39,"历练")+COUNTIF(Q39:X39,"营地")*2+COUNTIF(Q39:X39,"塔1")*5 -> 12 | AN39: =MIN(AN38+6,18)-COUNTIF(Y39:AF39,"<>空")+COUNTIF(Y39:AF39,"历练")+COUNTIF(Y39:AF39,"营地")*2+COUNTIF(Y39:AF39,"塔1")*5 -> 12 | AO39: 草3 | AP39: 4 | AQ39: =AP39-AV12 -> 0 | AR39: =AQ39*AP12*0.8 -> 0 | AS39: =AQ39*AQ12 -> 0
A40: 46221 | B40: 1600 | D40: =(SUM(粮草!A40:X40)+AG40*10*IF(AK40="是",$BB$4,$BB$3)) -> 960 | E40: =SUM($B$4:B40)+SUM($C$4:C40)-SUM($D$4:D40) -> 3564 | F40: =SUM(经验!A40:X40) -> 360 | G40: =SUM($F$4:F40)+SUM($H$4:H40) -> 25675 | H40: 0 | I40: 空 | J40: 空 | K40: 空 | L40: 空 | M40: 空 | N40: 空 | O40: 空 | P40: 空 | Q40: 6级 | R40: 6级 | S40: 6级 | T40: 6级 | U40: 6级 | V40: 6级 | W40: 空 | X40: 空 | Y40: 空 | Z40: 空 | AA40: 空 | AB40: 空 | AC40: 空 | AD40: 空 | AE40: 空 | AF40: 空 | AG40: =AH40+AI40+AJ40 -> 0 | AK40: 是 | AL40: =MIN(AL39+6,18)-COUNTIF(I40:P40,"<>空")+COUNTIF(I40:P40,"历练")+COUNTIF(I40:P40,"营地")*2+COUNTIF(I40:P40,"塔1")*5 -> 18 | AM40: =MIN(AM39+6,18)-COUNTIF(Q40:X40,"<>空")+COUNTIF(Q40:X40,"历练")+COUNTIF(Q40:X40,"营地")*2+COUNTIF(Q40:X40,"塔1")*5 -> 12 | AN40: =MIN(AN39+6,18)-COUNTIF(Y40:AF40,"<>空")+COUNTIF(Y40:AF40,"历练")+COUNTIF(Y40:AF40,"营地")*2+COUNTIF(Y40:AF40,"塔1")*5 -> 18 | AO40: 草4 | AP40: 3 | AQ40: =AP40-AV13 -> 0 | AR40: =AQ40*AP13*0.8 -> 0 | AS40: =AQ40*AQ13 -> 0
A41: 46222 | B41: 1600 | D41: =(SUM(粮草!A41:X41)+AG41*10*IF(AK41="是",$BB$4,$BB$3)) -> 1784 | E41: =SUM($B$4:B41)+SUM($C$4:C41)-SUM($D$4:D41) -> 3380 | F41: =SUM(经验!A41:X41) -> 680 | G41: =SUM($F$4:F41)+SUM($H$4:H41) -> 26355 | H41: 0 | I41: 空 | J41: 空 | K41: 空 | L41: 空 | M41: 空 | N41: 空 | O41: 空 | P41: 空 | Q41: 6级 | R41: 6级 | S41: 6级 | T41: 6级 | U41: 6级 | V41: 6级 | W41: 空 | X41: 空 | Y41: 6级 | Z41: 6级 | AA41: 6级 | AB41: 商人 | AC41: 5级 | AD41: 5级 | AE41: 空 | AF41: 空 | AG41: =AH41+AI41+AJ41 -> 0 | AK41: 是 | AL41: =MIN(AL40+6,18)-COUNTIF(I41:P41,"<>空")+COUNTIF(I41:P41,"历练")+COUNTIF(I41:P41,"营地")*2+COUNTIF(I41:P41,"塔1")*5 -> 18 | AM41: =MIN(AM40+6,18)-COUNTIF(Q41:X41,"<>空")+COUNTIF(Q41:X41,"历练")+COUNTIF(Q41:X41,"营地")*2+COUNTIF(Q41:X41,"塔1")*5 -> 12 | AN41: =MIN(AN40+6,18)-COUNTIF(Y41:AF41,"<>空")+COUNTIF(Y41:AF41,"历练")+COUNTIF(Y41:AF41,"营地")*2+COUNTIF(Y41:AF41,"塔1")*5 -> 12 | AO41: 草5 | AP41: 3 | AQ41: =AP41-AV14 -> 0 | AR41: =AQ41*AP14*0.8 -> 0 | AS41: =AQ41*AQ14 -> 0
A42: 46223 | B42: 1600 | D42: =(SUM(粮草!A42:X42)+AG42*10*IF(AK42="是",$BB$4,$BB$3)) -> 928 | E42: =SUM($B$4:B42)+SUM($C$4:C42)-SUM($D$4:D42) -> 4052 | F42: =SUM(经验!A42:X42) -> 340 | G42: =SUM($F$4:F42)+SUM($H$4:H42) -> 26995 | H42: 300 | I42: 空 | J42: 空 | K42: 空 | L42: 空 | M42: 空 | N42: 空 | O42: 空 | P42: 空 | Q42: 6级 | R42: 6级 | S42: 6级 | T42: 4级 | U42: 4级 | V42: 6级 | W42: 空 | X42: 空 | Y42: 空 | Z42: 空 | AA42: 空 | AB42: 空 | AC42: 空 | AD42: 空 | AE42: 空 | AF42: 空 | AG42: =AH42+AI42+AJ42 -> 0 | AK42: 是 | AL42: =MIN(AL41+6,18)-COUNTIF(I42:P42,"<>空")+COUNTIF(I42:P42,"历练")+COUNTIF(I42:P42,"营地")*2+COUNTIF(I42:P42,"塔1")*5 -> 18 | AM42: =MIN(AM41+6,18)-COUNTIF(Q42:X42,"<>空")+COUNTIF(Q42:X42,"历练")+COUNTIF(Q42:X42,"营地")*2+COUNTIF(Q42:X42,"塔1")*5 -> 12 | AN42: =MIN(AN41+6,18)-COUNTIF(Y42:AF42,"<>空")+COUNTIF(Y42:AF42,"历练")+COUNTIF(Y42:AF42,"营地")*2+COUNTIF(Y42:AF42,"塔1")*5 -> 18 | AO42: 草6 | AP42: 1 | AQ42: =AP42-AV15 -> 0 | AR42: =AQ42*AP15*0.8 -> 0 | AS42: =AQ42*AQ15 -> 0
A43: 46224 | B43: 1600 | D43: =(SUM(粮草!A43:X43)+AG43*10*IF(AK43="是",$BB$4,$BB$3)) -> 960 | E43: =SUM($B$4:B43)+SUM($C$4:C43)-SUM($D$4:D43) -> 4692 | F43: =SUM(经验!A43:X43) -> 360 | G43: =SUM($F$4:F43)+SUM($H$4:H43) -> 27355 | H43: 0 | I43: 空 | J43: 空 | K43: 空 | L43: 空 | M43: 空 | N43: 空 | O43: 空 | P43: 空 | Q43: 6级 | R43: 6级 | S43: 6级 | T43: 6级 | U43: 6级 | V43: 6级 | W43: 空 | X43: 空 | Y43: 空 | Z43: 空 | AA43: 空 | AB43: 空 | AC43: 空 | AD43: 空 | AE43: 空 | AF43: 空 | AG43: =AH43+AI43+AJ43 -> 0 | AK43: 是 | AL43: =MIN(AL42+6,18)-COUNTIF(I43:P43,"<>空")+COUNTIF(I43:P43,"历练")+COUNTIF(I43:P43,"营地")*2+COUNTIF(I43:P43,"塔1")*5 -> 18 | AM43: =MIN(AM42+6,18)-COUNTIF(Q43:X43,"<>空")+COUNTIF(Q43:X43,"历练")+COUNTIF(Q43:X43,"营地")*2+COUNTIF(Q43:X43,"塔1")*5 -> 12 | AN43: =MIN(AN42+6,18)-COUNTIF(Y43:AF43,"<>空")+COUNTIF(Y43:AF43,"历练")+COUNTIF(Y43:AF43,"营地")*2+COUNTIF(Y43:AF43,"塔1")*5 -> 18 | AO43: 中boss | AP43: 2 | AQ43: =AP43-AV23 -> 0 | AR43: =AQ43*AP23*0.8 -> 0 | AS43: =AQ43*AQ23 -> 0
A44: 46225 | B44: 1600 | D44: =(SUM(粮草!A44:X44)+AG44*10*IF(AK44="是",$BB$4,$BB$3)) -> 960 | E44: =SUM($B$4:B44)+SUM($C$4:C44)-SUM($D$4:D44) -> 5332 | F44: =SUM(经验!A44:X44) -> 360 | G44: =SUM($F$4:F44)+SUM($H$4:H44) -> 27915 | H44: 200 | I44: 空 | J44: 空 | K44: 空 | L44: 空 | M44: 空 | N44: 空 | O44: 空 | P44: 空 | Q44: 6级 | R44: 6级 | S44: 6级 | T44: 6级 | U44: 6级 | V44: 6级 | W44: 空 | X44: 空 | Y44: 空 | Z44: 空 | AA44: 空 | AB44: 空 | AC44: 空 | AD44: 空 | AE44: 空 | AF44: 空 | AG44: =AH44+AI44+AJ44 -> 0 | AK44: 是 | AL44: =MIN(AL43+6,18)-COUNTIF(I44:P44,"<>空")+COUNTIF(I44:P44,"历练")+COUNTIF(I44:P44,"营地")*2+COUNTIF(I44:P44,"塔1")*5 -> 18 | AM44: =MIN(AM43+6,18)-COUNTIF(Q44:X44,"<>空")+COUNTIF(Q44:X44,"历练")+COUNTIF(Q44:X44,"营地")*2+COUNTIF(Q44:X44,"塔1")*5 -> 12 | AN44: =MIN(AN43+6,18)-COUNTIF(Y44:AF44,"<>空")+COUNTIF(Y44:AF44,"历练")+COUNTIF(Y44:AF44,"营地")*2+COUNTIF(Y44:AF44,"塔1")*5 -> 18 | AO44: 历练 | AP44: 3 | AQ44: =AP44-AV29 -> 0 | AR44: =AQ44*AP29*0.8 -> 0 | AS44: =AQ44*AQ29 -> 0
A45: 46226 | B45: 1600 | D45: =(SUM(粮草!A45:X45)+AG45*10*IF(AK45="是",$BB$4,$BB$3)) -> 944 | E45: =SUM($B$4:B45)+SUM($C$4:C45)-SUM($D$4:D45) -> 5988 | F45: =SUM(经验!A45:X45) -> 350 | G45: =SUM($F$4:F45)+SUM($H$4:H45) -> 28265 | H45: 0 | I45: 空 | J45: 空 | K45: 空 | L45: 空 | M45: 空 | N45: 空 | O45: 空 | P45: 空 | Q45: 6级 | R45: 6级 | S45: 4级 | T45: 6级 | U45: 6级 | V45: 6级 | W45: 空 | X45: 空 | Y45: 空 | Z45: 空 | AA45: 空 | AB45: 空 | AC45: 空 | AD45: 空 | AE45: 空 | AF45: 空 | AG45: =AH45+AI45+AJ45 -> 0 | AK45: 是 | AL45: =MIN(AL44+6,18)-COUNTIF(I45:P45,"<>空")+COUNTIF(I45:P45,"历练")+COUNTIF(I45:P45,"营地")*2+COUNTIF(I45:P45,"塔1")*5 -> 18 | AM45: =MIN(AM44+6,18)-COUNTIF(Q45:X45,"<>空")+COUNTIF(Q45:X45,"历练")+COUNTIF(Q45:X45,"营地")*2+COUNTIF(Q45:X45,"塔1")*5 -> 12 | AN45: =MIN(AN44+6,18)-COUNTIF(Y45:AF45,"<>空")+COUNTIF(Y45:AF45,"历练")+COUNTIF(Y45:AF45,"营地")*2+COUNTIF(Y45:AF45,"塔1")*5 -> 18 | AO45: 大boss | AP45: 2 | AQ45: =AP45-AV22 -> 0 | AR45: =AQ45*AP22*0.8 -> 0 | AS45: =AQ45*AQ22 -> 0
A46: 46227 | B46: 1600 | D46: =(SUM(粮草!A46:X46)+AG46*10*IF(AK46="是",$BB$4,$BB$3)) -> 1808 | E46: =SUM($B$4:B46)+SUM($C$4:C46)-SUM($D$4:D46) -> 5780 | F46: =SUM(经验!A46:X46) -> 650 | G46: =SUM($F$4:F46)+SUM($H$4:H46) -> 28915 | H46: 0 | I46: 空 | J46: 空 | K46: 空 | L46: 空 | M46: 空 | N46: 空 | O46: 空 | P46: 空 | Q46: 6级 | R46: 6级 | S46: 4级 | T46: 4级 | U46: 4级 | V46: 4级 | W46: 空 | X46: 空 | Y46: 5级 | Z46: 5级 | AA46: 5级 | AB46: 5级 | AC46: 5级 | AD46: 5级 | AE46: 空 | AF46: 空 | AG46: =AH46+AI46+AJ46 -> 0 | AK46: 是 | AL46: =MIN(AL45+6,18)-COUNTIF(I46:P46,"<>空")+COUNTIF(I46:P46,"历练")+COUNTIF(I46:P46,"营地")*2+COUNTIF(I46:P46,"塔1")*5 -> 18 | AM46: =MIN(AM45+6,18)-COUNTIF(Q46:X46,"<>空")+COUNTIF(Q46:X46,"历练")+COUNTIF(Q46:X46,"营地")*2+COUNTIF(Q46:X46,"塔1")*5 -> 12 | AN46: =MIN(AN45+6,18)-COUNTIF(Y46:AF46,"<>空")+COUNTIF(Y46:AF46,"历练")+COUNTIF(Y46:AF46,"营地")*2+COUNTIF(Y46:AF46,"塔1")*5 -> 12 | AO46: 总 | AQ46: =SUM(AQ33:AQ43) -> 18 | AR46: =SUM(AR33:AR45) -> 2920 | AS46: =SUM(AS33:AS45) -> 1020
A47: 46228 | B47: 1600 | D47: =(SUM(粮草!A47:X47)+AG47*10*IF(AK47="是",$BB$4,$BB$3)) -> 1776 | E47: =SUM($B$4:B47)+SUM($C$4:C47)-SUM($D$4:D47) -> 5604 | F47: =SUM(经验!A47:X47) -> 630 | G47: =SUM($F$4:F47)+SUM($H$4:H47) -> 29545 | H47: 0 | I47: 空 | J47: 空 | K47: 空 | L47: 空 | M47: 空 | N47: 空 | O47: 空 | P47: 空 | Q47: 4级 | R47: 4级 | S47: 4级 | T47: 4级 | U47: 4级 | V47: 4级 | W47: 空 | X47: 空 | Y47: 5级 | Z47: 5级 | AA47: 5级 | AB47: 5级 | AC47: 5级 | AD47: 5级 | AE47: 空 | AF47: 空 | AG47: =AH47+AI47+AJ47 -> 0 | AK47: 是 | AL47: =MIN(AL46+6,18)-COUNTIF(I47:P47,"<>空")+COUNTIF(I47:P47,"历练")+COUNTIF(I47:P47,"营地")*2+COUNTIF(I47:P47,"塔1")*5 -> 18 | AM47: =MIN(AM46+6,18)-COUNTIF(Q47:X47,"<>空")+COUNTIF(Q47:X47,"历练")+COUNTIF(Q47:X47,"营地")*2+COUNTIF(Q47:X47,"塔1")*5 -> 12 | AN47: =MIN(AN46+6,18)-COUNTIF(Y47:AF47,"<>空")+COUNTIF(Y47:AF47,"历练")+COUNTIF(Y47:AF47,"营地")*2+COUNTIF(Y47:AF47,"塔1")*5 -> 12 | AQ47: 最终 | AR47: =E93-AR46 -> 124 | AS47: =AS46+G93 -> 64480
A48: 46229 | B48: 1600 | D48: =(SUM(粮草!A48:X48)+AG48*10*IF(AK48="是",$BB$4,$BB$3)) -> 1672 | E48: =SUM($B$4:B48)+SUM($C$4:C48)-SUM($D$4:D48) -> 5532 | F48: =SUM(经验!A48:X48) -> 610 | G48: =SUM($F$4:F48)+SUM($H$4:H48) -> 30155 | H48: 0 | I48: 空 | J48: 空 | K48: 空 | L48: 空 | M48: 空 | N48: 空 | O48: 空 | P48: 空 | Q48: 4级 | R48: 4级 | S48: 4级 | T48: 商人 | U48: 4级 | V48: 4级 | W48: 空 | X48: 空 | Y48: 5级 | Z48: 5级 | AA48: 5级 | AB48: 5级 | AC48: 5级 | AD48: 5级 | AE48: 空 | AF48: 空 | AG48: =AH48+AI48+AJ48 -> 0 | AK48: 是 | AL48: =MIN(AL47+6,18)-COUNTIF(I48:P48,"<>空")+COUNTIF(I48:P48,"历练")+COUNTIF(I48:P48,"营地")*2+COUNTIF(I48:P48,"塔1")*5 -> 18 | AM48: =MIN(AM47+6,18)-COUNTIF(Q48:X48,"<>空")+COUNTIF(Q48:X48,"历练")+COUNTIF(Q48:X48,"营地")*2+COUNTIF(Q48:X48,"塔1")*5 -> 12 | AN48: =MIN(AN47+6,18)-COUNTIF(Y48:AF48,"<>空")+COUNTIF(Y48:AF48,"历练")+COUNTIF(Y48:AF48,"营地")*2+COUNTIF(Y48:AF48,"塔1")*5 -> 12 | AQ48: 净获得
A49: 46230 | B49: 1600 | D49: =(SUM(粮草!A49:X49)+AG49*10*IF(AK49="是",$BB$4,$BB$3)) -> 1720 | E49: =SUM($B$4:B49)+SUM($C$4:C49)-SUM($D$4:D49) -> 5412 | F49: =SUM(经验!A49:X49) -> 610 | G49: =SUM($F$4:F49)+SUM($H$4:H49) -> 30965 | H49: 200 | I49: 空 | J49: 空 | K49: 空 | L49: 空 | M49: 空 | N49: 空 | O49: 空 | P49: 空 | Q49: 草2 | R49: 4级 | S49: 4级 | T49: 4级 | U49: 4级 | V49: 4级 | W49: 空 | X49: 空 | Y49: 塔3 | Z49: 5级 | AA49: 5级 | AB49: 5级 | AC49: 5级 | AD49: 5级 | AE49: 空 | AF49: 空 | AG49: =AH49+AI49+AJ49 -> 0 | AK49: 是 | AL49: =MIN(AL48+6,18)-COUNTIF(I49:P49,"<>空")+COUNTIF(I49:P49,"历练")+COUNTIF(I49:P49,"营地")*2+COUNTIF(I49:P49,"塔1")*5 -> 18 | AM49: =MIN(AM48+6,18)-COUNTIF(Q49:X49,"<>空")+COUNTIF(Q49:X49,"历练")+COUNTIF(Q49:X49,"营地")*2+COUNTIF(Q49:X49,"塔1")*5 -> 12 | AN49: =MIN(AN48+6,18)-COUNTIF(Y49:AF49,"<>空")+COUNTIF(Y49:AF49,"历练")+COUNTIF(Y49:AF49,"营地")*2+COUNTIF(Y49:AF49,"塔1")*5 -> 12 | AO49: 阶段 | AP49: 奖励粮草 | AQ49: 八卦前 | AR49: 八卦后 | AS49: 帐篷个数
A50: 46231 | B50: 1600 | D50: =(SUM(粮草!A50:X50)+AG50*10*IF(AK50="是",$BB$4,$BB$3)) -> 1824 | E50: =SUM($B$4:B50)+SUM($C$4:C50)-SUM($D$4:D50) -> 5188 | F50: =SUM(经验!A50:X50) -> 660 | G50: =SUM($F$4:F50)+SUM($H$4:H50) -> 31725 | H50: 100 | I50: 空 | J50: 空 | K50: 空 | L50: 空 | M50: 空 | N50: 空 | O50: 空 | P50: 空 | Q50: 4级 | R50: 4级 | S50: 4级 | T50: 4级 | U50: 4级 | V50: 4级 | W50: 空 | X50: 空 | Y50: 6级 | Z50: 6级 | AA50: 6级 | AB50: 6级 | AC50: 6级 | AD50: 6级 | AE50: 空 | AF50: 空 | AG50: =AH50+AI50+AJ50 -> 0 | AK50: 是 | AL50: =MIN(AL49+6,18)-COUNTIF(I50:P50,"<>空")+COUNTIF(I50:P50,"历练")+COUNTIF(I50:P50,"营地")*2+COUNTIF(I50:P50,"塔1")*5 -> 18 | AM50: =MIN(AM49+6,18)-COUNTIF(Q50:X50,"<>空")+COUNTIF(Q50:X50,"历练")+COUNTIF(Q50:X50,"营地")*2+COUNTIF(Q50:X50,"塔1")*5 -> 12 | AN50: =MIN(AN49+6,18)-COUNTIF(Y50:AF50,"<>空")+COUNTIF(Y50:AF50,"历练")+COUNTIF(Y50:AF50,"营地")*2+COUNTIF(Y50:AF50,"塔1")*5 -> 12 | AO50: 1 | AP50: 300 | AQ50: =AP50-50 -> 250 | AR50: =AP50-40 -> 260 | AS50: =COUNTIF(I4:AF13,$AO$18) -> 8 | AT50: =AP50*AS50 -> 2400 | AV50: 9 | AW50: 260 | AX50: =AV50*AW50 -> 2340 | AY50: 10 | AZ50: 210 | BA50: =AZ50*AY50 -> 2100
A51: 46232 | B51: 1600 | D51: =(SUM(粮草!A51:X51)+AG51*10*IF(AK51="是",$BB$4,$BB$3)) -> 1824 | E51: =SUM($B$4:B51)+SUM($C$4:C51)-SUM($D$4:D51) -> 4964 | F51: =SUM(经验!A51:X51) -> 660 | G51: =SUM($F$4:F51)+SUM($H$4:H51) -> 32585 | H51: 200 | I51: 空 | J51: 空 | K51: 空 | L51: 空 | M51: 空 | N51: 空 | O51: 空 | P51: 空 | Q51: 4级 | R51: 4级 | S51: 4级 | T51: 4级 | U51: 4级 | V51: 4级 | W51: 空 | X51: 空 | Y51: 6级 | Z51: 6级 | AA51: 6级 | AB51: 6级 | AC51: 6级 | AD51: 6级 | AE51: 空 | AF51: 空 | AG51: =AH51+AI51+AJ51 -> 0 | AK51: 是 | AL51: =MIN(AL50+6,18)-COUNTIF(I51:P51,"<>空")+COUNTIF(I51:P51,"历练")+COUNTIF(I51:P51,"营地")*2+COUNTIF(I51:P51,"塔1")*5 -> 18 | AM51: =MIN(AM50+6,18)-COUNTIF(Q51:X51,"<>空")+COUNTIF(Q51:X51,"历练")+COUNTIF(Q51:X51,"营地")*2+COUNTIF(Q51:X51,"塔1")*5 -> 12 | AN51: =MIN(AN50+6,18)-COUNTIF(Y51:AF51,"<>空")+COUNTIF(Y51:AF51,"历练")+COUNTIF(Y51:AF51,"营地")*2+COUNTIF(Y51:AF51,"塔1")*5 -> 12 | AO51: 2 | AP51: 250 | AQ51: =AP51-50 -> 200 | AR51: =AP51-40 -> 210 | AS51: =COUNTIF(I14:AF23,$AO$18) -> 7 | AT51: =AP51*AS51 -> 1750 | AV51: 1 | AW51: 160
A52: 46233 | B52: 1600 | D52: =(SUM(粮草!A52:X52)+AG52*10*IF(AK52="是",$BB$4,$BB$3)) -> 1744 | E52: =SUM($B$4:B52)+SUM($C$4:C52)-SUM($D$4:D52) -> 4820 | F52: =SUM(经验!A52:X52) -> 630 | G52: =SUM($F$4:F52)+SUM($H$4:H52) -> 33215 | H52: 0 | I52: 空 | J52: 空 | K52: 空 | L52: 空 | M52: 空 | N52: 空 | O52: 空 | P52: 空 | Q52: 4级 | R52: 4级 | S52: 4级 | T52: 4级 | U52: 草2 | V52: 4级 | W52: 空 | X52: 空 | Y52: 4级 | Z52: 6级 | AA52: 6级 | AB52: 6级 | AC52: 草4 | AD52: 6级 | AE52: 空 | AF52: 空 | AG52: =AH52+AI52+AJ52 -> 0 | AK52: 是 | AL52: =MIN(AL51+6,18)-COUNTIF(I52:P52,"<>空")+COUNTIF(I52:P52,"历练")+COUNTIF(I52:P52,"营地")*2+COUNTIF(I52:P52,"塔1")*5 -> 18 | AM52: =MIN(AM51+6,18)-COUNTIF(Q52:X52,"<>空")+COUNTIF(Q52:X52,"历练")+COUNTIF(Q52:X52,"营地")*2+COUNTIF(Q52:X52,"塔1")*5 -> 12 | AN52: =MIN(AN51+6,18)-COUNTIF(Y52:AF52,"<>空")+COUNTIF(Y52:AF52,"历练")+COUNTIF(Y52:AF52,"营地")*2+COUNTIF(Y52:AF52,"塔1")*5 -> 12 | AO52: 3 | AP52: 200 | AQ52: =AP52-50 -> 150 | AR52: =AP52-40 -> 160 | AS52: =COUNTIF(I24:AF43,$AO$18) -> 0 | AT52: =AP52*AS52 -> 0
A53: 46234 | B53: 1600 | D53: =(SUM(粮草!A53:X53)+AG53*10*IF(AK53="是",$BB$4,$BB$3)) -> 1824 | E53: =SUM($B$4:B53)+SUM($C$4:C53)-SUM($D$4:D53) -> 4596 | F53: =SUM(经验!A53:X53) -> 660 | G53: =SUM($F$4:F53)+SUM($H$4:H53) -> 33875 | H53: 0 | I53: 空 | J53: 空 | K53: 空 | L53: 空 | M53: 空 | N53: 空 | O53: 空 | P53: 空 | Q53: 4级 | R53: 4级 | S53: 4级 | T53: 4级 | U53: 4级 | V53: 4级 | W53: 空 | X53: 空 | Y53: 6级 | Z53: 6级 | AA53: 6级 | AB53: 6级 | AC53: 6级 | AD53: 6级 | AE53: 空 | AF53: 空 | AG53: =AH53+AI53+AJ53 -> 0 | AK53: 是 | AL53: =MIN(AL52+6,18)-COUNTIF(I53:P53,"<>空")+COUNTIF(I53:P53,"历练")+COUNTIF(I53:P53,"营地")*2+COUNTIF(I53:P53,"塔1")*5 -> 18 | AM53: =MIN(AM52+6,18)-COUNTIF(Q53:X53,"<>空")+COUNTIF(Q53:X53,"历练")+COUNTIF(Q53:X53,"营地")*2+COUNTIF(Q53:X53,"塔1")*5 -> 12 | AN53: =MIN(AN52+6,18)-COUNTIF(Y53:AF53,"<>空")+COUNTIF(Y53:AF53,"历练")+COUNTIF(Y53:AF53,"营地")*2+COUNTIF(Y53:AF53,"塔1")*5 -> 12 | AO53: 4 | AP53: 150 | AQ53: =AP53-50 -> 100 | AR53: =AP53-40 -> 110 | AS53: =COUNTIF(I44:AF64,$AO$18) -> 0 | AT53: =AP53*AS53 -> 0
A54: 46235 | B54: 1600 | D54: =(SUM(粮草!A54:X54)+AG54*10*IF(AK54="是",$BB$4,$BB$3)) -> 1760 | E54: =SUM($B$4:B54)+SUM($C$4:C54)-SUM($D$4:D54) -> 4436 | F54: =SUM(经验!A54:X54) -> 620 | G54: =SUM($F$4:F54)+SUM($H$4:H54) -> 34495 | H54: 0 | I54: 空 | J54: 空 | K54: 空 | L54: 空 | M54: 空 | N54: 空 | O54: 空 | P54: 空 | Q54: 4级 | R54: 5级 | S54: 5级 | T54: 4级 | U54: 4级 | V54: 4级 | W54: 空 | X54: 空 | Y54: 6级 | Z54: 4级 | AA54: 4级 | AB54: 4级 | AC54: 4级 | AD54: 4级 | AE54: 空 | AF54: 空 | AG54: =AH54+AI54+AJ54 -> 0 | AK54: 是 | AL54: =MIN(AL53+6,18)-COUNTIF(I54:P54,"<>空")+COUNTIF(I54:P54,"历练")+COUNTIF(I54:P54,"营地")*2+COUNTIF(I54:P54,"塔1")*5 -> 18 | AM54: =MIN(AM53+6,18)-COUNTIF(Q54:X54,"<>空")+COUNTIF(Q54:X54,"历练")+COUNTIF(Q54:X54,"营地")*2+COUNTIF(Q54:X54,"塔1")*5 -> 12 | AN54: =MIN(AN53+6,18)-COUNTIF(Y54:AF54,"<>空")+COUNTIF(Y54:AF54,"历练")+COUNTIF(Y54:AF54,"营地")*2+COUNTIF(Y54:AF54,"塔1")*5 -> 12 | AO54: 5 | AP54: 100 | AQ54: =AP54-50 -> 50 | AR54: =AP54-40 -> 60 | AS54: =COUNTIF(I65:AF93,$AO$18) -> 0 | AT54: =AP54*AS54 -> 0
A55: 46236 | B55: 1600 | D55: =(SUM(粮草!A55:X55)+AG55*10*IF(AK55="是",$BB$4,$BB$3)) -> 1648 | E55: =SUM($B$4:B55)+SUM($C$4:C55)-SUM($D$4:D55) -> 4388 | F55: =SUM(经验!A55:X55) -> 595 | G55: =SUM($F$4:F55)+SUM($H$4:H55) -> 35090 | H55: 0 | I55: 空 | J55: 空 | K55: 空 | L55: 空 | M55: 空 | N55: 空 | O55: 空 | P55: 空 | Q55: 5级 | R55: 4级 | S55: 4级 | T55: 商人 | U55: 4级 | V55: 4级 | W55: 空 | X55: 空 | Y55: 4级 | Z55: 4级 | AA55: 4级 | AB55: 4级 | AC55: 5级 | AD55: 5级 | AE55: 空 | AF55: 空 | AG55: =AH55+AI55+AJ55 -> 0 | AK55: 是 | AL55: =MIN(AL54+6,18)-COUNTIF(I55:P55,"<>空")+COUNTIF(I55:P55,"历练")+COUNTIF(I55:P55,"营地")*2+COUNTIF(I55:P55,"塔1")*5 -> 18 | AM55: =MIN(AM54+6,18)-COUNTIF(Q55:X55,"<>空")+COUNTIF(Q55:X55,"历练")+COUNTIF(Q55:X55,"营地")*2+COUNTIF(Q55:X55,"塔1")*5 -> 12 | AN55: =MIN(AN54+6,18)-COUNTIF(Y55:AF55,"<>空")+COUNTIF(Y55:AF55,"历练")+COUNTIF(Y55:AF55,"营地")*2+COUNTIF(Y55:AF55,"塔1")*5 -> 12 | AT55: =SUM(AT50:AT54) -> 4150
A56: 46237 | B56: 1600 | D56: =(SUM(粮草!A56:X56)+AG56*10*IF(AK56="是",$BB$4,$BB$3)) -> 1744 | E56: =SUM($B$4:B56)+SUM($C$4:C56)-SUM($D$4:D56) -> 4244 | F56: =SUM(经验!A56:X56) -> 610 | G56: =SUM($F$4:F56)+SUM($H$4:H56) -> 36000 | H56: 300 | I56: 空 | J56: 空 | K56: 空 | L56: 空 | M56: 空 | N56: 空 | O56: 空 | P56: 空 | Q56: 4级 | R56: 5级 | S56: 4级 | T56: 4级 | U56: 4级 | V56: 4级 | W56: 空 | X56: 空 | Y56: 4级 | Z56: 4级 | AA56: 4级 | AB56: 4级 | AC56: 4级 | AD56: 5级 | AE56: 空 | AF56: 空 | AG56: =AH56+AI56+AJ56 -> 0 | AK56: 是 | AL56: =MIN(AL55+6,18)-COUNTIF(I56:P56,"<>空")+COUNTIF(I56:P56,"历练")+COUNTIF(I56:P56,"营地")*2+COUNTIF(I56:P56,"塔1")*5 -> 18 | AM56: =MIN(AM55+6,18)-COUNTIF(Q56:X56,"<>空")+COUNTIF(Q56:X56,"历练")+COUNTIF(Q56:X56,"营地")*2+COUNTIF(Q56:X56,"塔1")*5 -> 12 | AN56: =MIN(AN55+6,18)-COUNTIF(Y56:AF56,"<>空")+COUNTIF(Y56:AF56,"历练")+COUNTIF(Y56:AF56,"营地")*2+COUNTIF(Y56:AF56,"塔1")*5 -> 12
A57: 46238 | B57: 1600 | D57: =(SUM(粮草!A57:X57)+AG57*10*IF(AK57="是",$BB$4,$BB$3)) -> 1712 | E57: =SUM($B$4:B57)+SUM($C$4:C57)-SUM($D$4:D57) -> 4132 | F57: =SUM(经验!A57:X57) -> 600 | G57: =SUM($F$4:F57)+SUM($H$4:H57) -> 36600 | H57: 0 | I57: 空 | J57: 空 | K57: 空 | L57: 空 | M57: 空 | N57: 空 | O57: 空 | P57: 空 | Q57: 4级 | R57: 4级 | S57: 4级 | T57: 4级 | U57: 4级 | V57: 草2 | W57: 空 | X57: 空 | Y57: 5级 | Z57: 4级 | AA57: 草2 | AB57: 5级 | AC57: 5级 | AD57: 5级 | AE57: 空 | AF57: 空 | AG57: =AH57+AI57+AJ57 -> 0 | AK57: 是 | AL57: =MIN(AL56+6,18)-COUNTIF(I57:P57,"<>空")+COUNTIF(I57:P57,"历练")+COUNTIF(I57:P57,"营地")*2+COUNTIF(I57:P57,"塔1")*5 -> 18 | AM57: =MIN(AM56+6,18)-COUNTIF(Q57:X57,"<>空")+COUNTIF(Q57:X57,"历练")+COUNTIF(Q57:X57,"营地")*2+COUNTIF(Q57:X57,"塔1")*5 -> 12 | AN57: =MIN(AN56+6,18)-COUNTIF(Y57:AF57,"<>空")+COUNTIF(Y57:AF57,"历练")+COUNTIF(Y57:AF57,"营地")*2+COUNTIF(Y57:AF57,"塔1")*5 -> 12
A58: 46239 | B58: 1600 | D58: =(SUM(粮草!A58:X58)+AG58*10*IF(AK58="是",$BB$4,$BB$3)) -> 1776 | E58: =SUM($B$4:B58)+SUM($C$4:C58)-SUM($D$4:D58) -> 3956 | F58: =SUM(经验!A58:X58) -> 630 | G58: =SUM($F$4:F58)+SUM($H$4:H58) -> 37430 | H58: 200 | I58: 空 | J58: 空 | K58: 空 | L58: 空 | M58: 空 | N58: 空 | O58: 空 | P58: 空 | Q58: 4级 | R58: 4级 | S58: 4级 | T58: 4级 | U58: 4级 | V58: 4级 | W58: 空 | X58: 空 | Y58: 5级 | Z58: 5级 | AA58: 5级 | AB58: 5级 | AC58: 5级 | AD58: 5级 | AE58: 空 | AF58: 空 | AG58: =AH58+AI58+AJ58 -> 0 | AK58: 是 | AL58: =MIN(AL57+6,18)-COUNTIF(I58:P58,"<>空")+COUNTIF(I58:P58,"历练")+COUNTIF(I58:P58,"营地")*2+COUNTIF(I58:P58,"塔1")*5 -> 18 | AM58: =MIN(AM57+6,18)-COUNTIF(Q58:X58,"<>空")+COUNTIF(Q58:X58,"历练")+COUNTIF(Q58:X58,"营地")*2+COUNTIF(Q58:X58,"塔1")*5 -> 12 | AN58: =MIN(AN57+6,18)-COUNTIF(Y58:AF58,"<>空")+COUNTIF(Y58:AF58,"历练")+COUNTIF(Y58:AF58,"营地")*2+COUNTIF(Y58:AF58,"塔1")*5 -> 12
A59: 46240 | B59: 1600 | D59: =(SUM(粮草!A59:X59)+AG59*10*IF(AK59="是",$BB$4,$BB$3)) -> 1776 | E59: =SUM($B$4:B59)+SUM($C$4:C59)-SUM($D$4:D59) -> 3780 | F59: =SUM(经验!A59:X59) -> 630 | G59: =SUM($F$4:F59)+SUM($H$4:H59) -> 38060 | H59: 0 | I59: 空 | J59: 空 | K59: 空 | L59: 空 | M59: 空 | N59: 空 | O59: 空 | P59: 空 | Q59: 4级 | R59: 4级 | S59: 4级 | T59: 4级 | U59: 4级 | V59: 4级 | W59: 空 | X59: 空 | Y59: 5级 | Z59: 5级 | AA59: 5级 | AB59: 5级 | AC59: 5级 | AD59: 5级 | AE59: 空 | AF59: 空 | AG59: =AH59+AI59+AJ59 -> 0 | AK59: 是 | AL59: =MIN(AL58+6,18)-COUNTIF(I59:P59,"<>空")+COUNTIF(I59:P59,"历练")+COUNTIF(I59:P59,"营地")*2+COUNTIF(I59:P59,"塔1")*5 -> 18 | AM59: =MIN(AM58+6,18)-COUNTIF(Q59:X59,"<>空")+COUNTIF(Q59:X59,"历练")+COUNTIF(Q59:X59,"营地")*2+COUNTIF(Q59:X59,"塔1")*5 -> 12 | AN59: =MIN(AN58+6,18)-COUNTIF(Y59:AF59,"<>空")+COUNTIF(Y59:AF59,"历练")+COUNTIF(Y59:AF59,"营地")*2+COUNTIF(Y59:AF59,"塔1")*5 -> 12
A60: 46241 | B60: 1600 | D60: =(SUM(粮草!A60:X60)+AG60*10*IF(AK60="是",$BB$4,$BB$3)) -> 1752 | E60: =SUM($B$4:B60)+SUM($C$4:C60)-SUM($D$4:D60) -> 3628 | F60: =SUM(经验!A60:X60) -> 620 | G60: =SUM($F$4:F60)+SUM($H$4:H60) -> 38680 | H60: 0 | I60: 空 | J60: 空 | K60: 空 | L60: 空 | M60: 空 | N60: 空 | O60: 空 | P60: 空 | Q60: 4级 | R60: 4级 | S60: 草2 | T60: 4级 | U60: 4级 | V60: 4级 | W60: 空 | X60: 空 | Y60: 5级 | Z60: 5级 | AA60: 5级 | AB60: 5级 | AC60: 5级 | AD60: 5级 | AE60: 空 | AF60: 空 | AG60: =AH60+AI60+AJ60 -> 0 | AK60: 是 | AL60: =MIN(AL59+6,18)-COUNTIF(I60:P60,"<>空")+COUNTIF(I60:P60,"历练")+COUNTIF(I60:P60,"营地")*2+COUNTIF(I60:P60,"塔1")*5 -> 18 | AM60: =MIN(AM59+6,18)-COUNTIF(Q60:X60,"<>空")+COUNTIF(Q60:X60,"历练")+COUNTIF(Q60:X60,"营地")*2+COUNTIF(Q60:X60,"塔1")*5 -> 12 | AN60: =MIN(AN59+6,18)-COUNTIF(Y60:AF60,"<>空")+COUNTIF(Y60:AF60,"历练")+COUNTIF(Y60:AF60,"营地")*2+COUNTIF(Y60:AF60,"塔1")*5 -> 12
A61: 46242 | B61: 1600 | D61: =(SUM(粮草!A61:X61)+AG61*10*IF(AK61="是",$BB$4,$BB$3)) -> 864 | E61: =SUM($B$4:B61)+SUM($C$4:C61)-SUM($D$4:D61) -> 4364 | F61: =SUM(经验!A61:X61) -> 300 | G61: =SUM($F$4:F61)+SUM($H$4:H61) -> 38980 | H61: 0 | I61: 空 | J61: 空 | K61: 空 | L61: 空 | M61: 空 | N61: 空 | O61: 空 | P61: 空 | Q61: 4级 | R61: 4级 | S61: 4级 | T61: 4级 | U61: 4级 | V61: 4级 | W61: 空 | X61: 空 | Y61: 空 | Z61: 空 | AA61: 空 | AB61: 空 | AC61: 空 | AD61: 空 | AE61: 空 | AF61: 空 | AG61: =AH61+AI61+AJ61 -> 0 | AK61: 是 | AL61: =MIN(AL60+6,18)-COUNTIF(I61:P61,"<>空")+COUNTIF(I61:P61,"历练")+COUNTIF(I61:P61,"营地")*2+COUNTIF(I61:P61,"塔1")*5 -> 18 | AM61: =MIN(AM60+6,18)-COUNTIF(Q61:X61,"<>空")+COUNTIF(Q61:X61,"历练")+COUNTIF(Q61:X61,"营地")*2+COUNTIF(Q61:X61,"塔1")*5 -> 12 | AN61: =MIN(AN60+6,18)-COUNTIF(Y61:AF61,"<>空")+COUNTIF(Y61:AF61,"历练")+COUNTIF(Y61:AF61,"营地")*2+COUNTIF(Y61:AF61,"塔1")*5 -> 18
A62: 46243 | B62: 1600 | D62: =(SUM(粮草!A62:X62)+AG62*10*IF(AK62="是",$BB$4,$BB$3)) -> 864 | E62: =SUM($B$4:B62)+SUM($C$4:C62)-SUM($D$4:D62) -> 5100 | F62: =SUM(经验!A62:X62) -> 300 | G62: =SUM($F$4:F62)+SUM($H$4:H62) -> 39280 | H62: 0 | I62: 空 | J62: 空 | K62: 空 | L62: 空 | M62: 空 | N62: 空 | O62: 空 | P62: 空 | Q62: 4级 | R62: 4级 | S62: 4级 | T62: 4级 | U62: 4级 | V62: 4级 | W62: 空 | X62: 空 | Y62: 空 | Z62: 空 | AA62: 空 | AB62: 空 | AC62: 空 | AD62: 空 | AE62: 空 | AF62: 空 | AG62: =AH62+AI62+AJ62 -> 0 | AK62: 是 | AL62: =MIN(AL61+6,18)-COUNTIF(I62:P62,"<>空")+COUNTIF(I62:P62,"历练")+COUNTIF(I62:P62,"营地")*2+COUNTIF(I62:P62,"塔1")*5 -> 18 | AM62: =MIN(AM61+6,18)-COUNTIF(Q62:X62,"<>空")+COUNTIF(Q62:X62,"历练")+COUNTIF(Q62:X62,"营地")*2+COUNTIF(Q62:X62,"塔1")*5 -> 12 | AN62: =MIN(AN61+6,18)-COUNTIF(Y62:AF62,"<>空")+COUNTIF(Y62:AF62,"历练")+COUNTIF(Y62:AF62,"营地")*2+COUNTIF(Y62:AF62,"塔1")*5 -> 18
A63: 46244 | B63: 1600 | D63: =(SUM(粮草!A63:X63)+AG63*10*IF(AK63="是",$BB$4,$BB$3)) -> 1936 | E63: =SUM($B$4:B63)+SUM($C$4:C63)-SUM($D$4:D63) -> 4764 | F63: =SUM(经验!A63:X63) -> 685 | G63: =SUM($F$4:F63)+SUM($H$4:H63) -> 40265 | H63: 300 | I63: 空 | J63: 空 | K63: 空 | L63: 空 | M63: 空 | N63: 空 | O63: 空 | P63: 空 | Q63: 4级 | R63: 4级 | S63: 4级 | T63: 4级 | U63: 4级 | V63: 4级 | W63: 空 | X63: 空 | Y63: 5级 | Z63: 5级 | AA63: 5级 | AB63: 5级 | AC63: 5级 | AD63: 5级 | AE63: 5级 | AF63: 空 | AG63: =AH63+AI63+AJ63 -> 1 | AJ63: 1 | AK63: 是 | AL63: =MIN(AL62+6,18)-COUNTIF(I63:P63,"<>空")+COUNTIF(I63:P63,"历练")+COUNTIF(I63:P63,"营地")*2+COUNTIF(I63:P63,"塔1")*5 -> 18 | AM63: =MIN(AM62+6,18)-COUNTIF(Q63:X63,"<>空")+COUNTIF(Q63:X63,"历练")+COUNTIF(Q63:X63,"营地")*2+COUNTIF(Q63:X63,"塔1")*5 -> 12 | AN63: =MIN(AN62+6,18)-COUNTIF(Y63:AF63,"<>空")+COUNTIF(Y63:AF63,"历练")+COUNTIF(Y63:AF63,"营地")*2+COUNTIF(Y63:AF63,"塔1")*5 -> 11
A64: 46245 | B64: 1600 | D64: =(SUM(粮草!A64:X64)+AG64*10*IF(AK64="是",$BB$4,$BB$3)) -> 872 | E64: =SUM($B$4:B64)+SUM($C$4:C64)-SUM($D$4:D64) -> 5492 | F64: =SUM(经验!A64:X64) -> 305 | G64: =SUM($F$4:F64)+SUM($H$4:H64) -> 40570 | H64: 0 | I64: 空 | J64: 空 | K64: 空 | L64: 空 | M64: 空 | N64: 空 | O64: 空 | P64: 空 | Q64: 4级 | R64: 4级 | S64: 5级 | T64: 4级 | U64: 4级 | V64: 4级 | W64: 空 | X64: 空 | Y64: 空 | Z64: 空 | AA64: 空 | AB64: 空 | AC64: 空 | AD64: 空 | AE64: 空 | AF64: 空 | AG64: =AH64+AI64+AJ64 -> 0 | AK64: 是 | AL64: =MIN(AL63+6,18)-COUNTIF(I64:P64,"<>空")+COUNTIF(I64:P64,"历练")+COUNTIF(I64:P64,"营地")*2+COUNTIF(I64:P64,"塔1")*5 -> 18 | AM64: =MIN(AM63+6,18)-COUNTIF(Q64:X64,"<>空")+COUNTIF(Q64:X64,"历练")+COUNTIF(Q64:X64,"营地")*2+COUNTIF(Q64:X64,"塔1")*5 -> 12 | AN64: =MIN(AN63+6,18)-COUNTIF(Y64:AF64,"<>空")+COUNTIF(Y64:AF64,"历练")+COUNTIF(Y64:AF64,"营地")*2+COUNTIF(Y64:AF64,"塔1")*5 -> 17
A65: 46246 | B65: 1600 | D65: =(SUM(粮草!A65:X65)+AG65*10*IF(AK65="是",$BB$4,$BB$3)) -> 1656 | E65: =SUM($B$4:B65)+SUM($C$4:C65)-SUM($D$4:D65) -> 5436 | F65: =SUM(经验!A65:X65) -> 600 | G65: =SUM($F$4:F65)+SUM($H$4:H65) -> 41370 | H65: 200 | I65: 空 | J65: 空 | K65: 空 | L65: 空 | M65: 空 | N65: 空 | O65: 空 | P65: 空 | Q65: 5级 | R65: 4级 | S65: 4级 | T65: 4级 | U65: 5级 | V65: 5级 | W65: 空 | X65: 空 | Y65: 5级 | Z65: 5级 | AA65: 3级 | AB65: 3级 | AC65: 商人 | AD65: 5级 | AE65: 空 | AF65: 空 | AG65: =AH65+AI65+AJ65 -> 0 | AK65: 是 | AL65: =MIN(AL64+6,18)-COUNTIF(I65:P65,"<>空")+COUNTIF(I65:P65,"历练")+COUNTIF(I65:P65,"营地")*2+COUNTIF(I65:P65,"塔1")*5 -> 18 | AM65: =MIN(AM64+6,18)-COUNTIF(Q65:X65,"<>空")+COUNTIF(Q65:X65,"历练")+COUNTIF(Q65:X65,"营地")*2+COUNTIF(Q65:X65,"塔1")*5 -> 12 | AN65: =MIN(AN64+6,18)-COUNTIF(Y65:AF65,"<>空")+COUNTIF(Y65:AF65,"历练")+COUNTIF(Y65:AF65,"营地")*2+COUNTIF(Y65:AF65,"塔1")*5 -> 12
A66: 46247 | B66: 1600 | D66: =(SUM(粮草!A66:X66)+AG66*10*IF(AK66="是",$BB$4,$BB$3)) -> 1672 | E66: =SUM($B$4:B66)+SUM($C$4:C66)-SUM($D$4:D66) -> 5364 | F66: =SUM(经验!A66:X66) -> 570 | G66: =SUM($F$4:F66)+SUM($H$4:H66) -> 41940 | H66: 0 | I66: 空 | J66: 空 | K66: 空 | L66: 空 | M66: 空 | N66: 空 | O66: 空 | P66: 空 | Q66: 4级 | R66: 4级 | S66: 4级 | T66: 4级 | U66: 5级 | V66: 4级 | W66: 空 | X66: 空 | Y66: 3级 | Z66: 草2 | AA66: 3级 | AB66: 3级 | AC66: 3级 | AD66: 3级 | AE66: 空 | AF66: 空 | AG66: =AH66+AI66+AJ66 -> 0 | AK66: 是 | AL66: =MIN(AL65+6,18)-COUNTIF(I66:P66,"<>空")+COUNTIF(I66:P66,"历练")+COUNTIF(I66:P66,"营地")*2+COUNTIF(I66:P66,"塔1")*5 -> 18 | AM66: =MIN(AM65+6,18)-COUNTIF(Q66:X66,"<>空")+COUNTIF(Q66:X66,"历练")+COUNTIF(Q66:X66,"营地")*2+COUNTIF(Q66:X66,"塔1")*5 -> 12 | AN66: =MIN(AN65+6,18)-COUNTIF(Y66:AF66,"<>空")+COUNTIF(Y66:AF66,"历练")+COUNTIF(Y66:AF66,"营地")*2+COUNTIF(Y66:AF66,"塔1")*5 -> 12
A67: 46248 | B67: 1600 | D67: =(SUM(粮草!A67:X67)+AG67*10*IF(AK67="是",$BB$4,$BB$3)) -> 1648 | E67: =SUM($B$4:B67)+SUM($C$4:C67)-SUM($D$4:D67) -> 5316 | F67: =SUM(经验!A67:X67) -> 560 | G67: =SUM($F$4:F67)+SUM($H$4:H67) -> 42500 | H67: 0 | I67: 空 | J67: 空 | K67: 空 | L67: 空 | M67: 空 | N67: 空 | O67: 空 | P67: 空 | Q67: 4级 | R67: 4级 | S67: 4级 | T67: 4级 | U67: 4级 | V67: 4级 | W67: 空 | X67: 空 | Y67: 3级 | Z67: 3级 | AA67: 草2 | AB67: 3级 | AC67: 3级 | AD67: 草2 | AE67: 空 | AF67: 空 | AG67: =AH67+AI67+AJ67 -> 0 | AK67: 是 | AL67: =MIN(AL66+6,18)-COUNTIF(I67:P67,"<>空")+COUNTIF(I67:P67,"历练")+COUNTIF(I67:P67,"营地")*2+COUNTIF(I67:P67,"塔1")*5 -> 18 | AM67: =MIN(AM66+6,18)-COUNTIF(Q67:X67,"<>空")+COUNTIF(Q67:X67,"历练")+COUNTIF(Q67:X67,"营地")*2+COUNTIF(Q67:X67,"塔1")*5 -> 12 | AN67: =MIN(AN66+6,18)-COUNTIF(Y67:AF67,"<>空")+COUNTIF(Y67:AF67,"历练")+COUNTIF(Y67:AF67,"营地")*2+COUNTIF(Y67:AF67,"塔1")*5 -> 12
A68: 46249 | B68: 1600 | D68: =(SUM(粮草!A68:X68)+AG68*10*IF(AK68="是",$BB$4,$BB$3)) -> 1672 | E68: =SUM($B$4:B68)+SUM($C$4:C68)-SUM($D$4:D68) -> 5244 | F68: =SUM(经验!A68:X68) -> 570 | G68: =SUM($F$4:F68)+SUM($H$4:H68) -> 43070 | H68: 0 | I68: 空 | J68: 空 | K68: 空 | L68: 空 | M68: 空 | N68: 空 | O68: 空 | P68: 空 | Q68: 4级 | R68: 5级 | S68: 4级 | T68: 4级 | U68: 4级 | V68: 4级 | W68: 空 | X68: 空 | Y68: 3级 | Z68: 3级 | AA68: 3级 | AB68: 草2 | AC68: 3级 | AD68: 3级 | AE68: 空 | AF68: 空 | AG68: =AH68+AI68+AJ68 -> 0 | AK68: 是 | AL68: =MIN(AL67+6,18)-COUNTIF(I68:P68,"<>空")+COUNTIF(I68:P68,"历练")+COUNTIF(I68:P68,"营地")*2+COUNTIF(I68:P68,"塔1")*5 -> 18 | AM68: =MIN(AM67+6,18)-COUNTIF(Q68:X68,"<>空")+COUNTIF(Q68:X68,"历练")+COUNTIF(Q68:X68,"营地")*2+COUNTIF(Q68:X68,"塔1")*5 -> 12 | AN68: =MIN(AN67+6,18)-COUNTIF(Y68:AF68,"<>空")+COUNTIF(Y68:AF68,"历练")+COUNTIF(Y68:AF68,"营地")*2+COUNTIF(Y68:AF68,"塔1")*5 -> 12
A69: 46250 | B69: 1600 | D69: =(SUM(粮草!A69:X69)+AG69*10*IF(AK69="是",$BB$4,$BB$3)) -> 1576 | E69: =SUM($B$4:B69)+SUM($C$4:C69)-SUM($D$4:D69) -> 5268 | F69: =SUM(经验!A69:X69) -> 560 | G69: =SUM($F$4:F69)+SUM($H$4:H69) -> 43630 | H69: 0 | I69: 空 | J69: 空 | K69: 空 | L69: 空 | M69: 空 | N69: 空 | O69: 空 | P69: 空 | Q69: 5级 | R69: 4级 | S69: 4级 | T69: 4级 | U69: 4级 | V69: 4级 | W69: 空 | X69: 空 | Y69: 草3 | Z69: 3级 | AA69: 3级 | AB69: 3级 | AC69: 商人 | AD69: 3级 | AE69: 空 | AF69: 空 | AG69: =AH69+AI69+AJ69 -> 0 | AK69: 是 | AL69: =MIN(AL68+6,18)-COUNTIF(I69:P69,"<>空")+COUNTIF(I69:P69,"历练")+COUNTIF(I69:P69,"营地")*2+COUNTIF(I69:P69,"塔1")*5 -> 18 | AM69: =MIN(AM68+6,18)-COUNTIF(Q69:X69,"<>空")+COUNTIF(Q69:X69,"历练")+COUNTIF(Q69:X69,"营地")*2+COUNTIF(Q69:X69,"塔1")*5 -> 12 | AN69: =MIN(AN68+6,18)-COUNTIF(Y69:AF69,"<>空")+COUNTIF(Y69:AF69,"历练")+COUNTIF(Y69:AF69,"营地")*2+COUNTIF(Y69:AF69,"塔1")*5 -> 12
A70: 46251 | B70: 1600 | D70: =(SUM(粮草!A70:X70)+AG70*10*IF(AK70="是",$BB$4,$BB$3)) -> 1648 | E70: =SUM($B$4:B70)+SUM($C$4:C70)-SUM($D$4:D70) -> 5220 | F70: =SUM(经验!A70:X70) -> 560 | G70: =SUM($F$4:F70)+SUM($H$4:H70) -> 44490 | H70: 300 | I70: 空 | J70: 空 | K70: 空 | L70: 空 | M70: 空 | N70: 空 | O70: 空 | P70: 空 | Q70: 4级 | R70: 4级 | S70: 4级 | T70: 4级 | U70: 4级 | V70: 4级 | W70: 空 | X70: 空 | Y70: 3级 | Z70: 草2 | AA70: 3级 | AB70: 3级 | AC70: 草2 | AD70: 3级 | AE70: 空 | AF70: 空 | AG70: =AH70+AI70+AJ70 -> 0 | AK70: 是 | AL70: =MIN(AL69+6,18)-COUNTIF(I70:P70,"<>空")+COUNTIF(I70:P70,"历练")+COUNTIF(I70:P70,"营地")*2+COUNTIF(I70:P70,"塔1")*5 -> 18 | AM70: =MIN(AM69+6,18)-COUNTIF(Q70:X70,"<>空")+COUNTIF(Q70:X70,"历练")+COUNTIF(Q70:X70,"营地")*2+COUNTIF(Q70:X70,"塔1")*5 -> 12 | AN70: =MIN(AN69+6,18)-COUNTIF(Y70:AF70,"<>空")+COUNTIF(Y70:AF70,"历练")+COUNTIF(Y70:AF70,"营地")*2+COUNTIF(Y70:AF70,"塔1")*5 -> 12
A71: 46252 | B71: 1600 | D71: =(SUM(粮草!A71:X71)+AG71*10*IF(AK71="是",$BB$4,$BB$3)) -> 1672 | E71: =SUM($B$4:B71)+SUM($C$4:C71)-SUM($D$4:D71) -> 5148 | F71: =SUM(经验!A71:X71) -> 570 | G71: =SUM($F$4:F71)+SUM($H$4:H71) -> 45060 | H71: 0 | I71: 空 | J71: 空 | K71: 空 | L71: 空 | M71: 空 | N71: 空 | O71: 空 | P71: 空 | Q71: 4级 | R71: 4级 | S71: 4级 | T71: 4级 | U71: 4级 | V71: 5级 | W71: 空 | X71: 空 | Y71: 3级 | Z71: 3级 | AA71: 3级 | AB71: 3级 | AC71: 3级 | AD71: 草2 | AE71: 空 | AF71: 空 | AG71: =AH71+AI71+AJ71 -> 0 | AK71: 是 | AL71: =MIN(AL70+6,18)-COUNTIF(I71:P71,"<>空")+COUNTIF(I71:P71,"历练")+COUNTIF(I71:P71,"营地")*2+COUNTIF(I71:P71,"塔1")*5 -> 18 | AM71: =MIN(AM70+6,18)-COUNTIF(Q71:X71,"<>空")+COUNTIF(Q71:X71,"历练")+COUNTIF(Q71:X71,"营地")*2+COUNTIF(Q71:X71,"塔1")*5 -> 12 | AN71: =MIN(AN70+6,18)-COUNTIF(Y71:AF71,"<>空")+COUNTIF(Y71:AF71,"历练")+COUNTIF(Y71:AF71,"营地")*2+COUNTIF(Y71:AF71,"塔1")*5 -> 12
A72: 46253 | B72: 1600 | D72: =(SUM(粮草!A72:X72)+AG72*10*IF(AK72="是",$BB$4,$BB$3)) -> 1680 | E72: =SUM($B$4:B72)+SUM($C$4:C72)-SUM($D$4:D72) -> 5068 | F72: =SUM(经验!A72:X72) -> 570 | G72: =SUM($F$4:F72)+SUM($H$4:H72) -> 45830 | H72: 200 | I72: 空 | J72: 空 | K72: 空 | L72: 空 | M72: 空 | N72: 空 | O72: 空 | P72: 空 | Q72: 4级 | R72: 4级 | S72: 4级 | T72: 4级 | U72: 4级 | V72: 4级 | W72: 空 | X72: 空 | Y72: 3级 | Z72: 3级 | AA72: 3级 | AB72: 3级 | AC72: 3级 | AD72: 3级 | AE72: 空 | AF72: 空 | AG72: =AH72+AI72+AJ72 -> 0 | AK72: 是 | AL72: =MIN(AL71+6,18)-COUNTIF(I72:P72,"<>空")+COUNTIF(I72:P72,"历练")+COUNTIF(I72:P72,"营地")*2+COUNTIF(I72:P72,"塔1")*5 -> 18 | AM72: =MIN(AM71+6,18)-COUNTIF(Q72:X72,"<>空")+COUNTIF(Q72:X72,"历练")+COUNTIF(Q72:X72,"营地")*2+COUNTIF(Q72:X72,"塔1")*5 -> 12 | AN72: =MIN(AN71+6,18)-COUNTIF(Y72:AF72,"<>空")+COUNTIF(Y72:AF72,"历练")+COUNTIF(Y72:AF72,"营地")*2+COUNTIF(Y72:AF72,"塔1")*5 -> 12
A73: 46254 | B73: 1600 | D73: =(SUM(粮草!A73:X73)+AG73*10*IF(AK73="是",$BB$4,$BB$3)) -> 1616 | E73: =SUM($B$4:B73)+SUM($C$4:C73)-SUM($D$4:D73) -> 5052 | F73: =SUM(经验!A73:X73) -> 560 | G73: =SUM($F$4:F73)+SUM($H$4:H73) -> 46390 | H73: 0 | I73: 空 | J73: 空 | K73: 空 | L73: 空 | M73: 空 | N73: 空 | O73: 空 | P73: 空 | Q73: 4级 | R73: 4级 | S73: 草4 | T73: 4级 | U73: 4级 | V73: 4级 | W73: 空 | X73: 空 | Y73: 草2 | Z73: 3级 | AA73: 草3 | AB73: 3级 | AC73: 3级 | AD73: 草2 | AE73: 空 | AF73: 空 | AG73: =AH73+AI73+AJ73 -> 1 | AJ73: 1 | AK73: 是 | AL73: =MIN(AL72+6,18)-COUNTIF(I73:P73,"<>空")+COUNTIF(I73:P73,"历练")+COUNTIF(I73:P73,"营地")*2+COUNTIF(I73:P73,"塔1")*5 -> 18 | AM73: =MIN(AM72+6,18)-COUNTIF(Q73:X73,"<>空")+COUNTIF(Q73:X73,"历练")+COUNTIF(Q73:X73,"营地")*2+COUNTIF(Q73:X73,"塔1")*5 -> 12 | AN73: =MIN(AN72+6,18)-COUNTIF(Y73:AF73,"<>空")+COUNTIF(Y73:AF73,"历练")+COUNTIF(Y73:AF73,"营地")*2+COUNTIF(Y73:AF73,"塔1")*5 -> 12
A74: 46255 | B74: 1600 | D74: =(SUM(粮草!A74:X74)+AG74*10*IF(AK74="是",$BB$4,$BB$3)) -> 1576 | E74: =SUM($B$4:B74)+SUM($C$4:C74)-SUM($D$4:D74) -> 5076 | F74: =SUM(经验!A74:X74) -> 550 | G74: =SUM($F$4:F74)+SUM($H$4:H74) -> 46940 | H74: 0 | I74: 空 | J74: 空 | K74: 空 | L74: 空 | M74: 空 | N74: 空 | O74: 空 | P74: 空 | Q74: 4级 | R74: 4级 | S74: 商人 | T74: 4级 | U74: 4级 | V74: 4级 | W74: 空 | X74: 空 | Y74: 3级 | Z74: 3级 | AA74: 3级 | AB74: 3级 | AC74: 3级 | AD74: 3级 | AE74: 空 | AF74: 空 | AG74: =AH74+AI74+AJ74 -> 0 | AK74: 是 | AL74: =MIN(AL73+6,18)-COUNTIF(I74:P74,"<>空")+COUNTIF(I74:P74,"历练")+COUNTIF(I74:P74,"营地")*2+COUNTIF(I74:P74,"塔1")*5 -> 18 | AM74: =MIN(AM73+6,18)-COUNTIF(Q74:X74,"<>空")+COUNTIF(Q74:X74,"历练")+COUNTIF(Q74:X74,"营地")*2+COUNTIF(Q74:X74,"塔1")*5 -> 12 | AN74: =MIN(AN73+6,18)-COUNTIF(Y74:AF74,"<>空")+COUNTIF(Y74:AF74,"历练")+COUNTIF(Y74:AF74,"营地")*2+COUNTIF(Y74:AF74,"塔1")*5 -> 12
A75: 46256 | B75: 1600 | D75: =(SUM(粮草!A75:X75)+AG75*10*IF(AK75="是",$BB$4,$BB$3)) -> 1680 | E75: =SUM($B$4:B75)+SUM($C$4:C75)-SUM($D$4:D75) -> 4996 | F75: =SUM(经验!A75:X75) -> 570 | G75: =SUM($F$4:F75)+SUM($H$4:H75) -> 47510 | H75: 0 | I75: 空 | J75: 空 | K75: 空 | L75: 空 | M75: 空 | N75: 空 | O75: 空 | P75: 空 | Q75: 3级 | R75: 3级 | S75: 4级 | T75: 4级 | U75: 4级 | V75: 4级 | W75: 空 | X75: 空 | Y75: 3级 | Z75: 3级 | AA75: 3级 | AB75: 3级 | AC75: 3级 | AD75: 5级 | AE75: 空 | AF75: 空 | AG75: =AH75+AI75+AJ75 -> 0 | AK75: 是 | AL75: =MIN(AL74+6,18)-COUNTIF(I75:P75,"<>空")+COUNTIF(I75:P75,"历练")+COUNTIF(I75:P75,"营地")*2+COUNTIF(I75:P75,"塔1")*5 -> 18 | AM75: =MIN(AM74+6,18)-COUNTIF(Q75:X75,"<>空")+COUNTIF(Q75:X75,"历练")+COUNTIF(Q75:X75,"营地")*2+COUNTIF(Q75:X75,"塔1")*5 -> 12 | AN75: =MIN(AN74+6,18)-COUNTIF(Y75:AF75,"<>空")+COUNTIF(Y75:AF75,"历练")+COUNTIF(Y75:AF75,"营地")*2+COUNTIF(Y75:AF75,"塔1")*5 -> 12
A76: 46257 | B76: 1600 | D76: =(SUM(粮草!A76:X76)+AG76*10*IF(AK76="是",$BB$4,$BB$3)) -> 1776 | E76: =SUM($B$4:B76)+SUM($C$4:C76)-SUM($D$4:D76) -> 4820 | F76: =SUM(经验!A76:X76) -> 630 | G76: =SUM($F$4:F76)+SUM($H$4:H76) -> 48140 | H76: 0 | I76: 空 | J76: 空 | K76: 空 | L76: 空 | M76: 空 | N76: 空 | O76: 空 | P76: 空 | Q76: 4级 | R76: 4级 | S76: 4级 | T76: 4级 | U76: 4级 | V76: 4级 | W76: 空 | X76: 空 | Y76: 5级 | Z76: 5级 | AA76: 5级 | AB76: 5级 | AC76: 5级 | AD76: 5级 | AE76: 空 | AF76: 空 | AG76: =AH76+AI76+AJ76 -> 0 | AK76: 是 | AL76: =MIN(AL75+6,18)-COUNTIF(I76:P76,"<>空")+COUNTIF(I76:P76,"历练")+COUNTIF(I76:P76,"营地")*2+COUNTIF(I76:P76,"塔1")*5 -> 18 | AM76: =MIN(AM75+6,18)-COUNTIF(Q76:X76,"<>空")+COUNTIF(Q76:X76,"历练")+COUNTIF(Q76:X76,"营地")*2+COUNTIF(Q76:X76,"塔1")*5 -> 12 | AN76: =MIN(AN75+6,18)-COUNTIF(Y76:AF76,"<>空")+COUNTIF(Y76:AF76,"历练")+COUNTIF(Y76:AF76,"营地")*2+COUNTIF(Y76:AF76,"塔1")*5 -> 12
A77: 46258 | B77: 1600 | D77: =(SUM(粮草!A77:X77)+AG77*10*IF(AK77="是",$BB$4,$BB$3)) -> 1752 | E77: =SUM($B$4:B77)+SUM($C$4:C77)-SUM($D$4:D77) -> 4668 | F77: =SUM(经验!A77:X77) -> 620 | G77: =SUM($F$4:F77)+SUM($H$4:H77) -> 49060 | H77: 300 | I77: 空 | J77: 空 | K77: 空 | L77: 空 | M77: 空 | N77: 空 | O77: 空 | P77: 空 | Q77: 草2 | R77: 4级 | S77: 4级 | T77: 4级 | U77: 4级 | V77: 4级 | W77: 空 | X77: 空 | Y77: 5级 | Z77: 5级 | AA77: 5级 | AB77: 5级 | AC77: 5级 | AD77: 5级 | AE77: 空 | AF77: 空 | AG77: =AH77+AI77+AJ77 -> 0 | AK77: 是 | AL77: =MIN(AL76+6,18)-COUNTIF(I77:P77,"<>空")+COUNTIF(I77:P77,"历练")+COUNTIF(I77:P77,"营地")*2+COUNTIF(I77:P77,"塔1")*5 -> 18 | AM77: =MIN(AM76+6,18)-COUNTIF(Q77:X77,"<>空")+COUNTIF(Q77:X77,"历练")+COUNTIF(Q77:X77,"营地")*2+COUNTIF(Q77:X77,"塔1")*5 -> 12 | AN77: =MIN(AN76+6,18)-COUNTIF(Y77:AF77,"<>空")+COUNTIF(Y77:AF77,"历练")+COUNTIF(Y77:AF77,"营地")*2+COUNTIF(Y77:AF77,"塔1")*5 -> 12
A78: 46259 | B78: 1600 | D78: =(SUM(粮草!A78:X78)+AG78*10*IF(AK78="是",$BB$4,$BB$3)) -> 1792 | E78: =SUM($B$4:B78)+SUM($C$4:C78)-SUM($D$4:D78) -> 4476 | F78: =SUM(经验!A78:X78) -> 640 | G78: =SUM($F$4:F78)+SUM($H$4:H78) -> 49700 | H78: 0 | I78: 空 | J78: 空 | K78: 空 | L78: 空 | M78: 空 | N78: 空 | O78: 空 | P78: 空 | Q78: 4级 | R78: 5级 | S78: 5级 | T78: 4级 | U78: 4级 | V78: 4级 | W78: 空 | X78: 空 | Y78: 5级 | Z78: 5级 | AA78: 5级 | AB78: 5级 | AC78: 5级 | AD78: 5级 | AE78: 空 | AF78: 空 | AG78: =AH78+AI78+AJ78 -> 0 | AK78: 是 | AL78: =MIN(AL77+6,18)-COUNTIF(I78:P78,"<>空")+COUNTIF(I78:P78,"历练")+COUNTIF(I78:P78,"营地")*2+COUNTIF(I78:P78,"塔1")*5 -> 18 | AM78: =MIN(AM77+6,18)-COUNTIF(Q78:X78,"<>空")+COUNTIF(Q78:X78,"历练")+COUNTIF(Q78:X78,"营地")*2+COUNTIF(Q78:X78,"塔1")*5 -> 12 | AN78: =MIN(AN77+6,18)-COUNTIF(Y78:AF78,"<>空")+COUNTIF(Y78:AF78,"历练")+COUNTIF(Y78:AF78,"营地")*2+COUNTIF(Y78:AF78,"塔1")*5 -> 12
A79: 46260 | B79: 1600 | D79: =(SUM(粮草!A79:X79)+AG79*10*IF(AK79="是",$BB$4,$BB$3)) -> 1752 | E79: =SUM($B$4:B79)+SUM($C$4:C79)-SUM($D$4:D79) -> 4324 | F79: =SUM(经验!A79:X79) -> 620 | G79: =SUM($F$4:F79)+SUM($H$4:H79) -> 50520 | H79: 200 | I79: 空 | J79: 空 | K79: 空 | L79: 空 | M79: 空 | N79: 空 | O79: 空 | P79: 空 | Q79: 4级 | R79: 4级 | S79: 4级 | T79: 4级 | U79: 4级 | V79: 草2 | W79: 空 | X79: 空 | Y79: 5级 | Z79: 5级 | AA79: 5级 | AB79: 5级 | AC79: 5级 | AD79: 5级 | AE79: 空 | AF79: 空 | AG79: =AH79+AI79+AJ79 -> 0 | AK79: 是 | AL79: =MIN(AL78+6,18)-COUNTIF(I79:P79,"<>空")+COUNTIF(I79:P79,"历练")+COUNTIF(I79:P79,"营地")*2+COUNTIF(I79:P79,"塔1")*5 -> 18 | AM79: =MIN(AM78+6,18)-COUNTIF(Q79:X79,"<>空")+COUNTIF(Q79:X79,"历练")+COUNTIF(Q79:X79,"营地")*2+COUNTIF(Q79:X79,"塔1")*5 -> 12 | AN79: =MIN(AN78+6,18)-COUNTIF(Y79:AF79,"<>空")+COUNTIF(Y79:AF79,"历练")+COUNTIF(Y79:AF79,"营地")*2+COUNTIF(Y79:AF79,"塔1")*5 -> 12
A80: 46261 | B80: 1600 | D80: =(SUM(粮草!A80:X80)+AG80*10*IF(AK80="是",$BB$4,$BB$3)) -> 1720 | E80: =SUM($B$4:B80)+SUM($C$4:C80)-SUM($D$4:D80) -> 4204 | F80: =SUM(经验!A80:X80) -> 605 | G80: =SUM($F$4:F80)+SUM($H$4:H80) -> 51125 | H80: 0 | I80: 空 | J80: 空 | K80: 空 | L80: 空 | M80: 空 | N80: 空 | O80: 空 | P80: 空 | Q80: 4级 | R80: 4级 | S80: 4级 | T80: 4级 | U80: 4级 | V80: 3级 | W80: 空 | X80: 空 | Y80: 5级 | Z80: 5级 | AA80: 5级 | AB80: 3级 | AC80: 草3 | AD80: 5级 | AE80: 空 | AF80: 空 | AG80: =AH80+AI80+AJ80 -> 0 | AK80: 是 | AL80: =MIN(AL79+6,18)-COUNTIF(I80:P80,"<>空")+COUNTIF(I80:P80,"历练")+COUNTIF(I80:P80,"营地")*2+COUNTIF(I80:P80,"塔1")*5 -> 18 | AM80: =MIN(AM79+6,18)-COUNTIF(Q80:X80,"<>空")+COUNTIF(Q80:X80,"历练")+COUNTIF(Q80:X80,"营地")*2+COUNTIF(Q80:X80,"塔1")*5 -> 12 | AN80: =MIN(AN79+6,18)-COUNTIF(Y80:AF80,"<>空")+COUNTIF(Y80:AF80,"历练")+COUNTIF(Y80:AF80,"营地")*2+COUNTIF(Y80:AF80,"塔1")*5 -> 12
A81: 46262 | B81: 1600 | D81: =(SUM(粮草!A81:X81)+AG81*10*IF(AK81="是",$BB$4,$BB$3)) -> 1552 | E81: =SUM($B$4:B81)+SUM($C$4:C81)-SUM($D$4:D81) -> 4252 | F81: =SUM(经验!A81:X81) -> 545 | G81: =SUM($F$4:F81)+SUM($H$4:H81) -> 51670 | H81: 0 | I81: 空 | J81: 空 | K81: 空 | L81: 空 | M81: 空 | N81: 空 | O81: 空 | P81: 空 | Q81: 3级 | R81: 3级 | S81: 商人 | T81: 3级 | U81: 3级 | V81: 草2 | W81: 空 | X81: 空 | Y81: 5级 | Z81: 5级 | AA81: 5级 | AB81: 草2 | AC81: 3级 | AD81: 3级 | AE81: 空 | AF81: 空 | AG81: =AH81+AI81+AJ81 -> 0 | AK81: 是 | AL81: =MIN(AL80+6,18)-COUNTIF(I81:P81,"<>空")+COUNTIF(I81:P81,"历练")+COUNTIF(I81:P81,"营地")*2+COUNTIF(I81:P81,"塔1")*5 -> 18 | AM81: =MIN(AM80+6,18)-COUNTIF(Q81:X81,"<>空")+COUNTIF(Q81:X81,"历练")+COUNTIF(Q81:X81,"营地")*2+COUNTIF(Q81:X81,"塔1")*5 -> 12 | AN81: =MIN(AN80+6,18)-COUNTIF(Y81:AF81,"<>空")+COUNTIF(Y81:AF81,"历练")+COUNTIF(Y81:AF81,"营地")*2+COUNTIF(Y81:AF81,"塔1")*5 -> 12
A82: 46263 | B82: 1600 | D82: =(SUM(粮草!A82:X82)+AG82*10*IF(AK82="是",$BB$4,$BB$3)) -> 1520 | E82: =SUM($B$4:B82)+SUM($C$4:C82)-SUM($D$4:D82) -> 4332 | F82: =SUM(经验!A82:X82) -> 520 | G82: =SUM($F$4:F82)+SUM($H$4:H82) -> 52190 | H82: 0 | I82: 空 | J82: 空 | K82: 空 | L82: 空 | M82: 空 | N82: 空 | O82: 空 | P82: 空 | Q82: 3级 | R82: 3级 | S82: 3级 | T82: 3级 | U82: 3级 | V82: 草2 | W82: 空 | X82: 空 | Y82: 3级 | Z82: 3级 | AA82: 3级 | AB82: 3级 | AC82: 商人 | AD82: 3级 | AE82: 空 | AF82: 空 | AG82: =AH82+AI82+AJ82 -> 0 | AK82: 是 | AL82: =MIN(AL81+6,18)-COUNTIF(I82:P82,"<>空")+COUNTIF(I82:P82,"历练")+COUNTIF(I82:P82,"营地")*2+COUNTIF(I82:P82,"塔1")*5 -> 18 | AM82: =MIN(AM81+6,18)-COUNTIF(Q82:X82,"<>空")+COUNTIF(Q82:X82,"历练")+COUNTIF(Q82:X82,"营地")*2+COUNTIF(Q82:X82,"塔1")*5 -> 12 | AN82: =MIN(AN81+6,18)-COUNTIF(Y82:AF82,"<>空")+COUNTIF(Y82:AF82,"历练")+COUNTIF(Y82:AF82,"营地")*2+COUNTIF(Y82:AF82,"塔1")*5 -> 12
A83: 46264 | B83: 1600 | D83: =(SUM(粮草!A83:X83)+AG83*10*IF(AK83="是",$BB$4,$BB$3)) -> 704 | E83: =SUM($B$4:B83)+SUM($C$4:C83)-SUM($D$4:D83) -> 5228 | F83: =SUM(经验!A83:X83) -> 250 | G83: =SUM($F$4:F83)+SUM($H$4:H83) -> 52440 | H83: 0 | I83: 空 | J83: 空 | K83: 空 | L83: 空 | M83: 空 | N83: 空 | O83: 空 | P83: 空 | Q83: 3级 | R83: 3级 | S83: 3级 | T83: 草2 | U83: 3级 | V83: 商人 | W83: 空 | X83: 空 | Y83: 空 | Z83: 空 | AA83: 空 | AB83: 空 | AC83: 空 | AD83: 空 | AE83: 空 | AF83: 空 | AG83: =AH83+AI83+AJ83 -> 0 | AK83: 是 | AL83: =MIN(AL82+6,18)-COUNTIF(I83:P83,"<>空")+COUNTIF(I83:P83,"历练")+COUNTIF(I83:P83,"营地")*2+COUNTIF(I83:P83,"塔1")*5 -> 18 | AM83: =MIN(AM82+6,18)-COUNTIF(Q83:X83,"<>空")+COUNTIF(Q83:X83,"历练")+COUNTIF(Q83:X83,"营地")*2+COUNTIF(Q83:X83,"塔1")*5 -> 12 | AN83: =MIN(AN82+6,18)-COUNTIF(Y83:AF83,"<>空")+COUNTIF(Y83:AF83,"历练")+COUNTIF(Y83:AF83,"营地")*2+COUNTIF(Y83:AF83,"塔1")*5 -> 18
A84: 46265 | B84: 1600 | D84: =(SUM(粮草!A84:X84)+AG84*10*IF(AK84="是",$BB$4,$BB$3)) -> 1600 | E84: =SUM($B$4:B84)+SUM($C$4:C84)-SUM($D$4:D84) -> 5228 | F84: =SUM(经验!A84:X84) -> 535 | G84: =SUM($F$4:F84)+SUM($H$4:H84) -> 53175 | H84: 200 | I84: 空 | J84: 空 | K84: 空 | L84: 空 | M84: 空 | N84: 空 | O84: 空 | P84: 空 | Q84: 3级 | R84: 3级 | S84: 草3 | T84: 3级 | U84: 草2 | V84: 3级 | W84: 空 | X84: 空 | Y84: 3级 | Z84: 3级 | AA84: 3级 | AB84: 3级 | AC84: 3级 | AD84: 3级 | AE84: 空 | AF84: 空 | AG84: =AH84+AI84+AJ84 -> 0 | AK84: 是 | AL84: =MIN(AL83+6,18)-COUNTIF(I84:P84,"<>空")+COUNTIF(I84:P84,"历练")+COUNTIF(I84:P84,"营地")*2+COUNTIF(I84:P84,"塔1")*5 -> 18 | AM84: =MIN(AM83+6,18)-COUNTIF(Q84:X84,"<>空")+COUNTIF(Q84:X84,"历练")+COUNTIF(Q84:X84,"营地")*2+COUNTIF(Q84:X84,"塔1")*5 -> 12 | AN84: =MIN(AN83+6,18)-COUNTIF(Y84:AF84,"<>空")+COUNTIF(Y84:AF84,"历练")+COUNTIF(Y84:AF84,"营地")*2+COUNTIF(Y84:AF84,"塔1")*5 -> 12
A85: 46266 | B85: 1600 | D85: =(SUM(粮草!A85:X85)+AG85*10*IF(AK85="是",$BB$4,$BB$3)) -> 1232 | E85: =SUM($B$4:B85)+SUM($C$4:C85)-SUM($D$4:D85) -> 5596 | F85: =SUM(经验!A85:X85) -> 405 | G85: =SUM($F$4:F85)+SUM($H$4:H85) -> 53580 | H85: 0 | I85: 空 | J85: 空 | K85: 空 | L85: 空 | M85: 空 | N85: 空 | O85: 空 | P85: 空 | Q85: 3级 | R85: 3级 | S85: 3级 | T85: 空 | U85: 空 | V85: 空 | W85: 空 | X85: 空 | Y85: 3级 | Z85: 3级 | AA85: 3级 | AB85: 3级 | AC85: 3级 | AD85: 3级 | AE85: 空 | AF85: 空 | AG85: =AH85+AI85+AJ85 -> 1 | AJ85: 1 | AK85: 是 | AL85: =MIN(AL84+6,18)-COUNTIF(I85:P85,"<>空")+COUNTIF(I85:P85,"历练")+COUNTIF(I85:P85,"营地")*2+COUNTIF(I85:P85,"塔1")*5 -> 18 | AM85: =MIN(AM84+6,18)-COUNTIF(Q85:X85,"<>空")+COUNTIF(Q85:X85,"历练")+COUNTIF(Q85:X85,"营地")*2+COUNTIF(Q85:X85,"塔1")*5 -> 15 | AN85: =MIN(AN84+6,18)-COUNTIF(Y85:AF85,"<>空")+COUNTIF(Y85:AF85,"历练")+COUNTIF(Y85:AF85,"营地")*2+COUNTIF(Y85:AF85,"塔1")*5 -> 12
A86: 46267 | B86: 1600 | D86: =(SUM(粮草!A86:X86)+AG86*10*IF(AK86="是",$BB$4,$BB$3)) -> 2024 | E86: =SUM($B$4:B86)+SUM($C$4:C86)-SUM($D$4:D86) -> 5172 | F86: =SUM(经验!A86:X86) -> 2895 | G86: =SUM($F$4:F86)+SUM($H$4:H86) -> 56775 | H86: 300 | I86: 2级 | J86: 2级 | K86: 商人 | L86: 2级 | M86: 2级 | N86: 2级 | O86: 空 | P86: 空 | Q86: 塔3 | R86: 中boss | S86: 大boss | T86: 6级 | U86: 6级 | V86: 大boss | W86: 空 | X86: 空 | Y86: 空 | Z86: 空 | AA86: 空 | AB86: 空 | AC86: 空 | AD86: 空 | AE86: 空 | AF86: 空 | AG86: =AH86+AI86+AJ86 -> 38 | AI86: =9+16+3+1+3+5+1 -> 38 | AK86: 是 | AL86: =MIN(AL85+6,18)-COUNTIF(I86:P86,"<>空")+COUNTIF(I86:P86,"历练")+COUNTIF(I86:P86,"营地")*2+COUNTIF(I86:P86,"塔1")*5 -> 12 | AM86: =MIN(AM85+6,18)-COUNTIF(Q86:X86,"<>空")+COUNTIF(Q86:X86,"历练")+COUNTIF(Q86:X86,"营地")*2+COUNTIF(Q86:X86,"塔1")*5 -> 12 | AN86: =MIN(AN85+6,18)-COUNTIF(Y86:AF86,"<>空")+COUNTIF(Y86:AF86,"历练")+COUNTIF(Y86:AF86,"营地")*2+COUNTIF(Y86:AF86,"塔1")*5 -> 18
A87: 46268 | B87: 1600 | C87: 80 | D87: =(SUM(粮草!A87:X87)+AG87*10*IF(AK87="是",$BB$4,$BB$3)) -> 1456 | E87: =SUM($B$4:B87)+SUM($C$4:C87)-SUM($D$4:D87) -> 5396 | F87: =SUM(经验!A87:X87) -> 1940 | G87: =SUM($F$4:F87)+SUM($H$4:H87) -> 58715 | H87: 0 | I87: 2级 | J87: 商人 | K87: 1级 | L87: 草2 | M87: 1级 | N87: 空 | O87: 空 | P87: 空 | Q87: 历练 | R87: 历练 | S87: 中boss | T87: 5级 | U87: 5级 | V87: 5级 | W87: 5级 | X87: 空 | Y87: 空 | Z87: 空 | AA87: 空 | AB87: 空 | AC87: 空 | AD87: 空 | AE87: 空 | AF87: 空 | AG87: =AH87+AI87+AJ87 -> 5 | AI87: 5 | AK87: 是 | AL87: =MIN(AL86+6,18)-COUNTIF(I87:P87,"<>空")+COUNTIF(I87:P87,"历练")+COUNTIF(I87:P87,"营地")*2+COUNTIF(I87:P87,"塔1")*5 -> 13 | AM87: =MIN(AM86+6,18)-COUNTIF(Q87:X87,"<>空")+COUNTIF(Q87:X87,"历练")+COUNTIF(Q87:X87,"营地")*2+COUNTIF(Q87:X87,"塔1")*5 -> 13 | AN87: =MIN(AN86+6,18)-COUNTIF(Y87:AF87,"<>空")+COUNTIF(Y87:AF87,"历练")+COUNTIF(Y87:AF87,"营地")*2+COUNTIF(Y87:AF87,"塔1")*5 -> 18
A88: 46269 | B88: 1600 | D88: =(SUM(粮草!A88:X88)+AG88*10*IF(AK88="是",$BB$4,$BB$3)) -> 2280 | E88: =SUM($B$4:B88)+SUM($C$4:C88)-SUM($D$4:D88) -> 4716 | F88: =SUM(经验!A88:X88) -> 800 | G88: =SUM($F$4:F88)+SUM($H$4:H88) -> 59515 | H88: 0 | I88: 商人 | J88: 1级 | K88: 1级 | L88: 2级 | M88: 2级 | N88: 2级 | O88: 空 | P88: 空 | Q88: 5级 | R88: 5级 | S88: 5级 | T88: 5级 | U88: 5级 | V88: 5级 | W88: 空 | X88: 空 | Y88: 3级 | Z88: 商人 | AA88: 3级 | AB88: 草2 | AC88: 3级 | AD88: 3级 | AE88: 空 | AF88: 空 | AG88: =AH88+AI88+AJ88 -> 0 | AK88: 是 | AL88: =MIN(AL87+6,18)-COUNTIF(I88:P88,"<>空")+COUNTIF(I88:P88,"历练")+COUNTIF(I88:P88,"营地")*2+COUNTIF(I88:P88,"塔1")*5 -> 12 | AM88: =MIN(AM87+6,18)-COUNTIF(Q88:X88,"<>空")+COUNTIF(Q88:X88,"历练")+COUNTIF(Q88:X88,"营地")*2+COUNTIF(Q88:X88,"塔1")*5 -> 12 | AN88: =MIN(AN87+6,18)-COUNTIF(Y88:AF88,"<>空")+COUNTIF(Y88:AF88,"历练")+COUNTIF(Y88:AF88,"营地")*2+COUNTIF(Y88:AF88,"塔1")*5 -> 12
A89: 46270 | B89: 1600 | D89: =(SUM(粮草!A89:X89)+AG89*10*IF(AK89="是",$BB$4,$BB$3)) -> 1576 | E89: =SUM($B$4:B89)+SUM($C$4:C89)-SUM($D$4:D89) -> 4740 | F89: =SUM(经验!A89:X89) -> 560 | G89: =SUM($F$4:F89)+SUM($H$4:H89) -> 60075 | H89: 0 | I89: 草2 | J89: 2级 | K89: 商人 | L89: 2级 | M89: 草2 | N89: 2级 | O89: 空 | P89: 空 | Q89: 5级 | R89: 5级 | S89: 5级 | T89: 5级 | U89: 5级 | V89: 5级 | W89: 空 | X89: 空 | Y89: 空 | Z89: 空 | AA89: 空 | AB89: 空 | AC89: 空 | AD89: 空 | AE89: 空 | AF89: 空 | AG89: =AH89+AI89+AJ89 -> 0 | AK89: 是 | AL89: =MIN(AL88+6,18)-COUNTIF(I89:P89,"<>空")+COUNTIF(I89:P89,"历练")+COUNTIF(I89:P89,"营地")*2+COUNTIF(I89:P89,"塔1")*5 -> 12 | AM89: =MIN(AM88+6,18)-COUNTIF(Q89:X89,"<>空")+COUNTIF(Q89:X89,"历练")+COUNTIF(Q89:X89,"营地")*2+COUNTIF(Q89:X89,"塔1")*5 -> 12 | AN89: =MIN(AN88+6,18)-COUNTIF(Y89:AF89,"<>空")+COUNTIF(Y89:AF89,"历练")+COUNTIF(Y89:AF89,"营地")*2+COUNTIF(Y89:AF89,"塔1")*5 -> 18
A90: 46271 | B90: 1600 | D90: =(SUM(粮草!A90:X90)+AG90*10*IF(AK90="是",$BB$4,$BB$3)) -> 2552 | E90: =SUM($B$4:B90)+SUM($C$4:C90)-SUM($D$4:D90) -> 3788 | F90: =SUM(经验!A90:X90) -> 895 | G90: =SUM($F$4:F90)+SUM($H$4:H90) -> 60970 | H90: 0 | I90: 草2 | J90: 2级 | K90: 商人 | L90: 2级 | M90: 2级 | N90: 2级 | O90: 商人 | P90: 2级 | Q90: 5级 | R90: 5级 | S90: 5级 | T90: 5级 | U90: 5级 | V90: 5级 | W90: 空 | X90: 空 | Y90: 3级 | Z90: 3级 | AA90: 3级 | AB90: 草2 | AC90: 3级 | AD90: 3级 | AE90: 空 | AF90: 空 | AG90: =AH90+AI90+AJ90 -> 0 | AK90: 是 | AL90: =MIN(AL89+6,18)-COUNTIF(I90:P90,"<>空")+COUNTIF(I90:P90,"历练")+COUNTIF(I90:P90,"营地")*2+COUNTIF(I90:P90,"塔1")*5 -> 10 | AM90: =MIN(AM89+6,18)-COUNTIF(Q90:X90,"<>空")+COUNTIF(Q90:X90,"历练")+COUNTIF(Q90:X90,"营地")*2+COUNTIF(Q90:X90,"塔1")*5 -> 12 | AN90: =MIN(AN89+6,18)-COUNTIF(Y90:AF90,"<>空")+COUNTIF(Y90:AF90,"历练")+COUNTIF(Y90:AF90,"营地")*2+COUNTIF(Y90:AF90,"塔1")*5 -> 12
A91: 46272 | B91: 1600 | D91: =(SUM(粮草!A91:X91)+AG91*10*IF(AK91="是",$BB$4,$BB$3)) -> 2432 | E91: =SUM($B$4:B91)+SUM($C$4:C91)-SUM($D$4:D91) -> 2956 | F91: =SUM(经验!A91:X91) -> 870 | G91: =SUM($F$4:F91)+SUM($H$4:H91) -> 62340 | H91: 500 | I91: 2级 | J91: 草2 | K91: 2级 | L91: 商人 | M91: 2级 | N91: 草2 | O91: 2级 | P91: 商人 | Q91: 5级 | R91: 5级 | S91: 5级 | T91: 商人 | U91: 5级 | V91: 5级 | W91: 空 | X91: 空 | Y91: 3级 | Z91: 3级 | AA91: 草2 | AB91: 3级 | AC91: 3级 | AD91: 3级 | AE91: 空 | AF91: 空 | AG91: =AH91+AI91+AJ91 -> 0 | AK91: 是 | AL91: =MIN(AL90+6,18)-COUNTIF(I91:P91,"<>空")+COUNTIF(I91:P91,"历练")+COUNTIF(I91:P91,"营地")*2+COUNTIF(I91:P91,"塔1")*5 -> 8 | AM91: =MIN(AM90+6,18)-COUNTIF(Q91:X91,"<>空")+COUNTIF(Q91:X91,"历练")+COUNTIF(Q91:X91,"营地")*2+COUNTIF(Q91:X91,"塔1")*5 -> 12 | AN91: =MIN(AN90+6,18)-COUNTIF(Y91:AF91,"<>空")+COUNTIF(Y91:AF91,"历练")+COUNTIF(Y91:AF91,"营地")*2+COUNTIF(Y91:AF91,"塔1")*5 -> 12
A92: 46273 | B92: 1600 | D92: =(SUM(粮草!A92:X92)+AG92*10*IF(AK92="是",$BB$4,$BB$3)) -> 1896 | E92: =SUM($B$4:B92)+SUM($C$4:C92)-SUM($D$4:D92) -> 2660 | F92: =SUM(经验!A92:X92) -> 680 | G92: =SUM($F$4:F92)+SUM($H$4:H92) -> 63020 | H92: 0 | I92: 2级 | J92: 草2 | K92: 2级 | L92: 商人 | M92: 2级 | N92: 2级 | O92: 商人 | P92: 空 | Q92: 5级 | R92: 5级 | S92: 5级 | T92: 空 | U92: 空 | V92: 空 | W92: 空 | X92: 空 | Y92: 3级 | Z92: 3级 | AA92: 商人 | AB92: 3级 | AC92: 3级 | AD92: 3级 | AE92: 空 | AF92: 空 | AG92: =AH92+AI92+AJ92 -> 1 | AH92: 1 | AK92: 是 | AL92: =MIN(AL91+6,18)-COUNTIF(I92:P92,"<>空")+COUNTIF(I92:P92,"历练")+COUNTIF(I92:P92,"营地")*2+COUNTIF(I92:P92,"塔1")*5 -> 7 | AM92: =MIN(AM91+6,18)-COUNTIF(Q92:X92,"<>空")+COUNTIF(Q92:X92,"历练")+COUNTIF(Q92:X92,"营地")*2+COUNTIF(Q92:X92,"塔1")*5 -> 15 | AN92: =MIN(AN91+6,18)-COUNTIF(Y92:AF92,"<>空")+COUNTIF(Y92:AF92,"历练")+COUNTIF(Y92:AF92,"营地")*2+COUNTIF(Y92:AF92,"塔1")*5 -> 12
A93: 46274 | B93: 1600 | D93: =(SUM(粮草!A93:X93)+AG93*10*IF(AK93="是",$BB$4,$BB$3)) -> 1216 | E93: =SUM($B$4:B93)+SUM($C$4:C93)-SUM($D$4:D93) -> 3044 | F93: =SUM(经验!A93:X93) -> 440 | G93: =SUM($F$4:F93)+SUM($H$4:H93) -> 63460 | H93: 0 | I93: 空 | J93: 空 | K93: 空 | L93: 空 | M93: 空 | N93: 空 | O93: 空 | P93: 空 | Q93: 5级 | R93: 5级 | S93: 5级 | T93: 5级 | U93: 5级 | V93: 5级 | W93: 5级 | X93: 5级 | Y93: 空 | Z93: 空 | AA93: 空 | AB93: 空 | AC93: 空 | AD93: 空 | AE93: 空 | AF93: 空 | AG93: =AH93+AI93+AJ93 -> 0 | AK93: 是 | AL93: =MIN(AL92+6,18)-COUNTIF(I93:P93,"<>空")+COUNTIF(I93:P93,"历练")+COUNTIF(I93:P93,"营地")*2+COUNTIF(I93:P93,"塔1")*5 -> 13 | AM93: =MIN(AM92+6,18)-COUNTIF(Q93:X93,"<>空")+COUNTIF(Q93:X93,"历练")+COUNTIF(Q93:X93,"营地")*2+COUNTIF(Q93:X93,"塔1")*5 -> 10 | AN93: =MIN(AN92+6,18)-COUNTIF(Y93:AF93,"<>空")+COUNTIF(Y93:AF93,"历练")+COUNTIF(Y93:AF93,"营地")*2+COUNTIF(Y93:AF93,"塔1")*5 -> 18
D95: 负粮草 | E95: =COUNTIF(E4:E93,"<0") -> 5

Sheet 瞭望塔
B1: 瞭望塔坐标
B2: x | C2: y | D2: 等级 | E2: buff | F2: 行动 | G2: 粮草 | H2: 积分 | I2: 说明
A3: 塔1 | B3: 35 | C3: 11 | D3: 1 | E3: 迅疾 | F3: 5 | I3: 5次行动不消耗次数
A4: 塔1 | B4: 29 | C4: 15 | D4: 1 | E4: 兵粮 | F4: 5 | G4: 0.6 | I4: 5次行动消耗60%粮草
A5: 塔2 | B5: 27 | C5: 8 | D5: 2 | E5: 战勋 | F5: 8 | H5: 1.4 | I5: 8次行动1.4倍积分
A6: 塔2 | B6: 22 | C6: 15 | D6: 2 | E6: 迅疾 | F6: 8 | I6: 8次行动不消耗次数
A7: 塔3 | B7: 24 | C7: 27 | D7: 3 | E7: 兵粮 | F7: 10 | G7: 0.6 | I7: 10次行动消耗60%粮草
A8: 塔3 | B8: 38 | C8: 31 | D8: 3 | E8: 战勋 | F8: 10 | H8: 1.4 | I8: 10次行动1.4倍积分

Sheet 6.15
A1: 6.15 | D1: 18 | G1: 18 | J1: 9
C2: 1队 | F2: 2队 | I2: 3队 | N2: 1级 | O2: 150 | P2: 35
A3: 5720 | C3: 操作流 | D3: 粮草 | E3: 特殊 | F3: 操作流 | G3: 粮草 | H3: 特殊 | I3: 操作流 | J3: 粮草 | K3: 特殊 | N3: 2级 | O3: 160 | P3: 40
B4: 1 | C4: 飞雷神 | D4: 0 | F4: 跳6 | G4: 60 | I4: 商人 | J4: 50 | N4: 3级 | O4: 170 | P4: 45
A5: =D29+G29+J29 -> 4450 | B5: 2 | C5: 跳4 | D5: 40 | F5: 历练 | G5: 50 | I5: 2级 | J5: 160 | N5: 4级 | O5: 180 | P5: 50
B6: 3 | C6: 3级 | D6: 170 | E6: 18 | F6: 跳15 | G6: 150 | I6: 传送1 | J6: 10 | N6: 5级 | O6: 190 | P6: 55
A7: =A3-A5 -> 1270 | B7: 4 | C7: 3级 | D7: 170 | E7: 17 | F7: 传送1 | G7: 10 | I7: 3级 | J7: 170 | N7: 6级 | O7: 200 | P7: 60
B8: 5 | C8: 3级 | D8: 170 | E8: 16 | I8: 3级 | J8: 170 | N8: 草1 | O8: 150 | P8: 35
B9: 6 | C9: 营地 | D9: -250 | E9: 17 | I9: 3级 | J9: 170 | N9: 草2 | O9: 150 | P9: 40
B10: 7 | C10: 3级 | D10: 170 | E10: 16 | I10: 跳1 | J10: 10 | N10: 草3 | O10: 150 | P10: 45
B11: 8 | C11: 3级 | D11: 170 | E11: 15 | I11: 3级 | J11: 170 | N11: 草4 | O11: 150 | P11: 50
B12: 9 | C12: 3级 | D12: 170 | E12: 14 | I12: 商人 | J12: 50 | N12: 草5 | O12: 150 | P12: 55
B13: 10 | C13: 3级 | D13: 170 | E13: 13 | I13: 3级 | J13: 170 | N13: 草6 | O13: 150 | P13: 60
B14: 11 | C14: 商人 | D14: 50 | E14: 12 | I14: 3级 | J14: 170 | N14: 遗迹 | O14: 150 | P14: 40
B15: 12 | C15: 3级 | D15: 170 | E15: 11 | N15: 商人 | O15: 50 | P15: 30
B16: 13 | C16: 3级 | D16: 170 | E16: 10 | N16: 营地 | O16: -250 | P16: 0
B17: 14 | C17: 3级 | D17: 170 | E17: 9 | N17: 大卦 | O17: 250 | P17: 300
B18: 15 | C18: 3级卦 | D18: 170 | E18: 8 | N18: 3级卦 | O18: 170 | P18: 45
B19: 16 | C19: 跳2 | D19: 20 | N19: 巨卦 | O19: 250 | P19: 400
B20: 17 | C20: 3级 | D20: 170 | E20: 7 | N20: 大boss | O20: 250 | P20: 1000
B21: 18 | C21: 草2 | D21: 150 | E21: 6 | N21: 中boss | O21: 250 | P21: 500
B22: 19 | C22: 3级 | D22: 170 | E22: 5 | N22: 4级卦 | O22: 180 | P22: 50
B23: 20 | C23: 3级 | D23: 170 | E23: 4 | N23: 塔1 | O23: 160 | P23: 35
B24: 21 | C24: 3级 | D24: 170 | E24: 3 | N24: 塔2 | O24: 150 | P24: 40
B25: 22 | C25: 3级 | D25: 170 | E25: 2 | N25: 塔3 | O25: 150 | P25: 45
B26: 23 | C26: 草2 | D26: 150 | E26: 1 | N26: 空 | O26: 0 | P26: 0
B27: 24 | N27: 历练 | O27: 50 | P27: 520
B28: 25
D29: =SUM(D4:D28) -> 2880 | G29: =SUM(G4:G28) -> 270 | J29: =SUM(J4:J28) -> 1300
D30: 0 | G30: 18 | J30: 0

Sheet 6.16
A1: {=MID(CELL("filename",A1),FIND("]",CELL("filename",A1))+1,255)} -> 6.16 | B1: 起始行动 | D1: 18 | G1: 15 | J1: 13 | O1: 粮草 | P1: 经验 | Q1: 行动
A2: 起始粮草 | C2: 1队 | F2: 2队 | I2: 3队 | N2: 1级 | O2: 150 | P2: 35 | Q2: 1
A3: =5720+1600 -> 7320 | C3: 操作流 | D3: 粮草 | E3: 行动 | F3: 操作流 | G3: 粮草 | H3: 行动 | I3: 操作流 | J3: 粮草 | K3: 行动 | N3: 2级 | O3: 160 | P3: 40 | Q3: 1
A4: 消耗粮草 | B4: 1 | C4: 跳8 | D4: =IF(LEFT(C4,1)="跳",RIGHT(C4,LEN(C4)-1)*10,IFERROR(INDEX($O$2:$O$27, MATCH(C4, $N$2:$N$27, 0)), 0)) -> 80 | E4: =IFERROR(INDEX($Q$2:$Q$27,MATCH(C4,$N$2:$N$27,0)),0) -> 0 | G4: =IF(LEFT(F4,1)="跳",RIGHT(F4,LEN(F4)-1)*10,IFERROR(INDEX($O$2:$O$27, MATCH(F4, $N$2:$N$27, 0)), 0)) -> 0 | H4: =IFERROR(INDEX($Q$2:$Q$27,MATCH(F4,$N$2:$N$27,0)),0) -> 0 | I4: 商人 | J4: =IF(LEFT(I4,1)="跳",RIGHT(I4,LEN(I4)-1)*10,IFERROR(INDEX($O$2:$O$27, MATCH(I4, $N$2:$N$27, 0)), 0)) -> 50 | K4: =IFERROR(INDEX($Q$2:$Q$27,MATCH(I4,$N$2:$N$27,0)),0) -> 1 | N4: 3级 | O4: 170 | P4: 45 | Q4: 1
A5: =D29+G29+J29 -> 4560 | B5: 2 | C5: 3级 | D5: =IF(LEFT(C5,1)="跳",RIGHT(C5,LEN(C5)-1)*10,IFERROR(INDEX($O$2:$O$27, MATCH(C5, $N$2:$N$27, 0)), 0)) -> 170 | E5: =IFERROR(INDEX($Q$2:$Q$27,MATCH(C5,$N$2:$N$27,0)),0) -> 1 | G5: =IF(LEFT(F5,1)="跳",RIGHT(F5,LEN(F5)-1)*10,IFERROR(INDEX($O$2:$O$27, MATCH(F5, $N$2:$N$27, 0)), 0)) -> 0 | H5: =IFERROR(INDEX($Q$2:$Q$27,MATCH(F5,$N$2:$N$27,0)),0) -> 0 | I5: 2级 | J5: =IF(LEFT(I5,1)="跳",RIGHT(I5,LEN(I5)-1)*10,IFERROR(INDEX($O$2:$O$27, MATCH(I5, $N$2:$N$27, 0)), 0)) -> 160 | K5: =IFERROR(INDEX($Q$2:$Q$27,MATCH(I5,$N$2:$N$27,0)),0) -> 1 | N5: 4级 | O5: 180 | P5: 50 | Q5: 1
A6: 剩余粮草 | B6: 3 | C6: 3级 | D6: =IF(LEFT(C6,1)="跳",RIGHT(C6,LEN(C6)-1)*10,IFERROR(INDEX($O$2:$O$27, MATCH(C6, $N$2:$N$27, 0)), 0)) -> 170 | E6: =IFERROR(INDEX($Q$2:$Q$27,MATCH(C6,$N$2:$N$27,0)),0) -> 1 | G6: =IF(LEFT(F6,1)="跳",RIGHT(F6,LEN(F6)-1)*10,IFERROR(INDEX($O$2:$O$27, MATCH(F6, $N$2:$N$27, 0)), 0)) -> 0 | H6: =IFERROR(INDEX($Q$2:$Q$27,MATCH(F6,$N$2:$N$27,0)),0) -> 0 | I6: 跳1 | J6: =IF(LEFT(I6,1)="跳",RIGHT(I6,LEN(I6)-1)*10,IFERROR(INDEX($O$2:$O$27, MATCH(I6, $N$2:$N$27, 0)), 0)) -> 10 | K6: =IFERROR(INDEX($Q$2:$Q$27,MATCH(I6,$N$2:$N$27,0)),0) -> 0 | N6: 5级 | O6: 190 | P6: 55 | Q6: 1
A7: =A3-A5 -> 2760 | B7: 4 | C7: 3级 | D7: =IF(LEFT(C7,1)="跳",RIGHT(C7,LEN(C7)-1)*10,IFERROR(INDEX($O$2:$O$27, MATCH(C7, $N$2:$N$27, 0)), 0)) -> 170 | E7: =IFERROR(INDEX($Q$2:$Q$27,MATCH(C7,$N$2:$N$27,0)),0) -> 1 | G7: =IF(LEFT(F7,1)="跳",RIGHT(F7,LEN(F7)-1)*10,IFERROR(INDEX($O$2:$O$27, MATCH(F7, $N$2:$N$27, 0)), 0)) -> 0 | H7: =IFERROR(INDEX($Q$2:$Q$27,MATCH(F7,$N$2:$N$27,0)),0) -> 0 | I7: 3级 | J7: =IF(LEFT(I7,1)="跳",RIGHT(I7,LEN(I7)-1)*10,IFERROR(INDEX($O$2:$O$27, MATCH(I7, $N$2:$N$27, 0)), 0)) -> 170 | K7: =IFERROR(INDEX($Q$2:$Q$27,MATCH(I7,$N$2:$N$27,0)),0) -> 1 | N7: 6级 | O7: 200 | P7: 60 | Q7: 1
B8: 5 | C8: 3级 | D8: =IF(LEFT(C8,1)="跳",RIGHT(C8,LEN(C8)-1)*10,IFERROR(INDEX($O$2:$O$27, MATCH(C8, $N$2:$N$27, 0)), 0)) -> 170 | E8: =IFERROR(INDEX($Q$2:$Q$27,MATCH(C8,$N$2:$N$27,0)),0) -> 1 | G8: =IF(LEFT(F8,1)="跳",RIGHT(F8,LEN(F8)-1)*10,IFERROR(INDEX($O$2:$O$27, MATCH(F8, $N$2:$N$27, 0)), 0)) -> 0 | H8: =IFERROR(INDEX($Q$2:$Q$27,MATCH(F8,$N$2:$N$27,0)),0) -> 0 | I8: 3级 | J8: =IF(LEFT(I8,1)="跳",RIGHT(I8,LEN(I8)-1)*10,IFERROR(INDEX($O$2:$O$27, MATCH(I8, $N$2:$N$27, 0)), 0)) -> 170 | K8: =IFERROR(INDEX($Q$2:$Q$27,MATCH(I8,$N$2:$N$27,0)),0) -> 1 | N8: 草1 | O8: 150 | P8: 35 | Q8: 1
B9: 6 | C9: 商人 | D9: =IF(LEFT(C9,1)="跳",RIGHT(C9,LEN(C9)-1)*10,IFERROR(INDEX($O$2:$O$27, MATCH(C9, $N$2:$N$27, 0)), 0)) -> 50 | E9: =IFERROR(INDEX($Q$2:$Q$27,MATCH(C9,$N$2:$N$27,0)),0) -> 1 | G9: =IF(LEFT(F9,1)="跳",RIGHT(F9,LEN(F9)-1)*10,IFERROR(INDEX($O$2:$O$27, MATCH(F9, $N$2:$N$27, 0)), 0)) -> 0 | H9: =IFERROR(INDEX($Q$2:$Q$27,MATCH(F9,$N$2:$N$27,0)),0) -> 0 | J9: =IF(LEFT(I9,1)="跳",RIGHT(I9,LEN(I9)-1)*10,IFERROR(INDEX($O$2:$O$27, MATCH(I9, $N$2:$N$27, 0)), 0)) -> 0 | K9: =IFERROR(INDEX($Q$2:$Q$27,MATCH(I9,$N$2:$N$27,0)),0) -> 0 | N9: 草2 | O9: 150 | P9: 40 | Q9: 1
B10: 7 | C10: 3级 | D10: =IF(LEFT(C10,1)="跳",RIGHT(C10,LEN(C10)-1)*10,IFERROR(INDEX($O$2:$O$27, MATCH(C10, $N$2:$N$27, 0)), 0)) -> 170 | E10: =IFERROR(INDEX($Q$2:$Q$27,MATCH(C10,$N$2:$N$27,0)),0) -> 1 | G10: =IF(LEFT(F10,1)="跳",RIGHT(F10,LEN(F10)-1)*10,IFERROR(INDEX($O$2:$O$27, MATCH(F10, $N$2:$N$27, 0)), 0)) -> 0 | H10: =IFERROR(INDEX($Q$2:$Q$27,MATCH(F10,$N$2:$N$27,0)),0) -> 0 | J10: =IF(LEFT(I10,1)="跳",RIGHT(I10,LEN(I10)-1)*10,IFERROR(INDEX($O$2:$O$27, MATCH(I10, $N$2:$N$27, 0)), 0)) -> 0 | K10: =IFERROR(INDEX($Q$2:$Q$27,MATCH(I10,$N$2:$N$27,0)),0) -> 0 | N10: 草3 | O10: 150 | P10: 45 | Q10: 1
B11: 8 | C11: 3级 | D11: =IF(LEFT(C11,1)="跳",RIGHT(C11,LEN(C11)-1)*10,IFERROR(INDEX($O$2:$O$27, MATCH(C11, $N$2:$N$27, 0)), 0)) -> 170 | E11: =IFERROR(INDEX($Q$2:$Q$27,MATCH(C11,$N$2:$N$27,0)),0) -> 1 | G11: =IF(LEFT(F11,1)="跳",RIGHT(F11,LEN(F11)-1)*10,IFERROR(INDEX($O$2:$O$27, MATCH(F11, $N$2:$N$27, 0)), 0)) -> 0 | H11: =IFERROR(INDEX($Q$2:$Q$27,MATCH(F11,$N$2:$N$27,0)),0) -> 0 | I11: 3级 | J11: =IF(LEFT(I11,1)="跳",RIGHT(I11,LEN(I11)-1)*10,IFERROR(INDEX($O$2:$O$27, MATCH(I11, $N$2:$N$27, 0)), 0)) -> 170 | K11: =IFERROR(INDEX($Q$2:$Q$27,MATCH(I11,$N$2:$N$27,0)),0) -> 1 | N11: 草4 | O11: 150 | P11: 50 | Q11: 1
B12: 9 | C12: 3级 | D12: =IF(LEFT(C12,1)="跳",RIGHT(C12,LEN(C12)-1)*10,IFERROR(INDEX($O$2:$O$27, MATCH(C12, $N$2:$N$27, 0)), 0)) -> 170 | E12: =IFERROR(INDEX($Q$2:$Q$27,MATCH(C12,$N$2:$N$27,0)),0) -> 1 | G12: =IF(LEFT(F12,1)="跳",RIGHT(F12,LEN(F12)-1)*10,IFERROR(INDEX($O$2:$O$27, MATCH(F12, $N$2:$N$27, 0)), 0)) -> 0 | H12: =IFERROR(INDEX($Q$2:$Q$27,MATCH(F12,$N$2:$N$27,0)),0) -> 0 | I12: 商人 | J12: =IF(LEFT(I12,1)="跳",RIGHT(I12,LEN(I12)-1)*10,IFERROR(INDEX($O$2:$O$27, MATCH(I12, $N$2:$N$27, 0)), 0)) -> 50 | K12: =IFERROR(INDEX($Q$2:$Q$27,MATCH(I12,$N$2:$N$27,0)),0) -> 1 | N12: 草5 | O12: 150 | P12: 55 | Q12: 1
B13: 10 | C13: 3级卦 | D13: =IF(LEFT(C13,1)="跳",RIGHT(C13,LEN(C13)-1)*10,IFERROR(INDEX($O$2:$O$27, MATCH(C13, $N$2:$N$27, 0)), 0)) -> 170 | E13: =IFERROR(INDEX($Q$2:$Q$27,MATCH(C13,$N$2:$N$27,0)),0) -> 1 | G13: =IF(LEFT(F13,1)="跳",RIGHT(F13,LEN(F13)-1)*10,IFERROR(INDEX($O$2:$O$27, MATCH(F13, $N$2:$N$27, 0)), 0)) -> 0 | H13: =IFERROR(INDEX($Q$2:$Q$27,MATCH(F13,$N$2:$N$27,0)),0) -> 0 | I13: 3级 | J13: =IF(LEFT(I13,1)="跳",RIGHT(I13,LEN(I13)-1)*10,IFERROR(INDEX($O$2:$O$27, MATCH(I13, $N$2:$N$27, 0)), 0)) -> 170 | K13: =IFERROR(INDEX($Q$2:$Q$27,MATCH(I13,$N$2:$N$27,0)),0) -> 1 | N13: 草6 | O13: 150 | P13: 60 | Q13: 1
B14: 11 | C14: 跳2 | D14: =IF(LEFT(C14,1)="跳",RIGHT(C14,LEN(C14)-1)*10,IFERROR(INDEX($O$2:$O$27, MATCH(C14, $N$2:$N$27, 0)), 0)) -> 20 | E14: =IFERROR(INDEX($Q$2:$Q$27,MATCH(C14,$N$2:$N$27,0)),0) -> 0 | G14: =IF(LEFT(F14,1)="跳",RIGHT(F14,LEN(F14)-1)*10,IFERROR(INDEX($O$2:$O$27, MATCH(F14, $N$2:$N$27, 0)), 0)) -> 0 | H14: =IFERROR(INDEX($Q$2:$Q$27,MATCH(F14,$N$2:$N$27,0)),0) -> 0 | I14: 3级 | J14: =IF(LEFT(I14,1)="跳",RIGHT(I14,LEN(I14)-1)*10,IFERROR(INDEX($O$2:$O$27, MATCH(I14, $N$2:$N$27, 0)), 0)) -> 170 | K14: =IFERROR(INDEX($Q$2:$Q$27,MATCH(I14,$N$2:$N$27,0)),0) -> 1 | N14: 遗迹 | O14: 150 | P14: 40 | Q14: 1
B15: 12 | C15: 3级 | D15: =IF(LEFT(C15,1)="跳",RIGHT(C15,LEN(C15)-1)*10,IFERROR(INDEX($O$2:$O$27, MATCH(C15, $N$2:$N$27, 0)), 0)) -> 170 | E15: =IFERROR(INDEX($Q$2:$Q$27,MATCH(C15,$N$2:$N$27,0)),0) -> 1 | G15: =IF(LEFT(F15,1)="跳",RIGHT(F15,LEN(F15)-1)*10,IFERROR(INDEX($O$2:$O$27, MATCH(F15, $N$2:$N$27, 0)), 0)) -> 0 | H15: =IFERROR(INDEX($Q$2:$Q$27,MATCH(F15,$N$2:$N$27,0)),0) -> 0 | I15: 3级卦 | J15: =IF(LEFT(I15,1)="跳",RIGHT(I15,LEN(I15)-1)*10,IFERROR(INDEX($O$2:$O$27, MATCH(I15, $N$2:$N$27, 0)), 0)) -> 170 | K15: =IFERROR(INDEX($Q$2:$Q$27,MATCH(I15,$N$2:$N$27,0)),0) -> 1 | N15: 商人 | O15: 50 | P15: 30 | Q15: 1
B16: 13 | C16: 草2 | D16: =IF(LEFT(C16,1)="跳",RIGHT(C16,LEN(C16)-1)*10,IFERROR(INDEX($O$2:$O$27, MATCH(C16, $N$2:$N$27, 0)), 0)) -> 150 | E16: =IFERROR(INDEX($Q$2:$Q$27,MATCH(C16,$N$2:$N$27,0)),0) -> 1 | G16: =IF(LEFT(F16,1)="跳",RIGHT(F16,LEN(F16)-1)*10,IFERROR(INDEX($O$2:$O$27, MATCH(F16, $N$2:$N$27, 0)), 0)) -> 0 | H16: =IFERROR(INDEX($Q$2:$Q$27,MATCH(F16,$N$2:$N$27,0)),0) -> 0 | I16: 跳1 | J16: =IF(LEFT(I16,1)="跳",RIGHT(I16,LEN(I16)-1)*10,IFERROR(INDEX($O$2:$O$27, MATCH(I16, $N$2:$N$27, 0)), 0)) -> 10 | K16: =IFERROR(INDEX($Q$2:$Q$27,MATCH(I16,$N$2:$N$27,0)),0) -> 0 | N16: 营地 | O16: -250 | P16: 0 | Q16: -1
B17: 14 | C17: 3级 | D17: =IF(LEFT(C17,1)="跳",RIGHT(C17,LEN(C17)-1)*10,IFERROR(INDEX($O$2:$O$27, MATCH(C17, $N$2:$N$27, 0)), 0)) -> 170 | E17: =IFERROR(INDEX($Q$2:$Q$27,MATCH(C17,$N$2:$N$27,0)),0) -> 1 | G17: =IF(LEFT(F17,1)="跳",RIGHT(F17,LEN(F17)-1)*10,IFERROR(INDEX($O$2:$O$27, MATCH(F17, $N$2:$N$27, 0)), 0)) -> 0 | H17: =IFERROR(INDEX($Q$2:$Q$27,MATCH(F17,$N$2:$N$27,0)),0) -> 0 | I17: 3级 | J17: =IF(LEFT(I17,1)="跳",RIGHT(I17,LEN(I17)-1)*10,IFERROR(INDEX($O$2:$O$27, MATCH(I17, $N$2:$N$27, 0)), 0)) -> 170 | K17: =IFERROR(INDEX($Q$2:$Q$27,MATCH(I17,$N$2:$N$27,0)),0) -> 1 | N17: 大卦 | O17: 250 | P17: 300 | Q17: 1
B18: 15 | C18: 3级 | D18: =IF(LEFT(C18,1)="跳",RIGHT(C18,LEN(C18)-1)*10,IFERROR(INDEX($O$2:$O$27, MATCH(C18, $N$2:$N$27, 0)), 0)) -> 170 | E18: =IFERROR(INDEX($Q$2:$Q$27,MATCH(C18,$N$2:$N$27,0)),0) -> 1 | G18: =IF(LEFT(F18,1)="跳",RIGHT(F18,LEN(F18)-1)*10,IFERROR(INDEX($O$2:$O$27, MATCH(F18, $N$2:$N$27, 0)), 0)) -> 0 | H18: =IFERROR(INDEX($Q$2:$Q$27,MATCH(F18,$N$2:$N$27,0)),0) -> 0 | I18: 3级 | J18: =IF(LEFT(I18,1)="跳",RIGHT(I18,LEN(I18)-1)*10,IFERROR(INDEX($O$2:$O$27, MATCH(I18, $N$2:$N$27, 0)), 0)) -> 170 | K18: =IFERROR(INDEX($Q$2:$Q$27,MATCH(I18,$N$2:$N$27,0)),0) -> 1 | N18: 3级卦 | O18: 170 | P18: 45 | Q18: 1
B19: 16 | C19: 3级 | D19: =IF(LEFT(C19,1)="跳",RIGHT(C19,LEN(C19)-1)*10,IFERROR(INDEX($O$2:$O$27, MATCH(C19, $N$2:$N$27, 0)), 0)) -> 170 | E19: =IFERROR(INDEX($Q$2:$Q$27,MATCH(C19,$N$2:$N$27,0)),0) -> 1 | G19: =IF(LEFT(F19,1)="跳",RIGHT(F19,LEN(F19)-1)*10,IFERROR(INDEX($O$2:$O$27, MATCH(F19, $N$2:$N$27, 0)), 0)) -> 0 | H19: =IFERROR(INDEX($Q$2:$Q$27,MATCH(F19,$N$2:$N$27,0)),0) -> 0 | I19: 3级 | J19: =IF(LEFT(I19,1)="跳",RIGHT(I19,LEN(I19)-1)*10,IFERROR(INDEX($O$2:$O$27, MATCH(I19, $N$2:$N$27, 0)), 0)) -> 170 | K19: =IFERROR(INDEX($Q$2:$Q$27,MATCH(I19,$N$2:$N$27,0)),0) -> 1 | N19: 巨卦 | O19: 250 | P19: 400 | Q19: 1
B20: 17 | C20: 3级 | D20: =IF(LEFT(C20,1)="跳",RIGHT(C20,LEN(C20)-1)*10,IFERROR(INDEX($O$2:$O$27, MATCH(C20, $N$2:$N$27, 0)), 0)) -> 170 | E20: =IFERROR(INDEX($Q$2:$Q$27,MATCH(C20,$N$2:$N$27,0)),0) -> 1 | G20: =IF(LEFT(F20,1)="跳",RIGHT(F20,LEN(F20)-1)*10,IFERROR(INDEX($O$2:$O$27, MATCH(F20, $N$2:$N$27, 0)), 0)) -> 0 | H20: =IFERROR(INDEX($Q$2:$Q$27,MATCH(F20,$N$2:$N$27,0)),0) -> 0 | I20: 营地 | J20: =IF(LEFT(I20,1)="跳",RIGHT(I20,LEN(I20)-1)*10,IFERROR(INDEX($O$2:$O$27, MATCH(I20, $N$2:$N$27, 0)), 0)) -> -250 | K20: =IFERROR(INDEX($Q$2:$Q$27,MATCH(I20,$N$2:$N$27,0)),0) -> -1 | N20: 大boss | O20: 250 | P20: 1000 | Q20: 1
B21: 18 | C21: 草2 | D21: =IF(LEFT(C21,1)="跳",RIGHT(C21,LEN(C21)-1)*10,IFERROR(INDEX($O$2:$O$27, MATCH(C21, $N$2:$N$27, 0)), 0)) -> 150 | E21: =IFERROR(INDEX($Q$2:$Q$27,MATCH(C21,$N$2:$N$27,0)),0) -> 1 | G21: =IF(LEFT(F21,1)="跳",RIGHT(F21,LEN(F21)-1)*10,IFERROR(INDEX($O$2:$O$27, MATCH(F21, $N$2:$N$27, 0)), 0)) -> 0 | H21: =IFERROR(INDEX($Q$2:$Q$27,MATCH(F21,$N$2:$N$27,0)),0) -> 0 | J21: =IF(LEFT(I21,1)="跳",RIGHT(I21,LEN(I21)-1)*10,IFERROR(INDEX($O$2:$O$27, MATCH(I21, $N$2:$N$27, 0)), 0)) -> 0 | K21: =IFERROR(INDEX($Q$2:$Q$27,MATCH(I21,$N$2:$N$27,0)),0) -> 0 | N21: 中boss | O21: 250 | P21: 500 | Q21: 1
B22: 19 | C22: 3级 | D22: =IF(LEFT(C22,1)="跳",RIGHT(C22,LEN(C22)-1)*10,IFERROR(INDEX($O$2:$O$27, MATCH(C22, $N$2:$N$27, 0)), 0)) -> 170 | E22: =IFERROR(INDEX($Q$2:$Q$27,MATCH(C22,$N$2:$N$27,0)),0) -> 1 | G22: =IF(LEFT(F22,1)="跳",RIGHT(F22,LEN(F22)-1)*10,IFERROR(INDEX($O$2:$O$27, MATCH(F22, $N$2:$N$27, 0)), 0)) -> 0 | H22: =IFERROR(INDEX($Q$2:$Q$27,MATCH(F22,$N$2:$N$27,0)),0) -> 0 | J22: =IF(LEFT(I22,1)="跳",RIGHT(I22,LEN(I22)-1)*10,IFERROR(INDEX($O$2:$O$27, MATCH(I22, $N$2:$N$27, 0)), 0)) -> 0 | K22: =IFERROR(INDEX($Q$2:$Q$27,MATCH(I22,$N$2:$N$27,0)),0) -> 0 | N22: 4级卦 | O22: 180 | P22: 50 | Q22: 1
B23: 20 | C23: 3级 | D23: =IF(LEFT(C23,1)="跳",RIGHT(C23,LEN(C23)-1)*10,IFERROR(INDEX($O$2:$O$27, MATCH(C23, $N$2:$N$27, 0)), 0)) -> 170 | E23: =IFERROR(INDEX($Q$2:$Q$27,MATCH(C23,$N$2:$N$27,0)),0) -> 1 | G23: =IF(LEFT(F23,1)="跳",RIGHT(F23,LEN(F23)-1)*10,IFERROR(INDEX($O$2:$O$27, MATCH(F23, $N$2:$N$27, 0)), 0)) -> 0 | H23: =IFERROR(INDEX($Q$2:$Q$27,MATCH(F23,$N$2:$N$27,0)),0) -> 0 | J23: =IF(LEFT(I23,1)="跳",RIGHT(I23,LEN(I23)-1)*10,IFERROR(INDEX($O$2:$O$27, MATCH(I23, $N$2:$N$27, 0)), 0)) -> 0 | K23: =IFERROR(INDEX($Q$2:$Q$27,MATCH(I23,$N$2:$N$27,0)),0) -> 0 | N23: 塔1 | O23: 160 | P23: 35 | Q23: 1
B24: 21 | D24: =IF(LEFT(C24,1)="跳",RIGHT(C24,LEN(C24)-1)*10,IFERROR(INDEX($O$2:$O$27, MATCH(C24, $N$2:$N$27, 0)), 0)) -> 0 | E24: =IFERROR(INDEX($Q$2:$Q$27,MATCH(C24,$N$2:$N$27,0)),0) -> 0 | G24: =IF(LEFT(F24,1)="跳",RIGHT(F24,LEN(F24)-1)*10,IFERROR(INDEX($O$2:$O$27, MATCH(F24, $N$2:$N$27, 0)), 0)) -> 0 | H24: =IFERROR(INDEX($Q$2:$Q$27,MATCH(F24,$N$2:$N$27,0)),0) -> 0 | J24: =IF(LEFT(I24,1)="跳",RIGHT(I24,LEN(I24)-1)*10,IFERROR(INDEX($O$2:$O$27, MATCH(I24, $N$2:$N$27, 0)), 0)) -> 0 | K24: =IFERROR(INDEX($Q$2:$Q$27,MATCH(I24,$N$2:$N$27,0)),0) -> 0 | N24: 塔2 | O24: 150 | P24: 40 | Q24: 1
B25: 22 | D25: =IF(LEFT(C25,1)="跳",RIGHT(C25,LEN(C25)-1)*10,IFERROR(INDEX($O$2:$O$27, MATCH(C25, $N$2:$N$27, 0)), 0)) -> 0 | E25: =IFERROR(INDEX($Q$2:$Q$27,MATCH(C25,$N$2:$N$27,0)),0) -> 0 | G25: =IF(LEFT(F25,1)="跳",RIGHT(F25,LEN(F25)-1)*10,IFERROR(INDEX($O$2:$O$27, MATCH(F25, $N$2:$N$27, 0)), 0)) -> 0 | H25: =IFERROR(INDEX($Q$2:$Q$27,MATCH(F25,$N$2:$N$27,0)),0) -> 0 | J25: =IF(LEFT(I25,1)="跳",RIGHT(I25,LEN(I25)-1)*10,IFERROR(INDEX($O$2:$O$27, MATCH(I25, $N$2:$N$27, 0)), 0)) -> 0 | K25: =IFERROR(INDEX($Q$2:$Q$27,MATCH(I25,$N$2:$N$27,0)),0) -> 0 | N25: 塔3 | O25: 150 | P25: 45 | Q25: 1
B26: 23 | D26: =IF(LEFT(C26,1)="跳",RIGHT(C26,LEN(C26)-1)*10,IFERROR(INDEX($O$2:$O$27, MATCH(C26, $N$2:$N$27, 0)), 0)) -> 0 | E26: =IFERROR(INDEX($Q$2:$Q$27,MATCH(C26,$N$2:$N$27,0)),0) -> 0 | G26: =IF(LEFT(F26,1)="跳",RIGHT(F26,LEN(F26)-1)*10,IFERROR(INDEX($O$2:$O$27, MATCH(F26, $N$2:$N$27, 0)), 0)) -> 0 | H26: =IFERROR(INDEX($Q$2:$Q$27,MATCH(F26,$N$2:$N$27,0)),0) -> 0 | J26: =IF(LEFT(I26,1)="跳",RIGHT(I26,LEN(I26)-1)*10,IFERROR(INDEX($O$2:$O$27, MATCH(I26, $N$2:$N$27, 0)), 0)) -> 0 | K26: =IFERROR(INDEX($Q$2:$Q$27,MATCH(I26,$N$2:$N$27,0)),0) -> 0 | N26: 空 | O26: 0 | P26: 0 | Q26: 0
B27: 24 | D27: =IF(LEFT(C27,1)="跳",RIGHT(C27,LEN(C27)-1)*10,IFERROR(INDEX($O$2:$O$27, MATCH(C27, $N$2:$N$27, 0)), 0)) -> 0 | E27: =IFERROR(INDEX($Q$2:$Q$27,MATCH(C27,$N$2:$N$27,0)),0) -> 0 | G27: =IF(LEFT(F27,1)="跳",RIGHT(F27,LEN(F27)-1)*10,IFERROR(INDEX($O$2:$O$27, MATCH(F27, $N$2:$N$27, 0)), 0)) -> 0 | H27: =IFERROR(INDEX($Q$2:$Q$27,MATCH(F27,$N$2:$N$27,0)),0) -> 0 | J27: =IF(LEFT(I27,1)="跳",RIGHT(I27,LEN(I27)-1)*10,IFERROR(INDEX($O$2:$O$27, MATCH(I27, $N$2:$N$27, 0)), 0)) -> 0 | K27: =IFERROR(INDEX($Q$2:$Q$27,MATCH(I27,$N$2:$N$27,0)),0) -> 0 | N27: 历练 | O27: 50 | P27: 520 | Q27: 0
B28: 25 | D28: =IF(LEFT(C28,1)="跳",RIGHT(C28,LEN(C28)-1)*10,IFERROR(INDEX($O$2:$O$27, MATCH(C28, $N$2:$N$27, 0)), 0)) -> 0 | E28: =IFERROR(INDEX($Q$2:$Q$27,MATCH(C28,$N$2:$N$27,0)),0) -> 0 | G28: =IF(LEFT(F28,1)="跳",RIGHT(F28,LEN(F28)-1)*10,IFERROR(INDEX($O$2:$O$27, MATCH(F28, $N$2:$N$27, 0)), 0)) -> 0 | H28: =IFERROR(INDEX($Q$2:$Q$27,MATCH(F28,$N$2:$N$27,0)),0) -> 0 | J28: =IF(LEFT(I28,1)="跳",RIGHT(I28,LEN(I28)-1)*10,IFERROR(INDEX($O$2:$O$27, MATCH(I28, $N$2:$N$27, 0)), 0)) -> 0 | K28: =IFERROR(INDEX($Q$2:$Q$27,MATCH(I28,$N$2:$N$27,0)),0) -> 0
B29: 小计 | D29: =SUM(D4:D28) -> 3000 | E29: =SUM(E4:E28) -> 18 | G29: =SUM(G4:G28) -> 0 | H29: =SUM(H4:H28) -> 0 | J29: =SUM(J4:J28) -> 1560 | K29: =SUM(K4:K28) -> 11
B30: 结束行动 | D30: =D1-E29 -> 0 | G30: =G1-H29 -> 15 | J30: =J1-K29 -> 2

Sheet 6.17
A1: {=MID(CELL("filename",A1),FIND("]",CELL("filename",A1))+1,255)} -> 6.17 | B1: 起始行动 | D1: =MIN(18,'6.16'!D30+6) -> 6 | G1: =MIN(18,'6.16'!G30+6) -> 18 | J1: =MIN(18,'6.16'!J30+6) -> 8 | O1: 粮草 | P1: 经验 | Q1: 行动
A2: 起始粮草 | C2: 1队 | F2: 2队 | I2: 3队 | N2: 1级 | O2: 150 | P2: 35 | Q2: 1
A3: ='6.16'!A7+1600 -> 4360 | C3: 操作流 | D3: 粮草 | E3: 行动 | F3: 操作流 | G3: 粮草 | H3: 行动 | I3: 操作流 | J3: 粮草 | K3: 行动 | N3: 2级 | O3: 160 | P3: 40 | Q3: 1
A4: 消耗粮草 | B4: 1 | C4: 3级 | D4: =IF(LEFT(C4,1)="跳",RIGHT(C4,LEN(C4)-1)*10,_xlfn.XLOOKUP(C4,$N$2:$N$27,$O$2:$O$27,0,0,1)) -> 170 | E4: =_xlfn.XLOOKUP(C4,$N$2:$N$27,$Q$2:$Q$27,0,0,1) -> 1 | F4: 跳6 | G4: =IF(LEFT(F4,1)="跳",RIGHT(F4,LEN(F4)-1)*10,_xlfn.XLOOKUP(F4,$N$2:$N$27,$O$2:$O$27,0,0,1)) -> 60 | H4: =_xlfn.XLOOKUP(F4,$N$2:$N$27,$Q$2:$Q$27,0,0,1) -> 0 | I4: 3级 | J4: =IF(LEFT(I4,1)="跳",RIGHT(I4,LEN(I4)-1)*10,_xlfn.XLOOKUP(I4,$N$2:$N$27,$O$2:$O$27,0,0,1)) -> 170 | K4: =_xlfn.XLOOKUP(I4,$N$2:$N$27,$Q$2:$Q$27,0,0,1) -> 1 | N4: 3级 | O4: 170 | P4: 45 | Q4: 1
A5: =D29+G29+J29 -> 2940 | B5: 2 | C5: 商人 | D5: =IF(LEFT(C5,1)="跳",RIGHT(C5,LEN(C5)-1)*10,_xlfn.XLOOKUP(C5,$N$2:$N$27,$O$2:$O$27,0,0,1)) -> 50 | E5: =_xlfn.XLOOKUP(C5,$N$2:$N$27,$Q$2:$Q$27,0,0,1) -> 1 | F5: 历练 | G5: =IF(LEFT(F5,1)="跳",RIGHT(F5,LEN(F5)-1)*10,_xlfn.XLOOKUP(F5,$N$2:$N$27,$O$2:$O$27,0,0,1)) -> 50 | H5: =_xlfn.XLOOKUP(F5,$N$2:$N$27,$Q$2:$Q$27,0,0,1) -> 0 | I5: 3级 | J5: =IF(LEFT(I5,1)="跳",RIGHT(I5,LEN(I5)-1)*10,_xlfn.XLOOKUP(I5,$N$2:$N$27,$O$2:$O$27,0,0,1)) -> 170 | K5: =_xlfn.XLOOKUP(I5,$N$2:$N$27,$Q$2:$Q$27,0,0,1) -> 1 | N5: 4级 | O5: 180 | P5: 50 | Q5: 1
A6: 剩余粮草 | B6: 3 | C6: 3级 | D6: =IF(LEFT(C6,1)="跳",RIGHT(C6,LEN(C6)-1)*10,_xlfn.XLOOKUP(C6,$N$2:$N$27,$O$2:$O$27,0,0,1)) -> 170 | E6: =_xlfn.XLOOKUP(C6,$N$2:$N$27,$Q$2:$Q$27,0,0,1) -> 1 | F6: 跳18 | G6: =IF(LEFT(F6,1)="跳",RIGHT(F6,LEN(F6)-1)*10,_xlfn.XLOOKUP(F6,$N$2:$N$27,$O$2:$O$27,0,0,1)) -> 180 | H6: =_xlfn.XLOOKUP(F6,$N$2:$N$27,$Q$2:$Q$27,0,0,1) -> 0 | I6: 草2 | J6: =IF(LEFT(I6,1)="跳",RIGHT(I6,LEN(I6)-1)*10,_xlfn.XLOOKUP(I6,$N$2:$N$27,$O$2:$O$27,0,0,1)) -> 150 | K6: =_xlfn.XLOOKUP(I6,$N$2:$N$27,$Q$2:$Q$27,0,0,1) -> 1 | N6: 5级 | O6: 190 | P6: 55 | Q6: 1
A7: =A3-A5 -> 1420 | B7: 4 | C7: 3级 | D7: =IF(LEFT(C7,1)="跳",RIGHT(C7,LEN(C7)-1)*10,_xlfn.XLOOKUP(C7,$N$2:$N$27,$O$2:$O$27,0,0,1)) -> 170 | E7: =_xlfn.XLOOKUP(C7,$N$2:$N$27,$Q$2:$Q$27,0,0,1) -> 1 | F7: 3级 | G7: =IF(LEFT(F7,1)="跳",RIGHT(F7,LEN(F7)-1)*10,_xlfn.XLOOKUP(F7,$N$2:$N$27,$O$2:$O$27,0,0,1)) -> 170 | H7: =_xlfn.XLOOKUP(F7,$N$2:$N$27,$Q$2:$Q$27,0,0,1) -> 1 | I7: 3级 | J7: =IF(LEFT(I7,1)="跳",RIGHT(I7,LEN(I7)-1)*10,_xlfn.XLOOKUP(I7,$N$2:$N$27,$O$2:$O$27,0,0,1)) -> 170 | K7: =_xlfn.XLOOKUP(I7,$N$2:$N$27,$Q$2:$Q$27,0,0,1) -> 1 | N7: 6级 | O7: 200 | P7: 60 | Q7: 1
B8: 5 | C8: 3级卦 | D8: =IF(LEFT(C8,1)="跳",RIGHT(C8,LEN(C8)-1)*10,_xlfn.XLOOKUP(C8,$N$2:$N$27,$O$2:$O$27,0,0,1)) -> 170 | E8: =_xlfn.XLOOKUP(C8,$N$2:$N$27,$Q$2:$Q$27,0,0,1) -> 1 | F8: 大卦 | G8: =IF(LEFT(F8,1)="跳",RIGHT(F8,LEN(F8)-1)*10,_xlfn.XLOOKUP(F8,$N$2:$N$27,$O$2:$O$27,0,0,1)) -> 250 | H8: =_xlfn.XLOOKUP(F8,$N$2:$N$27,$Q$2:$Q$27,0,0,1) -> 1 | I8: 3级 | J8: =IF(LEFT(I8,1)="跳",RIGHT(I8,LEN(I8)-1)*10,_xlfn.XLOOKUP(I8,$N$2:$N$27,$O$2:$O$27,0,0,1)) -> 170 | K8: =_xlfn.XLOOKUP(I8,$N$2:$N$27,$Q$2:$Q$27,0,0,1) -> 1 | N8: 草1 | O8: 150 | P8: 35 | Q8: 1
B9: 6 | C9: 跳1 | D9: =IF(LEFT(C9,1)="跳",RIGHT(C9,LEN(C9)-1)*10,_xlfn.XLOOKUP(C9,$N$2:$N$27,$O$2:$O$27,0,0,1)) -> 10 | E9: =_xlfn.XLOOKUP(C9,$N$2:$N$27,$Q$2:$Q$27,0,0,1) -> 0 | F9: 跳19 | G9: =IF(LEFT(F9,1)="跳",RIGHT(F9,LEN(F9)-1)*10,_xlfn.XLOOKUP(F9,$N$2:$N$27,$O$2:$O$27,0,0,1)) -> 190 | H9: =_xlfn.XLOOKUP(F9,$N$2:$N$27,$Q$2:$Q$27,0,0,1) -> 0 | I9: 商人 | J9: =IF(LEFT(I9,1)="跳",RIGHT(I9,LEN(I9)-1)*10,_xlfn.XLOOKUP(I9,$N$2:$N$27,$O$2:$O$27,0,0,1)) -> 50 | K9: =_xlfn.XLOOKUP(I9,$N$2:$N$27,$Q$2:$Q$27,0,0,1) -> 1 | N9: 草2 | O9: 150 | P9: 40 | Q9: 1
B10: 7 | C10: 3级 | D10: =IF(LEFT(C10,1)="跳",RIGHT(C10,LEN(C10)-1)*10,_xlfn.XLOOKUP(C10,$N$2:$N$27,$O$2:$O$27,0,0,1)) -> 170 | E10: =_xlfn.XLOOKUP(C10,$N$2:$N$27,$Q$2:$Q$27,0,0,1) -> 1 | F10: 大卦 | G10: =IF(LEFT(F10,1)="跳",RIGHT(F10,LEN(F10)-1)*10,_xlfn.XLOOKUP(F10,$N$2:$N$27,$O$2:$O$27,0,0,1)) -> 250 | H10: =_xlfn.XLOOKUP(F10,$N$2:$N$27,$Q$2:$Q$27,0,0,1) -> 1 | J10: =IF(LEFT(I10,1)="跳",RIGHT(I10,LEN(I10)-1)*10,_xlfn.XLOOKUP(I10,$N$2:$N$27,$O$2:$O$27,0,0,1)) -> 0 | K10: =_xlfn.XLOOKUP(I10,$N$2:$N$27,$Q$2:$Q$27,0,0,1) -> 0 | N10: 草3 | O10: 150 | P10: 45 | Q10: 1
B11: 8 | D11: =IF(LEFT(C11,1)="跳",RIGHT(C11,LEN(C11)-1)*10,_xlfn.XLOOKUP(C11,$N$2:$N$27,$O$2:$O$27,0,0,1)) -> 0 | E11: =_xlfn.XLOOKUP(C11,$N$2:$N$27,$Q$2:$Q$27,0,0,1) -> 0 | G11: =IF(LEFT(F11,1)="跳",RIGHT(F11,LEN(F11)-1)*10,_xlfn.XLOOKUP(F11,$N$2:$N$27,$O$2:$O$27,0,0,1)) -> 0 | H11: =_xlfn.XLOOKUP(F11,$N$2:$N$27,$Q$2:$Q$27,0,0,1) -> 0 | J11: =IF(LEFT(I11,1)="跳",RIGHT(I11,LEN(I11)-1)*10,_xlfn.XLOOKUP(I11,$N$2:$N$27,$O$2:$O$27,0,0,1)) -> 0 | K11: =_xlfn.XLOOKUP(I11,$N$2:$N$27,$Q$2:$Q$27,0,0,1) -> 0 | N11: 草4 | O11: 150 | P11: 50 | Q11: 1
B12: 9 | D12: =IF(LEFT(C12,1)="跳",RIGHT(C12,LEN(C12)-1)*10,_xlfn.XLOOKUP(C12,$N$2:$N$27,$O$2:$O$27,0,0,1)) -> 0 | E12: =_xlfn.XLOOKUP(C12,$N$2:$N$27,$Q$2:$Q$27,0,0,1) -> 0 | G12: =IF(LEFT(F12,1)="跳",RIGHT(F12,LEN(F12)-1)*10,_xlfn.XLOOKUP(F12,$N$2:$N$27,$O$2:$O$27,0,0,1)) -> 0 | H12: =_xlfn.XLOOKUP(F12,$N$2:$N$27,$Q$2:$Q$27,0,0,1) -> 0 | J12: =IF(LEFT(I12,1)="跳",RIGHT(I12,LEN(I12)-1)*10,_xlfn.XLOOKUP(I12,$N$2:$N$27,$O$2:$O$27,0,0,1)) -> 0 | K12: =_xlfn.XLOOKUP(I12,$N$2:$N$27,$Q$2:$Q$27,0,0,1) -> 0 | N12: 草5 | O12: 150 | P12: 55 | Q12: 1
B13: 10 | D13: =IF(LEFT(C13,1)="跳",RIGHT(C13,LEN(C13)-1)*10,_xlfn.XLOOKUP(C13,$N$2:$N$27,$O$2:$O$27,0,0,1)) -> 0 | E13: =_xlfn.XLOOKUP(C13,$N$2:$N$27,$Q$2:$Q$27,0,0,1) -> 0 | G13: =IF(LEFT(F13,1)="跳",RIGHT(F13,LEN(F13)-1)*10,_xlfn.XLOOKUP(F13,$N$2:$N$27,$O$2:$O$27,0,0,1)) -> 0 | H13: =_xlfn.XLOOKUP(F13,$N$2:$N$27,$Q$2:$Q$27,0,0,1) -> 0 | J13: =IF(LEFT(I13,1)="跳",RIGHT(I13,LEN(I13)-1)*10,_xlfn.XLOOKUP(I13,$N$2:$N$27,$O$2:$O$27,0,0,1)) -> 0 | K13: =_xlfn.XLOOKUP(I13,$N$2:$N$27,$Q$2:$Q$27,0,0,1) -> 0 | N13: 草6 | O13: 150 | P13: 60 | Q13: 1
B14: 11 | D14: =IF(LEFT(C14,1)="跳",RIGHT(C14,LEN(C14)-1)*10,_xlfn.XLOOKUP(C14,$N$2:$N$27,$O$2:$O$27,0,0,1)) -> 0 | E14: =_xlfn.XLOOKUP(C14,$N$2:$N$27,$Q$2:$Q$27,0,0,1) -> 0 | G14: =IF(LEFT(F14,1)="跳",RIGHT(F14,LEN(F14)-1)*10,_xlfn.XLOOKUP(F14,$N$2:$N$27,$O$2:$O$27,0,0,1)) -> 0 | H14: =_xlfn.XLOOKUP(F14,$N$2:$N$27,$Q$2:$Q$27,0,0,1) -> 0 | J14: =IF(LEFT(I14,1)="跳",RIGHT(I14,LEN(I14)-1)*10,_xlfn.XLOOKUP(I14,$N$2:$N$27,$O$2:$O$27,0,0,1)) -> 0 | K14: =_xlfn.XLOOKUP(I14,$N$2:$N$27,$Q$2:$Q$27,0,0,1) -> 0 | N14: 遗迹 | O14: 150 | P14: 40 | Q14: 1
B15: 12 | D15: =IF(LEFT(C15,1)="跳",RIGHT(C15,LEN(C15)-1)*10,_xlfn.XLOOKUP(C15,$N$2:$N$27,$O$2:$O$27,0,0,1)) -> 0 | E15: =_xlfn.XLOOKUP(C15,$N$2:$N$27,$Q$2:$Q$27,0,0,1) -> 0 | G15: =IF(LEFT(F15,1)="跳",RIGHT(F15,LEN(F15)-1)*10,_xlfn.XLOOKUP(F15,$N$2:$N$27,$O$2:$O$27,0,0,1)) -> 0 | H15: =_xlfn.XLOOKUP(F15,$N$2:$N$27,$Q$2:$Q$27,0,0,1) -> 0 | J15: =IF(LEFT(I15,1)="跳",RIGHT(I15,LEN(I15)-1)*10,_xlfn.XLOOKUP(I15,$N$2:$N$27,$O$2:$O$27,0,0,1)) -> 0 | K15: =_xlfn.XLOOKUP(I15,$N$2:$N$27,$Q$2:$Q$27,0,0,1) -> 0 | N15: 商人 | O15: 50 | P15: 30 | Q15: 1
B16: 13 | D16: =IF(LEFT(C16,1)="跳",RIGHT(C16,LEN(C16)-1)*10,_xlfn.XLOOKUP(C16,$N$2:$N$27,$O$2:$O$27,0,0,1)) -> 0 | E16: =_xlfn.XLOOKUP(C16,$N$2:$N$27,$Q$2:$Q$27,0,0,1) -> 0 | G16: =IF(LEFT(F16,1)="跳",RIGHT(F16,LEN(F16)-1)*10,_xlfn.XLOOKUP(F16,$N$2:$N$27,$O$2:$O$27,0,0,1)) -> 0 | H16: =_xlfn.XLOOKUP(F16,$N$2:$N$27,$Q$2:$Q$27,0,0,1) -> 0 | J16: =IF(LEFT(I16,1)="跳",RIGHT(I16,LEN(I16)-1)*10,_xlfn.XLOOKUP(I16,$N$2:$N$27,$O$2:$O$27,0,0,1)) -> 0 | K16: =_xlfn.XLOOKUP(I16,$N$2:$N$27,$Q$2:$Q$27,0,0,1) -> 0 | N16: 营地 | O16: -250 | P16: 0 | Q16: -1
B17: 14 | D17: =IF(LEFT(C17,1)="跳",RIGHT(C17,LEN(C17)-1)*10,_xlfn.XLOOKUP(C17,$N$2:$N$27,$O$2:$O$27,0,0,1)) -> 0 | E17: =_xlfn.XLOOKUP(C17,$N$2:$N$27,$Q$2:$Q$27,0,0,1) -> 0 | G17: =IF(LEFT(F17,1)="跳",RIGHT(F17,LEN(F17)-1)*10,_xlfn.XLOOKUP(F17,$N$2:$N$27,$O$2:$O$27,0,0,1)) -> 0 | H17: =_xlfn.XLOOKUP(F17,$N$2:$N$27,$Q$2:$Q$27,0,0,1) -> 0 | J17: =IF(LEFT(I17,1)="跳",RIGHT(I17,LEN(I17)-1)*10,_xlfn.XLOOKUP(I17,$N$2:$N$27,$O$2:$O$27,0,0,1)) -> 0 | K17: =_xlfn.XLOOKUP(I17,$N$2:$N$27,$Q$2:$Q$27,0,0,1) -> 0 | N17: 大卦 | O17: 250 | P17: 300 | Q17: 1
B18: 15 | D18: =IF(LEFT(C18,1)="跳",RIGHT(C18,LEN(C18)-1)*10,_xlfn.XLOOKUP(C18,$N$2:$N$27,$O$2:$O$27,0,0,1)) -> 0 | E18: =_xlfn.XLOOKUP(C18,$N$2:$N$27,$Q$2:$Q$27,0,0,1) -> 0 | G18: =IF(LEFT(F18,1)="跳",RIGHT(F18,LEN(F18)-1)*10,_xlfn.XLOOKUP(F18,$N$2:$N$27,$O$2:$O$27,0,0,1)) -> 0 | H18: =_xlfn.XLOOKUP(F18,$N$2:$N$27,$Q$2:$Q$27,0,0,1) -> 0 | J18: =IF(LEFT(I18,1)="跳",RIGHT(I18,LEN(I18)-1)*10,_xlfn.XLOOKUP(I18,$N$2:$N$27,$O$2:$O$27,0,0,1)) -> 0 | K18: =_xlfn.XLOOKUP(I18,$N$2:$N$27,$Q$2:$Q$27,0,0,1) -> 0 | N18: 3级卦 | O18: 170 | P18: 45 | Q18: 1
B19: 16 | D19: =IF(LEFT(C19,1)="跳",RIGHT(C19,LEN(C19)-1)*10,_xlfn.XLOOKUP(C19,$N$2:$N$27,$O$2:$O$27,0,0,1)) -> 0 | E19: =_xlfn.XLOOKUP(C19,$N$2:$N$27,$Q$2:$Q$27,0,0,1) -> 0 | G19: =IF(LEFT(F19,1)="跳",RIGHT(F19,LEN(F19)-1)*10,_xlfn.XLOOKUP(F19,$N$2:$N$27,$O$2:$O$27,0,0,1)) -> 0 | H19: =_xlfn.XLOOKUP(F19,$N$2:$N$27,$Q$2:$Q$27,0,0,1) -> 0 | J19: =IF(LEFT(I19,1)="跳",RIGHT(I19,LEN(I19)-1)*10,_xlfn.XLOOKUP(I19,$N$2:$N$27,$O$2:$O$27,0,0,1)) -> 0 | K19: =_xlfn.XLOOKUP(I19,$N$2:$N$27,$Q$2:$Q$27,0,0,1) -> 0 | N19: 巨卦 | O19: 250 | P19: 400 | Q19: 1
B20: 17 | D20: =IF(LEFT(C20,1)="跳",RIGHT(C20,LEN(C20)-1)*10,_xlfn.XLOOKUP(C20,$N$2:$N$27,$O$2:$O$27,0,0,1)) -> 0 | E20: =_xlfn.XLOOKUP(C20,$N$2:$N$27,$Q$2:$Q$27,0,0,1) -> 0 | G20: =IF(LEFT(F20,1)="跳",RIGHT(F20,LEN(F20)-1)*10,_xlfn.XLOOKUP(F20,$N$2:$N$27,$O$2:$O$27,0,0,1)) -> 0 | H20: =_xlfn.XLOOKUP(F20,$N$2:$N$27,$Q$2:$Q$27,0,0,1) -> 0 | J20: =IF(LEFT(I20,1)="跳",RIGHT(I20,LEN(I20)-1)*10,_xlfn.XLOOKUP(I20,$N$2:$N$27,$O$2:$O$27,0,0,1)) -> 0 | K20: =_xlfn.XLOOKUP(I20,$N$2:$N$27,$Q$2:$Q$27,0,0,1) -> 0 | N20: 大boss | O20: 250 | P20: 1000 | Q20: 1
B21: 18 | D21: =IF(LEFT(C21,1)="跳",RIGHT(C21,LEN(C21)-1)*10,_xlfn.XLOOKUP(C21,$N$2:$N$27,$O$2:$O$27,0,0,1)) -> 0 | E21: =_xlfn.XLOOKUP(C21,$N$2:$N$27,$Q$2:$Q$27,0,0,1) -> 0 | G21: =IF(LEFT(F21,1)="跳",RIGHT(F21,LEN(F21)-1)*10,_xlfn.XLOOKUP(F21,$N$2:$N$27,$O$2:$O$27,0,0,1)) -> 0 | H21: =_xlfn.XLOOKUP(F21,$N$2:$N$27,$Q$2:$Q$27,0,0,1) -> 0 | J21: =IF(LEFT(I21,1)="跳",RIGHT(I21,LEN(I21)-1)*10,_xlfn.XLOOKUP(I21,$N$2:$N$27,$O$2:$O$27,0,0,1)) -> 0 | K21: =_xlfn.XLOOKUP(I21,$N$2:$N$27,$Q$2:$Q$27,0,0,1) -> 0 | N21: 中boss | O21: 250 | P21: 500 | Q21: 1
B22: 19 | D22: =IF(LEFT(C22,1)="跳",RIGHT(C22,LEN(C22)-1)*10,_xlfn.XLOOKUP(C22,$N$2:$N$27,$O$2:$O$27,0,0,1)) -> 0 | E22: =_xlfn.XLOOKUP(C22,$N$2:$N$27,$Q$2:$Q$27,0,0,1) -> 0 | G22: =IF(LEFT(F22,1)="跳",RIGHT(F22,LEN(F22)-1)*10,_xlfn.XLOOKUP(F22,$N$2:$N$27,$O$2:$O$27,0,0,1)) -> 0 | H22: =_xlfn.XLOOKUP(F22,$N$2:$N$27,$Q$2:$Q$27,0,0,1) -> 0 | J22: =IF(LEFT(I22,1)="跳",RIGHT(I22,LEN(I22)-1)*10,_xlfn.XLOOKUP(I22,$N$2:$N$27,$O$2:$O$27,0,0,1)) -> 0 | K22: =_xlfn.XLOOKUP(I22,$N$2:$N$27,$Q$2:$Q$27,0,0,1) -> 0 | N22: 4级卦 | O22: 180 | P22: 50 | Q22: 1
... B27: 24 | D27: =IF(LEFT(C27,1)="跳",RIGHT(C27,LEN(C27)-1)*10,_xlfn.XLOOKUP(C27,$N$2:$N$27,$O$2:$O$27,0,0,1)) -> 0 | E27: =_xlfn.XLOOKUP(C27,$N$2:$N$27,$Q$2:$Q$27,0,0,1) -> 0 | G27: =IF(LEFT(F27,1)="跳",RIGHT(F27,LEN(F27)-1)*10,_xlfn.XLOOKUP(F27,$N$2:$N$27,$O$2:$O$27,0,0,1)) -> 0 | H27: =_xlfn.XLOOKUP(F27,$N$2:$N$27,$Q$2:$Q$27,0,0,1) -> 0 | J27: =IF(LEFT(I27,1)="跳",RIGHT(I27,LEN(I27)-1)*10,_xlfn.XLOOKUP(I27,$N$2:$N$27,$O$2:$O$27,0,0,1)) -> 0 | K27: =_xlfn.XLOOKUP(I27,$N$2:$N$27,$Q$2:$Q$27,0,0,1) -> 0 | N27: 历练 | O27: 50 | P27: 520 | Q27: 0
B28: 25 | D28: =IF(LEFT(C28,1)="跳",RIGHT(C28,LEN(C28)-1)*10,_xlfn.XLOOKUP(C28,$N$2:$N$27,$O$2:$O$27,0,0,1)) -> 0 | E28: =_xlfn.XLOOKUP(C28,$N$2:$N$27,$Q$2:$Q$27,0,0,1) -> 0 | G28: =IF(LEFT(F28,1)="跳",RIGHT(F28,LEN(F28)-1)*10,_xlfn.XLOOKUP(F28,$N$2:$N$27,$O$2:$O$27,0,0,1)) -> 0 | H28: =_xlfn.XLOOKUP(F28,$N$2:$N$27,$Q$2:$Q$27,0,0,1) -> 0 | J28: =IF(LEFT(I28,1)="跳",RIGHT(I28,LEN(I28)-1)*10,_xlfn.XLOOKUP(I28,$N$2:$N$27,$O$2:$O$27,0,0,1)) -> 0 | K28: =_xlfn.XLOOKUP(I28,$N$2:$N$27,$Q$2:$Q$27,0,0,1) -> 0
B29: 小计 | D29: =SUM(D4:D28) -> 910 | E29: =SUM(E4:E28) -> 6 | G29: =SUM(G4:G28) -> 1150 | H29: =SUM(H4:H28) -> 3 | J29: =SUM(J4:J28) -> 880 | K29: =SUM(K4:K28) -> 6
B30: 结束行动 | D30: =D1-E29 -> 0 | G30: =G1-H29 -> 15 | J30: =J1-K29 -> 2

Sheet 6.18
A1: {=MID(CELL("filename",A1),FIND("]",CELL("filename",A1))+1,255)} -> 6.18 | B1: 起始行动 | D1: =MIN(18,'6.17'!D30+6) -> 6 | G1: =MIN(18,'6.17'!G30+6) -> 18 | J1: =MIN(18,'6.17'!J30+6) -> 8 | O1: 粮草 | P1: 经验 | Q1: 行动
A2: 起始粮草 | C2: 1队 | F2: 2队 | I2: 3队 | N2: 1级 | O2: 150 | P2: 35 | Q2: 1
A3: ='6.17'!A7+1600 -> 3020 | C3: 操作流 | D3: 粮草 | E3: 行动 | F3: 操作流 | G3: 粮草 | H3: 行动 | I3: 操作流 | J3: 粮草 | K3: 行动 | N3: 2级 | O3: 160 | P3: 40 | Q3: 1
A4: 消耗粮草 | B4: 1 | C4: 5级 | D4: =IF(LEFT(C4,1)="跳",RIGHT(C4,LEN(C4)-1)*10,_xlfn.XLOOKUP(C4,$N$2:$N$27,$O$2:$O$27,0,0,1)) -> 190 | E4: =_xlfn.XLOOKUP(C4,$N$2:$N$27,$Q$2:$Q$27,0,0,1) -> 1 | F4: 跳17 | G4: =IF(LEFT(F4,1)="跳",RIGHT(F4,LEN(F4)-1)*10,_xlfn.XLOOKUP(F4,$N$2:$N$27,$O$2:$O$27,0,0,1)) -> 170 | H4: =_xlfn.XLOOKUP(F4,$N$2:$N$27,$Q$2:$Q$27,0,0,1) -> 0 | I4: 3级 | J4: =IF(LEFT(I4,1)="跳",RIGHT(I4,LEN(I4)-1)*10,_xlfn.XLOOKUP(I4,$N$2:$N$27,$O$2:$O$27,0,0,1)) -> 170 | K4: =_xlfn.XLOOKUP(I4,$N$2:$N$27,$Q$2:$Q$27,0,0,1) -> 1 | N4: 3级 | O4: 170 | P4: 45 | Q4: 1
A5: =D29+G29+J29 -> 2500 | B5: 2 | C5: 5级 | D5: =IF(LEFT(C5,1)="跳",RIGHT(C5,LEN(C5)-1)*10,_xlfn.XLOOKUP(C5,$N$2:$N$27,$O$2:$O$27,0,0,1)) -> 190 | E5: =_xlfn.XLOOKUP(C5,$N$2:$N$27,$Q$2:$Q$27,0,0,1) -> 1 | F5: 大卦 | G5: =IF(LEFT(F5,1)="跳",RIGHT(F5,LEN(F5)-1)*10,_xlfn.XLOOKUP(F5,$N$2:$N$27,$O$2:$O$27,0,0,1)) -> 250 | H5: =_xlfn.XLOOKUP(F5,$N$2:$N$27,$Q$2:$Q$27,0,0,1) -> 1 | I5: 3级 | J5: =IF(LEFT(I5,1)="跳",RIGHT(I5,LEN(I5)-1)*10,_xlfn.XLOOKUP(I5,$N$2:$N$27,$O$2:$O$27,0,0,1)) -> 170 | K5: =_xlfn.XLOOKUP(I5,$N$2:$N$27,$Q$2:$Q$27,0,0,1) -> 1 | N5: 4级 | O5: 180 | P5: 50 | Q5: 1
A6: 剩余粮草 | B6: 3 | C6: 5级 | D6: =IF(LEFT(C6,1)="跳",RIGHT(C6,LEN(C6)-1)*10,_xlfn.XLOOKUP(C6,$N$2:$N$27,$O$2:$O$27,0,0,1)) -> 190 | E6: =_xlfn.XLOOKUP(C6,$N$2:$N$27,$Q$2:$Q$27,0,0,1) -> 1 | G6: =IF(LEFT(F6,1)="跳",RIGHT(F6,LEN(F6)-1)*10,_xlfn.XLOOKUP(F6,$N$2:$N$27,$O$2:$O$27,0,0,1)) -> 0 | H6: =_xlfn.XLOOKUP(F6,$N$2:$N$27,$Q$2:$Q$27,0,0,1) -> 0 | I6: 3级卦 | J6: =IF(LEFT(I6,1)="跳",RIGHT(I6,LEN(I6)-1)*10,_xlfn.XLOOKUP(I6,$N$2:$N$27,$O$2:$O$27,0,0,1)) -> 170 | K6: =_xlfn.XLOOKUP(I6,$N$2:$N$27,$Q$2:$Q$27,0,0,1) -> 1 | N6: 5级 | O6: 190 | P6: 55 | Q6: 1
A7: =A3-A5 -> 520 | B7: 4 | C7: 5级 | D7: =IF(LEFT(C7,1)="跳",RIGHT(C7,LEN(C7)-1)*10,_xlfn.XLOOKUP(C7,$N$2:$N$27,$O$2:$O$27,0,0,1)) -> 190 | E7: =_xlfn.XLOOKUP(C7,$N$2:$N$27,$Q$2:$Q$27,0,0,1) -> 1 | G7: =IF(LEFT(F7,1)="跳",RIGHT(F7,LEN(F7)-1)*10,_xlfn.XLOOKUP(F7,$N$2:$N$27,$O$2:$O$27,0,0,1)) -> 0 | H7: =_xlfn.XLOOKUP(F7,$N$2:$N$27,$Q$2:$Q$27,0,0,1) -> 0 | I7: 3级 | J7: =IF(LEFT(I7,1)="跳",RIGHT(I7,LEN(I7)-1)*10,_xlfn.XLOOKUP(I7,$N$2:$N$27,$O$2:$O$27,0,0,1)) -> 170 | K7: =_xlfn.XLOOKUP(I7,$N$2:$N$27,$Q$2:$Q$27,0,0,1) -> 1 | N7: 6级 | O7: 200 | P7: 60 | Q7: 1
B8: 5 | C8: 5级 | D8: =IF(LEFT(C8,1)="跳",RIGHT(C8,LEN(C8)-1)*10,_xlfn.XLOOKUP(C8,$N$2:$N$27,$O$2:$O$27,0,0,1)) -> 190 | E8: =_xlfn.XLOOKUP(C8,$N$2:$N$27,$Q$2:$Q$27,0,0,1) -> 1 | G8: =IF(LEFT(F8,1)="跳",RIGHT(F8,LEN(F8)-1)*10,_xlfn.XLOOKUP(F8,$N$2:$N$27,$O$2:$O$27,0,0,1)) -> 0 | H8: =_xlfn.XLOOKUP(F8,$N$2:$N$27,$Q$2:$Q$27,0,0,1) -> 0 | I8: 3级 | J8: =IF(LEFT(I8,1)="跳",RIGHT(I8,LEN(I8)-1)*10,_xlfn.XLOOKUP(I8,$N$2:$N$27,$O$2:$O$27,0,0,1)) -> 170 | K8: =_xlfn.XLOOKUP(I8,$N$2:$N$27,$Q$2:$Q$27,0,0,1) -> 1 | N8: 草1 | O8: 150 | P8: 35 | Q8: 1
B9: 6 | C9: 5级 | D9: =IF(LEFT(C9,1)="跳",RIGHT(C9,LEN(C9)-1)*10,_xlfn.XLOOKUP(C9,$N$2:$N$27,$O$2:$O$27,0,0,1)) -> 190 | E9: =_xlfn.XLOOKUP(C9,$N$2:$N$27,$Q$2:$Q$27,0,0,1) -> 1 | G9: =IF(LEFT(F9,1)="跳",RIGHT(F9,LEN(F9)-1)*10,_xlfn.XLOOKUP(F9,$N$2:$N$27,$O$2:$O$27,0,0,1)) -> 0 | H9: =_xlfn.XLOOKUP(F9,$N$2:$N$27,$Q$2:$Q$27,0,0,1) -> 0 | I9: 3级 | J9: =IF(LEFT(I9,1)="跳",RIGHT(I9,LEN(I9)-1)*10,_xlfn.XLOOKUP(I9,$N$2:$N$27,$O$2:$O$27,0,0,1)) -> 170 | K9: =_xlfn.XLOOKUP(I9,$N$2:$N$27,$Q$2:$Q$27,0,0,1) -> 1 | N9: 草2 | O9: 150 | P9: 40 | Q9: 1
B10: 7 | C10: 营地 | D10: =IF(LEFT(C10,1)="跳",RIGHT(C10,LEN(C10)-1)*10,_xlfn.XLOOKUP(C10,$N$2:$N$27,$O$2:$O$27,0,0,1)) -> -250 | E10: =_xlfn.XLOOKUP(C10,$N$2:$N$27,$Q$2:$Q$27,0,0,1) -> -1 | G10: =IF(LEFT(F10,1)="跳",RIGHT(F10,LEN(F10)-1)*10,_xlfn.XLOOKUP(F10,$N$2:$N$27,$O$2:$O$27,0,0,1)) -> 0 | H10: =_xlfn.XLOOKUP(F10,$N$2:$N$27,$Q$2:$Q$27,0,0,1) -> 0 | J10: =IF(LEFT(I10,1)="跳",RIGHT(I10,LEN(I10)-1)*10,_xlfn.XLOOKUP(I10,$N$2:$N$27,$O$2:$O$27,0,0,1)) -> 0 | K10: =_xlfn.XLOOKUP(I10,$N$2:$N$27,$Q$2:$Q$27,0,0,1) -> 0 | N10: 草3 | O10: 150 | P10: 45 | Q10: 1
B11: 8 | C11: 3级 | D11: =IF(LEFT(C11,1)="跳",RIGHT(C11,LEN(C11)-1)*10,_xlfn.XLOOKUP(C11,$N$2:$N$27,$O$2:$O$27,0,0,1)) -> 170 | E11: =_xlfn.XLOOKUP(C11,$N$2:$N$27,$Q$2:$Q$27,0,0,1) -> 1 | G11: =IF(LEFT(F11,1)="跳",RIGHT(F11,LEN(F11)-1)*10,_xlfn.XLOOKUP(F11,$N$2:$N$27,$O$2:$O$27,0,0,1)) -> 0 | H11: =_xlfn.XLOOKUP(F11,$N$2:$N$27,$Q$2:$Q$27,0,0,1) -> 0 | J11: =IF(LEFT(I11,1)="跳",RIGHT(I11,LEN(I11)-1)*10,_xlfn.XLOOKUP(I11,$N$2:$N$27,$O$2:$O$27,0,0,1)) -> 0 | K11: =_xlfn.XLOOKUP(I11,$N$2:$N$27,$Q$2:$Q$27,0,0,1) -> 0 | N11: 草4 | O11: 150 | P11: 50 | Q11: 1
B12: 9 | D12: =IF(LEFT(C12,1)="跳",RIGHT(C12,LEN(C12)-1)*10,_xlfn.XLOOKUP(C12,$N$2:$N$27,$O$2:$O$27,0,0,1)) -> 0 | E12: =_xlfn.XLOOKUP(C12,$N$2:$N$27,$Q$2:$Q$27,0,0,1) -> 0 | G12: =IF(LEFT(F12,1)="跳",RIGHT(F12,LEN(F12)-1)*10,_xlfn.XLOOKUP(F12,$N$2:$N$27,$O$2:$O$27,0,0,1)) -> 0 | H12: =_xlfn.XLOOKUP(F12,$N$2:$N$27,$Q$2:$Q$27,0,0,1) -> 0 | J12: =IF(LEFT(I12,1)="跳",RIGHT(I12,LEN(I12)-1)*10,_xlfn.XLOOKUP(I12,$N$2:$N$27,$O$2:$O$27,0,0,1)) -> 0 | K12: =_xlfn.XLOOKUP(I12,$N$2:$N$27,$Q$2:$Q$27,0,0,1) -> 0 | N12: 草5 | O12: 150 | P12: 55 | Q12: 1
B13: 10 | D13: =IF(LEFT(C13,1)="跳",RIGHT(C13,LEN(C13)-1)*10,_xlfn.XLOOKUP(C13,$N$2:$N$27,$O$2:$O$27,0,0,1)) -> 0 | E13: =_xlfn.XLOOKUP(C13,$N$2:$N$27,$Q$2:$Q$27,0,0,1) -> 0 | G13: =IF(LEFT(F13,1)="跳",RIGHT(F13,LEN(F13)-1)*10,_xlfn.XLOOKUP(F13,$N$2:$N$27,$O$2:$O$27,0,0,1)) -> 0 | H13: =_xlfn.XLOOKUP(F13,$N$2:$N$27,$Q$2:$Q$27,0,0,1) -> 0 | J13: =IF(LEFT(I13,1)="跳",RIGHT(I13,LEN(I13)-1)*10,_xlfn.XLOOKUP(I13,$N$2:$N$27,$O$2:$O$27,0,0,1)) -> 0 | K13: =_xlfn.XLOOKUP(I13,$N$2:$N$27,$Q$2:$Q$27,0,0,1) -> 0 | N13: 草6 | O13: 150 | P13: 60 | Q13: 1
B14: 11 | D14: =IF(LEFT(C14,1)="跳",RIGHT(C14,LEN(C14)-1)*10,_xlfn.XLOOKUP(C14,$N$2:$N$27,$O$2:$O$27,0,0,1)) -> 0 | E14: =_xlfn.XLOOKUP(C14,$N$2:$N$27,$Q$2:$Q$27,0,0,1) -> 0 | G14: =IF(LEFT(F14,1)="跳",RIGHT(F14,LEN(F14)-1)*10,_xlfn.XLOOKUP(F14,$N$2:$N$27,$O$2:$O$27,0,0,1)) -> 0 | H14: =_xlfn.XLOOKUP(F14,$N$2:$N$27,$Q$2:$Q$27,0,0,1) -> 0 | J14: =IF(LEFT(I14,1)="跳",RIGHT(I14,LEN(I14)-1)*10,_xlfn.XLOOKUP(I14,$N$2:$N$27,$O$2:$O$27,0,0,1)) -> 0 | K14: =_xlfn.XLOOKUP(I14,$N$2:$N$27,$Q$2:$Q$27,0,0,1) -> 0 | N14: 遗迹 | O14: 150 | P14: 40 | Q14: 1
B15: 12 | D15: =IF(LEFT(C15,1)="跳",RIGHT(C15,LEN(C15)-1)*10,_xlfn.XLOOKUP(C15,$N$2:$N$27,$O$2:$O$27,0,0,1)) -> 0 | E15: =_xlfn.XLOOKUP(C15,$N$2:$N$27,$Q$2:$Q$27,0,0,1) -> 0 | G15: =IF(LEFT(F15,1)="跳",RIGHT(F15,LEN(F15)-1)*10,_xlfn.XLOOKUP(F15,$N$2:$N$27,$O$2:$O$27,0,0,1)) -> 0 | H15: =_xlfn.XLOOKUP(F15,$N$2:$N$27,$Q$2:$Q$27,0,0,1) -> 0 | J15: =IF(LEFT(I15,1)="跳",RIGHT(I15,LEN(I15)-1)*10,_xlfn.XLOOKUP(I15,$N$2:$N$27,$O$2:$O$27,0,0,1)) -> 0 | K15: =_xlfn.XLOOKUP(I15,$N$2:$N$27,$Q$2:$Q$27,0,0,1) -> 0 | N15: 商人 | O15: 50 | P15: 30 | Q15: 1
B16: 13 | D16: =IF(LEFT(C16,1)="跳",RIGHT(C16,LEN(C16)-1)*10,_xlfn.XLOOKUP(C16,$N$2:$N$27,$O$2:$O$27,0,0,1)) -> 0 | E16: =_xlfn.XLOOKUP(C16,$N$2:$N$27,$Q$2:$Q$27,0,0,1) -> 0 | G16: =IF(LEFT(F16,1)="跳",RIGHT(F16,LEN(F16)-1)*10,_xlfn.XLOOKUP(F16,$N$2:$N$27,$O$2:$O$27,0,0,1)) -> 0 | H16: =_xlfn.XLOOKUP(F16,$N$2:$N$27,$Q$2:$Q$27,0,0,1) -> 0 | J16: =IF(LEFT(I16,1)="跳",RIGHT(I16,LEN(I16)-1)*10,_xlfn.XLOOKUP(I16,$N$2:$N$27,$O$2:$O$27,0,0,1)) -> 0 | K16: =_xlfn.XLOOKUP(I16,$N$2:$N$27,$Q$2:$Q$27,0,0,1) -> 0 | N16: 营地 | O16: -250 | P16: 0 | Q16: -1
B17: 14 | D17: =IF(LEFT(C17,1)="跳",RIGHT(C17,LEN(C17)-1)*10,_xlfn.XLOOKUP(C17,$N$2:$N$27,$O$2:$O$27,0,0,1)) -> 0 | E17: =_xlfn.XLOOKUP(C17,$N$2:$N$27,$Q$2:$Q$27,0,0,1) -> 0 | G17: =IF(LEFT(F17,1)="跳",RIGHT(F17,LEN(F17)-1)*10,_xlfn.XLOOKUP(F17,$N$2:$N$27,$O$2:$O$27,0,0,1)) -> 0 | H17: =_xlfn.XLOOKUP(F17,$N$2:$N$27,$Q$2:$Q$27,0,0,1) -> 0 | J17: =IF(LEFT(I17,1)="跳",RIGHT(I17,LEN(I17)-1)*10,_xlfn.XLOOKUP(I17,$N$2:$N$27,$O$2:$O$27,0,0,1)) -> 0 | K17: =_xlfn.XLOOKUP(I17,$N$2:$N$27,$Q$2:$Q$27,0,0,1) -> 0 | N17: 大卦 | O17: 250 | P17: 300 | Q17: 1
B18: 15 | D18: =IF(LEFT(C18,1)="跳",RIGHT(C18,LEN(C18)-1)*10,_xlfn.XLOOKUP(C18,$N$2:$N$27,$O$2:$O$27,0,0,1)) -> 0 | E18: =_xlfn.XLOOKUP(C18,$N$2:$N$27,$Q$2:$Q$27,0,0,1) -> 0 | G18: =IF(LEFT(F18,1)="跳",RIGHT(F18,LEN(F18)-1)*10,_xlfn.XLOOKUP(F18,$N$2:$N$27,$O$2:$O$27,0,0,1)) -> 0 | H18: =_xlfn.XLOOKUP(F18,$N$2:$N$27,$Q$2:$Q$27,0,0,1) -> 0 | J18: =IF(LEFT(I18,1)="跳",RIGHT(I18,LEN(I18)-1)*10,_xlfn.XLOOKUP(I18,$N$2:$N$27,$O$2:$O$27,0,0,1)) -> 0 | K18: =_xlfn.XLOOKUP(I18,$N$2:$N$27,$Q$2:$Q$27,0,0,1) -> 0 | N18: 3级卦 | O18: 170 | P18: 45 | Q18: 1
B19: 16 | D19: =IF(LEFT(C19,1)="跳",RIGHT(C19,LEN(C19)-1)*10,_xlfn.XLOOKUP(C19,$N$2:$N$27,$O$2:$O$27,0,0,1)) -> 0 | E19: =_xlfn.XLOOKUP(C19,$N$2:$N$27,$Q$2:$Q$27,0,0,1) -> 0 | G19: =IF(LEFT(F19,1)="跳",RIGHT(F19,LEN(F19)-1)*10,_xlfn.XLOOKUP(F19,$N$2:$N$27,$O$2:$O$27,0,0,1)) -> 0 | H19: =_xlfn.XLOOKUP(F19,$N$2:$N$27,$Q$2:$Q$27,0,0,1) -> 0 | J19: =IF(LEFT(I19,1)="跳",RIGHT(I19,LEN(I19)-1)*10,_xlfn.XLOOKUP(I19,$N$2:$N$27,$O$2:$O$27,0,0,1)) -> 0 | K19: =_xlfn.XLOOKUP(I19,$N$2:$N$27,$Q$2:$Q$27,0,0,1) -> 0 | N19: 巨卦 | O19: 250 | P19: 400 | Q19: 1
B20: 17 | D20: =IF(LEFT(C20,1)="跳",RIGHT(C20,LEN(C20)-1)*10,_xlfn.XLOOKUP(C20,$N$2:$N$27,$O$2:$O$27,0,0,1)) -> 0 | E20: =_xlfn.XLOOKUP(C20,$N$2:$N$27,$Q$2:$Q$27,0,0,1) -> 0 | G20: =IF(LEFT(F20,1)="跳",RIGHT(F20,LEN(F20)-1)*10,_xlfn.XLOOKUP(F20,$N$2:$N$27,$O$2:$O$27,0,0,1)) -> 0 | H20: =_xlfn.XLOOKUP(F20,$N$2:$N$27,$Q$2:$Q$27,0,0,1) -> 0 | J20: =IF(LEFT(I20,1)="跳",RIGHT(I20,LEN(I20)-1)*10,_xlfn.XLOOKUP(I20,$N$2:$N$27,$O$2:$O$27,0,0,1)) -> 0 | K20: =_xlfn.XLOOKUP(I20,$N$2:$N$27,$Q$2:$Q$27,0,0,1) -> 0 | N20: 大boss | O20: 250 | P20: 1000 | Q20: 1
B21: 18 | D21: =IF(LEFT(C21,1)="跳",RIGHT(C21,LEN(C21)-1)*10,_xlfn.XLOOKUP(C21,$N$2:$N$27,$O$2:$O$27,0,0,1)) -> 0 | E21: =_xlfn.XLOOKUP(C21,$N$2:$N$27,$Q$2:$Q$27,0,0,1) -> 0 | G21: =IF(LEFT(F21,1)="跳",RIGHT(F21,LEN(F21)-1)*10,_xlfn.XLOOKUP(F21,$N$2:$N$27,$O$2:$O$27,0,0,1)) -> 0 | H21: =_xlfn.XLOOKUP(F21,$N$2:$N$27,$Q$2:$Q$27,0,0,1) -> 0 | J21: =IF(LEFT(I21,1)="跳",RIGHT(I21,LEN(I21)-1)*10,_xlfn.XLOOKUP(I21,$N$2:$N$27,$O$2:$O$27,0,0,1)) -> 0 | K21: =_xlfn.XLOOKUP(I21,$N$2:$N$27,$Q$2:$Q$27,0,0,1) -> 0 | N21: 中boss | O21: 250 | P21: 500 | Q21: 1
B22: 19 | D22: =IF(LEFT(C22,1)="跳",RIGHT(C22,LEN(C22)-1)*10,_xlfn.XLOOKUP(C22,$N$2:$N$27,$O$2:$O$27,0,0,1)) -> 0 | E22: =_xlfn.XLOOKUP(C22,$N$2:$N$27,$Q$2:$Q$27,0,0,1) -> 0 | G22: =IF(LEFT(F22,1)="跳",RIGHT(F22,LEN(F22)-1)*10,_xlfn.XLOOKUP(F22,$N$2:$N$27,$O$2:$O$27,0,0,1)) -> 0 | H22: =_xlfn.XLOOKUP(F22,$N$2:$N$27,$Q$2:$Q$27,0,0,1) -> 0 | J22: =IF(LEFT(I22,1)="跳",RIGHT(I22,LEN(I22)-1)*10,_xlfn.XLOOKUP(I22,$N$2:$N$27,$O$2:$O$27,0,0,1)) -> 0 | K22: =_xlfn.XLOOKUP(I22,$N$2:$N$27,$Q$2:$Q$27,0,0,1) -> 0 | N22: 4级卦 | O22: 180 | P22: 50 | Q22: 1
B23: 20 | D23: =IF(LEFT(C23,1)="跳",RIGHT(C23,LEN(C23)-1)*10,_xlfn.XLOOKUP(C23,$N$2:$N$27,$O$2:$O$27,0,0,1)) -> 0 | E23: =_xlfn.XLOOKUP(C23,$N$2:$N$27,$Q$2:$Q$27,0,0,1) -> 0 | G23: =IF(LEFT(F23,1)="跳",RIGHT(F23,LEN(F23)-1)*10,_xlfn.XLOOKUP(F23,$N$2:$N$27,$O$2:$O$27,0,0,1)) -> 0 | H23: =_xlfn.XLOOKUP(F23,$N$2:$N$27,$Q$2:$Q$27,0,0,1) -> 0 | J23: =IF(LEFT(I23,1)="跳",RIGHT(I23,LEN(I23)-1)*10,_xlfn.XLOOKUP(I23,$N$2:$N$27,$O$2:$O$27,0,0,1)) -> 0 | K23: =_xlfn.XLOOKUP(I23,$N$2:$N$27,$Q$2:$Q$27,0,0,1) -> 0 | N23: 塔1 | O23: 160 | P23: 35 | Q23: 1
... B27: 24 | D27: =IF(LEFT(C27,1)="跳",RIGHT(C27,LEN(C27)-1)*10,_xlfn.XLOOKUP(C27,$N$2:$N$27,$O$2:$O$27,0,0,1)) -> 0 | E27: =_xlfn.XLOOKUP(C27,$N$2:$N$27,$Q$2:$Q$27,0,0,1) -> 0 | G27: =IF(LEFT(F27,1)="跳",RIGHT(F27,LEN(F27)-1)*10,_xlfn.XLOOKUP(F27,$N$2:$N$27,$O$2:$O$27,0,0,1)) -> 0 | H27: =_xlfn.XLOOKUP(F27,$N$2:$N$27,$Q$2:$Q$27,0,0,1) -> 0 | J27: =IF(LEFT(I27,1)="跳",RIGHT(I27,LEN(I27)-1)*10,_xlfn.XLOOKUP(I27,$N$2:$N$27,$O$2:$O$27,0,0,1)) -> 0 | K27: =_xlfn.XLOOKUP(I27,$N$2:$N$27,$Q$2:$Q$27,0,0,1) -> 0 | N27: 历练 | O27: 50 | P27: 520 | Q27: 0
B28: 25 | D28: =IF(LEFT(C28,1)="跳",RIGHT(C28,LEN(C28)-1)*10,_xlfn.XLOOKUP(C28,$N$2:$N$27,$O$2:$O$27,0,0,1)) -> 0 | E28: =_xlfn.XLOOKUP(C28,$N$2:$N$27,$Q$2:$Q$27,0,0,1) -> 0 | G28: =IF(LEFT(F28,1)="跳",RIGHT(F28,LEN(F28)-1)*10,_xlfn.XLOOKUP(F28,$N$2:$N$27,$O$2:$O$27,0,0,1)) -> 0 | H28: =_xlfn.XLOOKUP(F28,$N$2:$N$27,$Q$2:$Q$27,0,0,1) -> 0 | J28: =IF(LEFT(I28,1)="跳",RIGHT(I28,LEN(I28)-1)*10,_xlfn.XLOOKUP(I28,$N$2:$N$27,$O$2:$O$27,0,0,1)) -> 0 | K28: =_xlfn.XLOOKUP(I28,$N$2:$N$27,$Q$2:$Q$27,0,0,1) -> 0
B29: 小计 | D29: =SUM(D4:D28) -> 1060 | E29: =SUM(E4:E28) -> 6 | G29: =SUM(G4:G28) -> 420 | H29: =SUM(H4:H28) -> 1 | J29: =SUM(J4:J28) -> 1020 | K29: =SUM(K4:K28) -> 6
B30: 结束行动 | D30: =D1-E29 -> 0 | G30: =G1-H29 -> 17 | J30: =J1-K29 -> 2

Sheet 6.19
A1: {=MID(CELL("filename",A1),FIND("]",CELL("filename",A1))+1,255)} -> 6.19 | B1: 起始行动 | D1: =MIN(18,'6.18'!D30+6) -> 6 | G1: =MIN(18,'6.18'!G30+6) -> 18 | J1: =MIN(18,'6.18'!J30+6) -> 8 | O1: 粮草 | P1: 经验 | Q1: 行动
A2: 起始粮草 | C2: 1队 | F2: 2队 | I2: 3队 | L2: 八卦齐 | N2: 1级 | O2: 150 | P2: 35 | Q2: 1
A3: ='6.18'!A7+1600 -> 2120 | C3: 操作流 | D3: 粮草 | E3: 行动 | F3: 操作流 | G3: 粮草 | H3: 行动 | I3: 操作流 | J3: 粮草 | K3: 行动 | N3: 2级 | O3: 160 | P3: 40 | Q3: 1
A4: 消耗粮草 | B4: 1 | D4: =IF(LEFT(C4,1)="跳",RIGHT(C4,LEN(C4)-1)*10,_xlfn.XLOOKUP(C4,$N$2:$N$27,$O$2:$O$27,0,0,1))*IF($L4="是",0.8,1) -> 0 | E4: =_xlfn.XLOOKUP(C4,$N$2:$N$27,$Q$2:$Q$27,0,0,1) -> 0 | G4: =IF(LEFT(F4,1)="跳",RIGHT(F4,LEN(F4)-1)*10,_xlfn.XLOOKUP(F4,$N$2:$N$27,$O$2:$O$27,0,0,1))*IF($L4="是",0.8,1) -> 0 | H4: =_xlfn.XLOOKUP(F4,$N$2:$N$27,$Q$2:$Q$27,0,0,1) -> 0 | I4: 草2 | J4: =IF(LEFT(I4,1)="跳",RIGHT(I4,LEN(I4)-1)*10,_xlfn.XLOOKUP(I4,$N$2:$N$27,$O$2:$O$27,0,0,1))*IF($L4="是",0.8,1) -> 150 | K4: =_xlfn.XLOOKUP(I4,$N$2:$N$27,$Q$2:$Q$27,0,0,1) -> 1 | L4: 否 | N4: 3级 | O4: 170 | P4: 45 | Q4: 1
A5: =D29+G29+J29 -> 2012 | B5: 2 | D5: =IF(LEFT(C5,1)="跳",RIGHT(C5,LEN(C5)-1)*10,_xlfn.XLOOKUP(C5,$N$2:$N$27,$O$2:$O$27,0,0,1))*IF($L5="是",0.8,1) -> 0 | E5: =_xlfn.XLOOKUP(C5,$N$2:$N$27,$Q$2:$Q$27,0,0,1) -> 0 | G5: =IF(LEFT(F5,1)="跳",RIGHT(F5,LEN(F5)-1)*10,_xlfn.XLOOKUP(F5,$N$2:$N$27,$O$2:$O$27,0,0,1))*IF($L5="是",0.8,1) -> 0 | H5: =_xlfn.XLOOKUP(F5,$N$2:$N$27,$Q$2:$Q$27,0,0,1) -> 0 | I5: 3级 | J5: =IF(LEFT(I5,1)="跳",RIGHT(I5,LEN(I5)-1)*10,_xlfn.XLOOKUP(I5,$N$2:$N$27,$O$2:$O$27,0,0,1))*IF($L5="是",0.8,1) -> 170 | K5: =_xlfn.XLOOKUP(I5,$N$2:$N$27,$Q$2:$Q$27,0,0,1) -> 1 | L5: 否 | N5: 4级 | O5: 180 | P5: 50 | Q5: 1
A6: 剩余粮草 | B6: 3 | D6: =IF(LEFT(C6,1)="跳",RIGHT(C6,LEN(C6)-1)*10,_xlfn.XLOOKUP(C6,$N$2:$N$27,$O$2:$O$27,0,0,1))*IF($L6="是",0.8,1) -> 0 | E6: =_xlfn.XLOOKUP(C6,$N$2:$N$27,$Q$2:$Q$27,0,0,1) -> 0 | G6: =IF(LEFT(F6,1)="跳",RIGHT(F6,LEN(F6)-1)*10,_xlfn.XLOOKUP(F6,$N$2:$N$27,$O$2:$O$27,0,0,1))*IF($L6="是",0.8,1) -> 0 | H6: =_xlfn.XLOOKUP(F6,$N$2:$N$27,$Q$2:$Q$27,0,0,1) -> 0 | I6: 3级 | J6: =IF(LEFT(I6,1)="跳",RIGHT(I6,LEN(I6)-1)*10,_xlfn.XLOOKUP(I6,$N$2:$N$27,$O$2:$O$27,0,0,1))*IF($L6="是",0.8,1) -> 170 | K6: =_xlfn.XLOOKUP(I6,$N$2:$N$27,$Q$2:$Q$27,0,0,1) -> 1 | L6: 否 | N6: 5级 | O6: 190 | P6: 55 | Q6: 1
A7: =A3-A5 -> 108 | B7: 4 | D7: =IF(LEFT(C7,1)="跳",RIGHT(C7,LEN(C7)-1)*10,_xlfn.XLOOKUP(C7,$N$2:$N$27,$O$2:$O$27,0,0,1))*IF($L7="是",0.8,1) -> 0 | E7: =_xlfn.XLOOKUP(C7,$N$2:$N$27,$Q$2:$Q$27,0,0,1) -> 0 | G7: =IF(LEFT(F7,1)="跳",RIGHT(F7,LEN(F7)-1)*10,_xlfn.XLOOKUP(F7,$N$2:$N$27,$O$2:$O$27,0,0,1))*IF($L7="是",0.8,1) -> 0 | H7: =_xlfn.XLOOKUP(F7,$N$2:$N$27,$Q$2:$Q$27,0,0,1) -> 0 | I7: 3级卦 | J7: =IF(LEFT(I7,1)="跳",RIGHT(I7,LEN(I7)-1)*10,_xlfn.XLOOKUP(I7,$N$2:$N$27,$O$2:$O$27,0,0,1))*IF($L7="是",0.8,1) -> 170 | K7: =_xlfn.XLOOKUP(I7,$N$2:$N$27,$Q$2:$Q$27,0,0,1) -> 1 | L7: 否 | N7: 6级 | O7: 200 | P7: 60 | Q7: 1
B8: 5 | D8: =IF(LEFT(C8,1)="跳",RIGHT(C8,LEN(C8)-1)*10,_xlfn.XLOOKUP(C8,$N$2:$N$27,$O$2:$O$27,0,0,1))*IF($L8="是",0.8,1) -> 0 | E8: =_xlfn.XLOOKUP(C8,$N$2:$N$27,$Q$2:$Q$27,0,0,1) -> 0 | G8: =IF(LEFT(F8,1)="跳",RIGHT(F8,LEN(F8)-1)*10,_xlfn.XLOOKUP(F8,$N$2:$N$27,$O$2:$O$27,0,0,1))*IF($L8="是",0.8,1) -> 0 | H8: =_xlfn.XLOOKUP(F8,$N$2:$N$27,$Q$2:$Q$27,0,0,1) -> 0 | I8: 3级 | J8: =IF(LEFT(I8,1)="跳",RIGHT(I8,LEN(I8)-1)*10,_xlfn.XLOOKUP(I8,$N$2:$N$27,$O$2:$O$27,0,0,1))*IF($L8="是",0.8,1) -> 136 | K8: =_xlfn.XLOOKUP(I8,$N$2:$N$27,$Q$2:$Q$27,0,0,1) -> 1 | L8: 是 | N8: 草1 | O8: 150 | P8: 35 | Q8: 1
B9: 6 | D9: =IF(LEFT(C9,1)="跳",RIGHT(C9,LEN(C9)-1)*10,_xlfn.XLOOKUP(C9,$N$2:$N$27,$O$2:$O$27,0,0,1))*IF($L9="是",0.8,1) -> 0 | E9: =_xlfn.XLOOKUP(C9,$N$2:$N$27,$Q$2:$Q$27,0,0,1) -> 0 | G9: =IF(LEFT(F9,1)="跳",RIGHT(F9,LEN(F9)-1)*10,_xlfn.XLOOKUP(F9,$N$2:$N$27,$O$2:$O$27,0,0,1))*IF($L9="是",0.8,1) -> 0 | H9: =_xlfn.XLOOKUP(F9,$N$2:$N$27,$Q$2:$Q$27,0,0,1) -> 0 | I9: 3级 | J9: =IF(LEFT(I9,1)="跳",RIGHT(I9,LEN(I9)-1)*10,_xlfn.XLOOKUP(I9,$N$2:$N$27,$O$2:$O$27,0,0,1))*IF($L9="是",0.8,1) -> 136 | K9: =_xlfn.XLOOKUP(I9,$N$2:$N$27,$Q$2:$Q$27,0,0,1) -> 1 | L9: 是 | N9: 草2 | O9: 150 | P9: 40 | Q9: 1
B10: 7 | D10: =IF(LEFT(C10,1)="跳",RIGHT(C10,LEN(C10)-1)*10,_xlfn.XLOOKUP(C10,$N$2:$N$27,$O$2:$O$27,0,0,1))*IF($L10="是",0.8,1) -> 0 | E10: =_xlfn.XLOOKUP(C10,$N$2:$N$27,$Q$2:$Q$27,0,0,1) -> 0 | F10: 5级 | G10: =IF(LEFT(F10,1)="跳",RIGHT(F10,LEN(F10)-1)*10,_xlfn.XLOOKUP(F10,$N$2:$N$27,$O$2:$O$27,0,0,1))*IF($L10="是",0.8,1) -> 152 | H10: =_xlfn.XLOOKUP(F10,$N$2:$N$27,$Q$2:$Q$27,0,0,1) -> 1 | J10: =IF(LEFT(I10,1)="跳",RIGHT(I10,LEN(I10)-1)*10,_xlfn.XLOOKUP(I10,$N$2:$N$27,$O$2:$O$27,0,0,1))*IF($L10="是",0.8,1) -> 0 | K10: =_xlfn.XLOOKUP(I10,$N$2:$N$27,$Q$2:$Q$27,0,0,1) -> 0 | L10: 是 | N10: 草3 | O10: 150 | P10: 45 | Q10: 1
B11: 8 | C11: 跳1 | D11: =IF(LEFT(C11,1)="跳",RIGHT(C11,LEN(C11)-1)*10,_xlfn.XLOOKUP(C11,$N$2:$N$27,$O$2:$O$27,0,0,1))*IF($L11="是",0.8,1) -> 8 | E11: =_xlfn.XLOOKUP(C11,$N$2:$N$27,$Q$2:$Q$27,0,0,1) -> 0 | F11: 5级 | G11: =IF(LEFT(F11,1)="跳",RIGHT(F11,LEN(F11)-1)*10,_xlfn.XLOOKUP(F11,$N$2:$N$27,$O$2:$O$27,0,0,1))*IF($L11="是",0.8,1) -> 152 | H11: =_xlfn.XLOOKUP(F11,$N$2:$N$27,$Q$2:$Q$27,0,0,1) -> 1 | J11: =IF(LEFT(I11,1)="跳",RIGHT(I11,LEN(I11)-1)*10,_xlfn.XLOOKUP(I11,$N$2:$N$27,$O$2:$O$27,0,0,1))*IF($L11="是",0.8,1) -> 0 | K11: =_xlfn.XLOOKUP(I11,$N$2:$N$27,$Q$2:$Q$27,0,0,1) -> 0 | L11: 是 | N11: 草4 | O11: 150 | P11: 50 | Q11: 1
B12: 9 | C12: 5级 | D12: =IF(LEFT(C12,1)="跳",RIGHT(C12,LEN(C12)-1)*10,_xlfn.XLOOKUP(C12,$N$2:$N$27,$O$2:$O$27,0,0,1))*IF($L12="是",0.8,1) -> 152 | E12: =_xlfn.XLOOKUP(C12,$N$2:$N$27,$Q$2:$Q$27,0,0,1) -> 1 | F12: 草5 | G12: =IF(LEFT(F12,1)="跳",RIGHT(F12,LEN(F12)-1)*10,_xlfn.XLOOKUP(F12,$N$2:$N$27,$O$2:$O$27,0,0,1))*IF($L12="是",0.8,1) -> 120 | H12: =_xlfn.XLOOKUP(F12,$N$2:$N$27,$Q$2:$Q$27,0,0,1) -> 1 | J12: =IF(LEFT(I12,1)="跳",RIGHT(I12,LEN(I12)-1)*10,_xlfn.XLOOKUP(I12,$N$2:$N$27,$O$2:$O$27,0,0,1))*IF($L12="是",0.8,1) -> 0 | K12: =_xlfn.XLOOKUP(I12,$N$2:$N$27,$Q$2:$Q$27,0,0,1) -> 0 | L12: 是 | N12: 草5 | O12: 150 | P12: 55 | Q12: 1
B13: 10 | C13: 5级 | D13: =IF(LEFT(C13,1)="跳",RIGHT(C13,LEN(C13)-1)*10,_xlfn.XLOOKUP(C13,$N$2:$N$27,$O$2:$O$27,0,0,1))*IF($L13="是",0.8,1) -> 152 | E13: =_xlfn.XLOOKUP(C13,$N$2:$N$27,$Q$2:$Q$27,0,0,1) -> 1 | F13: 5级 | G13: =IF(LEFT(F13,1)="跳",RIGHT(F13,LEN(F13)-1)*10,_xlfn.XLOOKUP(F13,$N$2:$N$27,$O$2:$O$27,0,0,1))*IF($L13="是",0.8,1) -> 152 | H13: =_xlfn.XLOOKUP(F13,$N$2:$N$27,$Q$2:$Q$27,0,0,1) -> 1 | J13: =IF(LEFT(I13,1)="跳",RIGHT(I13,LEN(I13)-1)*10,_xlfn.XLOOKUP(I13,$N$2:$N$27,$O$2:$O$27,0,0,1))*IF($L13="是",0.8,1) -> 0 | K13: =_xlfn.XLOOKUP(I13,$N$2:$N$27,$Q$2:$Q$27,0,0,1) -> 0 | L13: 是 | N13: 草6 | O13: 150 | P13: 60 | Q13: 1
B14: 11 | C14: 跳5 | D14: =IF(LEFT(C14,1)="跳",RIGHT(C14,LEN(C14)-1)*10,_xlfn.XLOOKUP(C14,$N$2:$N$27,$O$2:$O$27,0,0,1))*IF($L14="是",0.8,1) -> 40 | E14: =_xlfn.XLOOKUP(C14,$N$2:$N$27,$Q$2:$Q$27,0,0,1) -> 0 | F14: 5级 | G14: =IF(LEFT(F14,1)="跳",RIGHT(F14,LEN(F14)-1)*10,_xlfn.XLOOKUP(F14,$N$2:$N$27,$O$2:$O$27,0,0,1))*IF($L14="是",0.8,1) -> 152 | H14: =_xlfn.XLOOKUP(F14,$N$2:$N$27,$Q$2:$Q$27,0,0,1) -> 1 | J14: =IF(LEFT(I14,1)="跳",RIGHT(I14,LEN(I14)-1)*10,_xlfn.XLOOKUP(I14,$N$2:$N$27,$O$2:$O$27,0,0,1))*IF($L14="是",0.8,1) -> 0 | K14: =_xlfn.XLOOKUP(I14,$N$2:$N$27,$Q$2:$Q$27,0,0,1) -> 0 | L14: 是 | N14: 遗迹 | O14: 150 | P14: 40 | Q14: 1
B15: 12 | D15: =IF(LEFT(C15,1)="跳",RIGHT(C15,LEN(C15)-1)*10,_xlfn.XLOOKUP(C15,$N$2:$N$27,$O$2:$O$27,0,0,1))*IF($L15="是",0.8,1) -> 0 | E15: =_xlfn.XLOOKUP(C15,$N$2:$N$27,$Q$2:$Q$27,0,0,1) -> 0 | G15: =IF(LEFT(F15,1)="跳",RIGHT(F15,LEN(F15)-1)*10,_xlfn.XLOOKUP(F15,$N$2:$N$27,$O$2:$O$27,0,0,1))*IF($L15="是",0.8,1) -> 0 | H15: =_xlfn.XLOOKUP(F15,$N$2:$N$27,$Q$2:$Q$27,0,0,1) -> 0 | J15: =IF(LEFT(I15,1)="跳",RIGHT(I15,LEN(I15)-1)*10,_xlfn.XLOOKUP(I15,$N$2:$N$27,$O$2:$O$27,0,0,1))*IF($L15="是",0.8,1) -> 0 | K15: =_xlfn.XLOOKUP(I15,$N$2:$N$27,$Q$2:$Q$27,0,0,1) -> 0 | L15: 是 | N15: 商人 | O15: 50 | P15: 30 | Q15: 1
B16: 13 | D16: =IF(LEFT(C16,1)="跳",RIGHT(C16,LEN(C16)-1)*10,_xlfn.XLOOKUP(C16,$N$2:$N$27,$O$2:$O$27,0,0,1))*IF($L16="是",0.8,1) -> 0 | E16: =_xlfn.XLOOKUP(C16,$N$2:$N$27,$Q$2:$Q$27,0,0,1) -> 0 | G16: =IF(LEFT(F16,1)="跳",RIGHT(F16,LEN(F16)-1)*10,_xlfn.XLOOKUP(F16,$N$2:$N$27,$O$2:$O$27,0,0,1))*IF($L16="是",0.8,1) -> 0 | H16: =_xlfn.XLOOKUP(F16,$N$2:$N$27,$Q$2:$Q$27,0,0,1) -> 0 | J16: =IF(LEFT(I16,1)="跳",RIGHT(I16,LEN(I16)-1)*10,_xlfn.XLOOKUP(I16,$N$2:$N$27,$O$2:$O$27,0,0,1))*IF($L16="是",0.8,1) -> 0 | K16: =_xlfn.XLOOKUP(I16,$N$2:$N$27,$Q$2:$Q$27,0,0,1) -> 0 | L16: 是 | N16: 营地 | O16: -250 | P16: 0 | Q16: -1
B17: 14 | D17: =IF(LEFT(C17,1)="跳",RIGHT(C17,LEN(C17)-1)*10,_xlfn.XLOOKUP(C17,$N$2:$N$27,$O$2:$O$27,0,0,1))*IF($L17="是",0.8,1) -> 0 | E17: =_xlfn.XLOOKUP(C17,$N$2:$N$27,$Q$2:$Q$27,0,0,1) -> 0 | G17: =IF(LEFT(F17,1)="跳",RIGHT(F17,LEN(F17)-1)*10,_xlfn.XLOOKUP(F17,$N$2:$N$27,$O$2:$O$27,0,0,1))*IF($L17="是",0.8,1) -> 0 | H17: =_xlfn.XLOOKUP(F17,$N$2:$N$27,$Q$2:$Q$27,0,0,1) -> 0 | J17: =IF(LEFT(I17,1)="跳",RIGHT(I17,LEN(I17)-1)*10,_xlfn.XLOOKUP(I17,$N$2:$N$27,$O$2:$O$27,0,0,1))*IF($L17="是",0.8,1) -> 0 | K17: =_xlfn.XLOOKUP(I17,$N$2:$N$27,$Q$2:$Q$27,0,0,1) -> 0 | L17: 是 | N17: 大卦 | O17: 250 | P17: 300 | Q17: 1
B18: 15 | D18: =IF(LEFT(C18,1)="跳",RIGHT(C18,LEN(C18)-1)*10,_xlfn.XLOOKUP(C18,$N$2:$N$27,$O$2:$O$27,0,0,1))*IF($L18="是",0.8,1) -> 0 | E18: =_xlfn.XLOOKUP(C18,$N$2:$N$27,$Q$2:$Q$27,0,0,1) -> 0 | G18: =IF(LEFT(F18,1)="跳",RIGHT(F18,LEN(F18)-1)*10,_xlfn.XLOOKUP(F18,$N$2:$N$27,$O$2:$O$27,0,0,1))*IF($L18="是",0.8,1) -> 0 | H18: =_xlfn.XLOOKUP(F18,$N$2:$N$27,$Q$2:$Q$27,0,0,1) -> 0 | J18: =IF(LEFT(I18,1)="跳",RIGHT(I18,LEN(I18)-1)*10,_xlfn.XLOOKUP(I18,$N$2:$N$27,$O$2:$O$27,0,0,1))*IF($L18="是",0.8,1) -> 0 | K18: =_xlfn.XLOOKUP(I18,$N$2:$N$27,$Q$2:$Q$27,0,0,1) -> 0 | L18: 是 | N18: 3级卦 | O18: 170 | P18: 45 | Q18: 1
B19: 16 | D19: =IF(LEFT(C19,1)="跳",RIGHT(C19,LEN(C19)-1)*10,_xlfn.XLOOKUP(C19,$N$2:$N$27,$O$2:$O$27,0,0,1))*IF($L19="是",0.8,1) -> 0 | E19: =_xlfn.XLOOKUP(C19,$N$2:$N$27,$Q$2:$Q$27,0,0,1) -> 0 | G19: =IF(LEFT(F19,1)="跳",RIGHT(F19,LEN(F19)-1)*10,_xlfn.XLOOKUP(F19,$N$2:$N$27,$O$2:$O$27,0,0,1))*IF($L19="是",0.8,1) -> 0 | H19: =_xlfn.XLOOKUP(F19,$N$2:$N$27,$Q$2:$Q$27,0,0,1) -> 0 | J19: =IF(LEFT(I19,1)="跳",RIGHT(I19,LEN(I19)-1)*10,_xlfn.XLOOKUP(I19,$N$2:$N$27,$O$2:$O$27,0,0,1))*IF($L19="是",0.8,1) -> 0 | K19: =_xlfn.XLOOKUP(I19,$N$2:$N$27,$Q$2:$Q$27,0,0,1) -> 0 | L19: 是 | N19: 巨卦 | O19: 250 | P19: 400 | Q19: 1
B20: 17 | D20: =IF(LEFT(C20,1)="跳",RIGHT(C20,LEN(C20)-1)*10,_xlfn.XLOOKUP(C20,$N$2:$N$27,$O$2:$O$27,0,0,1))*IF($L20="是",0.8,1) -> 0 | E20: =_xlfn.XLOOKUP(C20,$N$2:$N$27,$Q$2:$Q$27,0,0,1) -> 0 | G20: =IF(LEFT(F20,1)="跳",RIGHT(F20,LEN(F20)-1)*10,_xlfn.XLOOKUP(F20,$N$2:$N$27,$O$2:$O$27,0,0,1))*IF($L20="是",0.8,1) -> 0 | H20: =_xlfn.XLOOKUP(F20,$N$2:$N$27,$Q$2:$Q$27,0,0,1) -> 0 | J20: =IF(LEFT(I20,1)="跳",RIGHT(I20,LEN(I20)-1)*10,_xlfn.XLOOKUP(I20,$N$2:$N$27,$O$2:$O$27,0,0,1))*IF($L20="是",0.8,1) -> 0 | K20: =_xlfn.XLOOKUP(I20,$N$2:$N$27,$Q$2:$Q$27,0,0,1) -> 0 | L20: 是 | N20: 大boss | O20: 250 | P20: 1000 | Q20: 1
B21: 18 | D21: =IF(LEFT(C21,1)="跳",RIGHT(C21,LEN(C21)-1)*10,_xlfn.XLOOKUP(C21,$N$2:$N$27,$O$2:$O$27,0,0,1))*IF($L21="是",0.8,1) -> 0 | E21: =_xlfn.XLOOKUP(C21,$N$2:$N$27,$Q$2:$Q$27,0,0,1) -> 0 | G21: =IF(LEFT(F21,1)="跳",RIGHT(F21,LEN(F21)-1)*10,_xlfn.XLOOKUP(F21,$N$2:$N$27,$O$2:$O$27,0,0,1))*IF($L21="是",0.8,1) -> 0 | H21: =_xlfn.XLOOKUP(F21,$N$2:$N$27,$Q$2:$Q$27,0,0,1) -> 0 | J21: =IF(LEFT(I21,1)="跳",RIGHT(I21,LEN(I21)-1)*10,_xlfn.XLOOKUP(I21,$N$2:$N$27,$O$2:$O$27,0,0,1))*IF($L21="是",0.8,1) -> 0 | K21: =_xlfn.XLOOKUP(I21,$N$2:$N$27,$Q$2:$Q$27,0,0,1) -> 0 | L21: 是 | N21: 中boss | O21: 250 | P21: 500 | Q21: 1
B22: 19 | D22: =IF(LEFT(C22,1)="跳",RIGHT(C22,LEN(C22)-1)*10,_xlfn.XLOOKUP(C22,$N$2:$N$27,$O$2:$O$27,0,0,1))*IF($L22="是",0.8,1) -> 0 | E22: =_xlfn.XLOOKUP(C22,$N$2:$N$27,$Q$2:$Q$27,0,0,1) -> 0 | G22: =IF(LEFT(F22,1)="跳",RIGHT(F22,LEN(F22)-1)*10,_xlfn.XLOOKUP(F22,$N$2:$N$27,$O$2:$O$27,0,0,1))*IF($L22="是",0.8,1) -> 0 | H22: =_xlfn.XLOOKUP(F22,$N$2:$N$27,$Q$2:$Q$27,0,0,1) -> 0 | J22: =IF(LEFT(I22,1)="跳",RIGHT(I22,LEN(I22)-1)*10,_xlfn.XLOOKUP(I22,$N$2:$N$27,$O$2:$O$27,0,0,1))*IF($L22="是",0.8,1) -> 0 | K22: =_xlfn.XLOOKUP(I22,$N$2:$N$27,$Q$2:$Q$27,0,0,1) -> 0 | L22: 是 | N22: 4级卦 | O22: 180 | P22: 50 | Q22: 1
B23: 20 | D23: =IF(LEFT(C23,1)="跳",RIGHT(C23,LEN(C23)-1)*10,_xlfn.XLOOKUP(C23,$N$2:$N$27,$O$2:$O$27,0,0,1))*IF($L23="是",0.8,1) -> 0 | E23: =_xlfn.XLOOKUP(C23,$N$2:$N$27,$Q$2:$Q$27,0,0,1) -> 0 | G23: =IF(LEFT(F23,1)="跳",RIGHT(F23,LEN(F23)-1)*10,_xlfn.XLOOKUP(F23,$N$2:$N$27,$O$2:$O$27,0,0,1))*IF($L23="是",0.8,1) -> 0 | H23: =_xlfn.XLOOKUP(F23,$N$2:$N$27,$Q$2:$Q$27,0,0,1) -> 0 | J23: =IF(LEFT(I23,1)="跳",RIGHT(I23,LEN(I23)-1)*10,_xlfn.XLOOKUP(I23,$N$2:$N$27,$O$2:$O$27,0,0,1))*IF($L23="是",0.8,1) -> 0 | K23: =_xlfn.XLOOKUP(I23,$N$2:$N$27,$Q$2:$Q$27,0,0,1) -> 0 | L23: 是 | N23: 塔1 | O23: 160 | P23: 35 | Q23: 1
B24: 21 | D24: =IF(LEFT(C24,1)="跳",RIGHT(C24,LEN(C24)-1)*10,_xlfn.XLOOKUP(C24,$N$2:$N$27,$O$2:$O$27,0,0,1))*IF($L24="是",0.8,1) -> 0 | E24: =_xlfn.XLOOKUP(C24,$N$2:$N$27,$Q$2:$Q$27,0,0,1) -> 0 | G24: =IF(LEFT(F24,1)="跳",RIGHT(F24,LEN(F24)-1)*10,_xlfn.XLOOKUP(F24,$N$2:$N$27,$O$2:$O$27,0,0,1))*IF($L24="是",0.8,1) -> 0 | H24: =_xlfn.XLOOKUP(F24,$N$2:$N$27,$Q$2:$Q$27,0,0,1) -> 0 | J24: =IF(LEFT(I24,1)="跳",RIGHT(I24,LEN(I24)-1)*10,_xlfn.XLOOKUP(I24,$N$2:$N$27,$O$2:$O$27,0,0,1))*IF($L24="是",0.8,1) -> 0 | K24: =_xlfn.XLOOKUP(I24,$N$2:$N$27,$Q$2:$Q$27,0,0,1) -> 0 | L24: 是 | N24: 塔2 | O24: 150 | P24: 40 | Q24: 1
B25: 22 | D25: =IF(LEFT(C25,1)="跳",RIGHT(C25,LEN(C25)-1)*10,_xlfn.XLOOKUP(C25,$N$2:$N$27,$O$2:$O$27,0,0,1))*IF($L25="是",0.8,1) -> 0 | E25: =_xlfn.XLOOKUP(C25,$N$2:$N$27,$Q$2:$Q$27,0,0,1) -> 0 | G25: =IF(LEFT(F25,1)="跳",RIGHT(F25,LEN(F25)-1)*10,_xlfn.XLOOKUP(F25,$N$2:$N$27,$O$2:$O$27,0,0,1))*IF($L25="是",0.8,1) -> 0 | H25: =_xlfn.XLOOKUP(F25,$N$2:$N$27,$Q$2:$Q$27,0,0,1) -> 0 | J25: =IF(LEFT(I25,1)="跳",RIGHT(I25,LEN(I25)-1)*10,_xlfn.XLOOKUP(I25,$N$2:$N$27,$O$2:$O$27,0,0,1))*IF($L25="是",0.8,1) -> 0 | K25: =_xlfn.XLOOKUP(I25,$N$2:$N$27,$Q$2:$Q$27,0,0,1) -> 0 | L25: 是 | N25: 塔3 | O25: 150 | P25: 45 | Q25: 1
B26: 23 | D26: =IF(LEFT(C26,1)="跳",RIGHT(C26,LEN(C26)-1)*10,_xlfn.XLOOKUP(C26,$N$2:$N$27,$O$2:$O$27,0,0,1))*IF($L26="是",0.8,1) -> 0 | E26: =_xlfn.XLOOKUP(C26,$N$2:$N$27,$Q$2:$Q$27,0,0,1) -> 0 | G26: =IF(LEFT(F26,1)="跳",RIGHT(F26,LEN(F26)-1)*10,_xlfn.XLOOKUP(F26,$N$2:$N$27,$O$2:$O$27,0,0,1))*IF($L26="是",0.8,1) -> 0 | H26: =_xlfn.XLOOKUP(F26,$N$2:$N$27,$Q$2:$Q$27,0,0,1) -> 0 | J26: =IF(LEFT(I26,1)="跳",RIGHT(I26,LEN(I26)-1)*10,_xlfn.XLOOKUP(I26,$N$2:$N$27,$O$2:$O$27,0,0,1))*IF($L26="是",0.8,1) -> 0 | K26: =_xlfn.XLOOKUP(I26,$N$2:$N$27,$Q$2:$Q$27,0,0,1) -> 0 | L26: 是 | N26: 空 | O26: 0 | P26: 0 | Q26: 0
B27: 24 | D27: =IF(LEFT(C27,1)="跳",RIGHT(C27,LEN(C27)-1)*10,_xlfn.XLOOKUP(C27,$N$2:$N$27,$O$2:$O$27,0,0,1))*IF($L27="是",0.8,1) -> 0 | E27: =_xlfn.XLOOKUP(C27,$N$2:$N$27,$Q$2:$Q$27,0,0,1) -> 0 | G27: =IF(LEFT(F27,1)="跳",RIGHT(F27,LEN(F27)-1)*10,_xlfn.XLOOKUP(F27,$N$2:$N$27,$O$2:$O$27,0,0,1))*IF($L27="是",0.8,1) -> 0 | H27: =_xlfn.XLOOKUP(F27,$N$2:$N$27,$Q$2:$Q$27,0,0,1) -> 0 | J27: =IF(LEFT(I27,1)="跳",RIGHT(I27,LEN(I27)-1)*10,_xlfn.XLOOKUP(I27,$N$2:$N$27,$O$2:$O$27,0,0,1))*IF($L27="是",0.8,1) -> 0 | K27: =_xlfn.XLOOKUP(I27,$N$2:$N$27,$Q$2:$Q$27,0,0,1) -> 0 | L27: 是 | N27: 历练 | O27: 50 | P27: 520 | Q27: 0
B28: 25 | D28: =IF(LEFT(C28,1)="跳",RIGHT(C28,LEN(C28)-1)*10,_xlfn.XLOOKUP(C28,$N$2:$N$27,$O$2:$O$27,0,0,1))*IF($L28="是",0.8,1) -> 0 | E28: =_xlfn.XLOOKUP(C28,$N$2:$N$27,$Q$2:$Q$27,0,0,1) -> 0 | G28: =IF(LEFT(F28,1)="跳",RIGHT(F28,LEN(F28)-1)*10,_xlfn.XLOOKUP(F28,$N$2:$N$27,$O$2:$O$27,0,0,1))*IF($L28="是",0.8,1) -> 0 | H28: =_xlfn.XLOOKUP(F28,$N$2:$N$27,$Q$2:$Q$27,0,0,1) -> 0 | J28: =IF(LEFT(I28,1)="跳",RIGHT(I28,LEN(I28)-1)*10,_xlfn.XLOOKUP(I28,$N$2:$N$27,$O$2:$O$27,0,0,1))*IF($L28="是",0.8,1) -> 0 | K28: =_xlfn.XLOOKUP(I28,$N$2:$N$27,$Q$2:$Q$27,0,0,1) -> 0 | L28: 是
B29: 小计 | D29: =SUM(D4:D28) -> 352 | E29: =SUM(E4:E28) -> 2 | G29: =SUM(G4:G28) -> 728 | H29: =SUM(H4:H28) -> 5 | J29: =SUM(J4:J28) -> 932 | K29: =SUM(K4:K28) -> 6
B30: 结束行动 | D30: =D1-E29 -> 4 | G30: =G1-H29 -> 13 | J30: =J1-K29 -> 2

Sheet 6.2
A1: {=MID(CELL("filename",A1),FIND("]",CELL("filename",A1))+1,255)} -> 6.2 | B1: 起始行动 | D1: {=MIN(18,INDIRECT("'"&A1-0.01&"'!D30")+6)} -> 10 | G1: {=MIN(18,INDIRECT("'"&A1-0.01&"'!G30")+6)} -> 18 | J1: {=MIN(18,INDIRECT("'"&A1-0.01&"'!J30")+6)} -> 8 | O1: 粮草 | P1: 经验 | Q1: 行动
A2: 起始粮草 | C2: 1队 | F2: 2队 | I2: 3队 | L2: 八卦齐 | N2: 1级 | O2: 150 | P2: 35 | Q2: 1
A3: {=INDIRECT("'"&A1-0.01&"'!A7")+1600} -> 1708 | C3: 操作流 | D3: 粮草 | E3: 行动 | F3: 操作流 | G3: 粮草 | H3: 行动 | I3: 操作流 | J3: 粮草 | K3: 行动 | N3: 2级 | O3: 160 | P3: 40 | Q3: 1
A4: 消耗粮草 | B4: 1 | C4: 2级 | D4: =IF(LEFT(C4,1)="跳",RIGHT(C4,LEN(C4)-1)*10,_xlfn.XLOOKUP(C4,$N$2:$N$27,$O$2:$O$27,0,0,1))*IF($L4="是",0.8,1) -> 128 | E4: =_xlfn.XLOOKUP(C4,$N$2:$N$27,$Q$2:$Q$27,0,0,1) -> 1 | F4: 商人 | G4: =IF(LEFT(F4,1)="跳",RIGHT(F4,LEN(F4)-1)*10,_xlfn.XLOOKUP(F4,$N$2:$N$27,$O$2:$O$27,0,0,1))*IF($L4="是",0.8,1) -> 40 | H4: =_xlfn.XLOOKUP(F4,$N$2:$N$27,$Q$2:$Q$27,0,0,1) -> 1 | I4: 3级 | J4: =IF(LEFT(I4,1)="跳",RIGHT(I4,LEN(I4)-1)*10,_xlfn.XLOOKUP(I4,$N$2:$N$27,$O$2:$O$27,0,0,1))*IF($L4="是",0.8,1) -> 136 | K4: =_xlfn.XLOOKUP(I4,$N$2:$N$27,$Q$2:$Q$27,0,0,1) -> 1 | L4: 是 | N4: 3级 | O4: 170 | P4: 45 | Q4: 1
A5: =D29+G29+J29 -> 1060 | B5: 2 | C5: 2级 | D5: =IF(LEFT(C5,1)="跳",RIGHT(C5,LEN(C5)-1)*10,_xlfn.XLOOKUP(C5,$N$2:$N$27,$O$2:$O$27,0,0,1))*IF($L5="是",0.8,1) -> 128 | E5: =_xlfn.XLOOKUP(C5,$N$2:$N$27,$Q$2:$Q$27,0,0,1) -> 1 | F5: 4级 | G5: =IF(LEFT(F5,1)="跳",RIGHT(F5,LEN(F5)-1)*10,_xlfn.XLOOKUP(F5,$N$2:$N$27,$O$2:$O$27,0,0,1))*IF($L5="是",0.8,1) -> 144 | H5: =_xlfn.XLOOKUP(F5,$N$2:$N$27,$Q$2:$Q$27,0,0,1) -> 1 | I5: 营地 | J5: =IF(LEFT(I5,1)="跳",RIGHT(I5,LEN(I5)-1)*10,_xlfn.XLOOKUP(I5,$N$2:$N$27,$O$2:$O$27,0,0,1))*IF($L5="是",0.8,1)-60 -> -260 | K5: =_xlfn.XLOOKUP(I5,$N$2:$N$27,$Q$2:$Q$27,0,0,1) -> -1 | L5: 是 | N5: 4级 | O5: 180 | P5: 50 | Q5: 1
A6: 剩余粮草 | B6: 3 | C6: 2级 | D6: =IF(LEFT(C6,1)="跳",RIGHT(C6,LEN(C6)-1)*10,_xlfn.XLOOKUP(C6,$N$2:$N$27,$O$2:$O$27,0,0,1))*IF($L6="是",0.8,1) -> 128 | E6: =_xlfn.XLOOKUP(C6,$N$2:$N$27,$Q$2:$Q$27,0,0,1) -> 1 | F6: 4级 | G6: =IF(LEFT(F6,1)="跳",RIGHT(F6,LEN(F6)-1)*10,_xlfn.XLOOKUP(F6,$N$2:$N$27,$O$2:$O$27,0,0,1))*IF($L6="是",0.8,1) -> 144 | H6: =_xlfn.XLOOKUP(F6,$N$2:$N$27,$Q$2:$Q$27,0,0,1) -> 1 | J6: =IF(LEFT(I6,1)="跳",RIGHT(I6,LEN(I6)-1)*10,_xlfn.XLOOKUP(I6,$N$2:$N$27,$O$2:$O$27,0,0,1))*IF($L6="是",0.8,1) -> 0 | K6: =_xlfn.XLOOKUP(I6,$N$2:$N$27,$Q$2:$Q$27,0,0,1) -> 0 | L6: 是 | N6: 5级 | O6: 190 | P6: 55 | Q6: 1
A7: =A3-A5 -> 648 | B7: 4 | C7: 商人 | D7: =IF(LEFT(C7,1)="跳",RIGHT(C7,LEN(C7)-1)*10,_xlfn.XLOOKUP(C7,$N$2:$N$27,$O$2:$O$27,0,0,1))*IF($L7="是",0.8,1) -> 40 | E7: =_xlfn.XLOOKUP(C7,$N$2:$N$27,$Q$2:$Q$27,0,0,1) -> 1 | F7: 5级 | G7: =IF(LEFT(F7,1)="跳",RIGHT(F7,LEN(F7)-1)*10,_xlfn.XLOOKUP(F7,$N$2:$N$27,$O$2:$O$27,0,0,1))*IF($L7="是",0.8,1) -> 152 | H7: =_xlfn.XLOOKUP(F7,$N$2:$N$27,$Q$2:$Q$27,0,0,1) -> 1 | J7: =IF(LEFT(I7,1)="跳",RIGHT(I7,LEN(I7)-1)*10,_xlfn.XLOOKUP(I7,$N$2:$N$27,$O$2:$O$27,0,0,1))*IF($L7="是",0.8,1) -> 0 | K7: =_xlfn.XLOOKUP(I7,$N$2:$N$27,$Q$2:$Q$27,0,0,1) -> 0 | L7: 是 | N7: 6级 | O7: 200 | P7: 60 | Q7: 1
B8: 5 | C8: 跳1 | D8: =IF(LEFT(C8,1)="跳",RIGHT(C8,LEN(C8)-1)*10,_xlfn.XLOOKUP(C8,$N$2:$N$27,$O$2:$O$27,0,0,1))*IF($L8="是",0.8,1) -> 8 | E8: =_xlfn.XLOOKUP(C8,$N$2:$N$27,$Q$2:$Q$27,0,0,1) -> 0 | F8: 营地 | G8: =IF(LEFT(F8,1)="跳",RIGHT(F8,LEN(F8)-1)*10,_xlfn.XLOOKUP(F8,$N$2:$N$27,$O$2:$O$27,0,0,1))*IF($L8="是",0.8,1)-60 -> -260 | H8: =_xlfn.XLOOKUP(F8,$N$2:$N$27,$Q$2:$Q$27,0,0,1) -> -1 | J8: =IF(LEFT(I8,1)="跳",RIGHT(I8,LEN(I8)-1)*10,_xlfn.XLOOKUP(I8,$N$2:$N$27,$O$2:$O$27,0,0,1))*IF($L8="是",0.8,1) -> 0 | K8: =_xlfn.XLOOKUP(I8,$N$2:$N$27,$Q$2:$Q$27,0,0,1) -> 0 | L8: 是 | N8: 草1 | O8: 150 | P8: 35 | Q8: 1
B9: 6 | C9: 2级 | D9: =IF(LEFT(C9,1)="跳",RIGHT(C9,LEN(C9)-1)*10,_xlfn.XLOOKUP(C9,$N$2:$N$27,$O$2:$O$27,0,0,1))*IF($L9="是",0.8,1) -> 128 | E9: =_xlfn.XLOOKUP(C9,$N$2:$N$27,$Q$2:$Q$27,0,0,1) -> 1 | F9: 4级 | G9: =IF(LEFT(F9,1)="跳",RIGHT(F9,LEN(F9)-1)*10,_xlfn.XLOOKUP(F9,$N$2:$N$27,$O$2:$O$27,0,0,1))*IF($L9="是",0.8,1) -> 144 | H9: =_xlfn.XLOOKUP(F9,$N$2:$N$27,$Q$2:$Q$27,0,0,1) -> 1 | J9: =IF(LEFT(I9,1)="跳",RIGHT(I9,LEN(I9)-1)*10,_xlfn.XLOOKUP(I9,$N$2:$N$27,$O$2:$O$27,0,0,1))*IF($L9="是",0.8,1) -> 0 | K9: =_xlfn.XLOOKUP(I9,$N$2:$N$27,$Q$2:$Q$27,0,0,1) -> 0 | L9: 是 | N9: 草2 | O9: 150 | P9: 40 | Q9: 1
B10: 7 | C10: 2级 | D10: =IF(LEFT(C10,1)="跳",RIGHT(C10,LEN(C10)-1)*10,_xlfn.XLOOKUP(C10,$N$2:$N$27,$O$2:$O$27,0,0,1))*IF($L10="是",0.8,1) -> 128 | E10: =_xlfn.XLOOKUP(C10,$N$2:$N$27,$Q$2:$Q$27,0,0,1) -> 1 | F10: 4级 | G10: =IF(LEFT(F10,1)="跳",RIGHT(F10,LEN(F10)-1)*10,_xlfn.XLOOKUP(F10,$N$2:$N$27,$O$2:$O$27,0,0,1))*IF($L10="是",0.8,1) -> 144 | H10: =_xlfn.XLOOKUP(F10,$N$2:$N$27,$Q$2:$Q$27,0,0,1) -> 1 | J10: =IF(LEFT(I10,1)="跳",RIGHT(I10,LEN(I10)-1)*10,_xlfn.XLOOKUP(I10,$N$2:$N$27,$O$2:$O$27,0,0,1))*IF($L10="是",0.8,1) -> 0 | K10: =_xlfn.XLOOKUP(I10,$N$2:$N$27,$Q$2:$Q$27,0,0,1) -> 0 | L10: 是 | N10: 草3 | O10: 150 | P10: 45 | Q10: 1
B11: 8 | C11: 2级 | D11: =IF(LEFT(C11,1)="跳",RIGHT(C11,LEN(C11)-1)*10,_xlfn.XLOOKUP(C11,$N$2:$N$27,$O$2:$O$27,0,0,1))*IF($L11="是",0.8,1) -> 128 | E11: =_xlfn.XLOOKUP(C11,$N$2:$N$27,$Q$2:$Q$27,0,0,1) -> 1 | F11: 草2 | G11: =IF(LEFT(F11,1)="跳",RIGHT(F11,LEN(F11)-1)*10,_xlfn.XLOOKUP(F11,$N$2:$N$27,$O$2:$O$27,0,0,1))*IF($L11="是",0.8,1) -> 120 | H11: =_xlfn.XLOOKUP(F11,$N$2:$N$27,$Q$2:$Q$27,0,0,1) -> 1 | J11: =IF(LEFT(I11,1)="跳",RIGHT(I11,LEN(I11)-1)*10,_xlfn.XLOOKUP(I11,$N$2:$N$27,$O$2:$O$27,0,0,1))*IF($L11="是",0.8,1) -> 0 | K11: =_xlfn.XLOOKUP(I11,$N$2:$N$27,$Q$2:$Q$27,0,0,1) -> 0 | L11: 是 | N11: 草4 | O11: 150 | P11: 50 | Q11: 1
B12: 9 | C12: 营地 | D12: =IF(LEFT(C12,1)="跳",RIGHT(C12,LEN(C12)-1)*10,_xlfn.XLOOKUP(C12,$N$2:$N$27,$O$2:$O$27,0,0,1))*IF($L12="是",0.8,1)-60 -> -260 | E12: =_xlfn.XLOOKUP(C12,$N$2:$N$27,$Q$2:$Q$27,0,0,1) -> -1 | G12: =IF(LEFT(F12,1)="跳",RIGHT(F12,LEN(F12)-1)*10,_xlfn.XLOOKUP(F12,$N$2:$N$27,$O$2:$O$27,0,0,1))*IF($L12="是",0.8,1) -> 0 | H12: =_xlfn.XLOOKUP(F12,$N$2:$N$27,$Q$2:$Q$27,0,0,1) -> 0 | J12: =IF(LEFT(I12,1)="跳",RIGHT(I12,LEN(I12)-1)*10,_xlfn.XLOOKUP(I12,$N$2:$N$27,$O$2:$O$27,0,0,1))*IF($L12="是",0.8,1) -> 0 | K12: =_xlfn.XLOOKUP(I12,$N$2:$N$27,$Q$2:$Q$27,0,0,1) -> 0 | L12: 是 | N12: 草5 | O12: 150 | P12: 55 | Q12: 1
B13: 10 | D13: =IF(LEFT(C13,1)="跳",RIGHT(C13,LEN(C13)-1)*10,_xlfn.XLOOKUP(C13,$N$2:$N$27,$O$2:$O$27,0,0,1))*IF($L13="是",0.8,1) -> 0 | E13: =_xlfn.XLOOKUP(C13,$N$2:$N$27,$Q$2:$Q$27,0,0,1) -> 0 | G13: =IF(LEFT(F13,1)="跳",RIGHT(F13,LEN(F13)-1)*10,_xlfn.XLOOKUP(F13,$N$2:$N$27,$O$2:$O$27,0,0,1))*IF($L13="是",0.8,1) -> 0 | H13: =_xlfn.XLOOKUP(F13,$N$2:$N$27,$Q$2:$Q$27,0,0,1) -> 0 | J13: =IF(LEFT(I13,1)="跳",RIGHT(I13,LEN(I13)-1)*10,_xlfn.XLOOKUP(I13,$N$2:$N$27,$O$2:$O$27,0,0,1))*IF($L13="是",0.8,1) -> 0 | K13: =_xlfn.XLOOKUP(I13,$N$2:$N$27,$Q$2:$Q$27,0,0,1) -> 0 | L13: 是 | N13: 草6 | O13: 150 | P13: 60 | Q13: 1
B14: 11 | D14: =IF(LEFT(C14,1)="跳",RIGHT(C14,LEN(C14)-1)*10,_xlfn.XLOOKUP(C14,$N$2:$N$27,$O$2:$O$27,0,0,1))*IF($L14="是",0.8,1) -> 0 | E14: =_xlfn.XLOOKUP(C14,$N$2:$N$27,$Q$2:$Q$27,0,0,1) -> 0 | G14: =IF(LEFT(F14,1)="跳",RIGHT(F14,LEN(F14)-1)*10,_xlfn.XLOOKUP(F14,$N$2:$N$27,$O$2:$O$27,0,0,1))*IF($L14="是",0.8,1) -> 0 | H14: =_xlfn.XLOOKUP(F14,$N$2:$N$27,$Q$2:$Q$27,0,0,1) -> 0 | J14: =IF(LEFT(I14,1)="跳",RIGHT(I14,LEN(I14)-1)*10,_xlfn.XLOOKUP(I14,$N$2:$N$27,$O$2:$O$27,0,0,1))*IF($L14="是",0.8,1) -> 0 | K14: =_xlfn.XLOOKUP(I14,$N$2:$N$27,$Q$2:$Q$27,0,0,1) -> 0 | L14: 是 | N14: 遗迹 | O14: 150 | P14: 40 | Q14: 1
B15: 12 | D15: =IF(LEFT(C15,1)="跳",RIGHT(C15,LEN(C15)-1)*10,_xlfn.XLOOKUP(C15,$N$2:$N$27,$O$2:$O$27,0,0,1))*IF($L15="是",0.8,1) -> 0 | E15: =_xlfn.XLOOKUP(C15,$N$2:$N$27,$Q$2:$Q$27,0,0,1) -> 0 | G15: =IF(LEFT(F15,1)="跳",RIGHT(F15,LEN(F15)-1)*10,_xlfn.XLOOKUP(F15,$N$2:$N$27,$O$2:$O$27,0,0,1))*IF($L15="是",0.8,1) -> 0 | H15: =_xlfn.XLOOKUP(F15,$N$2:$N$27,$Q$2:$Q$27,0,0,1) -> 0 | J15: =IF(LEFT(I15,1)="跳",RIGHT(I15,LEN(I15)-1)*10,_xlfn.XLOOKUP(I15,$N$2:$N$27,$O$2:$O$27,0,0,1))*IF($L15="是",0.8,1) -> 0 | K15: =_xlfn.XLOOKUP(I15,$N$2:$N$27,$Q$2:$Q$27,0,0,1) -> 0 | L15: 是 | N15: 商人 | O15: 50 | P15: 30 | Q15: 1
B16: 13 | D16: =IF(LEFT(C16,1)="跳",RIGHT(C16,LEN(C16)-1)*10,_xlfn.XLOOKUP(C16,$N$2:$N$27,$O$2:$O$27,0,0,1))*IF($L16="是",0.8,1) -> 0 | E16: =_xlfn.XLOOKUP(C16,$N$2:$N$27,$Q$2:$Q$27,0,0,1) -> 0 | G16: =IF(LEFT(F16,1)="跳",RIGHT(F16,LEN(F16)-1)*10,_xlfn.XLOOKUP(F16,$N$2:$N$27,$O$2:$O$27,0,0,1))*IF($L16="是",0.8,1) -> 0 | H16: =_xlfn.XLOOKUP(F16,$N$2:$N$27,$Q$2:$Q$27,0,0,1) -> 0 | J16: =IF(LEFT(I16,1)="跳",RIGHT(I16,LEN(I16)-1)*10,_xlfn.XLOOKUP(I16,$N$2:$N$27,$O$2:$O$27,0,0,1))*IF($L16="是",0.8,1) -> 0 | K16: =_xlfn.XLOOKUP(I16,$N$2:$N$27,$Q$2:$Q$27,0,0,1) -> 0 | L16: 是 | N16: 营地 | O16: -250 | P16: 0 | Q16: -1
B17: 14 | D17: =IF(LEFT(C17,1)="跳",RIGHT(C17,LEN(C17)-1)*10,_xlfn.XLOOKUP(C17,$N$2:$N$27,$O$2:$O$27,0,0,1))*IF($L17="是",0.8,1) -> 0 | E17: =_xlfn.XLOOKUP(C17,$N$2:$N$27,$Q$2:$Q$27,0,0,1) -> 0 | G17: =IF(LEFT(F17,1)="跳",RIGHT(F17,LEN(F17)-1)*10,_xlfn.XLOOKUP(F17,$N$2:$N$27,$O$2:$O$27,0,0,1))*IF($L17="是",0.8,1) -> 0 | H17: =_xlfn.XLOOKUP(F17,$N$2:$N$27,$Q$2:$Q$27,0,0,1) -> 0 | J17: =IF(LEFT(I17,1)="跳",RIGHT(I17,LEN(I17)-1)*10,_xlfn.XLOOKUP(I17,$N$2:$N$27,$O$2:$O$27,0,0,1))*IF($L17="是",0.8,1) -> 0 | K17: =_xlfn.XLOOKUP(I17,$N$2:$N$27,$Q$2:$Q$27,0,0,1) -> 0 | L17: 是 | N17: 大卦 | O17: 250 | P17: 300 | Q17: 1
B18: 15 | D18: =IF(LEFT(C18,1)="跳",RIGHT(C18,LEN(C18)-1)*10,_xlfn.XLOOKUP(C18,$N$2:$N$27,$O$2:$O$27,0,0,1))*IF($L18="是",0.8,1) -> 0 | E18: =_xlfn.XLOOKUP(C18,$N$2:$N$27,$Q$2:$Q$27,0,0,1) -> 0 | G18: =IF(LEFT(F18,1)="跳",RIGHT(F18,LEN(F18)-1)*10,_xlfn.XLOOKUP(F18,$N$2:$N$27,$O$2:$O$27,0,0,1))*IF($L18="是",0.8,1) -> 0 | H18: =_xlfn.XLOOKUP(F18,$N$2:$N$27,$Q$2:$Q$27,0,0,1) -> 0 | J18: =IF(LEFT(I18,1)="跳",RIGHT(I18,LEN(I18)-1)*10,_xlfn.XLOOKUP(I18,$N$2:$N$27,$O$2:$O$27,0,0,1))*IF($L18="是",0.8,1) -> 0 | K18: =_xlfn.XLOOKUP(I18,$N$2:$N$27,$Q$2:$Q$27,0,0,1) -> 0 | L18: 是 | N18: 3级卦 | O18: 170 | P18: 45 | Q18: 1
B19: 16 | D19: =IF(LEFT(C19,1)="跳",RIGHT(C19,LEN(C19)-1)*10,_xlfn.XLOOKUP(C19,$N$2:$N$27,$O$2:$O$27,0,0,1))*IF($L19="是",0.8,1) -> 0 | E19: =_xlfn.XLOOKUP(C19,$N$2:$N$27,$Q$2:$Q$27,0,0,1) -> 0 | G19: =IF(LEFT(F19,1)="跳",RIGHT(F19,LEN(F19)-1)*10,_xlfn.XLOOKUP(F19,$N$2:$N$27,$O$2:$O$27,0,0,1))*IF($L19="是",0.8,1) -> 0 | H19: =_xlfn.XLOOKUP(F19,$N$2:$N$27,$Q$2:$Q$27,0,0,1) -> 0 | J19: =IF(LEFT(I19,1)="跳",RIGHT(I19,LEN(I19)-1)*10,_xlfn.XLOOKUP(I19,$N$2:$N$27,$O$2:$O$27,0,0,1))*IF($L19="是",0.8,1) -> 0 | K19: =_xlfn.XLOOKUP(I19,$N$2:$N$27,$Q$2:$Q$27,0,0,1) -> 0 | L19: 是 | N19: 巨卦 | O19: 250 | P19: 400 | Q19: 1
B20: 17 | D20: =IF(LEFT(C20,1)="跳",RIGHT(C20,LEN(C20)-1)*10,_xlfn.XLOOKUP(C20,$N$2:$N$27,$O$2:$O$27,0,0,1))*IF($L20="是",0.8,1) -> 0 | E20: =_xlfn.XLOOKUP(C20,$N$2:$N$27,$Q$2:$Q$27,0,0,1) -> 0 | G20: =IF(LEFT(F20,1)="跳",RIGHT(F20,LEN(F20)-1)*10,_xlfn.XLOOKUP(F20,$N$2:$N$27,$O$2:$O$27,0,0,1))*IF($L20="是",0.8,1) -> 0 | H20: =_xlfn.XLOOKUP(F20,$N$2:$N$27,$Q$2:$Q$27,0,0,1) -> 0 | J20: =IF(LEFT(I20,1)="跳",RIGHT(I20,LEN(I20)-1)*10,_xlfn.XLOOKUP(I20,$N$2:$N$27,$O$2:$O$27,0,0,1))*IF($L20="是",0.8,1) -> 0 | K20: =_xlfn.XLOOKUP(I20,$N$2:$N$27,$Q$2:$Q$27,0,0,1) -> 0 | L20: 是 | N20: 大boss | O20: 250 | P20: 1000 | Q20: 1
B21: 18 | D21: =IF(LEFT(C21,1)="跳",RIGHT(C21,LEN(C21)-1)*10,_xlfn.XLOOKUP(C21,$N$2:$N$27,$O$2:$O$27,0,0,1))*IF($L21="是",0.8,1) -> 0 | E21: =_xlfn.XLOOKUP(C21,$N$2:$N$27,$Q$2:$Q$27,0,0,1) -> 0 | G21: =IF(LEFT(F21,1)="跳",RIGHT(F21,LEN(F21)-1)*10,_xlfn.XLOOKUP(F21,$N$2:$N$27,$O$2:$O$27,0,0,1))*IF($L21="是",0.8,1) -> 0 | H21: =_xlfn.XLOOKUP(F21,$N$2:$N$27,$Q$2:$Q$27,0,0,1) -> 0 | J21: =IF(LEFT(I21,1)="跳",RIGHT(I21,LEN(I21)-1)*10,_xlfn.XLOOKUP(I21,$N$2:$N$27,$O$2:$O$27,0,0,1))*IF($L21="是",0.8,1) -> 0 | K21: =_xlfn.XLOOKUP(I21,$N$2:$N$27,$Q$2:$Q$27,0,0,1) -> 0 | L21: 是 | N21: 中boss | O21: 250 | P21: 500 | Q21: 1
B22: 19 | D22: =IF(LEFT(C22,1)="跳",RIGHT(C22,LEN(C22)-1)*10,_xlfn.XLOOKUP(C22,$N$2:$N$27,$O$2:$O$27,0,0,1))*IF($L22="是",0.8,1) -> 0 | E22: =_xlfn.XLOOKUP(C22,$N$2:$N$27,$Q$2:$Q$27,0,0,1) -> 0 | G22: =IF(LEFT(F22,1)="跳",RIGHT(F22,LEN(F22)-1)*10,_xlfn.XLOOKUP(F22,$N$2:$N$27,$O$2:$O$27,0,0,1))*IF($L22="是",0.8,1) -> 0 | H22: =_xlfn.XLOOKUP(F22,$N$2:$N$27,$Q$2:$Q$27,0,0,1) -> 0 | J22: =IF(LEFT(I22,1)="跳",RIGHT(I22,LEN(I22)-1)*10,_xlfn.XLOOKUP(I22,$N$2:$N$27,$O$2:$O$27,0,0,1))*IF($L22="是",0.8,1) -> 0 | K22: =_xlfn.XLOOKUP(I22,$N$2:$N$27,$Q$2:$Q$27,0,0,1) -> 0 | L22: 是 | N22: 4级卦 | O22: 180 | P22: 50 | Q22: 1
B23: 20 | D23: =IF(LEFT(C23,1)="跳",RIGHT(C23,LEN(C23)-1)*10,_xlfn.XLOOKUP(C23,$N$2:$N$27,$O$2:$O$27,0,0,1))*IF($L23="是",0.8,1) -> 0 | E23: =_xlfn.XLOOKUP(C23,$N$2:$N$27,$Q$2:$Q$27,0,0,1) -> 0 | G23: =IF(LEFT(F23,1)="跳",RIGHT(F23,LEN(F23)-1)*10,_xlfn.XLOOKUP(F23,$N$2:$N$27,$O$2:$O$27,0,0,1))*IF($L23="是",0.8,1) -> 0 | H23: =_xlfn.XLOOKUP(F23,$N$2:$N$27,$Q$2:$Q$27,0,0,1) -> 0 | J23: =IF(LEFT(I23,1)="跳",RIGHT(I23,LEN(I23)-1)*10,_xlfn.XLOOKUP(I23,$N$2:$N$27,$O$2:$O$27,0,0,1))*IF($L23="是",0.8,1) -> 0 | K23: =_xlfn.XLOOKUP(I23,$N$2:$N$27,$Q$2:$Q$27,0,0,1) -> 0 | L23: 是 | N23: 塔1 | O23: 160 | P23: 35 | Q23: 1
B24: 21 | D24: =IF(LEFT(C24,1)="跳",RIGHT(C24,LEN(C24)-1)*10,_xlfn.XLOOKUP(C24,$N$2:$N$27,$O$2:$O$27,0,0,1))*IF($L24="是",0.8,1) -> 0 | E24: =_xlfn.XLOOKUP(C24,$N$2:$N$27,$Q$2:$Q$27,0,0,1) -> 0 | G24: =IF(LEFT(F24,1)="跳",RIGHT(F24,LEN(F24)-1)*10,_xlfn.XLOOKUP(F24,$N$2:$N$27,$O$2:$O$27,0,0,1))*IF($L24="是",0.8,1) -> 0 | H24: =_xlfn.XLOOKUP(F24,$N$2:$N$27,$Q$2:$Q$27,0,0,1) -> 0 | J24: =IF(LEFT(I24,1)="跳",RIGHT(I24,LEN(I24)-1)*10,_xlfn.XLOOKUP(I24,$N$2:$N$27,$O$2:$O$27,0,0,1))*IF($L24="是",0.8,1) -> 0 | K24: =_xlfn.XLOOKUP(I24,$N$2:$N$27,$Q$2:$Q$27,0,0,1) -> 0 | L24: 是 | N24: 塔2 | O24: 150 | P24: 40 | Q24: 1
... B27: 24 | D27: =IF(LEFT(C27,1)="跳",RIGHT(C27,LEN(C27)-1)*10,_xlfn.XLOOKUP(C27,$N$2:$N$27,$O$2:$O$27,0,0,1))*IF($L27="是",0.8,1) -> 0 | E27: =_xlfn.XLOOKUP(C27,$N$2:$N$27,$Q$2:$Q$27,0,0,1) -> 0 | G27: =IF(LEFT(F27,1)="跳",RIGHT(F27,LEN(F27)-1)*10,_xlfn.XLOOKUP(F27,$N$2:$N$27,$O$2:$O$27,0,0,1))*IF($L27="是",0.8,1) -> 0 | H27: =_xlfn.XLOOKUP(F27,$N$2:$N$27,$Q$2:$Q$27,0,0,1) -> 0 | J27: =IF(LEFT(I27,1)="跳",RIGHT(I27,LEN(I27)-1)*10,_xlfn.XLOOKUP(I27,$N$2:$N$27,$O$2:$O$27,0,0,1))*IF($L27="是",0.8,1) -> 0 | K27: =_xlfn.XLOOKUP(I27,$N$2:$N$27,$Q$2:$Q$27,0,0,1) -> 0 | L27: 是 | N27: 历练 | O27: 50 | P27: 520 | Q27: 0
B28: 25 | D28: =IF(LEFT(C28,1)="跳",RIGHT(C28,LEN(C28)-1)*10,_xlfn.XLOOKUP(C28,$N$2:$N$27,$O$2:$O$27,0,0,1))*IF($L28="是",0.8,1) -> 0 | E28: =_xlfn.XLOOKUP(C28,$N$2:$N$27,$Q$2:$Q$27,0,0,1) -> 0 | G28: =IF(LEFT(F28,1)="跳",RIGHT(F28,LEN(F28)-1)*10,_xlfn.XLOOKUP(F28,$N$2:$N$27,$O$2:$O$27,0,0,1))*IF($L28="是",0.8,1) -> 0 | H28: =_xlfn.XLOOKUP(F28,$N$2:$N$27,$Q$2:$Q$27,0,0,1) -> 0 | J28: =IF(LEFT(I28,1)="跳",RIGHT(I28,LEN(I28)-1)*10,_xlfn.XLOOKUP(I28,$N$2:$N$27,$O$2:$O$27,0,0,1))*IF($L28="是",0.8,1) -> 0 | K28: =_xlfn.XLOOKUP(I28,$N$2:$N$27,$Q$2:$Q$27,0,0,1) -> 0 | L28: 是
B29: 小计 | D29: =SUM(D4:D28) -> 556 | E29: =SUM(E4:E28) -> 6 | G29: =SUM(G4:G28) -> 628 | H29: =SUM(H4:H28) -> 6 | J29: =SUM(J4:J28) -> -124 | K29: =SUM(K4:K28) -> 0
B30: 结束行动 | D30: =D1-E29 -> 4 | G30: =G1-H29 -> 12 | J30: =J1-K29 -> 8

Sheet 6.21
A1: {=MID(CELL("filename",A1),FIND("]",CELL("filename",A1))+1,255)} -> 6.21 | B1: 起始行动 | D1: {=MIN(18,INDIRECT("'"&A1-0.01&"'!D30")+6)} -> 10 | G1: {=MIN(18,INDIRECT("'"&A1-0.01&"'!G30")+6)} -> 18 | J1: {=MIN(18,INDIRECT("'"&A1-0.01&"'!J30")+6)} -> 14 | O1: 粮草 | P1: 经验 | Q1: 行动
A2: 起始粮草 | C2: 1队 | F2: 2队 | I2: 3队 | L2: 八卦齐 | N2: 1级 | O2: 150 | P2: 35 | Q2: 1
A3: {=INDIRECT("'"&A1-0.01&"'!A7")+1600} -> 2248 | C3: 操作流 | D3: 粮草 | E3: 行动 | F3: 操作流 | G3: 粮草 | H3: 行动 | I3: 操作流 | J3: 粮草 | K3: 行动 | N3: 2级 | O3: 160 | P3: 40 | Q3: 1
A4: 消耗粮草 | B4: 1 | C4: 跳2 | D4: =IF(LEFT(C4,1)="跳",RIGHT(C4,LEN(C4)-1)*10,_xlfn.XLOOKUP(C4,$N$2:$N$27,$O$2:$O$27,0,0,1))*IF($L4="是",0.8,1) -> 16 | E4: =_xlfn.XLOOKUP(C4,$N$2:$N$27,$Q$2:$Q$27,0,0,1) -> 0 | G4: =IF(LEFT(F4,1)="跳",RIGHT(F4,LEN(F4)-1)*10,_xlfn.XLOOKUP(F4,$N$2:$N$27,$O$2:$O$27,0,0,1))*IF($L4="是",0.8,1) -> 0 | H4: =_xlfn.XLOOKUP(F4,$N$2:$N$27,$Q$2:$Q$27,0,0,1) -> 0 | J4: =IF(LEFT(I4,1)="跳",RIGHT(I4,LEN(I4)-1)*10,_xlfn.XLOOKUP(I4,$N$2:$N$27,$O$2:$O$27,0,0,1))*IF($L4="是",0.8,1) -> 0 | K4: =_xlfn.XLOOKUP(I4,$N$2:$N$27,$Q$2:$Q$27,0,0,1) -> 0 | L4: 是 | N4: 3级 | O4: 170 | P4: 45 | Q4: 1
A5: =D29+G29+J29 -> 1568 | B5: 2 | C5: 草2 | D5: =IF(LEFT(C5,1)="跳",RIGHT(C5,LEN(C5)-1)*10,_xlfn.XLOOKUP(C5,$N$2:$N$27,$O$2:$O$27,0,0,1))*IF($L5="是",0.8,1) -> 120 | E5: =_xlfn.XLOOKUP(C5,$N$2:$N$27,$Q$2:$Q$27,0,0,1) -> 1 | G5: =IF(LEFT(F5,1)="跳",RIGHT(F5,LEN(F5)-1)*10,_xlfn.XLOOKUP(F5,$N$2:$N$27,$O$2:$O$27,0,0,1))*IF($L5="是",0.8,1) -> 0 | H5: =_xlfn.XLOOKUP(F5,$N$2:$N$27,$Q$2:$Q$27,0,0,1) -> 0 | J5: =IF(LEFT(I5,1)="跳",RIGHT(I5,LEN(I5)-1)*10,_xlfn.XLOOKUP(I5,$N$2:$N$27,$O$2:$O$27,0,0,1))*IF($L5="是",0.8,1) -> 0 | K5: =_xlfn.XLOOKUP(I5,$N$2:$N$27,$Q$2:$Q$27,0,0,1) -> 0 | L5: 是 | N5: 4级 | O5: 180 | P5: 50 | Q5: 1
A6: 剩余粮草 | B6: 3 | C6: 2级 | D6: =IF(LEFT(C6,1)="跳",RIGHT(C6,LEN(C6)-1)*10,_xlfn.XLOOKUP(C6,$N$2:$N$27,$O$2:$O$27,0,0,1))*IF($L6="是",0.8,1) -> 128 | E6: =_xlfn.XLOOKUP(C6,$N$2:$N$27,$Q$2:$Q$27,0,0,1) -> 1 | G6: =IF(LEFT(F6,1)="跳",RIGHT(F6,LEN(F6)-1)*10,_xlfn.XLOOKUP(F6,$N$2:$N$27,$O$2:$O$27,0,0,1))*IF($L6="是",0.8,1) -> 0 | H6: =_xlfn.XLOOKUP(F6,$N$2:$N$27,$Q$2:$Q$27,0,0,1) -> 0 | J6: =IF(LEFT(I6,1)="跳",RIGHT(I6,LEN(I6)-1)*10,_xlfn.XLOOKUP(I6,$N$2:$N$27,$O$2:$O$27,0,0,1))*IF($L6="是",0.8,1) -> 0 | K6: =_xlfn.XLOOKUP(I6,$N$2:$N$27,$Q$2:$Q$27,0,0,1) -> 0 | L6: 是 | N6: 5级 | O6: 190 | P6: 55 | Q6: 1
A7: =A3-A5 -> 680 | B7: 4 | C7: 草2 | D7: =IF(LEFT(C7,1)="跳",RIGHT(C7,LEN(C7)-1)*10,_xlfn.XLOOKUP(C7,$N$2:$N$27,$O$2:$O$27,0,0,1))*IF($L7="是",0.8,1) -> 120 | E7: =_xlfn.XLOOKUP(C7,$N$2:$N$27,$Q$2:$Q$27,0,0,1) -> 1 | G7: =IF(LEFT(F7,1)="跳",RIGHT(F7,LEN(F7)-1)*10,_xlfn.XLOOKUP(F7,$N$2:$N$27,$O$2:$O$27,0,0,1))*IF($L7="是",0.8,1) -> 0 | H7: =_xlfn.XLOOKUP(F7,$N$2:$N$27,$Q$2:$Q$27,0,0,1) -> 0 | J7: =IF(LEFT(I7,1)="跳",RIGHT(I7,LEN(I7)-1)*10,_xlfn.XLOOKUP(I7,$N$2:$N$27,$O$2:$O$27,0,0,1))*IF($L7="是",0.8,1) -> 0 | K7: =_xlfn.XLOOKUP(I7,$N$2:$N$27,$Q$2:$Q$27,0,0,1) -> 0 | L7: 是 | N7: 6级 | O7: 200 | P7: 60 | Q7: 1
B8: 5 | C8: 2级 | D8: =IF(LEFT(C8,1)="跳",RIGHT(C8,LEN(C8)-1)*10,_xlfn.XLOOKUP(C8,$N$2:$N$27,$O$2:$O$27,0,0,1))*IF($L8="是",0.8,1) -> 128 | E8: =_xlfn.XLOOKUP(C8,$N$2:$N$27,$Q$2:$Q$27,0,0,1) -> 1 | G8: =IF(LEFT(F8,1)="跳",RIGHT(F8,LEN(F8)-1)*10,_xlfn.XLOOKUP(F8,$N$2:$N$27,$O$2:$O$27,0,0,1))*IF($L8="是",0.8,1) -> 0 | H8: =_xlfn.XLOOKUP(F8,$N$2:$N$27,$Q$2:$Q$27,0,0,1) -> 0 | J8: =IF(LEFT(I8,1)="跳",RIGHT(I8,LEN(I8)-1)*10,_xlfn.XLOOKUP(I8,$N$2:$N$27,$O$2:$O$27,0,0,1))*IF($L8="是",0.8,1) -> 0 | K8: =_xlfn.XLOOKUP(I8,$N$2:$N$27,$Q$2:$Q$27,0,0,1) -> 0 | L8: 是 | N8: 草1 | O8: 150 | P8: 35 | Q8: 1
B9: 6 | C9: 2级 | D9: =IF(LEFT(C9,1)="跳",RIGHT(C9,LEN(C9)-1)*10,_xlfn.XLOOKUP(C9,$N$2:$N$27,$O$2:$O$27,0,0,1))*IF($L9="是",0.8,1) -> 128 | E9: =_xlfn.XLOOKUP(C9,$N$2:$N$27,$Q$2:$Q$27,0,0,1) -> 1 | G9: =IF(LEFT(F9,1)="跳",RIGHT(F9,LEN(F9)-1)*10,_xlfn.XLOOKUP(F9,$N$2:$N$27,$O$2:$O$27,0,0,1))*IF($L9="是",0.8,1) -> 0 | H9: =_xlfn.XLOOKUP(F9,$N$2:$N$27,$Q$2:$Q$27,0,0,1) -> 0 | J9: =IF(LEFT(I9,1)="跳",RIGHT(I9,LEN(I9)-1)*10,_xlfn.XLOOKUP(I9,$N$2:$N$27,$O$2:$O$27,0,0,1))*IF($L9="是",0.8,1) -> 0 | K9: =_xlfn.XLOOKUP(I9,$N$2:$N$27,$Q$2:$Q$27,0,0,1) -> 0 | L9: 是 | N9: 草2 | O9: 150 | P9: 40 | Q9: 1
B10: 7 | C10: 草2 | D10: =IF(LEFT(C10,1)="跳",RIGHT(C10,LEN(C10)-1)*10,_xlfn.XLOOKUP(C10,$N$2:$N$27,$O$2:$O$27,0,0,1))*IF($L10="是",0.8,1) -> 120 | E10: =_xlfn.XLOOKUP(C10,$N$2:$N$27,$Q$2:$Q$27,0,0,1) -> 1 | G10: =IF(LEFT(F10,1)="跳",RIGHT(F10,LEN(F10)-1)*10,_xlfn.XLOOKUP(F10,$N$2:$N$27,$O$2:$O$27,0,0,1))*IF($L10="是",0.8,1) -> 0 | H10: =_xlfn.XLOOKUP(F10,$N$2:$N$27,$Q$2:$Q$27,0,0,1) -> 0 | J10: =IF(LEFT(I10,1)="跳",RIGHT(I10,LEN(I10)-1)*10,_xlfn.XLOOKUP(I10,$N$2:$N$27,$O$2:$O$27,0,0,1))*IF($L10="是",0.8,1) -> 0 | K10: =_xlfn.XLOOKUP(I10,$N$2:$N$27,$Q$2:$Q$27,0,0,1) -> 0 | L10: 是 | N10: 草3 | O10: 150 | P10: 45 | Q10: 1
B11: 8 | C11: 2级 | D11: =IF(LEFT(C11,1)="跳",RIGHT(C11,LEN(C11)-1)*10,_xlfn.XLOOKUP(C11,$N$2:$N$27,$O$2:$O$27,0,0,1))*IF($L11="是",0.8,1) -> 128 | E11: =_xlfn.XLOOKUP(C11,$N$2:$N$27,$Q$2:$Q$27,0,0,1) -> 1 | G11: =IF(LEFT(F11,1)="跳",RIGHT(F11,LEN(F11)-1)*10,_xlfn.XLOOKUP(F11,$N$2:$N$27,$O$2:$O$27,0,0,1))*IF($L11="是",0.8,1) -> 0 | H11: =_xlfn.XLOOKUP(F11,$N$2:$N$27,$Q$2:$Q$27,0,0,1) -> 0 | J11: =IF(LEFT(I11,1)="跳",RIGHT(I11,LEN(I11)-1)*10,_xlfn.XLOOKUP(I11,$N$2:$N$27,$O$2:$O$27,0,0,1))*IF($L11="是",0.8,1) -> 0 | K11: =_xlfn.XLOOKUP(I11,$N$2:$N$27,$Q$2:$Q$27,0,0,1) -> 0 | L11: 是 | N11: 草4 | O11: 150 | P11: 50 | Q11: 1
B12: 9 | C12: 2级 | D12: =IF(LEFT(C12,1)="跳",RIGHT(C12,LEN(C12)-1)*10,_xlfn.XLOOKUP(C12,$N$2:$N$27,$O$2:$O$27,0,0,1))*IF($L12="是",0.8,1) -> 128 | E12: =_xlfn.XLOOKUP(C12,$N$2:$N$27,$Q$2:$Q$27,0,0,1) -> 1 | G12: =IF(LEFT(F12,1)="跳",RIGHT(F12,LEN(F12)-1)*10,_xlfn.XLOOKUP(F12,$N$2:$N$27,$O$2:$O$27,0,0,1))*IF($L12="是",0.8,1) -> 0 | H12: =_xlfn.XLOOKUP(F12,$N$2:$N$27,$Q$2:$Q$27,0,0,1) -> 0 | J12: =IF(LEFT(I12,1)="跳",RIGHT(I12,LEN(I12)-1)*10,_xlfn.XLOOKUP(I12,$N$2:$N$27,$O$2:$O$27,0,0,1))*IF($L12="是",0.8,1) -> 0 | K12: =_xlfn.XLOOKUP(I12,$N$2:$N$27,$Q$2:$Q$27,0,0,1) -> 0 | L12: 是 | N12: 草5 | O12: 150 | P12: 55 | Q12: 1
B13: 10 | C13: 营地 | D13: =IF(LEFT(C13,1)="跳",RIGHT(C13,LEN(C13)-1)*10,_xlfn.XLOOKUP(C13,$N$2:$N$27,$O$2:$O$27,0,0,1))*IF($L13="是",0.8,1)-60 -> -260 | E13: =_xlfn.XLOOKUP(C13,$N$2:$N$27,$Q$2:$Q$27,0,0,1) -> -1 | G13: =IF(LEFT(F13,1)="跳",RIGHT(F13,LEN(F13)-1)*10,_xlfn.XLOOKUP(F13,$N$2:$N$27,$O$2:$O$27,0,0,1))*IF($L13="是",0.8,1) -> 0 | H13: =_xlfn.XLOOKUP(F13,$N$2:$N$27,$Q$2:$Q$27,0,0,1) -> 0 | J13: =IF(LEFT(I13,1)="跳",RIGHT(I13,LEN(I13)-1)*10,_xlfn.XLOOKUP(I13,$N$2:$N$27,$O$2:$O$27,0,0,1))*IF($L13="是",0.8,1) -> 0 | K13: =_xlfn.XLOOKUP(I13,$N$2:$N$27,$Q$2:$Q$27,0,0,1) -> 0 | L13: 是 | N13: 草6 | O13: 150 | P13: 60 | Q13: 1
B14: 11 | D14: =IF(LEFT(C14,1)="跳",RIGHT(C14,LEN(C14)-1)*10,_xlfn.XLOOKUP(C14,$N$2:$N$27,$O$2:$O$27,0,0,1))*IF($L14="是",0.8,1) -> 0 | E14: =_xlfn.XLOOKUP(C14,$N$2:$N$27,$Q$2:$Q$27,0,0,1) -> 0 | G14: =IF(LEFT(F14,1)="跳",RIGHT(F14,LEN(F14)-1)*10,_xlfn.XLOOKUP(F14,$N$2:$N$27,$O$2:$O$27,0,0,1))*IF($L14="是",0.8,1) -> 0 | H14: =_xlfn.XLOOKUP(F14,$N$2:$N$27,$Q$2:$Q$27,0,0,1) -> 0 | J14: =IF(LEFT(I14,1)="跳",RIGHT(I14,LEN(I14)-1)*10,_xlfn.XLOOKUP(I14,$N$2:$N$27,$O$2:$O$27,0,0,1))*IF($L14="是",0.8,1) -> 0 | K14: =_xlfn.XLOOKUP(I14,$N$2:$N$27,$Q$2:$Q$27,0,0,1) -> 0 | L14: 是 | N14: 遗迹 | O14: 150 | P14: 40 | Q14: 1
B15: 12 | D15: =IF(LEFT(C15,1)="跳",RIGHT(C15,LEN(C15)-1)*10,_xlfn.XLOOKUP(C15,$N$2:$N$27,$O$2:$O$27,0,0,1))*IF($L15="是",0.8,1) -> 0 | E15: =_xlfn.XLOOKUP(C15,$N$2:$N$27,$Q$2:$Q$27,0,0,1) -> 0 | G15: =IF(LEFT(F15,1)="跳",RIGHT(F15,LEN(F15)-1)*10,_xlfn.XLOOKUP(F15,$N$2:$N$27,$O$2:$O$27,0,0,1))*IF($L15="是",0.8,1) -> 0 | H15: =_xlfn.XLOOKUP(F15,$N$2:$N$27,$Q$2:$Q$27,0,0,1) -> 0 | J15: =IF(LEFT(I15,1)="跳",RIGHT(I15,LEN(I15)-1)*10,_xlfn.XLOOKUP(I15,$N$2:$N$27,$O$2:$O$27,0,0,1))*IF($L15="是",0.8,1) -> 0 | K15: =_xlfn.XLOOKUP(I15,$N$2:$N$27,$Q$2:$Q$27,0,0,1) -> 0 | L15: 是 | N15: 商人 | O15: 50 | P15: 30 | Q15: 1
B16: 13 | D16: =IF(LEFT(C16,1)="跳",RIGHT(C16,LEN(C16)-1)*10,_xlfn.XLOOKUP(C16,$N$2:$N$27,$O$2:$O$27,0,0,1))*IF($L16="是",0.8,1) -> 0 | E16: =_xlfn.XLOOKUP(C16,$N$2:$N$27,$Q$2:$Q$27,0,0,1) -> 0 | G16: =IF(LEFT(F16,1)="跳",RIGHT(F16,LEN(F16)-1)*10,_xlfn.XLOOKUP(F16,$N$2:$N$27,$O$2:$O$27,0,0,1))*IF($L16="是",0.8,1) -> 0 | H16: =_xlfn.XLOOKUP(F16,$N$2:$N$27,$Q$2:$Q$27,0,0,1) -> 0 | J16: =IF(LEFT(I16,1)="跳",RIGHT(I16,LEN(I16)-1)*10,_xlfn.XLOOKUP(I16,$N$2:$N$27,$O$2:$O$27,0,0,1))*IF($L16="是",0.8,1) -> 0 | K16: =_xlfn.XLOOKUP(I16,$N$2:$N$27,$Q$2:$Q$27,0,0,1) -> 0 | L16: 是 | N16: 营地 | O16: -250 | P16: 0 | Q16: -1
B17: 14 | D17: =IF(LEFT(C17,1)="跳",RIGHT(C17,LEN(C17)-1)*10,_xlfn.XLOOKUP(C17,$N$2:$N$27,$O$2:$O$27,0,0,1))*IF($L17="是",0.8,1) -> 0 | E17: =_xlfn.XLOOKUP(C17,$N$2:$N$27,$Q$2:$Q$27,0,0,1) -> 0 | F17: 4级 | G17: =IF(LEFT(F17,1)="跳",RIGHT(F17,LEN(F17)-1)*10,_xlfn.XLOOKUP(F17,$N$2:$N$27,$O$2:$O$27,0,0,1))*IF($L17="是",0.8,1) -> 144 | H17: =_xlfn.XLOOKUP(F17,$N$2:$N$27,$Q$2:$Q$27,0,0,1) -> 1 | J17: =IF(LEFT(I17,1)="跳",RIGHT(I17,LEN(I17)-1)*10,_xlfn.XLOOKUP(I17,$N$2:$N$27,$O$2:$O$27,0,0,1))*IF($L17="是",0.8,1) -> 0 | K17: =_xlfn.XLOOKUP(I17,$N$2:$N$27,$Q$2:$Q$27,0,0,1) -> 0 | L17: 是 | N17: 大卦 | O17: 250 | P17: 300 | Q17: 1
B18: 15 | D18: =IF(LEFT(C18,1)="跳",RIGHT(C18,LEN(C18)-1)*10,_xlfn.XLOOKUP(C18,$N$2:$N$27,$O$2:$O$27,0,0,1))*IF($L18="是",0.8,1) -> 0 | E18: =_xlfn.XLOOKUP(C18,$N$2:$N$27,$Q$2:$Q$27,0,0,1) -> 0 | F18: 4级 | G18: =IF(LEFT(F18,1)="跳",RIGHT(F18,LEN(F18)-1)*10,_xlfn.XLOOKUP(F18,$N$2:$N$27,$O$2:$O$27,0,0,1))*IF($L18="是",0.8,1) -> 144 | H18: =_xlfn.XLOOKUP(F18,$N$2:$N$27,$Q$2:$Q$27,0,0,1) -> 1 | J18: =IF(LEFT(I18,1)="跳",RIGHT(I18,LEN(I18)-1)*10,_xlfn.XLOOKUP(I18,$N$2:$N$27,$O$2:$O$27,0,0,1))*IF($L18="是",0.8,1) -> 0 | K18: =_xlfn.XLOOKUP(I18,$N$2:$N$27,$Q$2:$Q$27,0,0,1) -> 0 | L18: 是 | N18: 3级卦 | O18: 170 | P18: 45 | Q18: 1
B19: 16 | D19: =IF(LEFT(C19,1)="跳",RIGHT(C19,LEN(C19)-1)*10,_xlfn.XLOOKUP(C19,$N$2:$N$27,$O$2:$O$27,0,0,1))*IF($L19="是",0.8,1) -> 0 | E19: =_xlfn.XLOOKUP(C19,$N$2:$N$27,$Q$2:$Q$27,0,0,1) -> 0 | F19: 4级 | G19: =IF(LEFT(F19,1)="跳",RIGHT(F19,LEN(F19)-1)*10,_xlfn.XLOOKUP(F19,$N$2:$N$27,$O$2:$O$27,0,0,1))*IF($L19="是",0.8,1) -> 144 | H19: =_xlfn.XLOOKUP(F19,$N$2:$N$27,$Q$2:$Q$27,0,0,1) -> 1 | J19: =IF(LEFT(I19,1)="跳",RIGHT(I19,LEN(I19)-1)*10,_xlfn.XLOOKUP(I19,$N$2:$N$27,$O$2:$O$27,0,0,1))*IF($L19="是",0.8,1) -> 0 | K19: =_xlfn.XLOOKUP(I19,$N$2:$N$27,$Q$2:$Q$27,0,0,1) -> 0 | L19: 是 | N19: 巨卦 | O19: 250 | P19: 400 | Q19: 1
B20: 17 | D20: =IF(LEFT(C20,1)="跳",RIGHT(C20,LEN(C20)-1)*10,_xlfn.XLOOKUP(C20,$N$2:$N$27,$O$2:$O$27,0,0,1))*IF($L20="是",0.8,1) -> 0 | E20: =_xlfn.XLOOKUP(C20,$N$2:$N$27,$Q$2:$Q$27,0,0,1) -> 0 | F20: 6级 | G20: =IF(LEFT(F20,1)="跳",RIGHT(F20,LEN(F20)-1)*10,_xlfn.XLOOKUP(F20,$N$2:$N$27,$O$2:$O$27,0,0,1))*IF($L20="是",0.8,1) -> 160 | H20: =_xlfn.XLOOKUP(F20,$N$2:$N$27,$Q$2:$Q$27,0,0,1) -> 1 | J20: =IF(LEFT(I20,1)="跳",RIGHT(I20,LEN(I20)-1)*10,_xlfn.XLOOKUP(I20,$N$2:$N$27,$O$2:$O$27,0,0,1))*IF($L20="是",0.8,1) -> 0 | K20: =_xlfn.XLOOKUP(I20,$N$2:$N$27,$Q$2:$Q$27,0,0,1) -> 0 | L20: 是 | N20: 大boss | O20: 250 | P20: 1000 | Q20: 1
B21: 18 | D21: =IF(LEFT(C21,1)="跳",RIGHT(C21,LEN(C21)-1)*10,_xlfn.XLOOKUP(C21,$N$2:$N$27,$O$2:$O$27,0,0,1))*IF($L21="是",0.8,1) -> 0 | E21: =_xlfn.XLOOKUP(C21,$N$2:$N$27,$Q$2:$Q$27,0,0,1) -> 0 | F21: 6级 | G21: =IF(LEFT(F21,1)="跳",RIGHT(F21,LEN(F21)-1)*10,_xlfn.XLOOKUP(F21,$N$2:$N$27,$O$2:$O$27,0,0,1))*IF($L21="是",0.8,1) -> 160 | H21: =_xlfn.XLOOKUP(F21,$N$2:$N$27,$Q$2:$Q$27,0,0,1) -> 1 | J21: =IF(LEFT(I21,1)="跳",RIGHT(I21,LEN(I21)-1)*10,_xlfn.XLOOKUP(I21,$N$2:$N$27,$O$2:$O$27,0,0,1))*IF($L21="是",0.8,1) -> 0 | K21: =_xlfn.XLOOKUP(I21,$N$2:$N$27,$Q$2:$Q$27,0,0,1) -> 0 | L21: 是 | N21: 中boss | O21: 250 | P21: 500 | Q21: 1
B22: 19 | D22: =IF(LEFT(C22,1)="跳",RIGHT(C22,LEN(C22)-1)*10,_xlfn.XLOOKUP(C22,$N$2:$N$27,$O$2:$O$27,0,0,1))*IF($L22="是",0.8,1) -> 0 | E22: =_xlfn.XLOOKUP(C22,$N$2:$N$27,$Q$2:$Q$27,0,0,1) -> 0 | F22: 6级 | G22: =IF(LEFT(F22,1)="跳",RIGHT(F22,LEN(F22)-1)*10,_xlfn.XLOOKUP(F22,$N$2:$N$27,$O$2:$O$27,0,0,1))*IF($L22="是",0.8,1) -> 160 | H22: =_xlfn.XLOOKUP(F22,$N$2:$N$27,$Q$2:$Q$27,0,0,1) -> 1 | J22: =IF(LEFT(I22,1)="跳",RIGHT(I22,LEN(I22)-1)*10,_xlfn.XLOOKUP(I22,$N$2:$N$27,$O$2:$O$27,0,0,1))*IF($L22="是",0.8,1) -> 0 | K22: =_xlfn.XLOOKUP(I22,$N$2:$N$27,$Q$2:$Q$27,0,0,1) -> 0 | L22: 是 | N22: 4级卦 | O22: 180 | P22: 50 | Q22: 1
B23: 20 | D23: =IF(LEFT(C23,1)="跳",RIGHT(C23,LEN(C23)-1)*10,_xlfn.XLOOKUP(C23,$N$2:$N$27,$O$2:$O$27,0,0,1))*IF($L23="是",0.8,1) -> 0 | E23: =_xlfn.XLOOKUP(C23,$N$2:$N$27,$Q$2:$Q$27,0,0,1) -> 0 | F23: 营地 | G23: =IF(LEFT(F23,1)="跳",RIGHT(F23,LEN(F23)-1)*10,_xlfn.XLOOKUP(F23,$N$2:$N$27,$O$2:$O$27,0,0,1))*IF($L23="是",0.8,1)-60 -> -260 | H23: =_xlfn.XLOOKUP(F23,$N$2:$N$27,$Q$2:$Q$27,0,0,1) -> -1 | J23: =IF(LEFT(I23,1)="跳",RIGHT(I23,LEN(I23)-1)*10,_xlfn.XLOOKUP(I23,$N$2:$N$27,$O$2:$O$27,0,0,1))*IF($L23="是",0.8,1) -> 0 | K23: =_xlfn.XLOOKUP(I23,$N$2:$N$27,$Q$2:$Q$27,0,0,1) -> 0 | L23: 是 | N23: 塔1 | O23: 160 | P23: 35 | Q23: 1
B24: 21 | D24: =IF(LEFT(C24,1)="跳",RIGHT(C24,LEN(C24)-1)*10,_xlfn.XLOOKUP(C24,$N$2:$N$27,$O$2:$O$27,0,0,1))*IF($L24="是",0.8,1) -> 0 | E24: =_xlfn.XLOOKUP(C24,$N$2:$N$27,$Q$2:$Q$27,0,0,1) -> 0 | F24: 6级 | G24: =IF(LEFT(F24,1)="跳",RIGHT(F24,LEN(F24)-1)*10,_xlfn.XLOOKUP(F24,$N$2:$N$27,$O$2:$O$27,0,0,1))*IF($L24="是",0.8,1) -> 160 | H24: =_xlfn.XLOOKUP(F24,$N$2:$N$27,$Q$2:$Q$27,0,0,1) -> 1 | J24: =IF(LEFT(I24,1)="跳",RIGHT(I24,LEN(I24)-1)*10,_xlfn.XLOOKUP(I24,$N$2:$N$27,$O$2:$O$27,0,0,1))*IF($L24="是",0.8,1) -> 0 | K24: =_xlfn.XLOOKUP(I24,$N$2:$N$27,$Q$2:$Q$27,0,0,1) -> 0 | L24: 是 | N24: 塔2 | O24: 150 | P24: 40 | Q24: 1
B25: 22 | D25: =IF(LEFT(C25,1)="跳",RIGHT(C25,LEN(C25)-1)*10,_xlfn.XLOOKUP(C25,$N$2:$N$27,$O$2:$O$27,0,0,1))*IF($L25="是",0.8,1) -> 0 | E25: =_xlfn.XLOOKUP(C25,$N$2:$N$27,$Q$2:$Q$27,0,0,1) -> 0 | G25: =IF(LEFT(F25,1)="跳",RIGHT(F25,LEN(F25)-1)*10,_xlfn.XLOOKUP(F25,$N$2:$N$27,$O$2:$O$27,0,0,1))*IF($L25="是",0.8,1) -> 0 | H25: =_xlfn.XLOOKUP(F25,$N$2:$N$27,$Q$2:$Q$27,0,0,1) -> 0 | J25: =IF(LEFT(I25,1)="跳",RIGHT(I25,LEN(I25)-1)*10,_xlfn.XLOOKUP(I25,$N$2:$N$27,$O$2:$O$27,0,0,1))*IF($L25="是",0.8,1) -> 0 | K25: =_xlfn.XLOOKUP(I25,$N$2:$N$27,$Q$2:$Q$27,0,0,1) -> 0 | L25: 是 | N25: 塔3 | O25: 150 | P25: 45 | Q25: 1
B26: 23 | D26: =IF(LEFT(C26,1)="跳",RIGHT(C26,LEN(C26)-1)*10,_xlfn.XLOOKUP(C26,$N$2:$N$27,$O$2:$O$27,0,0,1))*IF($L26="是",0.8,1) -> 0 | E26: =_xlfn.XLOOKUP(C26,$N$2:$N$27,$Q$2:$Q$27,0,0,1) -> 0 | G26: =IF(LEFT(F26,1)="跳",RIGHT(F26,LEN(F26)-1)*10,_xlfn.XLOOKUP(F26,$N$2:$N$27,$O$2:$O$27,0,0,1))*IF($L26="是",0.8,1) -> 0 | H26: =_xlfn.XLOOKUP(F26,$N$2:$N$27,$Q$2:$Q$27,0,0,1) -> 0 | J26: =IF(LEFT(I26,1)="跳",RIGHT(I26,LEN(I26)-1)*10,_xlfn.XLOOKUP(I26,$N$2:$N$27,$O$2:$O$27,0,0,1))*IF($L26="是",0.8,1) -> 0 | K26: =_xlfn.XLOOKUP(I26,$N$2:$N$27,$Q$2:$Q$27,0,0,1) -> 0 | L26: 是 | N26: 空 | O26: 0 | P26: 0 | Q26: 0
B27: 24 | D27: =IF(LEFT(C27,1)="跳",RIGHT(C27,LEN(C27)-1)*10,_xlfn.XLOOKUP(C27,$N$2:$N$27,$O$2:$O$27,0,0,1))*IF($L27="是",0.8,1) -> 0 | E27: =_xlfn.XLOOKUP(C27,$N$2:$N$27,$Q$2:$Q$27,0,0,1) -> 0 | G27: =IF(LEFT(F27,1)="跳",RIGHT(F27,LEN(F27)-1)*10,_xlfn.XLOOKUP(F27,$N$2:$N$27,$O$2:$O$27,0,0,1))*IF($L27="是",0.8,1) -> 0 | H27: =_xlfn.XLOOKUP(F27,$N$2:$N$27,$Q$2:$Q$27,0,0,1) -> 0 | J27: =IF(LEFT(I27,1)="跳",RIGHT(I27,LEN(I27)-1)*10,_xlfn.XLOOKUP(I27,$N$2:$N$27,$O$2:$O$27,0,0,1))*IF($L27="是",0.8,1) -> 0 | K27: =_xlfn.XLOOKUP(I27,$N$2:$N$27,$Q$2:$Q$27,0,0,1) -> 0 | L27: 是 | N27: 历练 | O27: 50 | P27: 520 | Q27: 0
B28: 25 | D28: =IF(LEFT(C28,1)="跳",RIGHT(C28,LEN(C28)-1)*10,_xlfn.XLOOKUP(C28,$N$2:$N$27,$O$2:$O$27,0,0,1))*IF($L28="是",0.8,1) -> 0 | E28: =_xlfn.XLOOKUP(C28,$N$2:$N$27,$Q$2:$Q$27,0,0,1) -> 0 | G28: =IF(LEFT(F28,1)="跳",RIGHT(F28,LEN(F28)-1)*10,_xlfn.XLOOKUP(F28,$N$2:$N$27,$O$2:$O$27,0,0,1))*IF($L28="是",0.8,1) -> 0 | H28: =_xlfn.XLOOKUP(F28,$N$2:$N$27,$Q$2:$Q$27,0,0,1) -> 0 | J28: =IF(LEFT(I28,1)="跳",RIGHT(I28,LEN(I28)-1)*10,_xlfn.XLOOKUP(I28,$N$2:$N$27,$O$2:$O$27,0,0,1))*IF($L28="是",0.8,1) -> 0 | K28: =_xlfn.XLOOKUP(I28,$N$2:$N$27,$Q$2:$Q$27,0,0,1) -> 0 | L28: 是
B29: 小计 | D29: =SUM(D4:D28) -> 756 | E29: =SUM(E4:E28) -> 7 | G29: =SUM(G4:G28) -> 812 | H29: =SUM(H4:H28) -> 6 | J29: =SUM(J4:J28) -> 0 | K29: =SUM(K4:K28) -> 0
B30: 结束行动 | D30: =D1-E29 -> 3 | G30: =G1-H29 -> 12 | J30: =J1-K29 -> 14

Sheet 6.22
A1: {=MID(CELL("filename",A1),FIND("]",CELL("filename",A1))+1,255)} -> 6.22 | B1: 起始行动 | D1: {=MIN(18,INDIRECT("'"&A1-0.01&"'!D30")+6)} -> 9 | G1: {=MIN(18,INDIRECT("'"&A1-0.01&"'!G30")+6)} -> 18 | J1: {=MIN(18,INDIRECT("'"&A1-0.01&"'!J30")+6)} -> 18 | O1: 粮草 | P1: 经验 | Q1: 行动
A2: 起始粮草 | C2: 1队 | F2: 2队 | I2: 3队 | L2: 八卦齐 | N2: 1级 | O2: 150 | P2: 35 | Q2: 1
A3: {=INDIRECT("'"&A1-0.01&"'!A7")+1600} -> 2280 | C3: 操作流 | D3: 粮草 | E3: 行动 | F3: 操作流 | G3: 粮草 | H3: 行动 | I3: 操作流 | J3: 粮草 | K3: 行动 | N3: 2级 | O3: 160 | P3: 40 | Q3: 1
A4: 消耗粮草 | B4: 1 | D4: =IF(LEFT(C4,1)="跳",RIGHT(C4,LEN(C4)-1)*10,_xlfn.XLOOKUP(C4,$N$2:$N$27,$O$2:$O$27,0,0,1))*IF($L4="是",0.8,1) -> 0 | E4: =_xlfn.XLOOKUP(C4,$N$2:$N$27,$Q$2:$Q$27,0,0,1) -> 0 | G4: =IF(LEFT(F4,1)="跳",RIGHT(F4,LEN(F4)-1)*10,_xlfn.XLOOKUP(F4,$N$2:$N$27,$O$2:$O$27,0,0,1))*IF($L4="是",0.8,1) -> 0 | H4: =_xlfn.XLOOKUP(F4,$N$2:$N$27,$Q$2:$Q$27,0,0,1) -> 0 | J4: =IF(LEFT(I4,1)="跳",RIGHT(I4,LEN(I4)-1)*10,_xlfn.XLOOKUP(I4,$N$2:$N$27,$O$2:$O$27,0,0,1))*IF($L4="是",0.8,1) -> 0 | K4: =_xlfn.XLOOKUP(I4,$N$2:$N$27,$Q$2:$Q$27,0,0,1) -> 0 | L4: 是 | N4: 3级 | O4: 170 | P4: 45 | Q4: 1
A5: =D29+G29+J29 -> 2230 | B5: 2 | D5: =IF(LEFT(C5,1)="跳",RIGHT(C5,LEN(C5)-1)*10,_xlfn.XLOOKUP(C5,$N$2:$N$27,$O$2:$O$27,0,0,1))*IF($L5="是",0.8,1) -> 0 | E5: =_xlfn.XLOOKUP(C5,$N$2:$N$27,$Q$2:$Q$27,0,0,1) -> 0 | F5: 6级 | G5: =IF(LEFT(F5,1)="跳",RIGHT(F5,LEN(F5)-1)*10,_xlfn.XLOOKUP(F5,$N$2:$N$27,$O$2:$O$27,0,0,1))*IF($L5="是",0.8,1) -> 160 | H5: =_xlfn.XLOOKUP(F5,$N$2:$N$27,$Q$2:$Q$27,0,0,1) -> 1 | J5: =IF(LEFT(I5,1)="跳",RIGHT(I5,LEN(I5)-1)*10,_xlfn.XLOOKUP(I5,$N$2:$N$27,$O$2:$O$27,0,0,1))*IF($L5="是",0.8,1) -> 0 | K5: =_xlfn.XLOOKUP(I5,$N$2:$N$27,$Q$2:$Q$27,0,0,1) -> 0 | L5: 是 | N5: 4级 | O5: 180 | P5: 50 | Q5: 1
A6: 剩余粮草 | B6: 3 | D6: =IF(LEFT(C6,1)="跳",RIGHT(C6,LEN(C6)-1)*10,_xlfn.XLOOKUP(C6,$N$2:$N$27,$O$2:$O$27,0,0,1))*IF($L6="是",0.8,1) -> 0 | E6: =_xlfn.XLOOKUP(C6,$N$2:$N$27,$Q$2:$Q$27,0,0,1) -> 0 | F6: 6级 | G6: =IF(LEFT(F6,1)="跳",RIGHT(F6,LEN(F6)-1)*10,_xlfn.XLOOKUP(F6,$N$2:$N$27,$O$2:$O$27,0,0,1))*IF($L6="是",0.8,1) -> 160 | H6: =_xlfn.XLOOKUP(F6,$N$2:$N$27,$Q$2:$Q$27,0,0,1) -> 1 | J6: =IF(LEFT(I6,1)="跳",RIGHT(I6,LEN(I6)-1)*10,_xlfn.XLOOKUP(I6,$N$2:$N$27,$O$2:$O$27,0,0,1))*IF($L6="是",0.8,1) -> 0 | K6: =_xlfn.XLOOKUP(I6,$N$2:$N$27,$Q$2:$Q$27,0,0,1) -> 0 | L6: 是 | N6: 5级 | O6: 190 | P6: 55 | Q6: 1
A7: =A3-A5 -> 50 | B7: 4 | D7: =IF(LEFT(C7,1)="跳",RIGHT(C7,LEN(C7)-1)*10,_xlfn.XLOOKUP(C7,$N$2:$N$27,$O$2:$O$27,0,0,1))*IF($L7="是",0.8,1) -> 0 | E7: =_xlfn.XLOOKUP(C7,$N$2:$N$27,$Q$2:$Q$27,0,0,1) -> 0 | F7: 6级 | G7: =IF(LEFT(F7,1)="跳",RIGHT(F7,LEN(F7)-1)*10,_xlfn.XLOOKUP(F7,$N$2:$N$27,$O$2:$O$27,0,0,1))*IF($L7="是",0.8,1) -> 160 | H7: =_xlfn.XLOOKUP(F7,$N$2:$N$27,$Q$2:$Q$27,0,0,1) -> 1 | J7: =IF(LEFT(I7,1)="跳",RIGHT(I7,LEN(I7)-1)*10,_xlfn.XLOOKUP(I7,$N$2:$N$27,$O$2:$O$27,0,0,1))*IF($L7="是",0.8,1) -> 0 | K7: =_xlfn.XLOOKUP(I7,$N$2:$N$27,$Q$2:$Q$27,0,0,1) -> 0 | L7: 是 | N7: 6级 | O7: 200 | P7: 60 | Q7: 1
B8: 5 | D8: =IF(LEFT(C8,1)="跳",RIGHT(C8,LEN(C8)-1)*10,_xlfn.XLOOKUP(C8,$N$2:$N$27,$O$2:$O$27,0,0,1))*IF($L8="是",0.8,1) -> 0 | E8: =_xlfn.XLOOKUP(C8,$N$2:$N$27,$Q$2:$Q$27,0,0,1) -> 0 | F8: 6级 | G8: =IF(LEFT(F8,1)="跳",RIGHT(F8,LEN(F8)-1)*10,_xlfn.XLOOKUP(F8,$N$2:$N$27,$O$2:$O$27,0,0,1))*IF($L8="是",0.8,1) -> 160 | H8: =_xlfn.XLOOKUP(F8,$N$2:$N$27,$Q$2:$Q$27,0,0,1) -> 1 | J8: =IF(LEFT(I8,1)="跳",RIGHT(I8,LEN(I8)-1)*10,_xlfn.XLOOKUP(I8,$N$2:$N$27,$O$2:$O$27,0,0,1))*IF($L8="是",0.8,1) -> 0 | K8: =_xlfn.XLOOKUP(I8,$N$2:$N$27,$Q$2:$Q$27,0,0,1) -> 0 | L8: 是 | N8: 草1 | O8: 150 | P8: 35 | Q8: 1
B9: 6 | D9: =IF(LEFT(C9,1)="跳",RIGHT(C9,LEN(C9)-1)*10,_xlfn.XLOOKUP(C9,$N$2:$N$27,$O$2:$O$27,0,0,1))*IF($L9="是",0.8,1) -> 0 | E9: =_xlfn.XLOOKUP(C9,$N$2:$N$27,$Q$2:$Q$27,0,0,1) -> 0 | F9: 6级 | G9: =IF(LEFT(F9,1)="跳",RIGHT(F9,LEN(F9)-1)*10,_xlfn.XLOOKUP(F9,$N$2:$N$27,$O$2:$O$27,0,0,1))*IF($L9="是",0.8,1) -> 160 | H9: =_xlfn.XLOOKUP(F9,$N$2:$N$27,$Q$2:$Q$27,0,0,1) -> 1 | J9: =IF(LEFT(I9,1)="跳",RIGHT(I9,LEN(I9)-1)*10,_xlfn.XLOOKUP(I9,$N$2:$N$27,$O$2:$O$27,0,0,1))*IF($L9="是",0.8,1) -> 0 | K9: =_xlfn.XLOOKUP(I9,$N$2:$N$27,$Q$2:$Q$27,0,0,1) -> 0 | L9: 是 | N9: 草2 | O9: 150 | P9: 40 | Q9: 1
B10: 7 | D10: =IF(LEFT(C10,1)="跳",RIGHT(C10,LEN(C10)-1)*10,_xlfn.XLOOKUP(C10,$N$2:$N$27,$O$2:$O$27,0,0,1))*IF($L10="是",0.8,1) -> 0 | E10: =_xlfn.XLOOKUP(C10,$N$2:$N$27,$Q$2:$Q$27,0,0,1) -> 0 | F10: 商人 | G10: =IF(LEFT(F10,1)="跳",RIGHT(F10,LEN(F10)-1)*10,_xlfn.XLOOKUP(F10,$N$2:$N$27,$O$2:$O$27,0,0,1))*IF($L10="是",0.8,1) -> 40 | H10: =_xlfn.XLOOKUP(F10,$N$2:$N$27,$Q$2:$Q$27,0,0,1) -> 1 | J10: =IF(LEFT(I10,1)="跳",RIGHT(I10,LEN(I10)-1)*10,_xlfn.XLOOKUP(I10,$N$2:$N$27,$O$2:$O$27,0,0,1))*IF($L10="是",0.8,1) -> 0 | K10: =_xlfn.XLOOKUP(I10,$N$2:$N$27,$Q$2:$Q$27,0,0,1) -> 0 | L10: 是 | N10: 草3 | O10: 150 | P10: 45 | Q10: 1
B11: 8 | D11: =IF(LEFT(C11,1)="跳",RIGHT(C11,LEN(C11)-1)*10,_xlfn.XLOOKUP(C11,$N$2:$N$27,$O$2:$O$27,0,0,1))*IF($L11="是",0.8,1) -> 0 | E11: =_xlfn.XLOOKUP(C11,$N$2:$N$27,$Q$2:$Q$27,0,0,1) -> 0 | F11: 6级 | G11: =IF(LEFT(F11,1)="跳",RIGHT(F11,LEN(F11)-1)*10,_xlfn.XLOOKUP(F11,$N$2:$N$27,$O$2:$O$27,0,0,1))*IF($L11="是",0.8,1) -> 160 | H11: =_xlfn.XLOOKUP(F11,$N$2:$N$27,$Q$2:$Q$27,0,0,1) -> 1 | J11: =IF(LEFT(I11,1)="跳",RIGHT(I11,LEN(I11)-1)*10,_xlfn.XLOOKUP(I11,$N$2:$N$27,$O$2:$O$27,0,0,1))*IF($L11="是",0.8,1) -> 0 | K11: =_xlfn.XLOOKUP(I11,$N$2:$N$27,$Q$2:$Q$27,0,0,1) -> 0 | L11: 是 | N11: 草4 | O11: 150 | P11: 50 | Q11: 1
B12: 9 | D12: =IF(LEFT(C12,1)="跳",RIGHT(C12,LEN(C12)-1)*10,_xlfn.XLOOKUP(C12,$N$2:$N$27,$O$2:$O$27,0,0,1))*IF($L12="是",0.8,1) -> 0 | E12: =_xlfn.XLOOKUP(C12,$N$2:$N$27,$Q$2:$Q$27,0,0,1) -> 0 | F12: 6级 | G12: =IF(LEFT(F12,1)="跳",RIGHT(F12,LEN(F12)-1)*10,_xlfn.XLOOKUP(F12,$N$2:$N$27,$O$2:$O$27,0,0,1))*IF($L12="是",0.8,1) -> 160 | H12: =_xlfn.XLOOKUP(F12,$N$2:$N$27,$Q$2:$Q$27,0,0,1) -> 1 | J12: =IF(LEFT(I12,1)="跳",RIGHT(I12,LEN(I12)-1)*10,_xlfn.XLOOKUP(I12,$N$2:$N$27,$O$2:$O$27,0,0,1))*IF($L12="是",0.8,1) -> 0 | K12: =_xlfn.XLOOKUP(I12,$N$2:$N$27,$Q$2:$Q$27,0,0,1) -> 0 | L12: 是 | N12: 草5 | O12: 150 | P12: 55 | Q12: 1
B13: 10 | D13: =IF(LEFT(C13,1)="跳",RIGHT(C13,LEN(C13)-1)*10,_xlfn.XLOOKUP(C13,$N$2:$N$27,$O$2:$O$27,0,0,1))*IF($L13="是",0.8,1) -> 0 | E13: =_xlfn.XLOOKUP(C13,$N$2:$N$27,$Q$2:$Q$27,0,0,1) -> 0 | F13: 6级 | G13: =IF(LEFT(F13,1)="跳",RIGHT(F13,LEN(F13)-1)*10,_xlfn.XLOOKUP(F13,$N$2:$N$27,$O$2:$O$27,0,0,1))*IF($L13="是",0.8,1) -> 160 | H13: =_xlfn.XLOOKUP(F13,$N$2:$N$27,$Q$2:$Q$27,0,0,1) -> 1 | J13: =IF(LEFT(I13,1)="跳",RIGHT(I13,LEN(I13)-1)*10,_xlfn.XLOOKUP(I13,$N$2:$N$27,$O$2:$O$27,0,0,1))*IF($L13="是",0.8,1) -> 0 | K13: =_xlfn.XLOOKUP(I13,$N$2:$N$27,$Q$2:$Q$27,0,0,1) -> 0 | L13: 是 | N13: 草6 | O13: 150 | P13: 60 | Q13: 1
B14: 11 | D14: =IF(LEFT(C14,1)="跳",RIGHT(C14,LEN(C14)-1)*10,_xlfn.XLOOKUP(C14,$N$2:$N$27,$O$2:$O$27,0,0,1))*IF($L14="是",0.8,1) -> 0 | E14: =_xlfn.XLOOKUP(C14,$N$2:$N$27,$Q$2:$Q$27,0,0,1) -> 0 | F14: 6级 | G14: =IF(LEFT(F14,1)="跳",RIGHT(F14,LEN(F14)-1)*10,_xlfn.XLOOKUP(F14,$N$2:$N$27,$O$2:$O$27,0,0,1))*IF($L14="是",0.8,1) -> 160 | H14: =_xlfn.XLOOKUP(F14,$N$2:$N$27,$Q$2:$Q$27,0,0,1) -> 1 | J14: =IF(LEFT(I14,1)="跳",RIGHT(I14,LEN(I14)-1)*10,_xlfn.XLOOKUP(I14,$N$2:$N$27,$O$2:$O$27,0,0,1))*IF($L14="是",0.8,1) -> 0 | K14: =_xlfn.XLOOKUP(I14,$N$2:$N$27,$Q$2:$Q$27,0,0,1) -> 0 | L14: 是 | N14: 遗迹 | O14: 150 | P14: 40 | Q14: 1
B15: 12 | D15: =IF(LEFT(C15,1)="跳",RIGHT(C15,LEN(C15)-1)*10,_xlfn.XLOOKUP(C15,$N$2:$N$27,$O$2:$O$27,0,0,1))*IF($L15="是",0.8,1) -> 0 | E15: =_xlfn.XLOOKUP(C15,$N$2:$N$27,$Q$2:$Q$27,0,0,1) -> 0 | F15: 6级 | G15: =IF(LEFT(F15,1)="跳",RIGHT(F15,LEN(F15)-1)*10,_xlfn.XLOOKUP(F15,$N$2:$N$27,$O$2:$O$27,0,0,1))*IF($L15="是",0.8,1) -> 160 | H15: =_xlfn.XLOOKUP(F15,$N$2:$N$27,$Q$2:$Q$27,0,0,1) -> 1 | J15: =IF(LEFT(I15,1)="跳",RIGHT(I15,LEN(I15)-1)*10,_xlfn.XLOOKUP(I15,$N$2:$N$27,$O$2:$O$27,0,0,1))*IF($L15="是",0.8,1) -> 0 | K15: =_xlfn.XLOOKUP(I15,$N$2:$N$27,$Q$2:$Q$27,0,0,1) -> 0 | L15: 是 | N15: 商人 | O15: 50 | P15: 30 | Q15: 1
B16: 13 | D16: =IF(LEFT(C16,1)="跳",RIGHT(C16,LEN(C16)-1)*10,_xlfn.XLOOKUP(C16,$N$2:$N$27,$O$2:$O$27,0,0,1))*IF($L16="是",0.8,1) -> 0 | E16: =_xlfn.XLOOKUP(C16,$N$2:$N$27,$Q$2:$Q$27,0,0,1) -> 0 | F16: 6级 | G16: =IF(LEFT(F16,1)="跳",RIGHT(F16,LEN(F16)-1)*10,_xlfn.XLOOKUP(F16,$N$2:$N$27,$O$2:$O$27,0,0,1))*IF($L16="是",0.8,1) -> 160 | H16: =_xlfn.XLOOKUP(F16,$N$2:$N$27,$Q$2:$Q$27,0,0,1) -> 1 | J16: =IF(LEFT(I16,1)="跳",RIGHT(I16,LEN(I16)-1)*10,_xlfn.XLOOKUP(I16,$N$2:$N$27,$O$2:$O$27,0,0,1))*IF($L16="是",0.8,1) -> 0 | K16: =_xlfn.XLOOKUP(I16,$N$2:$N$27,$Q$2:$Q$27,0,0,1) -> 0 | L16: 是 | N16: 营地 | O16: -250 | P16: 0 | Q16: -1
B17: 14 | D17: =IF(LEFT(C17,1)="跳",RIGHT(C17,LEN(C17)-1)*10,_xlfn.XLOOKUP(C17,$N$2:$N$27,$O$2:$O$27,0,0,1))*IF($L17="是",0.8,1) -> 0 | E17: =_xlfn.XLOOKUP(C17,$N$2:$N$27,$Q$2:$Q$27,0,0,1) -> 0 | F17: 营地 | G17: =IF(LEFT(F17,1)="跳",RIGHT(F17,LEN(F17)-1)*10,_xlfn.XLOOKUP(F17,$N$2:$N$27,$O$2:$O$27,0,0,1))*IF($L17="是",0.8,1)-10 -> -210 | H17: =_xlfn.XLOOKUP(F17,$N$2:$N$27,$Q$2:$Q$27,0,0,1) -> -1 | J17: =IF(LEFT(I17,1)="跳",RIGHT(I17,LEN(I17)-1)*10,_xlfn.XLOOKUP(I17,$N$2:$N$27,$O$2:$O$27,0,0,1))*IF($L17="是",0.8,1) -> 0 | K17: =_xlfn.XLOOKUP(I17,$N$2:$N$27,$Q$2:$Q$27,0,0,1) -> 0 | L17: 是 | N17: 大卦 | O17: 250 | P17: 300 | Q17: 1
B18: 15 | D18: =IF(LEFT(C18,1)="跳",RIGHT(C18,LEN(C18)-1)*10,_xlfn.XLOOKUP(C18,$N$2:$N$27,$O$2:$O$27,0,0,1))*IF($L18="是",0.8,1) -> 0 | E18: =_xlfn.XLOOKUP(C18,$N$2:$N$27,$Q$2:$Q$27,0,0,1) -> 0 | F18: 6级 | G18: =IF(LEFT(F18,1)="跳",RIGHT(F18,LEN(F18)-1)*10,_xlfn.XLOOKUP(F18,$N$2:$N$27,$O$2:$O$27,0,0,1))*IF($L18="是",0.8,1) -> 160 | H18: =_xlfn.XLOOKUP(F18,$N$2:$N$27,$Q$2:$Q$27,0,0,1) -> 1 | J18: =IF(LEFT(I18,1)="跳",RIGHT(I18,LEN(I18)-1)*10,_xlfn.XLOOKUP(I18,$N$2:$N$27,$O$2:$O$27,0,0,1))*IF($L18="是",0.8,1) -> 0 | K18: =_xlfn.XLOOKUP(I18,$N$2:$N$27,$Q$2:$Q$27,0,0,1) -> 0 | L18: 是 | N18: 3级卦 | O18: 170 | P18: 45 | Q18: 1
B19: 16 | D19: =IF(LEFT(C19,1)="跳",RIGHT(C19,LEN(C19)-1)*10,_xlfn.XLOOKUP(C19,$N$2:$N$27,$O$2:$O$27,0,0,1))*IF($L19="是",0.8,1) -> 0 | E19: =_xlfn.XLOOKUP(C19,$N$2:$N$27,$Q$2:$Q$27,0,0,1) -> 0 | F19: 6级 | G19: =IF(LEFT(F19,1)="跳",RIGHT(F19,LEN(F19)-1)*10,_xlfn.XLOOKUP(F19,$N$2:$N$27,$O$2:$O$27,0,0,1))*IF($L19="是",0.8,1) -> 160 | H19: =_xlfn.XLOOKUP(F19,$N$2:$N$27,$Q$2:$Q$27,0,0,1) -> 1 | J19: =IF(LEFT(I19,1)="跳",RIGHT(I19,LEN(I19)-1)*10,_xlfn.XLOOKUP(I19,$N$2:$N$27,$O$2:$O$27,0,0,1))*IF($L19="是",0.8,1) -> 0 | K19: =_xlfn.XLOOKUP(I19,$N$2:$N$27,$Q$2:$Q$27,0,0,1) -> 0 | L19: 是 | N19: 巨卦 | O19: 250 | P19: 400 | Q19: 1
B20: 17 | D20: =IF(LEFT(C20,1)="跳",RIGHT(C20,LEN(C20)-1)*10,_xlfn.XLOOKUP(C20,$N$2:$N$27,$O$2:$O$27,0,0,1))*IF($L20="是",0.8,1) -> 0 | E20: =_xlfn.XLOOKUP(C20,$N$2:$N$27,$Q$2:$Q$27,0,0,1) -> 0 | F20: 6级 | G20: =IF(LEFT(F20,1)="跳",RIGHT(F20,LEN(F20)-1)*10,_xlfn.XLOOKUP(F20,$N$2:$N$27,$O$2:$O$27,0,0,1))*IF($L20="是",0.8,1) -> 160 | H20: =_xlfn.XLOOKUP(F20,$N$2:$N$27,$Q$2:$Q$27,0,0,1) -> 1 | J20: =IF(LEFT(I20,1)="跳",RIGHT(I20,LEN(I20)-1)*10,_xlfn.XLOOKUP(I20,$N$2:$N$27,$O$2:$O$27,0,0,1))*IF($L20="是",0.8,1) -> 0 | K20: =_xlfn.XLOOKUP(I20,$N$2:$N$27,$Q$2:$Q$27,0,0,1) -> 0 | L20: 是 | N20: 大boss | O20: 250 | P20: 1000 | Q20: 1
B21: 18 | D21: =IF(LEFT(C21,1)="跳",RIGHT(C21,LEN(C21)-1)*10,_xlfn.XLOOKUP(C21,$N$2:$N$27,$O$2:$O$27,0,0,1))*IF($L21="是",0.8,1) -> 0 | E21: =_xlfn.XLOOKUP(C21,$N$2:$N$27,$Q$2:$Q$27,0,0,1) -> 0 | F21: 6级 | G21: =IF(LEFT(F21,1)="跳",RIGHT(F21,LEN(F21)-1)*10,_xlfn.XLOOKUP(F21,$N$2:$N$27,$O$2:$O$27,0,0,1))*IF($L21="是",0.8,1) -> 160 | H21: =_xlfn.XLOOKUP(F21,$N$2:$N$27,$Q$2:$Q$27,0,0,1) -> 1 | J21: =IF(LEFT(I21,1)="跳",RIGHT(I21,LEN(I21)-1)*10,_xlfn.XLOOKUP(I21,$N$2:$N$27,$O$2:$O$27,0,0,1))*IF($L21="是",0.8,1) -> 0 | K21: =_xlfn.XLOOKUP(I21,$N$2:$N$27,$Q$2:$Q$27,0,0,1) -> 0 | L21: 是 | N21: 中boss | O21: 250 | P21: 500 | Q21: 1
B22: 19 | D22: =IF(LEFT(C22,1)="跳",RIGHT(C22,LEN(C22)-1)*10,_xlfn.XLOOKUP(C22,$N$2:$N$27,$O$2:$O$27,0,0,1))*IF($L22="是",0.8,1) -> 0 | E22: =_xlfn.XLOOKUP(C22,$N$2:$N$27,$Q$2:$Q$27,0,0,1) -> 0 | G22: =IF(LEFT(F22,1)="跳",RIGHT(F22,LEN(F22)-1)*10,_xlfn.XLOOKUP(F22,$N$2:$N$27,$O$2:$O$27,0,0,1))*IF($L22="是",0.8,1) -> 0 | H22: =_xlfn.XLOOKUP(F22,$N$2:$N$27,$Q$2:$Q$27,0,0,1) -> 0 | J22: =IF(LEFT(I22,1)="跳",RIGHT(I22,LEN(I22)-1)*10,_xlfn.XLOOKUP(I22,$N$2:$N$27,$O$2:$O$27,0,0,1))*IF($L22="是",0.8,1) -> 0 | K22: =_xlfn.XLOOKUP(I22,$N$2:$N$27,$Q$2:$Q$27,0,0,1) -> 0 | L22: 是 | N22: 4级卦 | O22: 180 | P22: 50 | Q22: 1
B23: 20 | D23: =IF(LEFT(C23,1)="跳",RIGHT(C23,LEN(C23)-1)*10,_xlfn.XLOOKUP(C23,$N$2:$N$27,$O$2:$O$27,0,0,1))*IF($L23="是",0.8,1) -> 0 | E23: =_xlfn.XLOOKUP(C23,$N$2:$N$27,$Q$2:$Q$27,0,0,1) -> 0 | G23: =IF(LEFT(F23,1)="跳",RIGHT(F23,LEN(F23)-1)*10,_xlfn.XLOOKUP(F23,$N$2:$N$27,$O$2:$O$27,0,0,1))*IF($L23="是",0.8,1) -> 0 | H23: =_xlfn.XLOOKUP(F23,$N$2:$N$27,$Q$2:$Q$27,0,0,1) -> 0 | J23: =IF(LEFT(I23,1)="跳",RIGHT(I23,LEN(I23)-1)*10,_xlfn.XLOOKUP(I23,$N$2:$N$27,$O$2:$O$27,0,0,1))*IF($L23="是",0.8,1) -> 0 | K23: =_xlfn.XLOOKUP(I23,$N$2:$N$27,$Q$2:$Q$27,0,0,1) -> 0 | L23: 是 | N23: 塔1 | O23: 160 | P23: 35 | Q23: 1
B24: 21 | D24: =IF(LEFT(C24,1)="跳",RIGHT(C24,LEN(C24)-1)*10,_xlfn.XLOOKUP(C24,$N$2:$N$27,$O$2:$O$27,0,0,1))*IF($L24="是",0.8,1) -> 0 | E24: =_xlfn.XLOOKUP(C24,$N$2:$N$27,$Q$2:$Q$27,0,0,1) -> 0 | G24: =IF(LEFT(F24,1)="跳",RIGHT(F24,LEN(F24)-1)*10,_xlfn.XLOOKUP(F24,$N$2:$N$27,$O$2:$O$27,0,0,1))*IF($L24="是",0.8,1) -> 0 | H24: =_xlfn.XLOOKUP(F24,$N$2:$N$27,$Q$2:$Q$27,0,0,1) -> 0 | J24: =IF(LEFT(I24,1)="跳",RIGHT(I24,LEN(I24)-1)*10,_xlfn.XLOOKUP(I24,$N$2:$N$27,$O$2:$O$27,0,0,1))*IF($L24="是",0.8,1) -> 0 | K24: =_xlfn.XLOOKUP(I24,$N$2:$N$27,$Q$2:$Q$27,0,0,1) -> 0 | L24: 是 | N24: 塔2 | O24: 150 | P24: 40 | Q24: 1
B25: 22 | D25: =IF(LEFT(C25,1)="跳",RIGHT(C25,LEN(C25)-1)*10,_xlfn.XLOOKUP(C25,$N$2:$N$27,$O$2:$O$27,0,0,1))*IF($L25="是",0.8,1) -> 0 | E25: =_xlfn.XLOOKUP(C25,$N$2:$N$27,$Q$2:$Q$27,0,0,1) -> 0 | G25: =IF(LEFT(F25,1)="跳",RIGHT(F25,LEN(F25)-1)*10,_xlfn.XLOOKUP(F25,$N$2:$N$27,$O$2:$O$27,0,0,1))*IF($L25="是",0.8,1) -> 0 | H25: =_xlfn.XLOOKUP(F25,$N$2:$N$27,$Q$2:$Q$27,0,0,1) -> 0 | J25: =IF(LEFT(I25,1)="跳",RIGHT(I25,LEN(I25)-1)*10,_xlfn.XLOOKUP(I25,$N$2:$N$27,$O$2:$O$27,0,0,1))*IF($L25="是",0.8,1) -> 0 | K25: =_xlfn.XLOOKUP(I25,$N$2:$N$27,$Q$2:$Q$27,0,0,1) -> 0 | L25: 是 | N25: 塔3 | O25: 150 | P25: 45 | Q25: 1
B26: 23 | D26: =IF(LEFT(C26,1)="跳",RIGHT(C26,LEN(C26)-1)*10,_xlfn.XLOOKUP(C26,$N$2:$N$27,$O$2:$O$27,0,0,1))*IF($L26="是",0.8,1) -> 0 | E26: =_xlfn.XLOOKUP(C26,$N$2:$N$27,$Q$2:$Q$27,0,0,1) -> 0 | G26: =IF(LEFT(F26,1)="跳",RIGHT(F26,LEN(F26)-1)*10,_xlfn.XLOOKUP(F26,$N$2:$N$27,$O$2:$O$27,0,0,1))*IF($L26="是",0.8,1) -> 0 | H26: =_xlfn.XLOOKUP(F26,$N$2:$N$27,$Q$2:$Q$27,0,0,1) -> 0 | J26: =IF(LEFT(I26,1)="跳",RIGHT(I26,LEN(I26)-1)*10,_xlfn.XLOOKUP(I26,$N$2:$N$27,$O$2:$O$27,0,0,1))*IF($L26="是",0.8,1) -> 0 | K26: =_xlfn.XLOOKUP(I26,$N$2:$N$27,$Q$2:$Q$27,0,0,1) -> 0 | L26: 是 | N26: 空 | O26: 0 | P26: 0 | Q26: 0
B27: 24 | D27: =IF(LEFT(C27,1)="跳",RIGHT(C27,LEN(C27)-1)*10,_xlfn.XLOOKUP(C27,$N$2:$N$27,$O$2:$O$27,0,0,1))*IF($L27="是",0.8,1) -> 0 | E27: =_xlfn.XLOOKUP(C27,$N$2:$N$27,$Q$2:$Q$27,0,0,1) -> 0 | G27: =IF(LEFT(F27,1)="跳",RIGHT(F27,LEN(F27)-1)*10,_xlfn.XLOOKUP(F27,$N$2:$N$27,$O$2:$O$27,0,0,1))*IF($L27="是",0.8,1) -> 0 | H27: =_xlfn.XLOOKUP(F27,$N$2:$N$27,$Q$2:$Q$27,0,0,1) -> 0 | J27: =IF(LEFT(I27,1)="跳",RIGHT(I27,LEN(I27)-1)*10,_xlfn.XLOOKUP(I27,$N$2:$N$27,$O$2:$O$27,0,0,1))*IF($L27="是",0.8,1) -> 0 | K27: =_xlfn.XLOOKUP(I27,$N$2:$N$27,$Q$2:$Q$27,0,0,1) -> 0 | L27: 是 | N27: 历练 | O27: 50 | P27: 520 | Q27: 0
B28: 25 | D28: =IF(LEFT(C28,1)="跳",RIGHT(C28,LEN(C28)-1)*10,_xlfn.XLOOKUP(C28,$N$2:$N$27,$O$2:$O$27,0,0,1))*IF($L28="是",0.8,1) -> 0 | E28: =_xlfn.XLOOKUP(C28,$N$2:$N$27,$Q$2:$Q$27,0,0,1) -> 0 | G28: =IF(LEFT(F28,1)="跳",RIGHT(F28,LEN(F28)-1)*10,_xlfn.XLOOKUP(F28,$N$2:$N$27,$O$2:$O$27,0,0,1))*IF($L28="是",0.8,1) -> 0 | H28: =_xlfn.XLOOKUP(F28,$N$2:$N$27,$Q$2:$Q$27,0,0,1) -> 0 | J28: =IF(LEFT(I28,1)="跳",RIGHT(I28,LEN(I28)-1)*10,_xlfn.XLOOKUP(I28,$N$2:$N$27,$O$2:$O$27,0,0,1))*IF($L28="是",0.8,1) -> 0 | K28: =_xlfn.XLOOKUP(I28,$N$2:$N$27,$Q$2:$Q$27,0,0,1) -> 0 | L28: 是
B29: 小计 | D29: =SUM(D4:D28) -> 0 | E29: =SUM(E4:E28) -> 0 | G29: =SUM(G4:G28) -> 2230 | H29: =SUM(H4:H28) -> 15 | J29: =SUM(J4:J28) -> 0 | K29: =SUM(K4:K28) -> 0
B30: 结束行动 | D30: =D1-E29 -> 9 | G30: =G1-H29 -> 3 | J30: =J1-K29 -> 18

Sheet 6.23
A1: {=MID(CELL("filename",A1),FIND("]",CELL("filename",A1))+1,255)} -> 6.23 | B1: 起始行动 | D1: {=MIN(18,INDIRECT("'"&A1-0.01&"'!D30")+6)} -> 15 | G1: {=MIN(18,INDIRECT("'"&A1-0.01&"'!G30")+6)} -> 9 | J1: {=MIN(18,INDIRECT("'"&A1-0.01&"'!J30")+6)} -> 18 | O1: 粮草 | P1: 经验 | Q1: 行动
A2: 起始粮草 | C2: 1队 | F2: 2队 | I2: 3队 | L2: 八卦齐 | N2: 1级 | O2: 150 | P2: 35 | Q2: 1
A3: {=INDIRECT("'"&A1-0.01&"'!A7")+1600} -> 1650 | C3: 操作流 | D3: 粮草 | E3: 行动 | F3: 操作流 | G3: 粮草 | H3: 行动 | I3: 操作流 | J3: 粮草 | K3: 行动 | N3: 2级 | O3: 160 | P3: 40 | Q3: 1
A4: 消耗粮草 | B4: 1 | D4: =IF(LEFT(C4,1)="跳",RIGHT(C4,LEN(C4)-1)*10,_xlfn.XLOOKUP(C4,$N$2:$N$27,$O$2:$O$27,0,0,1))*IF($L4="是",0.8,1) -> 0 | E4: =_xlfn.XLOOKUP(C4,$N$2:$N$27,$Q$2:$Q$27,0,0,1) -> 0 | F4: 6级 | G4: =IF(LEFT(F4,1)="跳",RIGHT(F4,LEN(F4)-1)*10,_xlfn.XLOOKUP(F4,$N$2:$N$27,$O$2:$O$27,0,0,1))*IF($L4="是",0.8,1) -> 160 | H4: =_xlfn.XLOOKUP(F4,$N$2:$N$27,$Q$2:$Q$27,0,0,1) -> 1 | I4: 3级 | J4: =IF(LEFT(I4,1)="跳",RIGHT(I4,LEN(I4)-1)*10,_xlfn.XLOOKUP(I4,$N$2:$N$27,$O$2:$O$27,0,0,1))*IF($L4="是",0.8,1) -> 136 | K4: =_xlfn.XLOOKUP(I4,$N$2:$N$27,$Q$2:$Q$27,0,0,1) -> 1 | L4: 是 | N4: 3级 | O4: 170 | P4: 45 | Q4: 1
A5: =D29+G29+J29 -> 1528 | B5: 2 | D5: =IF(LEFT(C5,1)="跳",RIGHT(C5,LEN(C5)-1)*10,_xlfn.XLOOKUP(C5,$N$2:$N$27,$O$2:$O$27,0,0,1))*IF($L5="是",0.8,1) -> 0 | E5: =_xlfn.XLOOKUP(C5,$N$2:$N$27,$Q$2:$Q$27,0,0,1) -> 0 | F5: 5级 | G5: =IF(LEFT(F5,1)="跳",RIGHT(F5,LEN(F5)-1)*10,_xlfn.XLOOKUP(F5,$N$2:$N$27,$O$2:$O$27,0,0,1))*IF($L5="是",0.8,1) -> 152 | H5: =_xlfn.XLOOKUP(F5,$N$2:$N$27,$Q$2:$Q$27,0,0,1) -> 1 | I5: 3级 | J5: =IF(LEFT(I5,1)="跳",RIGHT(I5,LEN(I5)-1)*10,_xlfn.XLOOKUP(I5,$N$2:$N$27,$O$2:$O$27,0,0,1))*IF($L5="是",0.8,1) -> 136 | K5: =_xlfn.XLOOKUP(I5,$N$2:$N$27,$Q$2:$Q$27,0,0,1) -> 1 | L5: 是 | N5: 4级 | O5: 180 | P5: 50 | Q5: 1
A6: 剩余粮草 | B6: 3 | D6: =IF(LEFT(C6,1)="跳",RIGHT(C6,LEN(C6)-1)*10,_xlfn.XLOOKUP(C6,$N$2:$N$27,$O$2:$O$27,0,0,1))*IF($L6="是",0.8,1) -> 0 | E6: =_xlfn.XLOOKUP(C6,$N$2:$N$27,$Q$2:$Q$27,0,0,1) -> 0 | F6: 5级 | G6: =IF(LEFT(F6,1)="跳",RIGHT(F6,LEN(F6)-1)*10,_xlfn.XLOOKUP(F6,$N$2:$N$27,$O$2:$O$27,0,0,1))*IF($L6="是",0.8,1) -> 152 | H6: =_xlfn.XLOOKUP(F6,$N$2:$N$27,$Q$2:$Q$27,0,0,1) -> 1 | I6: 3级 | J6: =IF(LEFT(I6,1)="跳",RIGHT(I6,LEN(I6)-1)*10,_xlfn.XLOOKUP(I6,$N$2:$N$27,$O$2:$O$27,0,0,1))*IF($L6="是",0.8,1) -> 136 | K6: =_xlfn.XLOOKUP(I6,$N$2:$N$27,$Q$2:$Q$27,0,0,1) -> 1 | L6: 是 | N6: 5级 | O6: 190 | P6: 55 | Q6: 1
A7: =A3-A5 -> 122 | B7: 4 | D7: =IF(LEFT(C7,1)="跳",RIGHT(C7,LEN(C7)-1)*10,_xlfn.XLOOKUP(C7,$N$2:$N$27,$O$2:$O$27,0,0,1))*IF($L7="是",0.8,1) -> 0 | E7: =_xlfn.XLOOKUP(C7,$N$2:$N$27,$Q$2:$Q$27,0,0,1) -> 0 | F7: 6级 | G7: =IF(LEFT(F7,1)="跳",RIGHT(F7,LEN(F7)-1)*10,_xlfn.XLOOKUP(F7,$N$2:$N$27,$O$2:$O$27,0,0,1))*IF($L7="是",0.8,1) -> 160 | H7: =_xlfn.XLOOKUP(F7,$N$2:$N$27,$Q$2:$Q$27,0,0,1) -> 1 | I7: 商人 | J7: =IF(LEFT(I7,1)="跳",RIGHT(I7,LEN(I7)-1)*10,_xlfn.XLOOKUP(I7,$N$2:$N$27,$O$2:$O$27,0,0,1))*IF($L7="是",0.8,1) -> 40 | K7: =_xlfn.XLOOKUP(I7,$N$2:$N$27,$Q$2:$Q$27,0,0,1) -> 1 | L7: 是 | N7: 6级 | O7: 200 | P7: 60 | Q7: 1
B8: 5 | D8: =IF(LEFT(C8,1)="跳",RIGHT(C8,LEN(C8)-1)*10,_xlfn.XLOOKUP(C8,$N$2:$N$27,$O$2:$O$27,0,0,1))*IF($L8="是",0.8,1) -> 0 | E8: =_xlfn.XLOOKUP(C8,$N$2:$N$27,$Q$2:$Q$27,0,0,1) -> 0 | F8: 6级 | G8: =IF(LEFT(F8,1)="跳",RIGHT(F8,LEN(F8)-1)*10,_xlfn.XLOOKUP(F8,$N$2:$N$27,$O$2:$O$27,0,0,1))*IF($L8="是",0.8,1) -> 160 | H8: =_xlfn.XLOOKUP(F8,$N$2:$N$27,$Q$2:$Q$27,0,0,1) -> 1 | I8: 3级 | J8: =IF(LEFT(I8,1)="跳",RIGHT(I8,LEN(I8)-1)*10,_xlfn.XLOOKUP(I8,$N$2:$N$27,$O$2:$O$27,0,0,1))*IF($L8="是",0.8,1) -> 136 | K8: =_xlfn.XLOOKUP(I8,$N$2:$N$27,$Q$2:$Q$27,0,0,1) -> 1 | L8: 是 | N8: 草1 | O8: 150 | P8: 35 | Q8: 1
B9: 6 | D9: =IF(LEFT(C9,1)="跳",RIGHT(C9,LEN(C9)-1)*10,_xlfn.XLOOKUP(C9,$N$2:$N$27,$O$2:$O$27,0,0,1))*IF($L9="是",0.8,1) -> 0 | E9: =_xlfn.XLOOKUP(C9,$N$2:$N$27,$Q$2:$Q$27,0,0,1) -> 0 | F9: 6级 | G9: =IF(LEFT(F9,1)="跳",RIGHT(F9,LEN(F9)-1)*10,_xlfn.XLOOKUP(F9,$N$2:$N$27,$O$2:$O$27,0,0,1))*IF($L9="是",0.8,1) -> 160 | H9: =_xlfn.XLOOKUP(F9,$N$2:$N$27,$Q$2:$Q$27,0,0,1) -> 1 | J9: =IF(LEFT(I9,1)="跳",RIGHT(I9,LEN(I9)-1)*10,_xlfn.XLOOKUP(I9,$N$2:$N$27,$O$2:$O$27,0,0,1))*IF($L9="是",0.8,1) -> 0 | K9: =_xlfn.XLOOKUP(I9,$N$2:$N$27,$Q$2:$Q$27,0,0,1) -> 0 | L9: 是 | N9: 草2 | O9: 150 | P9: 40 | Q9: 1
B10: 7 | D10: =IF(LEFT(C10,1)="跳",RIGHT(C10,LEN(C10)-1)*10,_xlfn.XLOOKUP(C10,$N$2:$N$27,$O$2:$O$27,0,0,1))*IF($L10="是",0.8,1) -> 0 | E10: =_xlfn.XLOOKUP(C10,$N$2:$N$27,$Q$2:$Q$27,0,0,1) -> 0 | G10: =IF(LEFT(F10,1)="跳",RIGHT(F10,LEN(F10)-1)*10,_xlfn.XLOOKUP(F10,$N$2:$N$27,$O$2:$O$27,0,0,1))*IF($L10="是",0.8,1) -> 0 | H10: =_xlfn.XLOOKUP(F10,$N$2:$N$27,$Q$2:$Q$27,0,0,1) -> 0 | J10: =IF(LEFT(I10,1)="跳",RIGHT(I10,LEN(I10)-1)*10,_xlfn.XLOOKUP(I10,$N$2:$N$27,$O$2:$O$27,0,0,1))*IF($L10="是",0.8,1) -> 0 | K10: =_xlfn.XLOOKUP(I10,$N$2:$N$27,$Q$2:$Q$27,0,0,1) -> 0 | L10: 是 | N10: 草3 | O10: 150 | P10: 45 | Q10: 1
