Workbook

Sheet 18.05
A1: =(_xlfn.DAYS(TODAY(),A4)+2)/((_xlfn.DAYS(A93,A4))+1) -> 0.86666667 | I1: 工作区
A2: 18.05 | B2: 八卦前亏 | C2: =SUM(D4:D15) -> 23130 | D2: 合计经验 | F2: =SUM(F4:F93)+SUM(H4:H93) -> 64985 | I2: 队伍一 火 | K2: 步数 | L2: =COUNTIF(I4:P93,"<>空") -> 400 | M2: (不算跳步和传送) | Q2: 队伍二 雷 | S2: 步数 | T2: =COUNTIF(Q4:X93,"<>空") -> 528 | U2: (不算跳步和传送) | Y2: 队伍三 | AA2: 总步数 | AB2: =COUNTIF(Y4:AF93,"<>空") -> 140 | AC2: (不算跳步和传送) | AG2: =SUM(AG4:AG93) -> 47 | AH2: =SUM(AH4:AH93) -> 15 | AI2: =SUM(AI4:AI93) -> 25 | AJ2: =SUM(AJ4:AJ93) -> 7 | AK2: 八卦全开 | AU2: 总地块 | AV2: =SUM(AV4:AV29) -> 1068 | AW2: 剩余粮草 | AX2: =AR47 -> 2 | AY2: 总经验 | AZ2: =SUM(AX4:AZ29)+7000 -> 64985 | BB2: 粮草系数
A3: 日期 | B3: 获得粮草 | C3: 粮草调整 | D3: 消耗粮草 | E3: 剩余粮草 | F3: 获得经验 | G3: 累计经验 | H3: 任务经验 | I3: 1 | J3: 2 | K3: 3 | L3: 4 | M3: 5 | N3: 6 | O3: 7 | P3: 8 | Q3: 1 | R3: 2 | S3: 3 | T3: 4 | U3: 5 | V3: 6 | W3: 7 | X3: 8 | Y3: 1 | Z3: 2 | AA3: 3 | AB3: 4 | AC3: 5 | AD3: 6 | AE3: 7 | AF3: 8 | AG3: 跳步次数 | AH3: 1队跳步 | AI3: 2队跳步 | AJ3: 3队跳步 | AL3: 1队剩步 | AM3: 2队剩步 | AN3: 3队剩步 | AO3: 地块 | AP3: 粮草 | AQ3: 经验 | AR3: 八卦前亏损 | AS3: 一队地块 | AT3: 二队地块 | AU3: 三队地块 | AV3: 总地块 | AX3: 一队经验 | AY3: 二队经验 | AZ3: 三队经验 | BA3: 八卦前 | BB3: 1
A4: 45639 | B4: 800 | C4: 4800 | D4: =(SUM(粮草!A4:X4)+AG4*10*IF(AK4="是",$BB$4,$BB$3)) -> 1550 | E4: =SUM($B$4:B4)+SUM($C$4:C4)-SUM($D$4:D4) -> 4050 | F4: =SUM(经验!A4:X4) -> 380 | G4: =SUM($F$4:F4)+SUM($H$4:H4) -> 880 | H4: 500 | I4: 1级 | J4: 1级 | K4: 1级 | L4: 1级 | M4: 1级 | N4: 空 | O4: 空 | P4: 空 | Q4: 商人 | R4: 1级 | S4: 1级 | T4: 1级 | U4: 1级 | V4: 1级 | W4: 空 | X4: 空 | Y4: 空 | Z4: 空 | AA4: 空 | AB4: 空 | AC4: 空 | AD4: 空 | AE4: 空 | AF4: 空 | AG4: =AH4+AI4+AJ4 -> 0 | AK4: 否 | AL4: =6-COUNTIF(I4:P4,"<>空") -> 1 | AM4: =6-COUNTIF(Q4:X4,"<>空") -> 0 | AN4: =6-COUNTIF(Y4:AF4,"<>空") -> 6 | AO4: 1级 | AP4: 150 | AQ4: 35 | AR4: 44.222109 | AS4: =COUNTIF($I$4:$P$93,AO4) -> 5 | AT4: =COUNTIF($Q$4:$X$93,AO4) -> 6 | AU4: =COUNTIF($Y$4:$AF$93,AO4) -> 9 | AV4: =AS4+AT4+AU4 -> 20 | AW4: 30 | AX4: =AS4*$AQ4 -> 175 | AY4: =AT4*$AQ4 -> 210 | AZ4: =AU4*$AQ4 -> 315 | BA4: 八卦后 | BB4: 0.8 | BD4: =AP4*0.8 -> 120
A5: 45640 | B5: 1600 | C5: 1200 | D5: =(SUM(粮草!A5:X5)+AG5*10*IF(AK5="是",$BB$4,$BB$3)) -> 1650 | E5: =SUM($B$4:B5)+SUM($C$4:C5)-SUM($D$4:D5) -> 5200 | F5: =SUM(经验!A5:X5) -> 490 | G5: =SUM($F$4:F5)+SUM($H$4:H5) -> 1370 | H5: 0 | I5: 空 | J5: 空 | K5: 空 | L5: 空 | M5: 空 | N5: 空 | O5: 空 | P5: 空 | Q5: 1级 | R5: 2级 | S5: 2级 | T5: 2级 | U5: 2级 | V5: 2级 | W5: 空 | X5: 空 | Y5: 商人 | Z5: 1级 | AA5: 商人 | AB5: 2级 | AC5: 2级 | AD5: 2级 | AE5: 营地 | AF5: 2级 | AG5: =AH5+AI5+AJ5 -> 6 | AI5: 2 | AJ5: 4 | AK5: 否 | AL5: =MIN(AL4+6,18)-COUNTIF(I5:P5,"<>空")+COUNTIF(I5:P5,"历练")+COUNTIF(I5:P5,"营地")*2 -> 7 | AM5: =MIN(AM4+6,18)-COUNTIF(Q5:X5,"<>空")+COUNTIF(Q5:X5,"历练")+COUNTIF(Q5:X5,"营地")*2 -> 0 | AN5: =MIN(AN4+6,18)-COUNTIF(Y5:AF5,"<>空")+COUNTIF(Y5:AF5,"历练")+COUNTIF(Y5:AF5,"营地")*2 -> 6 | AO5: 2级 | AP5: 160 | AQ5: 40 | AR5: 39.110982 | AS5: =COUNTIF($I$4:$P$93,AO5) -> 12 | AT5: =COUNTIF($Q$4:$X$93,AO5) -> 16 | AU5: =COUNTIF($Y$4:$AF$93,AO5) -> 24 | AV5: =AS5+AT5+AU5 -> 52 | AW5: 54 | AX5: =AS5*$AQ5 -> 480 | AY5: =AT5*$AQ5 -> 640 | AZ5: =AU5*$AQ5 -> 960 | BA5: Note：开完八卦当天可能需要手动计算粮草 | BD5: =AP5*0.8 -> 128
A6: 45641 | B6: 1600 | D6: =(SUM(粮草!A6:X6)+AG6*10*IF(AK6="是",$BB$4,$BB$3)) -> 2010 | E6: =SUM($B$4:B6)+SUM($C$4:C6)-SUM($D$4:D6) -> 4790 | F6: =SUM(经验!A6:X6) -> 540 | G6: =SUM($F$4:F6)+SUM($H$4:H6) -> 1910 | H6: 0 | I6: 空 | J6: 空 | K6: 空 | L6: 空 | M6: 空 | N6: 空 | O6: 空 | P6: 空 | Q6: 2级 | R6: 商人 | S6: 2级 | T6: 2级 | U6: 塔2 | V6: 2级 | W6: 空 | X6: 空 | Y6: 2级 | Z6: 2级 | AA6: 商人 | AB6: 2级 | AC6: 2级 | AD6: 2级 | AE6: 2级 | AF6: 2级 | AG6: =AH6+AI6+AJ6 -> 0 | AI6: 0 | AK6: 否 | AL6: =MIN(AL5+6,18)-COUNTIF(I6:P6,"<>空")+COUNTIF(I6:P6,"历练")+COUNTIF(I6:P6,"营地")*2 -> 13 | AM6: =MIN(AM5+6,18)-COUNTIF(Q6:X6,"<>空")+COUNTIF(Q6:X6,"历练")+COUNTIF(Q6:X6,"营地")*2 -> 0 | AN6: =MIN(AN5+6,18)-COUNTIF(Y6:AF6,"<>空")+COUNTIF(Y6:AF6,"历练")+COUNTIF(Y6:AF6,"营地")*2 -> 4 | AO6: 3级 | AP6: 170 | AQ6: 45 | AR6: 34 | AS6: =COUNTIF($I$4:$P$93,AO6) -> 98 | AT6: =COUNTIF($Q$4:$X$93,AO6) -> 89 | AU6: =COUNTIF($Y$4:$AF$93,AO6) -> 22 | AV6: =AS6+AT6+AU6 -> 209 | AW6: 180 | AX6: =AS6*$AQ6 -> 4410 | AY6: =AT6*$AQ6 -> 4005 | AZ6: =AU6*$AQ6 -> 990 | BD6: =AP6*0.8 -> 136
A7: 45642 | B7: 1600 | D7: =(SUM(粮草!A7:X7)+AG7*10*IF(AK7="是",$BB$4,$BB$3)) -> 2350 | E7: =SUM($B$4:B7)+SUM($C$4:C7)-SUM($D$4:D7) -> 4040 | F7: =SUM(经验!A7:X7) -> 590 | G7: =SUM($F$4:F7)+SUM($H$4:H7) -> 2700 | H7: 200 | I7: 空 | J7: 空 | K7: 空 | L7: 空 | M7: 空 | N7: 空 | O7: 空 | P7: 空 | Q7: 2级 | R7: 2级 | S7: 3级 | T7: 3级 | U7: 3级 | V7: 3级 | W7: 空 | X7: 空 | Y7: 2级 | Z7: 2级 | AA7: 2级 | AB7: 2级 | AC7: 2级 | AD7: 2级 | AE7: 3级 | AF7: 3级 | AG7: =AH7+AI7+AJ7 -> 5 | AI7: 5 | AK7: 否 | AL7: =MIN(AL6+6,18)-COUNTIF(I7:P7,"<>空")+COUNTIF(I7:P7,"历练")+COUNTIF(I7:P7,"营地")*2 -> 18 | AM7: =MIN(AM6+6,18)-COUNTIF(Q7:X7,"<>空")+COUNTIF(Q7:X7,"历练")+COUNTIF(Q7:X7,"营地")*2 -> 0 | AN7: =MIN(AN6+6,18)-COUNTIF(Y7:AF7,"<>空")+COUNTIF(Y7:AF7,"历练")+COUNTIF(Y7:AF7,"营地")*2 -> 2 | AO7: 4级 | AP7: 180 | AQ7: 50 | AR7: 36 | AS7: =COUNTIF($I$4:$P$93,AO7) -> 95 | AT7: =COUNTIF($Q$4:$X$93,AO7) -> 168 | AU7: =COUNTIF($Y$4:$AF$93,AO7) -> 13 | AV7: =AS7+AT7+AU7 -> 276 | AW7: 104 | AX7: =AS7*$AQ7 -> 4750 | AY7: =AT7*$AQ7 -> 8400 | AZ7: =AU7*$AQ7 -> 650 | BD7: =AP7*0.8 -> 144
A8: 45643 | B8: 1600 | D8: =(SUM(粮草!A8:X8)+AG8*10*IF(AK8="是",$BB$4,$BB$3)) -> 2590 | E8: =SUM($B$4:B8)+SUM($C$4:C8)-SUM($D$4:D8) -> 3050 | F8: =SUM(经验!A8:X8) -> 1140 | G8: =SUM($F$4:F8)+SUM($H$4:H8) -> 3940 | H8: 100 | I8: 空 | J8: 空 | K8: 空 | L8: 空 | M8: 空 | N8: 空 | O8: 空 | P8: 空 | Q8: 大卦 | R8: 3级 | S8: 3级 | T8: 3级 | U8: 3级 | V8: 3级 | W8: 空 | X8: 空 | Y8: 3级 | Z8: 大卦 | AA8: 3级 | AB8: 3级 | AC8: 3级 | AD8: 3级 | AE8: 3级卦 | AF8: 3级 | AG8: =AH8+AI8+AJ8 -> 5 | AI8: 5 | AK8: 否 | AL8: =MIN(AL7+6,18)-COUNTIF(I8:P8,"<>空")+COUNTIF(I8:P8,"历练")+COUNTIF(I8:P8,"营地")*2 -> 18 | AM8: =MIN(AM7+6,18)-COUNTIF(Q8:X8,"<>空")+COUNTIF(Q8:X8,"历练")+COUNTIF(Q8:X8,"营地")*2 -> 0 | AN8: =MIN(AN7+6,18)-COUNTIF(Y8:AF8,"<>空")+COUNTIF(Y8:AF8,"历练")+COUNTIF(Y8:AF8,"营地")*2 -> 0 | AO8: 5级 | AP8: 190 | AQ8: 55 | AR8: 38 | AS8: =COUNTIF($I$4:$P$93,AO8) -> 20 | AT8: =COUNTIF($Q$4:$X$93,AO8) -> 179 | AU8: =COUNTIF($Y$4:$AF$93,AO8) -> 35 | AV8: =AS8+AT8+AU8 -> 234 | AW8: 31 | AX8: =AS8*$AQ8 -> 1100 | AY8: =AT8*$AQ8 -> 9845 | AZ8: =AU8*$AQ8 -> 1925 | BD8: =AP8*0.8 -> 152
A9: 45644 | B9: 1600 | D9: =(SUM(粮草!A9:X9)+AG9*10*IF(AK9="是",$BB$4,$BB$3)) -> 1920 | E9: =SUM($B$4:B9)+SUM($C$4:C9)-SUM($D$4:D9) -> 2730 | F9: =SUM(经验!A9:X9) -> 525 | G9: =SUM($F$4:F9)+SUM($H$4:H9) -> 4665 | H9: 200 | I9: 空 | J9: 空 | K9: 空 | L9: 空 | M9: 空 | N9: 空 | O9: 空 | P9: 空 | Q9: 商人 | R9: 3级 | S9: 3级 | T9: 3级 | U9: 3级 | V9: 3级 | W9: 空 | X9: 空 | Y9: 3级 | Z9: 3级 | AA9: 3级 | AB9: 3级 | AC9: 3级 | AD9: 3级卦 | AE9: 空 | AF9: 空 | AG9: =AH9+AI9+AJ9 -> 0 | AK9: 否 | AL9: =MIN(AL8+6,18)-COUNTIF(I9:P9,"<>空")+COUNTIF(I9:P9,"历练")+COUNTIF(I9:P9,"营地")*2 -> 18 | AM9: =MIN(AM8+6,18)-COUNTIF(Q9:X9,"<>空")+COUNTIF(Q9:X9,"历练")+COUNTIF(Q9:X9,"营地")*2 -> 0 | AN9: =MIN(AN8+6,18)-COUNTIF(Y9:AF9,"<>空")+COUNTIF(Y9:AF9,"历练")+COUNTIF(Y9:AF9,"营地")*2 -> 0 | AO9: 6级 | AP9: 200 | AQ9: 60 | AS9: =COUNTIF($I$4:$P$93,AO9) -> 148 | AT9: =COUNTIF($Q$4:$X$93,AO9) -> 30 | AU9: =COUNTIF($Y$4:$AF$93,AO9) -> 13 | AV9: =AS9+AT9+AU9 -> 191 | AW9: 98 | AX9: =AS9*$AQ9 -> 8880 | AY9: =AT9*$AQ9 -> 1800 | AZ9: =AU9*$AQ9 -> 780 | BD9: =AP9*0.8 -> 160
A10: 45645 | B10: 1600 | D10: =(SUM(粮草!A10:X10)+AG10*10*IF(AK10="是",$BB$4,$BB$3)) -> 2050 | E10: =SUM($B$4:B10)+SUM($C$4:C10)-SUM($D$4:D10) -> 2280 | F10: =SUM(经验!A10:X10) -> 785 | G10: =SUM($F$4:F10)+SUM($H$4:H10) -> 5450 | H10: 0 | I10: 空 | J10: 空 | K10: 空 | L10: 空 | M10: 空 | N10: 空 | O10: 空 | P10: 空 | Q10: 3级卦 | R10: 3级 | S10: 3级 | T10: 大卦 | U10: 3级 | V10: 3级 | W10: 空 | X10: 空 | Y10: 塔3 | Z10: 3级 | AA10: 商人 | AB10: 3级 | AC10: 3级 | AD10: 4级 | AE10: 空 | AF10: 空 | AG10: =AH10+AI10+AJ10 -> 6 | AI10: 3 | AJ10: 3 | AK10: 否 | AL10: =MIN(AL9+6,18)-COUNTIF(I10:P10,"<>空")+COUNTIF(I10:P10,"历练")+COUNTIF(I10:P10,"营地")*2 -> 18 | AM10: =MIN(AM9+6,18)-COUNTIF(Q10:X10,"<>空")+COUNTIF(Q10:X10,"历练")+COUNTIF(Q10:X10,"营地")*2 -> 0 | AN10: =MIN(AN9+6,18)-COUNTIF(Y10:AF10,"<>空")+COUNTIF(Y10:AF10,"历练")+COUNTIF(Y10:AF10,"营地")*2 -> 0 | AO10: 塔1 | AP10: 150 | AQ10: 35 | AR10: 44.222109 | AS10: =COUNTIF($I$4:$P$93,AO10) -> 0 | AT10: =COUNTIF($Q$4:$X$93,AO10) -> 0 | AU10: =COUNTIF($Y$4:$AF$93,AO10) -> 0 | AV10: =AS10+AT10+AU10 -> 0 | AW10: 0 | AX10: =AS10*$AQ10 -> 0 | AY10: =AT10*$AQ10 -> 0 | AZ10: =AU10*$AQ10 -> 0 | BD10: =AP10*0.8 -> 120
A11: 45646 | B11: 1600 | D11: =(SUM(粮草!A11:X11)+AG11*10*IF(AK11="是",$BB$4,$BB$3)) -> 1930 | E11: =SUM($B$4:B11)+SUM($C$4:C11)-SUM($D$4:D11) -> 1950 | F11: =SUM(经验!A11:X11) -> 530 | G11: =SUM($F$4:F11)+SUM($H$4:H11) -> 5980 | H11: 0 | I11: 空 | J11: 空 | K11: 空 | L11: 空 | M11: 空 | N11: 空 | O11: 空 | P11: 空 | Q11: 3级 | R11: 商人 | S11: 3级 | T11: 3级 | U11: 3级 | V11: 3级卦 | W11: 空 | X11: 空 | Y11: 4级 | Z11: 3级 | AA11: 3级 | AB11: 3级 | AC11: 3级 | AD11: 3级卦 | AE11: 空 | AF11: 空 | AG11: =AH11+AI11+AJ11 -> 0 | AK11: 否 | AL11: =MIN(AL10+6,18)-COUNTIF(I11:P11,"<>空")+COUNTIF(I11:P11,"历练")+COUNTIF(I11:P11,"营地")*2 -> 18 | AM11: =MIN(AM10+6,18)-COUNTIF(Q11:X11,"<>空")+COUNTIF(Q11:X11,"历练")+COUNTIF(Q11:X11,"营地")*2 -> 0 | AN11: =MIN(AN10+6,18)-COUNTIF(Y11:AF11,"<>空")+COUNTIF(Y11:AF11,"历练")+COUNTIF(Y11:AF11,"营地")*2 -> 0 | AO11: 塔2 | AP11: 150 | AQ11: 40 | AR11: 29.110982 | AS11: =COUNTIF($I$4:$P$93,AO11) -> 2 | AT11: =COUNTIF($Q$4:$X$93,AO11) -> 3 | AU11: =COUNTIF($Y$4:$AF$93,AO11) -> 0 | AV11: =AS11+AT11+AU11 -> 5 | AW11: 2 | AX11: =AS11*$AQ11 -> 80 | AY11: =AT11*$AQ11 -> 120 | AZ11: =AU11*$AQ11 -> 0 | BD11: =AP11*0.8 -> 120
A12: 45647 | B12: 1600 | D12: =(SUM(粮草!A12:X12)+AG12*10*IF(AK12="是",$BB$4,$BB$3)) -> 2348 | E12: =SUM($B$4:B12)+SUM($C$4:C12)-SUM($D$4:D12) -> 1202 | F12: =SUM(经验!A12:X12) -> 900 | G12: =SUM($F$4:F12)+SUM($H$4:H12) -> 6880 | H12: 0 | I12: 2级 | J12: 2级 | K12: 2级 | L12: 商人 | M12: 2级 | N12: 塔2 | O12: 2级 | P12: 空 | Q12: 3级 | R12: 3级 | S12: 3级 | T12: 塔3 | U12: 3级 | V12: 3级 | W12: 空 | X12: 空 | Y12: 3级 | Z12: 3级 | AA12: 塔4 | AB12: 4级 | AC12: 营地 | AD12: 4级 | AE12: 6级 | AF12: 6级 | AG12: =AH12+AI12+AJ12 -> 1 | AH12: 1 | AK12: 是 | AL12: =MIN(AL11+6,18)-COUNTIF(I12:P12,"<>空")+COUNTIF(I12:P12,"历练")+COUNTIF(I12:P12,"营地")*2 -> 11 | AM12: =MIN(AM11+6,18)-COUNTIF(Q12:X12,"<>空")+COUNTIF(Q12:X12,"历练")+COUNTIF(Q12:X12,"营地")*2 -> 0 | AN12: =MIN(AN11+6,18)-COUNTIF(Y12:AF12,"<>空")+COUNTIF(Y12:AF12,"历练")+COUNTIF(Y12:AF12,"营地")*2 -> 0 | AO12: 塔3 | AP12: 150 | AQ12: 45 | AR12: 13.999855 | AS12: =COUNTIF($I$4:$P$93,AO12) -> 2 | AT12: =COUNTIF($Q$4:$X$93,AO12) -> 3 | AU12: =COUNTIF($Y$4:$AF$93,AO12) -> 1 | AV12: =AS12+AT12+AU12 -> 6 | AW12: 5 | AX12: =AS12*$AQ12 -> 90 | AY12: =AT12*$AQ12 -> 135 | AZ12: =AU12*$AQ12 -> 45 | BD12: =AP12*0.8 -> 120
A13: 45648 | B13: 1600 | C13: 40 | D13: =(SUM(粮草!A13:X13)+AG13*10*IF(AK13="是",$BB$4,$BB$3)) -> 1956 | E13: =SUM($B$4:B13)+SUM($C$4:C13)-SUM($D$4:D13) -> 886 | F13: =SUM(经验!A13:X13) -> 1895 | G13: =SUM($F$4:F13)+SUM($H$4:H13) -> 8775 | H13: 0 | I13: 2级 | J13: 营地 | K13: 2级 | L13: 2级 | M13: 2级 | N13: 商人 | O13: 3级 | P13: 3级 | Q13: 3级 | R13: 3级 | S13: 营地 | T13: 3级 | U13: 3级 | V13: 商人 | W13: 3级 | X13: 空 | Y13: 营地 | Z13: 6级 | AA13: 6级 | AB13: 6级 | AC13: 6级 | AD13: 6级 | AE13: 6级 | AF13: 大boss | AG13: =AH13+AI13+AJ13 -> 4 | AH13: 3 | AI13: 1 | AK13: 是 | AL13: =MIN(AL12+6,18)-COUNTIF(I13:P13,"<>空")+COUNTIF(I13:P13,"历练")+COUNTIF(I13:P13,"营地")*2 -> 11 | AM13: =MIN(AM12+6,18)-COUNTIF(Q13:X13,"<>空")+COUNTIF(Q13:X13,"历练")+COUNTIF(Q13:X13,"营地")*2 -> 1 | AN13: =MIN(AN12+6,18)-COUNTIF(Y13:AF13,"<>空")+COUNTIF(Y13:AF13,"历练")+COUNTIF(Y13:AF13,"营地")*2 -> 0 | AO13: 塔4 | AP13: 150 | AQ13: 50 | AS13: =COUNTIF($I$4:$P$93,AO13) -> 0 | AT13: =COUNTIF($Q$4:$X$93,AO13) -> 2 | AU13: =COUNTIF($Y$4:$AF$93,AO13) -> 1 | AV13: =AS13+AT13+AU13 -> 3 | AW13: 1 | AX13: =AS13*$AQ13 -> 0 | AY13: =AT13*$AQ13 -> 100 | AZ13: =AU13*$AQ13 -> 50 | BD13: =AP13*0.8 -> 120
A14: 45649 | B14: 1600 | D14: =(SUM(粮草!A14:X14)+AG14*10*IF(AK14="是",$BB$4,$BB$3)) -> 1668 | E14: =SUM($B$4:B14)+SUM($C$4:C14)-SUM($D$4:D14) -> 818 | F14: =SUM(经验!A14:X14) -> 670 | G14: =SUM($F$4:F14)+SUM($H$4:H14) -> 9745 | H14: 300 | I14: 4级 | J14: 营地 | K14: 4级 | L14: 4级 | M14: 4级 | N14: 4级 | O14: 4级 | P14: 4级 | Q14: 空 | R14: 空 | S14: 空 | T14: 空 | U14: 空 | V14: 空 | W14: 空 | X14: 空 | Y14: 6级 | Z14: 6级 | AA14: 4级 | AB14: 4级 | AC14: 4级 | AD14: 4级 | AE14: 空 | AF14: 空 | AG14: =AH14+AI14+AJ14 -> 3 | AI14: 3 | AK14: 是 | AL14: =MIN(AL13+6,18)-COUNTIF(I14:P14,"<>空")+COUNTIF(I14:P14,"历练")+COUNTIF(I14:P14,"营地")*2 -> 11 | AM14: =MIN(AM13+6,18)-COUNTIF(Q14:X14,"<>空")+COUNTIF(Q14:X14,"历练")+COUNTIF(Q14:X14,"营地")*2 -> 7 | AN14: =MIN(AN13+6,18)-COUNTIF(Y14:AF14,"<>空")+COUNTIF(Y14:AF14,"历练")+COUNTIF(Y14:AF14,"营地")*2 -> 0 | AO14: 塔5 | AP14: 150 | AQ14: 55 | AS14: =COUNTIF($I$4:$P$93,AO14) -> 1 | AT14: =COUNTIF($Q$4:$X$93,AO14) -> 2 | AU14: =COUNTIF($Y$4:$AF$93,AO14) -> 0 | AV14: =AS14+AT14+AU14 -> 3 | AW14: 0 | AX14: =AS14*$AQ14 -> 55 | AY14: =AT14*$AQ14 -> 110 | AZ14: =AU14*$AQ14 -> 0 | BD14: =AP14*0.8 -> 120
A15: 45650 | B15: 1600 | D15: =(SUM(粮草!A15:X15)+AG15*10*IF(AK15="是",$BB$4,$BB$3)) -> 1108 | E15: =SUM($B$4:B15)+SUM($C$4:C15)-SUM($D$4:D15) -> 1310 | F15: =SUM(经验!A15:X15) -> 500 | G15: =SUM($F$4:F15)+SUM($H$4:H15) -> 10245 | H15: 0 | I15: 4级 | J15: 4级 | K15: 6级 | L15: 6级 | M15: 营地 | N15: 空 | O15: 空 | P15: 空 | Q15: 空 | R15: 空 | S15: 空 | T15: 空 | U15: 空 | V15: 空 | W15: 空 | X15: 空 | Y15: 4级 | Z15: 4级 | AA15: 4级 | AB15: 4级 | AC15: 4级 | AD15: 商人 | AE15: 空 | AF15: 空 | AG15: =AH15+AI15+AJ15 -> 0 | AK15: 是 | AL15: =MIN(AL14+6,18)-COUNTIF(I15:P15,"<>空")+COUNTIF(I15:P15,"历练")+COUNTIF(I15:P15,"营地")*2 -> 14 | AM15: =MIN(AM14+6,18)-COUNTIF(Q15:X15,"<>空")+COUNTIF(Q15:X15,"历练")+COUNTIF(Q15:X15,"营地")*2 -> 13 | AN15: =MIN(AN14+6,18)-COUNTIF(Y15:AF15,"<>空")+COUNTIF(Y15:AF15,"历练")+COUNTIF(Y15:AF15,"营地")*2 -> 0 | AO15: 塔6 | AP15: 150 | AQ15: 60 | AS15: =COUNTIF($I$4:$P$93,AO15) -> 1 | AT15: =COUNTIF($Q$4:$X$93,AO15) -> 0 | AU15: =COUNTIF($Y$4:$AF$93,AO15) -> 0 | AV15: =AS15+AT15+AU15 -> 1 | AW15: 0 | AX15: =AS15*$AQ15 -> 60 | AY15: =AT15*$AQ15 -> 0 | AZ15: =AU15*$AQ15 -> 0 | BD15: =AP15*0.8 -> 120
A16: 45651 | B16: 1600 | D16: =(SUM(粮草!A16:X16)+AG16*10*IF(AK16="是",$BB$4,$BB$3)) -> 2512 | E16: =SUM($B$4:B16)+SUM($C$4:C16)-SUM($D$4:D16) -> 398 | F16: =SUM(经验!A16:X16) -> 900 | G16: =SUM($F$4:F16)+SUM($H$4:H16) -> 11345 | H16: 200 | I16: 6级 | J16: 6级 | K16: 6级 | L16: 6级 | M16: 6级 | N16: 空 | O16: 空 | P16: 空 | Q16: 3级 | R16: 3级 | S16: 3级 | T16: 塔3 | U16: 3级 | V16: 3级 | W16: 空 | X16: 空 | Y16: 5级 | Z16: 5级 | AA16: 5级 | AB16: 5级 | AC16: 5级 | AD16: 5级 | AE16: 空 | AF16: 空 | AG16: =AH16+AI16+AJ16 -> 0 | AK16: 是 | AL16: =MIN(AL15+6,18)-COUNTIF(I16:P16,"<>空")+COUNTIF(I16:P16,"历练")+COUNTIF(I16:P16,"营地")*2 -> 13 | AM16: =MIN(AM15+6,18)-COUNTIF(Q16:X16,"<>空")+COUNTIF(Q16:X16,"历练")+COUNTIF(Q16:X16,"营地")*2 -> 12 | AN16: =MIN(AN15+6,18)-COUNTIF(Y16:AF16,"<>空")+COUNTIF(Y16:AF16,"历练")+COUNTIF(Y16:AF16,"营地")*2 -> 0 | AO16: 遗迹 | AP16: 150 | AQ16: 35 | AR16: 44.222109 | AS16: =COUNTIF($I$4:$P$93,AO16) -> 0 | AT16: =COUNTIF($Q$4:$X$93,AO16) -> 0 | AU16: =COUNTIF($Y$4:$AF$93,AO16) -> 0 | AV16: =AS16+AT16+AU16 -> 0 | AW16: 0 | AX16: =AS16*$AQ16 -> 0 | AY16: =AT16*$AQ16 -> 0 | AZ16: =AU16*$AQ16 -> 0 | BD16: =AP16*0.8 -> 120
A17: 45652 | B17: 1600 | D17: =(SUM(粮草!A17:X17)+AG17*10*IF(AK17="是",$BB$4,$BB$3)) -> 1780 | E17: =SUM($B$4:B17)+SUM($C$4:C17)-SUM($D$4:D17) -> 218 | F17: =SUM(经验!A17:X17) -> 945 | G17: =SUM($F$4:F17)+SUM($H$4:H17) -> 12290 | H17: 0 | I17: 6级 | J17: 6级 | K17: 6级 | L17: 6级 | M17: 6级 | N17: 6级 | O17: 6级 | P17: 营地 | Q17: 3级 | R17: 商人 | S17: 3级 | T17: 3级 | U17: 营地 | V17: 空 | W17: 空 | X17: 空 | Y17: 5级 | Z17: 5级 | AA17: 5级 | AB17: 商人 | AC17: 5级 | AD17: 5级 | AE17: 营地 | AF17: 5级 | AG17: =AH17+AI17+AJ17 -> 5 | AH17: 5 | AK17: 是 | AL17: =MIN(AL16+6,18)-COUNTIF(I17:P17,"<>空")+COUNTIF(I17:P17,"历练")+COUNTIF(I17:P17,"营地")*2 -> 12 | AM17: =MIN(AM16+6,18)-COUNTIF(Q17:X17,"<>空")+COUNTIF(Q17:X17,"历练")+COUNTIF(Q17:X17,"营地")*2 -> 15 | AN17: =MIN(AN16+6,18)-COUNTIF(Y17:AF17,"<>空")+COUNTIF(Y17:AF17,"历练")+COUNTIF(Y17:AF17,"营地")*2 -> 0 | AO17: 商人 | AP17: 50 | AQ17: 30 | AR17: 10 | AS17: =COUNTIF($I$4:$P$93,AO17) -> 10 | AT17: =COUNTIF($Q$4:$X$93,AO17) -> 20 | AU17: =COUNTIF($Y$4:$AF$93,AO17) -> 8 | AV17: =AS17+AT17+AU17 -> 38 | AW17: 34 | AX17: =AS17*$AQ17 -> 300 | AY17: =AT17*$AQ17 -> 600 | AZ17: =AU17*$AQ17 -> 240 | BD17: =AP17*0.8 -> 40
A18: 45653 | B18: 1600 | D18: =(SUM(粮草!A18:X18)+AG18*10*IF(AK18="是",$BB$4,$BB$3)) -> 1464 | E18: =SUM($B$4:B18)+SUM($C$4:C18)-SUM($D$4:D18) -> 354 | F18: =SUM(经验!A18:X18) -> 510 | G18: =SUM($F$4:F18)+SUM($H$4:H18) -> 12800 | H18: 0 | I18: 空 | J18: 空 | K18: 空 | L18: 空 | M18: 空 | N18: 空 | O18: 空 | P18: 空 | Q18: 3级 | R18: 3级 | S18: 3级 | T18: 3级 | U18: 空 | V18: 空 | W18: 空 | X18: 空 | Y18: 5级 | Z18: 5级 | AA18: 5级 | AB18: 5级 | AC18: 5级 | AD18: 5级 | AE18: 空 | AF18: 空 | AG18: =AH18+AI18+AJ18 -> 1 | AI18: 1 | AK18: 是 | AL18: =MIN(AL17+6,18)-COUNTIF(I18:P18,"<>空")+COUNTIF(I18:P18,"历练")+COUNTIF(I18:P18,"营地")*2 -> 18 | AM18: =MIN(AM17+6,18)-COUNTIF(Q18:X18,"<>空")+COUNTIF(Q18:X18,"历练")+COUNTIF(Q18:X18,"营地")*2 -> 14 | AN18: =MIN(AN17+6,18)-COUNTIF(Y18:AF18,"<>空")+COUNTIF(Y18:AF18,"历练")+COUNTIF(Y18:AF18,"营地")*2 -> 0 | AO18: 营地 | AP18: -150 | AQ18: 0 | AR18: 10 | AS18: =COUNTIF($I$4:$P$93,AO18) -> 5 | AT18: =COUNTIF($Q$4:$X$93,AO18) -> 4 | AU18: =COUNTIF($Y$4:$AF$93,AO18) -> 6 | AV18: =AS18+AT18+AU18 -> 15 | AW18: 15 | AX18: =AS18*$AQ18 -> 0 | AY18: =AT18*$AQ18 -> 0 | AZ18: =AU18*$AQ18 -> 0 | BD18: =AP18*0.8 -> -120
A19: 45654 | B19: 1600 | D19: =(SUM(粮草!A19:X19)+AG19*10*IF(AK19="是",$BB$4,$BB$3)) -> 1928 | E19: =SUM($B$4:B19)+SUM($C$4:C19)-SUM($D$4:D19) -> 26 | F19: =SUM(经验!A19:X19) -> 690 | G19: =SUM($F$4:F19)+SUM($H$4:H19) -> 13490 | H19: 0 | I19: 空 | J19: 空 | K19: 空 | L19: 空 | M19: 空 | N19: 空 | O19: 空 | P19: 空 | Q19: 3级 | R19: 3级 | S19: 商人 | T19: 3级 | U19: 3级 | V19: 3级 | W19: 3级 | X19: 3级 | Y19: 5级 | Z19: 6级 | AA19: 6级 | AB19: 6级 | AC19: 5级 | AD19: 5级 | AE19: 空 | AF19: 空 | AG19: =AH19+AI19+AJ19 -> 0 | AK19: 是 | AL19: =MIN(AL18+6,18)-COUNTIF(I19:P19,"<>空")+COUNTIF(I19:P19,"历练")+COUNTIF(I19:P19,"营地")*2 -> 18 | AM19: =MIN(AM18+6,18)-COUNTIF(Q19:X19,"<>空")+COUNTIF(Q19:X19,"历练")+COUNTIF(Q19:X19,"营地")*2 -> 10 | AN19: =MIN(AN18+6,18)-COUNTIF(Y19:AF19,"<>空")+COUNTIF(Y19:AF19,"历练")+COUNTIF(Y19:AF19,"营地")*2 -> 0 | AO19: 大卦 | AP19: 250 | AQ19: 300 | AS19: =COUNTIF($I$4:$P$93,AO19) -> 0 | AT19: =COUNTIF($Q$4:$X$93,AO19) -> 2 | AU19: =COUNTIF($Y$4:$AF$93,AO19) -> 1 | AV19: =AS19+AT19+AU19 -> 3 | AW19: 3 | AX19: =AS19*$AQ19 -> 0 | AY19: =AT19*$AQ19 -> 600 | AZ19: =AU19*$AQ19 -> 300 | BD19: =AP19*0.8 -> 200
A20: 45655 | B20: 1600 | D20: =(SUM(粮草!A20:X20)+AG20*10*IF(AK20="是",$BB$4,$BB$3)) -> 1592 | E20: =SUM($B$4:B20)+SUM($C$4:C20)-SUM($D$4:D20) -> 34 | F20: =SUM(经验!A20:X20) -> 1090 | G20: =SUM($F$4:F20)+SUM($H$4:H20) -> 14580 | H20: 0 | I20: 空 | J20: 空 | K20: 空 | L20: 空 | M20: 空 | N20: 空 | O20: 空 | P20: 空 | Q20: 3级 | R20: 5级 | S20: 5级 | T20: 5级 | U20: 商人 | V20: 空 | W20: 空 | X20: 空 | Y20: 5级 | Z20: 5级 | AA20: 5级 | AB20: 5级 | AC20: 5级 | AD20: 5级 | AE20: 历练 | AF20: 空 | AG20: =AH20+AI20+AJ20 -> 1 | AI20: 1 | AK20: 是 | AL20: =MIN(AL19+6,18)-COUNTIF(I20:P20,"<>空")+COUNTIF(I20:P20,"历练")+COUNTIF(I20:P20,"营地")*2 -> 18 | AM20: =MIN(AM19+6,18)-COUNTIF(Q20:X20,"<>空")+COUNTIF(Q20:X20,"历练")+COUNTIF(Q20:X20,"营地")*2 -> 11 | AN20: =MIN(AN19+6,18)-COUNTIF(Y20:AF20,"<>空")+COUNTIF(Y20:AF20,"历练")+COUNTIF(Y20:AF20,"营地")*2 -> 0 | AO20: 3级卦 | AP20: 170 | AQ20: 45 | AS20: =COUNTIF($I$4:$P$93,AO20) -> 0 | AT20: =COUNTIF($Q$4:$X$93,AO20) -> 2 | AU20: =COUNTIF($Y$4:$AF$93,AO20) -> 3 | AV20: =AS20+AT20+AU20 -> 5 | AW20: 5 | AX20: =AS20*$AQ20 -> 0 | AY20: =AT20*$AQ20 -> 90 | AZ20: =AU20*$AQ20 -> 135 | BD20: =AP20*0.8 -> 136
A21: 45656 | B21: 1600 | D21: =(SUM(粮草!A21:X21)+AG21*10*IF(AK21="是",$BB$4,$BB$3)) -> 1616 | E21: =SUM($B$4:B21)+SUM($C$4:C21)-SUM($D$4:D21) -> 18 | F21: =SUM(经验!A21:X21) -> 1025 | G21: =SUM($F$4:F21)+SUM($H$4:H21) -> 15805 | H21: 200 | I21: 6级 | J21: 6级 | K21: 6级 | L21: 6级 | M21: 6级 | N21: 6级 | O21: 空 | P21: 空 | Q21: 空 | R21: 空 | S21: 空 | T21: 空 | U21: 空 | V21: 空 | W21: 空 | X21: 空 | Y21: 5级 | Z21: 5级 | AA21: 5级 | AB21: 中boss | AC21: 空 | AD21: 空 | AE21: 空 | AF21: 空 | AG21: =AH21+AI21+AJ21 -> 0 | AK21: 是 | AL21: =MIN(AL20+6,18)-COUNTIF(I21:P21,"<>空")+COUNTIF(I21:P21,"历练")+COUNTIF(I21:P21,"营地")*2 -> 12 | AM21: =MIN(AM20+6,18)-COUNTIF(Q21:X21,"<>空")+COUNTIF(Q21:X21,"历练")+COUNTIF(Q21:X21,"营地")*2 -> 17 | AN21: =MIN(AN20+6,18)-COUNTIF(Y21:AF21,"<>空")+COUNTIF(Y21:AF21,"历练")+COUNTIF(Y21:AF21,"营地")*2 -> 2 | AO21: 巨卦 | AP21: 250 | AQ21: 400 | AS21: =COUNTIF($I$4:$P$93,AO21) -> 0 | AT21: =COUNTIF($Q$4:$X$93,AO21) -> 0 | AU21: =COUNTIF($Y$4:$AF$93,AO21) -> 0 | AV21: =AS21+AT21+AU21 -> 0 | AW21: 0 | AX21: =AS21*$AQ21 -> 0 | AY21: =AT21*$AQ21 -> 0 | AZ21: =AU21*$AQ21 -> 0 | BD21: =AP21*0.8 -> 200
A22: 45657 | B22: 1600 | D22: =(SUM(粮草!A22:X22)+AG22*10*IF(AK22="是",$BB$4,$BB$3)) -> 1404 | E22: =SUM($B$4:B22)+SUM($C$4:C22)-SUM($D$4:D22) -> 214 | F22: =SUM(经验!A22:X22) -> 660 | G22: =SUM($F$4:F22)+SUM($H$4:H22) -> 16565 | H22: 100 | I22: 空 | J22: 空 | K22: 空 | L22: 空 | M22: 空 | N22: 空 | O22: 空 | P22: 空 | Q22: 5级 | R22: 5级 | S22: 5级 | T22: 5级 | U22: 营地 | V22: 5级 | W22: 5级 | X22: 5级 | Y22: 5级 | Z22: 5级 | AA22: 5级 | AB22: 5级 | AC22: 5级 | AD22: 营地 | AE22: 空 | AF22: 空 | AG22: =AH22+AI22+AJ22 -> 0 | AK22: 是 | AL22: =MIN(AL21+6,18)-COUNTIF(I22:P22,"<>空")+COUNTIF(I22:P22,"历练")+COUNTIF(I22:P22,"营地")*2 -> 18 | AM22: =MIN(AM21+6,18)-COUNTIF(Q22:X22,"<>空")+COUNTIF(Q22:X22,"历练")+COUNTIF(Q22:X22,"营地")*2 -> 12 | AN22: =MIN(AN21+6,18)-COUNTIF(Y22:AF22,"<>空")+COUNTIF(Y22:AF22,"历练")+COUNTIF(Y22:AF22,"营地")*2 -> 4 | AO22: 大boss | AP22: 250 | AQ22: 1000 | AS22: =COUNTIF($I$4:$P$93,AO22) -> 1 | AT22: =COUNTIF($Q$4:$X$93,AO22) -> 0 | AU22: =COUNTIF($Y$4:$AF$93,AO22) -> 1 | AV22: =AS22+AT22+AU22 -> 2 | AW22: 1 | AX22: =AS22*$AQ22 -> 1000 | AY22: =AT22*$AQ22 -> 0 | AZ22: =AU22*$AQ22 -> 1000 | BD22: =AP22*0.8 -> 200
A23: 45658 | B23: 1600 | C23: 40 | D23: =(SUM(粮草!A23:X23)+AG23*10*IF(AK23="是",$BB$4,$BB$3)) -> 1816 | E23: =SUM($B$4:B23)+SUM($C$4:C23)-SUM($D$4:D23) -> 38 | F23: =SUM(经验!A23:X23) -> 1545 | G23: =SUM($F$4:F23)+SUM($H$4:H23) -> 18310 | H23: 200 | I23: 6级 | J23: 大boss | K23: 空 | L23: 空 | M23: 空 | N23: 空 | O23: 空 | P23: 空 | Q23: 4级 | R23: 塔4 | S23: 4级 | T23: 4级 | U23: 空 | V23: 空 | W23: 空 | X23: 空 | Y23: 2级 | Z23: 2级 | AA23: 1级 | AB23: 1级 | AC23: 商人 | AD23: 1级 | AE23: 1级 | AF23: 1级 | AG23: =AH23+AI23+AJ23 -> 1 | AH23: 1 | AK23: 是 | AL23: =MIN(AL22+6,18)-COUNTIF(I23:P23,"<>空")+COUNTIF(I23:P23,"历练")+COUNTIF(I23:P23,"营地")*2 -> 16 | AM23: =MIN(AM22+6,18)-COUNTIF(Q23:X23,"<>空")+COUNTIF(Q23:X23,"历练")+COUNTIF(Q23:X23,"营地")*2 -> 14 | AN23: =MIN(AN22+6,18)-COUNTIF(Y23:AF23,"<>空")+COUNTIF(Y23:AF23,"历练")+COUNTIF(Y23:AF23,"营地")*2 -> 2 | AO23: 中boss | AP23: 250 | AQ23: 500 | AS23: =COUNTIF($I$4:$P$93,AO23) -> 0 | AT23: =COUNTIF($Q$4:$X$93,AO23) -> 1 | AU23: =COUNTIF($Y$4:$AF$93,AO23) -> 1 | AV23: =AS23+AT23+AU23 -> 2 | AW23: 0 | AX23: =AS23*$AQ23 -> 0 | AY23: =AT23*$AQ23 -> 500 | AZ23: =AU23*$AQ23 -> 500 | BD23: =AP23*0.8 -> 200
A24: 45659 | B24: 1600 | D24: =(SUM(粮草!A24:X24)+AG24*10*IF(AK24="是",$BB$4,$BB$3)) -> 1372 | E24: =SUM($B$4:B24)+SUM($C$4:C24)-SUM($D$4:D24) -> 266 | F24: =SUM(经验!A24:X24) -> 605 | G24: =SUM($F$4:F24)+SUM($H$4:H24) -> 18915 | H24: 0 | I24: 空 | J24: 空 | K24: 空 | L24: 空 | M24: 空 | N24: 空 | O24: 空 | P24: 空 | Q24: 4级 | R24: 4级 | S24: 4级 | T24: 4级 | U24: 4级 | V24: 4级 | W24: 4级 | X24: 营地 | Y24: 1级 | Z24: 1级 | AA24: 1级 | AB24: 商人 | AC24: 2级 | AD24: 2级 | AE24: 2级 | AF24: 营地 | AG24: =AH24+AI24+AJ24 -> 0 | AK24: 是 | AL24: =MIN(AL23+6,18)-COUNTIF(I24:P24,"<>空")+COUNTIF(I24:P24,"历练")+COUNTIF(I24:P24,"营地")*2 -> 18 | AM24: =MIN(AM23+6,18)-COUNTIF(Q24:X24,"<>空")+COUNTIF(Q24:X24,"历练")+COUNTIF(Q24:X24,"营地")*2 -> 12 | AN24: =MIN(AN23+6,18)-COUNTIF(Y24:AF24,"<>空")+COUNTIF(Y24:AF24,"历练")+COUNTIF(Y24:AF24,"营地")*2 -> 2 | AO24: 4级卦 | AP24: 180 | AQ24: 50 | AR24: 39.110982 | AS24: =COUNTIF($I$4:$P$93,AO24) -> 0 | AT24: =COUNTIF($Q$4:$X$93,AO24) -> 0 | AU24: =COUNTIF($Y$4:$AF$93,AO24) -> 0 | AV24: =AS24+AT24+AU24 -> 0 | AW24: 0 | AX24: =AS24*$AQ24 -> 0 | AY24: =AT24*$AQ24 -> 0 | AZ24: =AU24*$AQ24 -> 0 | BD24: =AP24*0.8 -> 144
A25: 45660 | B25: 1600 | D25: =(SUM(粮草!A25:X25)+AG25*10*IF(AK25="是",$BB$4,$BB$3)) -> 1824 | E25: =SUM($B$4:B25)+SUM($C$4:C25)-SUM($D$4:D25) -> 42 | F25: =SUM(经验!A25:X25) -> 660 | G25: =SUM($F$4:F25)+SUM($H$4:H25) -> 19575 | H25: 0 | I25: 6级 | J25: 6级 | K25: 6级 | L25: 6级 | M25: 6级 | N25: 6级 | O25: 空 | P25: 空 | Q25: 4级 | R25: 4级 | S25: 4级 | T25: 4级 | U25: 4级 | V25: 4级 | W25: 空 | X25: 空 | Y25: 空 | Z25: 空 | AA25: 空 | AB25: 空 | AC25: 空 | AD25: 空 | AE25: 空 | AF25: 空 | AG25: =AH25+AI25+AJ25 -> 0 | AK25: 是 | AL25: =MIN(AL24+6,18)-COUNTIF(I25:P25,"<>空")+COUNTIF(I25:P25,"历练")+COUNTIF(I25:P25,"营地")*2 -> 12 | AM25: =MIN(AM24+6,18)-COUNTIF(Q25:X25,"<>空")+COUNTIF(Q25:X25,"历练")+COUNTIF(Q25:X25,"营地")*2 -> 12 | AN25: =MIN(AN24+6,18)-COUNTIF(Y25:AF25,"<>空")+COUNTIF(Y25:AF25,"历练")+COUNTIF(Y25:AF25,"营地")*2 -> 8 | AO25: 山中 | AP25: 160 | AQ25: 40 | AR25: 39.110982 | AS25: =COUNTIF($I$4:$P$93,AO25) -> 0 | AT25: =COUNTIF($Q$4:$X$93,AO25) -> 0 | AU25: =COUNTIF($Y$4:$AF$93,AO25) -> 0 | AV25: =AS25+AT25+AU25 -> 0 | AW25: 0 | AX25: =AS25*$AQ25 -> 0 | AY25: =AT25*$AQ25 -> 0 | AZ25: =AU25*$AQ25 -> 0 | BD25: =AP25*0.8 -> 128
A26: 45661 | B26: 1600 | D26: =(SUM(粮草!A26:X26)+AG26*10*IF(AK26="是",$BB$4,$BB$3)) -> 864 | E26: =SUM($B$4:B26)+SUM($C$4:C26)-SUM($D$4:D26) -> 778 | F26: =SUM(经验!A26:X26) -> 300 | G26: =SUM($F$4:F26)+SUM($H$4:H26) -> 19875 | H26: 0 | I26: 空 | J26: 空 | K26: 空 | L26: 空 | M26: 空 | N26: 空 | O26: 空 | P26: 空 | Q26: 4级 | R26: 4级 | S26: 4级 | T26: 4级 | U26: 4级 | V26: 4级 | W26: 空 | X26: 空 | Y26: 空 | Z26: 空 | AA26: 空 | AB26: 空 | AC26: 空 | AD26: 空 | AE26: 空 | AF26: 空 | AG26: =AH26+AI26+AJ26 -> 0 | AK26: 是 | AL26: =MIN(AL25+6,18)-COUNTIF(I26:P26,"<>空")+COUNTIF(I26:P26,"历练")+COUNTIF(I26:P26,"营地")*2 -> 18 | AM26: =MIN(AM25+6,18)-COUNTIF(Q26:X26,"<>空")+COUNTIF(Q26:X26,"历练")+COUNTIF(Q26:X26,"营地")*2 -> 12 | AN26: =MIN(AN25+6,18)-COUNTIF(Y26:AF26,"<>空")+COUNTIF(Y26:AF26,"历练")+COUNTIF(Y26:AF26,"营地")*2 -> 14 | AO26: 秋道 | AP26: 150 | AQ26: 35 | AR26: 44.222109 | AS26: =COUNTIF($I$4:$P$93,AO26) -> 0 | AT26: =COUNTIF($Q$4:$X$93,AO26) -> 0 | AU26: =COUNTIF($Y$4:$AF$93,AO26) -> 0 | AV26: =AS26+AT26+AU26 -> 0 | AW26: 0 | AX26: =AS26*$AQ26 -> 0 | AY26: =AT26*$AQ26 -> 0 | AZ26: =AU26*$AQ26 -> 0 | BD26: =AP26*0.8 -> 120
A27: 45662 | B27: 1600 | D27: =(SUM(粮草!A27:X27)+AG27*10*IF(AK27="是",$BB$4,$BB$3)) -> 1824 | E27: =SUM($B$4:B27)+SUM($C$4:C27)-SUM($D$4:D27) -> 554 | F27: =SUM(经验!A27:X27) -> 660 | G27: =SUM($F$4:F27)+SUM($H$4:H27) -> 20535 | H27: 0 | I27: 6级 | J27: 6级 | K27: 6级 | L27: 6级 | M27: 6级 | N27: 6级 | O27: 空 | P27: 空 | Q27: 4级 | R27: 4级 | S27: 4级 | T27: 4级 | U27: 4级 | V27: 4级 | W27: 空 | X27: 空 | Y27: 空 | Z27: 空 | AA27: 空 | AB27: 空 | AC27: 空 | AD27: 空 | AE27: 空 | AF27: 空 | AG27: =AH27+AI27+AJ27 -> 0 | AK27: 是 | AL27: =MIN(AL26+6,18)-COUNTIF(I27:P27,"<>空")+COUNTIF(I27:P27,"历练")+COUNTIF(I27:P27,"营地")*2 -> 12 | AM27: =MIN(AM26+6,18)-COUNTIF(Q27:X27,"<>空")+COUNTIF(Q27:X27,"历练")+COUNTIF(Q27:X27,"营地")*2 -> 12 | AN27: =MIN(AN26+6,18)-COUNTIF(Y27:AF27,"<>空")+COUNTIF(Y27:AF27,"历练")+COUNTIF(Y27:AF27,"营地")*2 -> 18 | AO27: 空 | AP27: 0 | AQ27: 0 | AR27: 0 | AX27: =AS27*$AQ27 -> 0 | AY27: =AT27*$AQ27 -> 0 | AZ27: =AU27*$AQ27 -> 0 | BD27: =AP27*0.8 -> 0
A28: 45663 | B28: 1600 | D28: =(SUM(粮草!A28:X28)+AG28*10*IF(AK28="是",$BB$4,$BB$3)) -> 1600 | E28: =SUM($B$4:B28)+SUM($C$4:C28)-SUM($D$4:D28) -> 554 | F28: =SUM(经验!A28:X28) -> 610 | G28: =SUM($F$4:F28)+SUM($H$4:H28) -> 21345 | H28: 200 | I28: 6级 | J28: 6级 | K28: 6级 | L28: 商人 | M28: 6级 | N28: 6级 | O28: 空 | P28: 空 | Q28: 4级 | R28: 商人 | S28: 4级 | T28: 4级 | U28: 4级 | V28: 4级 | W28: 空 | X28: 空 | Y28: 空 | Z28: 空 | AA28: 空 | AB28: 空 | AC28: 空 | AD28: 空 | AE28: 空 | AF28: 空 | AG28: =AH28+AI28+AJ28 -> 0 | AK28: 是 | AL28: =MIN(AL27+6,18)-COUNTIF(I28:P28,"<>空")+COUNTIF(I28:P28,"历练")+COUNTIF(I28:P28,"营地")*2 -> 12 | AM28: =MIN(AM27+6,18)-COUNTIF(Q28:X28,"<>空")+COUNTIF(Q28:X28,"历练")+COUNTIF(Q28:X28,"营地")*2 -> 12 | AN28: =MIN(AN27+6,18)-COUNTIF(Y28:AF28,"<>空")+COUNTIF(Y28:AF28,"历练")+COUNTIF(Y28:AF28,"营地")*2 -> 18 | AO28: 作废 | AP28: 0 | AQ28: 0 | AS28: =COUNTIF($I$4:$P$93,AO28) -> 0 | AT28: =COUNTIF($Q$4:$X$93,AO28) -> 0 | AU28: =COUNTIF($Y$4:$AF$93,AO28) -> 0 | AV28: =AS28+AT28+AU28 -> 0 | AW28: 0 | AX28: =AS28*$AQ28 -> 0 | AY28: =AT28*$AQ28 -> 0 | AZ28: =AU28*$AQ28 -> 0 | BD28: =AP28*0.8 -> 0
A29: 45664 | B29: 1600 | D29: =(SUM(粮草!A29:X29)+AG29*10*IF(AK29="是",$BB$4,$BB$3)) -> 1848 | E29: =SUM($B$4:B29)+SUM($C$4:C29)-SUM($D$4:D29) -> 306 | F29: =SUM(经验!A29:X29) -> 675 | G29: =SUM($F$4:F29)+SUM($H$4:H29) -> 22120 | H29: 100 | I29: 6级 | J29: 6级 | K29: 6级 | L29: 6级 | M29: 6级 | N29: 6级 | O29: 空 | P29: 空 | Q29: 4级 | R29: 4级 | S29: 4级 | T29: 5级 | U29: 5级 | V29: 5级 | W29: 空 | X29: 空 | Y29: 空 | Z29: 空 | AA29: 空 | AB29: 空 | AC29: 空 | AD29: 空 | AE29: 空 | AF29: 空 | AG29: =AH29+AI29+AJ29 -> 0 | AK29: 是 | AL29: =MIN(AL28+6,18)-COUNTIF(I29:P29,"<>空")+COUNTIF(I29:P29,"历练")+COUNTIF(I29:P29,"营地")*2 -> 12 | AM29: =MIN(AM28+6,18)-COUNTIF(Q29:X29,"<>空")+COUNTIF(Q29:X29,"历练")+COUNTIF(Q29:X29,"营地")*2 -> 12 | AN29: =MIN(AN28+6,18)-COUNTIF(Y29:AF29,"<>空")+COUNTIF(Y29:AF29,"历练")+COUNTIF(Y29:AF29,"营地")*2 -> 18 | AO29: 历练 | AP29: 50 | AQ29: 520 | AS29: =COUNTIF($I$4:$P$93,AO29) -> 0 | AT29: =COUNTIF($Q$4:$X$93,AO29) -> 1 | AU29: =COUNTIF($Y$4:$AF$93,AO29) -> 2 | AV29: =AS29+AT29+AU29 -> 3 | AW29: 1 | AX29: =AS29*$AQ29 -> 0 | AY29: =AT29*$AQ29 -> 520 | AZ29: =AU29*$AQ29 -> 1040 | BD29: =AP29*0.8 -> 40
A30: 45665 | B30: 1600 | D30: =(SUM(粮草!A30:X30)+AG30*10*IF(AK30="是",$BB$4,$BB$3)) -> 912 | E30: =SUM($B$4:B30)+SUM($C$4:C30)-SUM($D$4:D30) -> 994 | F30: =SUM(经验!A30:X30) -> 330 | G30: =SUM($F$4:F30)+SUM($H$4:H30) -> 22650 | H30: 200 | I30: 空 | J30: 空 | K30: 空 | L30: 空 | M30: 空 | N30: 空 | O30: 空 | P30: 空 | Q30: 5级 | R30: 5级 | S30: 5级 | T30: 5级 | U30: 5级 | V30: 5级 | W30: 空 | X30: 空 | Y30: 空 | Z30: 空 | AA30: 空 | AB30: 空 | AC30: 空 | AD30: 空 | AE30: 空 | AF30: 空 | AG30: =AH30+AI30+AJ30 -> 0 | AK30: 是 | AL30: =MIN(AL29+6,18)-COUNTIF(I30:P30,"<>空")+COUNTIF(I30:P30,"历练")+COUNTIF(I30:P30,"营地")*2 -> 18 | AM30: =MIN(AM29+6,18)-COUNTIF(Q30:X30,"<>空")+COUNTIF(Q30:X30,"历练")+COUNTIF(Q30:X30,"营地")*2 -> 12 | AN30: =MIN(AN29+6,18)-COUNTIF(Y30:AF30,"<>空")+COUNTIF(Y30:AF30,"历练")+COUNTIF(Y30:AF30,"营地")*2 -> 18
A31: 45666 | B31: 1600 | D31: =(SUM(粮草!A31:X31)+AG31*10*IF(AK31="是",$BB$4,$BB$3)) -> 2000 | E31: =SUM($B$4:B31)+SUM($C$4:C31)-SUM($D$4:D31) -> 594 | F31: =SUM(经验!A31:X31) -> 750 | G31: =SUM($F$4:F31)+SUM($H$4:H31) -> 23400 | H31: 0 | I31: 塔6 | J31: 6级 | K31: 6级 | L31: 6级 | M31: 6级 | N31: 6级 | O31: 6级 | P31: 空 | Q31: 5级 | R31: 5级 | S31: 5级 | T31: 5级 | U31: 5级 | V31: 5级 | W31: 空 | X31: 空 | Y31: 空 | Z31: 空 | AA31: 空 | AB31: 空 | AC31: 空 | AD31: 空 | AE31: 空 | AF31: 空 | AG31: =AH31+AI31+AJ31 -> 1 | AH31: 1 | AK31: 是 | AL31: =MIN(AL30+6,18)-COUNTIF(I31:P31,"<>空")+COUNTIF(I31:P31,"历练")+COUNTIF(I31:P31,"营地")*2 -> 11 | AM31: =MIN(AM30+6,18)-COUNTIF(Q31:X31,"<>空")+COUNTIF(Q31:X31,"历练")+COUNTIF(Q31:X31,"营地")*2 -> 12 | AN31: =MIN(AN30+6,18)-COUNTIF(Y31:AF31,"<>空")+COUNTIF(Y31:AF31,"历练")+COUNTIF(Y31:AF31,"营地")*2 -> 18
A32: 45667 | B32: 1600 | D32: =(SUM(粮草!A32:X32)+AG32*10*IF(AK32="是",$BB$4,$BB$3)) -> 1880 | E32: =SUM($B$4:B32)+SUM($C$4:C32)-SUM($D$4:D32) -> 314 | F32: =SUM(经验!A32:X32) -> 690 | G32: =SUM($F$4:F32)+SUM($H$4:H32) -> 24090 | H32: 0 | I32: 6级 | J32: 6级 | K32: 6级 | L32: 6级 | M32: 6级 | N32: 6级 | O32: 空 | P32: 空 | Q32: 5级 | R32: 5级 | S32: 5级 | T32: 5级 | U32: 5级 | V32: 5级 | W32: 空 | X32: 空 | Y32: 空 | Z32: 空 | AA32: 空 | AB32: 空 | AC32: 空 | AD32: 空 | AE32: 空 | AF32: 空 | AG32: =AH32+AI32+AJ32 -> 1 | AI32: 1 | AK32: 是 | AL32: =MIN(AL31+6,18)-COUNTIF(I32:P32,"<>空")+COUNTIF(I32:P32,"历练")+COUNTIF(I32:P32,"营地")*2 -> 11 | AM32: =MIN(AM31+6,18)-COUNTIF(Q32:X32,"<>空")+COUNTIF(Q32:X32,"历练")+COUNTIF(Q32:X32,"营地")*2 -> 12 | AN32: =MIN(AN31+6,18)-COUNTIF(Y32:AF32,"<>空")+COUNTIF(Y32:AF32,"历练")+COUNTIF(Y32:AF32,"营地")*2 -> 18 | AO32: 地块统计 | AP32: 应占领 | AQ32: 缺少 | AR32: 粮草 | AS32: 分数
A33: 45668 | B33: 1600 | D33: =(SUM(粮草!A33:X33)+AG33*10*IF(AK33="是",$BB$4,$BB$3)) -> 1672 | E33: =SUM($B$4:B33)+SUM($C$4:C33)-SUM($D$4:D33) -> 242 | F33: =SUM(经验!A33:X33) -> 605 | G33: =SUM($F$4:F33)+SUM($H$4:H33) -> 24695 | H33: 0 | I33: 6级 | J33: 6级 | K33: 6级 | L33: 6级 | M33: 6级 | N33: 空 | O33: 空 | P33: 空 | Q33: 5级 | R33: 4级 | S33: 4级 | T33: 4级 | U33: 4级 | V33: 4级 | W33: 空 | X33: 空 | Y33: 空 | Z33: 空 | AA33: 空 | AB33: 空 | AC33: 空 | AD33: 空 | AE33: 空 | AF33: 空 | AG33: =AH33+AI33+AJ33 -> 0 | AK33: 是 | AL33: =MIN(AL32+6,18)-COUNTIF(I33:P33,"<>空")+COUNTIF(I33:P33,"历练")+COUNTIF(I33:P33,"营地")*2 -> 12 | AM33: =MIN(AM32+6,18)-COUNTIF(Q33:X33,"<>空")+COUNTIF(Q33:X33,"历练")+COUNTIF(Q33:X33,"营地")*2 -> 12 | AN33: =MIN(AN32+6,18)-COUNTIF(Y33:AF33,"<>空")+COUNTIF(Y33:AF33,"历练")+COUNTIF(Y33:AF33,"营地")*2 -> 18 | AO33: 3级 | AP33: 209 | AQ33: =AP33-AV6 -> 0 | AR33: =AQ33*AP6*0.8 -> 0 | AS33: =AQ33*AQ6 -> 0
A34: 45669 | B34: 1600 | D34: =(SUM(粮草!A34:X34)+AG34*10*IF(AK34="是",$BB$4,$BB$3)) -> 1832 | E34: =SUM($B$4:B34)+SUM($C$4:C34)-SUM($D$4:D34) -> 10 | F34: =SUM(经验!A34:X34) -> 665 | G34: =SUM($F$4:F34)+SUM($H$4:H34) -> 25360 | H34: 0 | I34: 6级 | J34: 6级 | K34: 6级 | L34: 6级 | M34: 6级 | N34: 6级 | O34: 空 | P34: 空 | Q34: 4级 | R34: 4级 | S34: 4级 | T34: 4级 | U34: 4级 | V34: 5级 | W34: 空 | X34: 空 | Y34: 空 | Z34: 空 | AA34: 空 | AB34: 空 | AC34: 空 | AD34: 空 | AE34: 空 | AF34: 空 | AG34: =AH34+AI34+AJ34 -> 0 | AK34: 是 | AL34: =MIN(AL33+6,18)-COUNTIF(I34:P34,"<>空")+COUNTIF(I34:P34,"历练")+COUNTIF(I34:P34,"营地")*2 -> 12 | AM34: =MIN(AM33+6,18)-COUNTIF(Q34:X34,"<>空")+COUNTIF(Q34:X34,"历练")+COUNTIF(Q34:X34,"营地")*2 -> 12 | AN34: =MIN(AN33+6,18)-COUNTIF(Y34:AF34,"<>空")+COUNTIF(Y34:AF34,"历练")+COUNTIF(Y34:AF34,"营地")*2 -> 18 | AO34: 4级 | AP34: 276 | AQ34: =AP34-AV7 -> 0 | AR34: =AQ34*AP7*0.8 -> 0 | AS34: =AQ34*AQ7 -> 0
A35: 45670 | B35: 1600 | D35: =(SUM(粮草!A35:X35)+AG35*10*IF(AK35="是",$BB$4,$BB$3)) -> 1528 | E35: =SUM($B$4:B35)+SUM($C$4:C35)-SUM($D$4:D35) -> 82 | F35: =SUM(经验!A35:X35) -> 550 | G35: =SUM($F$4:F35)+SUM($H$4:H35) -> 26110 | H35: 200 | I35: 6级 | J35: 4级 | K35: 4级 | L35: 6级 | M35: 空 | N35: 空 | O35: 空 | P35: 空 | Q35: 5级 | R35: 5级 | S35: 5级 | T35: 5级 | U35: 5级 | V35: 5级 | W35: 空 | X35: 空 | Y35: 空 | Z35: 空 | AA35: 空 | AB35: 空 | AC35: 空 | AD35: 空 | AE35: 空 | AF35: 空 | AG35: =AH35+AI35+AJ35 -> 1 | AI35: 1 | AK35: 是 | AL35: =MIN(AL34+6,18)-COUNTIF(I35:P35,"<>空")+COUNTIF(I35:P35,"历练")+COUNTIF(I35:P35,"营地")*2 -> 14 | AM35: =MIN(AM34+6,18)-COUNTIF(Q35:X35,"<>空")+COUNTIF(Q35:X35,"历练")+COUNTIF(Q35:X35,"营地")*2 -> 12 | AN35: =MIN(AN34+6,18)-COUNTIF(Y35:AF35,"<>空")+COUNTIF(Y35:AF35,"历练")+COUNTIF(Y35:AF35,"营地")*2 -> 18 | AO35: 5级 | AP35: 234 | AQ35: =AP35-AV8 -> 0 | AR35: =AQ35*AP8*0.8 -> 0 | AS35: =AQ35*AQ8 -> 0
A36: 45671 | B36: 1600 | D36: =(SUM(粮草!A36:X36)+AG36*10*IF(AK36="是",$BB$4,$BB$3)) -> 1560 | E36: =SUM($B$4:B36)+SUM($C$4:C36)-SUM($D$4:D36) -> 122 | F36: =SUM(经验!A36:X36) -> 555 | G36: =SUM($F$4:F36)+SUM($H$4:H36) -> 26765 | H36: 100 | I36: 3级 | J36: 3级 | K36: 3级 | L36: 3级 | M36: 3级 | N36: 空 | O36: 空 | P36: 空 | Q36: 5级 | R36: 5级 | S36: 5级 | T36: 5级 | U36: 5级 | V36: 塔5 | W36: 空 | X36: 空 | Y36: 空 | Z36: 空 | AA36: 空 | AB36: 空 | AC36: 空 | AD36: 空 | AE36: 空 | AF36: 空 | AG36: =AH36+AI36+AJ36 -> 0 | AK36: 是 | AL36: =MIN(AL35+6,18)-COUNTIF(I36:P36,"<>空")+COUNTIF(I36:P36,"历练")+COUNTIF(I36:P36,"营地")*2 -> 13 | AM36: =MIN(AM35+6,18)-COUNTIF(Q36:X36,"<>空")+COUNTIF(Q36:X36,"历练")+COUNTIF(Q36:X36,"营地")*2 -> 12 | AN36: =MIN(AN35+6,18)-COUNTIF(Y36:AF36,"<>空")+COUNTIF(Y36:AF36,"历练")+COUNTIF(Y36:AF36,"营地")*2 -> 18 | AO36: 6级 | AP36: 191 | AQ36: =AP36-AV9 -> 0 | AR36: =AQ36*AP9*0.8 -> 0 | AS36: =AQ36*AQ9 -> 0
A37: 45672 | B37: 1600 | D37: =(SUM(粮草!A37:X37)+AG37*10*IF(AK37="是",$BB$4,$BB$3)) -> 1592 | E37: =SUM($B$4:B37)+SUM($C$4:C37)-SUM($D$4:D37) -> 130 | F37: =SUM(经验!A37:X37) -> 550 | G37: =SUM($F$4:F37)+SUM($H$4:H37) -> 27515 | H37: 200 | I37: 3级 | J37: 3级 | K37: 3级 | L37: 3级 | M37: 3级 | N37: 4级 | O37: 空 | P37: 空 | Q37: 5级 | R37: 5级 | S37: 5级 | T37: 5级 | U37: 5级 | V37: 空 | W37: 空 | X37: 空 | Y37: 空 | Z37: 空 | AA37: 空 | AB37: 空 | AC37: 空 | AD37: 空 | AE37: 空 | AF37: 空 | AG37: =AH37+AI37+AJ37 -> 1 | AH37: 1 | AK37: 是 | AL37: =MIN(AL36+6,18)-COUNTIF(I37:P37,"<>空")+COUNTIF(I37:P37,"历练")+COUNTIF(I37:P37,"营地")*2 -> 12 | AM37: =MIN(AM36+6,18)-COUNTIF(Q37:X37,"<>空")+COUNTIF(Q37:X37,"历练")+COUNTIF(Q37:X37,"营地")*2 -> 13 | AN37: =MIN(AN36+6,18)-COUNTIF(Y37:AF37,"<>空")+COUNTIF(Y37:AF37,"历练")+COUNTIF(Y37:AF37,"营地")*2 -> 18 | AO37: 商人 | AP37: 38 | AQ37: =AP37-AV17 -> 0 | AR37: =AQ37*AP17*0.8 -> 0 | AS37: =AQ37*AQ17 -> 0
A38: 45673 | B38: 1600 | D38: =(SUM(粮草!A38:X38)+AG38*10*IF(AK38="是",$BB$4,$BB$3)) -> 1616 | E38: =SUM($B$4:B38)+SUM($C$4:C38)-SUM($D$4:D38) -> 114 | F38: =SUM(经验!A38:X38) -> 635 | G38: =SUM($F$4:F38)+SUM($H$4:H38) -> 28150 | H38: 0 | I38: 4级 | J38: 商人 | K38: 4级 | L38: 4级 | M38: 4级 | N38: 4级 | O38: 4级 | P38: 营地 | Q38: 5级 | R38: 4级 | S38: 4级 | T38: 4级 | U38: 4级 | V38: 4级 | W38: 空 | X38: 空 | Y38: 空 | Z38: 空 | AA38: 空 | AB38: 空 | AC38: 空 | AD38: 空 | AE38: 空 | AF38: 空 | AG38: =AH38+AI38+AJ38 -> 0 | AK38: 是 | AL38: =MIN(AL37+6,18)-COUNTIF(I38:P38,"<>空")+COUNTIF(I38:P38,"历练")+COUNTIF(I38:P38,"营地")*2 -> 12 | AM38: =MIN(AM37+6,18)-COUNTIF(Q38:X38,"<>空")+COUNTIF(Q38:X38,"历练")+COUNTIF(Q38:X38,"营地")*2 -> 12 | AN38: =MIN(AN37+6,18)-COUNTIF(Y38:AF38,"<>空")+COUNTIF(Y38:AF38,"历练")+COUNTIF(Y38:AF38,"营地")*2 -> 18 | AO38: 塔2 | AP38: 5 | AQ38: =AP38-AV11 -> 0 | AR38: =AQ38*AP11*0.8 -> 0 | AS38: =AQ38*AQ11 -> 0
A39: 45674 | B39: 1600 | D39: =(SUM(粮草!A39:X39)+AG39*10*IF(AK39="是",$BB$4,$BB$3)) -> 1176 | E39: =SUM($B$4:B39)+SUM($C$4:C39)-SUM($D$4:D39) -> 538 | F39: =SUM(经验!A39:X39) -> 415 | G39: =SUM($F$4:F39)+SUM($H$4:H39) -> 28565 | H39: 0 | I39: 空 | J39: 空 | K39: 空 | L39: 空 | M39: 空 | N39: 空 | O39: 空 | P39: 空 | Q39: 4级 | R39: 5级 | S39: 5级 | T39: 5级 | U39: 4级 | V39: 4级 | W39: 4级 | X39: 4级 | Y39: 空 | Z39: 空 | AA39: 空 | AB39: 空 | AC39: 空 | AD39: 空 | AE39: 空 | AF39: 空 | AG39: =AH39+AI39+AJ39 -> 0 | AK39: 是 | AL39: =MIN(AL38+6,18)-COUNTIF(I39:P39,"<>空")+COUNTIF(I39:P39,"历练")+COUNTIF(I39:P39,"营地")*2 -> 18 | AM39: =MIN(AM38+6,18)-COUNTIF(Q39:X39,"<>空")+COUNTIF(Q39:X39,"历练")+COUNTIF(Q39:X39,"营地")*2 -> 10 | AN39: =MIN(AN38+6,18)-COUNTIF(Y39:AF39,"<>空")+COUNTIF(Y39:AF39,"历练")+COUNTIF(Y39:AF39,"营地")*2 -> 18 | AO39: 塔3 | AP39: 6 | AQ39: =AP39-AV12 -> 0 | AR39: =AQ39*AP12*0.8 -> 0 | AS39: =AQ39*AQ12 -> 0
A40: 45675 | B40: 1600 | D40: =(SUM(粮草!A40:X40)+AG40*10*IF(AK40="是",$BB$4,$BB$3)) -> 864 | E40: =SUM($B$4:B40)+SUM($C$4:C40)-SUM($D$4:D40) -> 1274 | F40: =SUM(经验!A40:X40) -> 300 | G40: =SUM($F$4:F40)+SUM($H$4:H40) -> 28865 | H40: 0 | I40: 空 | J40: 空 | K40: 空 | L40: 空 | M40: 空 | N40: 空 | O40: 空 | P40: 空 | Q40: 4级 | R40: 4级 | S40: 4级 | T40: 4级 | U40: 4级 | V40: 4级 | W40: 空 | X40: 空 | Y40: 空 | Z40: 空 | AA40: 空 | AB40: 空 | AC40: 空 | AD40: 空 | AE40: 空 | AF40: 空 | AG40: =AH40+AI40+AJ40 -> 0 | AK40: 是 | AL40: =MIN(AL39+6,18)-COUNTIF(I40:P40,"<>空")+COUNTIF(I40:P40,"历练")+COUNTIF(I40:P40,"营地")*2 -> 18 | AM40: =MIN(AM39+6,18)-COUNTIF(Q40:X40,"<>空")+COUNTIF(Q40:X40,"历练")+COUNTIF(Q40:X40,"营地")*2 -> 10 | AN40: =MIN(AN39+6,18)-COUNTIF(Y40:AF40,"<>空")+COUNTIF(Y40:AF40,"历练")+COUNTIF(Y40:AF40,"营地")*2 -> 18 | AO40: 塔4 | AP40: 3 | AQ40: =AP40-AV13 -> 0 | AR40: =AQ40*AP13*0.8 -> 0 | AS40: =AQ40*AQ13 -> 0
A41: 45676 | B41: 1600 | D41: =(SUM(粮草!A41:X41)+AG41*10*IF(AK41="是",$BB$4,$BB$3)) -> 1728 | E41: =SUM($B$4:B41)+SUM($C$4:C41)-SUM($D$4:D41) -> 1146 | F41: =SUM(经验!A41:X41) -> 600 | G41: =SUM($F$4:F41)+SUM($H$4:H41) -> 29465 | H41: 0 | I41: 4级 | J41: 4级 | K41: 4级 | L41: 4级 | M41: 4级 | N41: 4级 | O41: 空 | P41: 空 | Q41: 4级 | R41: 4级 | S41: 4级 | T41: 4级 | U41: 4级 | V41: 4级 | W41: 空 | X41: 空 | Y41: 空 | Z41: 空 | AA41: 空 | AB41: 空 | AC41: 空 | AD41: 空 | AE41: 空 | AF41: 空 | AG41: =AH41+AI41+AJ41 -> 0 | AK41: 是 | AL41: =MIN(AL40+6,18)-COUNTIF(I41:P41,"<>空")+COUNTIF(I41:P41,"历练")+COUNTIF(I41:P41,"营地")*2 -> 12 | AM41: =MIN(AM40+6,18)-COUNTIF(Q41:X41,"<>空")+COUNTIF(Q41:X41,"历练")+COUNTIF(Q41:X41,"营地")*2 -> 10 | AN41: =MIN(AN40+6,18)-COUNTIF(Y41:AF41,"<>空")+COUNTIF(Y41:AF41,"历练")+COUNTIF(Y41:AF41,"营地")*2 -> 18 | AO41: 塔5 | AP41: 3 | AQ41: =AP41-AV14 -> 0 | AR41: =AQ41*AP14*0.8 -> 0 | AS41: =AQ41*AQ14 -> 0
A42: 45677 | B42: 1600 | D42: =(SUM(粮草!A42:X42)+AG42*10*IF(AK42="是",$BB$4,$BB$3)) -> 1744 | E42: =SUM($B$4:B42)+SUM($C$4:C42)-SUM($D$4:D42) -> 1002 | F42: =SUM(经验!A42:X42) -> 610 | G42: =SUM($F$4:F42)+SUM($H$4:H42) -> 30375 | H42: 300 | I42: 4级 | J42: 4级 | K42: 4级 | L42: 4级 | M42: 4级 | N42: 4级 | O42: 空 | P42: 空 | Q42: 4级 | R42: 4级 | S42: 4级 | T42: 4级 | U42: 5级 | V42: 5级 | W42: 空 | X42: 空 | Y42: 空 | Z42: 空 | AA42: 空 | AB42: 空 | AC42: 空 | AD42: 空 | AE42: 空 | AF42: 空 | AG42: =AH42+AI42+AJ42 -> 0 | AK42: 是 | AL42: =MIN(AL41+6,18)-COUNTIF(I42:P42,"<>空")+COUNTIF(I42:P42,"历练")+COUNTIF(I42:P42,"营地")*2 -> 12 | AM42: =MIN(AM41+6,18)-COUNTIF(Q42:X42,"<>空")+COUNTIF(Q42:X42,"历练")+COUNTIF(Q42:X42,"营地")*2 -> 10 | AN42: =MIN(AN41+6,18)-COUNTIF(Y42:AF42,"<>空")+COUNTIF(Y42:AF42,"历练")+COUNTIF(Y42:AF42,"营地")*2 -> 18 | AO42: 塔6 | AP42: 1 | AQ42: =AP42-AV15 -> 0 | AR42: =AQ42*AP15*0.8 -> 0 | AS42: =AQ42*AQ15 -> 0
A43: 45678 | B43: 1600 | D43: =(SUM(粮草!A43:X43)+AG43*10*IF(AK43="是",$BB$4,$BB$3)) -> 1768 | E43: =SUM($B$4:B43)+SUM($C$4:C43)-SUM($D$4:D43) -> 834 | F43: =SUM(经验!A43:X43) -> 625 | G43: =SUM($F$4:F43)+SUM($H$4:H43) -> 31000 | H43: 0 | I43: 4级 | J43: 4级 | K43: 4级 | L43: 4级 | M43: 4级 | N43: 4级 | O43: 空 | P43: 空 | Q43: 4级 | R43: 5级 | S43: 5级 | T43: 5级 | U43: 5级 | V43: 5级 | W43: 空 | X43: 空 | Y43: 空 | Z43: 空 | AA43: 空 | AB43: 空 | AC43: 空 | AD43: 空 | AE43: 空 | AF43: 空 | AG43: =AH43+AI43+AJ43 -> 0 | AK43: 是 | AL43: =MIN(AL42+6,18)-COUNTIF(I43:P43,"<>空")+COUNTIF(I43:P43,"历练")+COUNTIF(I43:P43,"营地")*2 -> 12 | AM43: =MIN(AM42+6,18)-COUNTIF(Q43:X43,"<>空")+COUNTIF(Q43:X43,"历练")+COUNTIF(Q43:X43,"营地")*2 -> 10 | AN43: =MIN(AN42+6,18)-COUNTIF(Y43:AF43,"<>空")+COUNTIF(Y43:AF43,"历练")+COUNTIF(Y43:AF43,"营地")*2 -> 18 | AO43: 中boss | AP43: 2 | AQ43: =AP43-AV23 -> 0 | AR43: =AQ43*AP23*0.8 -> 0 | AS43: =AQ43*AQ23 -> 0
A44: 45679 | B44: 1600 | D44: =(SUM(粮草!A44:X44)+AG44*10*IF(AK44="是",$BB$4,$BB$3)) -> 1704 | E44: =SUM($B$4:B44)+SUM($C$4:C44)-SUM($D$4:D44) -> 730 | F44: =SUM(经验!A44:X44) -> 580 | G44: =SUM($F$4:F44)+SUM($H$4:H44) -> 31780 | H44: 200 | I44: 4级 | J44: 4级 | K44: 4级 | L44: 4级 | M44: 4级 | N44: 4级 | O44: 空 | P44: 空 | Q44: 5级 | R44: 3级 | S44: 3级 | T44: 3级 | U44: 3级 | V44: 3级 | W44: 空 | X44: 空 | Y44: 空 | Z44: 空 | AA44: 空 | AB44: 空 | AC44: 空 | AD44: 空 | AE44: 空 | AF44: 空 | AG44: =AH44+AI44+AJ44 -> 1 | AI44: 1 | AK44: 是 | AL44: =MIN(AL43+6,18)-COUNTIF(I44:P44,"<>空")+COUNTIF(I44:P44,"历练")+COUNTIF(I44:P44,"营地")*2 -> 12 | AM44: =MIN(AM43+6,18)-COUNTIF(Q44:X44,"<>空")+COUNTIF(Q44:X44,"历练")+COUNTIF(Q44:X44,"营地")*2 -> 10 | AN44: =MIN(AN43+6,18)-COUNTIF(Y44:AF44,"<>空")+COUNTIF(Y44:AF44,"历练")+COUNTIF(Y44:AF44,"营地")*2 -> 18 | AO44: 历练 | AP44: 3 | AQ44: =AP44-AV29 -> 0 | AR44: =AQ44*AP29*0.8 -> 0 | AS44: =AQ44*AQ29 -> 0
A45: 45680 | B45: 1600 | D45: =(SUM(粮草!A45:X45)+AG45*10*IF(AK45="是",$BB$4,$BB$3)) -> 1504 | E45: =SUM($B$4:B45)+SUM($C$4:C45)-SUM($D$4:D45) -> 826 | F45: =SUM(经验!A45:X45) -> 500 | G45: =SUM($F$4:F45)+SUM($H$4:H45) -> 32280 | H45: 0 | I45: 4级 | J45: 3级 | K45: 3级 | L45: 3级 | M45: 3级 | N45: 空 | O45: 空 | P45: 空 | Q45: 3级 | R45: 3级 | S45: 3级 | T45: 3级 | U45: 3级 | V45: 3级 | W45: 空 | X45: 空 | Y45: 空 | Z45: 空 | AA45: 空 | AB45: 空 | AC45: 空 | AD45: 空 | AE45: 空 | AF45: 空 | AG45: =AH45+AI45+AJ45 -> 0 | AK45: 是 | AL45: =MIN(AL44+6,18)-COUNTIF(I45:P45,"<>空")+COUNTIF(I45:P45,"历练")+COUNTIF(I45:P45,"营地")*2 -> 13 | AM45: =MIN(AM44+6,18)-COUNTIF(Q45:X45,"<>空")+COUNTIF(Q45:X45,"历练")+COUNTIF(Q45:X45,"营地")*2 -> 10 | AN45: =MIN(AN44+6,18)-COUNTIF(Y45:AF45,"<>空")+COUNTIF(Y45:AF45,"历练")+COUNTIF(Y45:AF45,"营地")*2 -> 18 | AO45: 大boss | AP45: 2 | AQ45: =AP45-AV22 -> 0 | AR45: =AQ45*AP22*0.8 -> 0 | AS45: =AQ45*AQ22 -> 0
A46: 45681 | B46: 1600 | D46: =(SUM(粮草!A46:X46)+AG46*10*IF(AK46="是",$BB$4,$BB$3)) -> 1712 | E46: =SUM($B$4:B46)+SUM($C$4:C46)-SUM($D$4:D46) -> 714 | F46: =SUM(经验!A46:X46) -> 600 | G46: =SUM($F$4:F46)+SUM($H$4:H46) -> 32880 | H46: 0 | I46: 3级 | J46: 塔3 | K46: 3级 | L46: 3级 | M46: 3级 | N46: 3级 | O46: 空 | P46: 空 | Q46: 5级 | R46: 5级 | S46: 5级 | T46: 5级 | U46: 5级 | V46: 5级 | W46: 空 | X46: 空 | Y46: 空 | Z46: 空 | AA46: 空 | AB46: 空 | AC46: 空 | AD46: 空 | AE46: 空 | AF46: 空 | AG46: =AH46+AI46+AJ46 -> 0 | AK46: 是 | AL46: =MIN(AL45+6,18)-COUNTIF(I46:P46,"<>空")+COUNTIF(I46:P46,"历练")+COUNTIF(I46:P46,"营地")*2 -> 12 | AM46: =MIN(AM45+6,18)-COUNTIF(Q46:X46,"<>空")+COUNTIF(Q46:X46,"历练")+COUNTIF(Q46:X46,"营地")*2 -> 10 | AN46: =MIN(AN45+6,18)-COUNTIF(Y46:AF46,"<>空")+COUNTIF(Y46:AF46,"历练")+COUNTIF(Y46:AF46,"营地")*2 -> 18 | AO46: 总 | AQ46: =SUM(AQ33:AQ43) -> 0 | AR46: =SUM(AR33:AR45) -> 0 | AS46: =SUM(AS33:AS45) -> 0
A47: 45682 | B47: 1600 | D47: =(SUM(粮草!A47:X47)+AG47*10*IF(AK47="是",$BB$4,$BB$3)) -> 1632 | E47: =SUM($B$4:B47)+SUM($C$4:C47)-SUM($D$4:D47) -> 682 | F47: =SUM(经验!A47:X47) -> 585 | G47: =SUM($F$4:F47)+SUM($H$4:H47) -> 33465 | H47: 0 | I47: 3级 | J47: 3级 | K47: 3级 | L47: 3级 | M47: 商人 | N47: 3级 | O47: 空 | P47: 空 | Q47: 5级 | R47: 5级 | S47: 5级 | T47: 5级 | U47: 5级 | V47: 5级 | W47: 空 | X47: 空 | Y47: 空 | Z47: 空 | AA47: 空 | AB47: 空 | AC47: 空 | AD47: 空 | AE47: 空 | AF47: 空 | AG47: =AH47+AI47+AJ47 -> 0 | AK47: 是 | AL47: =MIN(AL46+6,18)-COUNTIF(I47:P47,"<>空")+COUNTIF(I47:P47,"历练")+COUNTIF(I47:P47,"营地")*2 -> 12 | AM47: =MIN(AM46+6,18)-COUNTIF(Q47:X47,"<>空")+COUNTIF(Q47:X47,"历练")+COUNTIF(Q47:X47,"营地")*2 -> 10 | AN47: =MIN(AN46+6,18)-COUNTIF(Y47:AF47,"<>空")+COUNTIF(Y47:AF47,"历练")+COUNTIF(Y47:AF47,"营地")*2 -> 18 | AQ47: 最终 | AR47: =E93-AR46 -> 2 | AS47: =AS46+G93 -> 64985
A48: 45683 | B48: 1600 | D48: =(SUM(粮草!A48:X48)+AG48*10*IF(AK48="是",$BB$4,$BB$3)) -> 1592 | E48: =SUM($B$4:B48)+SUM($C$4:C48)-SUM($D$4:D48) -> 690 | F48: =SUM(经验!A48:X48) -> 555 | G48: =SUM($F$4:F48)+SUM($H$4:H48) -> 34020 | H48: 0 | I48: 3级 | J48: 3级 | K48: 3级 | L48: 3级 | M48: 3级 | N48: 空 | O48: 空 | P48: 空 | Q48: 5级 | R48: 5级 | S48: 5级 | T48: 5级 | U48: 5级 | V48: 5级 | W48: 空 | X48: 空 | Y48: 空 | Z48: 空 | AA48: 空 | AB48: 空 | AC48: 空 | AD48: 空 | AE48: 空 | AF48: 空 | AG48: =AH48+AI48+AJ48 -> 0 | AK48: 是 | AL48: =MIN(AL47+6,18)-COUNTIF(I48:P48,"<>空")+COUNTIF(I48:P48,"历练")+COUNTIF(I48:P48,"营地")*2 -> 13 | AM48: =MIN(AM47+6,18)-COUNTIF(Q48:X48,"<>空")+COUNTIF(Q48:X48,"历练")+COUNTIF(Q48:X48,"营地")*2 -> 10 | AN48: =MIN(AN47+6,18)-COUNTIF(Y48:AF48,"<>空")+COUNTIF(Y48:AF48,"历练")+COUNTIF(Y48:AF48,"营地")*2 -> 18 | AQ48: 净获得
A49: 45684 | B49: 1600 | D49: =(SUM(粮草!A49:X49)+AG49*10*IF(AK49="是",$BB$4,$BB$3)) -> 1728 | E49: =SUM($B$4:B49)+SUM($C$4:C49)-SUM($D$4:D49) -> 562 | F49: =SUM(经验!A49:X49) -> 600 | G49: =SUM($F$4:F49)+SUM($H$4:H49) -> 34820 | H49: 200 | I49: 3级 | J49: 3级 | K49: 3级 | L49: 3级 | M49: 3级 | N49: 3级 | O49: 空 | P49: 空 | Q49: 5级 | R49: 5级 | S49: 5级 | T49: 5级 | U49: 5级 | V49: 5级 | W49: 空 | X49: 空 | Y49: 空 | Z49: 空 | AA49: 空 | AB49: 空 | AC49: 空 | AD49: 空 | AE49: 空 | AF49: 空 | AG49: =AH49+AI49+AJ49 -> 0 | AK49: 是 | AL49: =MIN(AL48+6,18)-COUNTIF(I49:P49,"<>空")+COUNTIF(I49:P49,"历练")+COUNTIF(I49:P49,"营地")*2 -> 12 | AM49: =MIN(AM48+6,18)-COUNTIF(Q49:X49,"<>空")+COUNTIF(Q49:X49,"历练")+COUNTIF(Q49:X49,"营地")*2 -> 10 | AN49: =MIN(AN48+6,18)-COUNTIF(Y49:AF49,"<>空")+COUNTIF(Y49:AF49,"历练")+COUNTIF(Y49:AF49,"营地")*2 -> 18 | AO49: 阶段 | AP49: 奖励粮草 | AQ49: 八卦前 | AR49: 八卦后 | AS49: 帐篷个数
A50: 45685 | B50: 1600 | D50: =(SUM(粮草!A50:X50)+AG50*10*IF(AK50="是",$BB$4,$BB$3)) -> 1728 | E50: =SUM($B$4:B50)+SUM($C$4:C50)-SUM($D$4:D50) -> 434 | F50: =SUM(经验!A50:X50) -> 600 | G50: =SUM($F$4:F50)+SUM($H$4:H50) -> 35520 | H50: 100 | I50: 3级 | J50: 3级 | K50: 3级 | L50: 3级 | M50: 3级 | N50: 3级 | O50: 空 | P50: 空 | Q50: 5级 | R50: 5级 | S50: 5级 | T50: 5级 | U50: 5级 | V50: 5级 | W50: 空 | X50: 空 | Y50: 空 | Z50: 空 | AA50: 空 | AB50: 空 | AC50: 空 | AD50: 空 | AE50: 空 | AF50: 空 | AG50: =AH50+AI50+AJ50 -> 0 | AK50: 是 | AL50: =MIN(AL49+6,18)-COUNTIF(I50:P50,"<>空")+COUNTIF(I50:P50,"历练")+COUNTIF(I50:P50,"营地")*2 -> 12 | AM50: =MIN(AM49+6,18)-COUNTIF(Q50:X50,"<>空")+COUNTIF(Q50:X50,"历练")+COUNTIF(Q50:X50,"营地")*2 -> 10 | AN50: =MIN(AN49+6,18)-COUNTIF(Y50:AF50,"<>空")+COUNTIF(Y50:AF50,"历练")+COUNTIF(Y50:AF50,"营地")*2 -> 18 | AO50: 1 | AP50: 300 | AQ50: =AP50-50 -> 250 | AR50: =AP50-40 -> 260 | AS50: =COUNTIF(I4:AF17,$AO$18) -> 10 | AV50: 9 | AW50: 260 | AX50: =AV50*AW50 -> 2340 | AY50: 10 | AZ50: 210 | BA50: =AZ50*AY50 -> 2100
A51: 45686 | B51: 1600 | D51: =(SUM(粮草!A51:X51)+AG51*10*IF(AK51="是",$BB$4,$BB$3)) -> 1528 | E51: =SUM($B$4:B51)+SUM($C$4:C51)-SUM($D$4:D51) -> 506 | F51: =SUM(经验!A51:X51) -> 560 | G51: =SUM($F$4:F51)+SUM($H$4:H51) -> 36280 | H51: 200 | I51: 3级 | J51: 3级 | K51: 3级 | L51: 3级 | M51: 商人 | N51: 3级 | O51: 空 | P51: 空 | Q51: 5级 | R51: 5级 | S51: 5级 | T51: 商人 | U51: 5级 | V51: 5级 | W51: 空 | X51: 空 | Y51: 空 | Z51: 空 | AA51: 空 | AB51: 空 | AC51: 空 | AD51: 空 | AE51: 空 | AF51: 空 | AG51: =AH51+AI51+AJ51 -> 1 | AI51: 1 | AK51: 是 | AL51: =MIN(AL50+6,18)-COUNTIF(I51:P51,"<>空")+COUNTIF(I51:P51,"历练")+COUNTIF(I51:P51,"营地")*2 -> 12 | AM51: =MIN(AM50+6,18)-COUNTIF(Q51:X51,"<>空")+COUNTIF(Q51:X51,"历练")+COUNTIF(Q51:X51,"营地")*2 -> 10 | AN51: =MIN(AN50+6,18)-COUNTIF(Y51:AF51,"<>空")+COUNTIF(Y51:AF51,"历练")+COUNTIF(Y51:AF51,"营地")*2 -> 18 | AO51: 2 | AP51: 250 | AQ51: =AP51-50 -> 200 | AR51: =AP51-40 -> 210 | AS51: =COUNTIF(I18:AE24,$AO$18) -> 3 | AV51: 1 | AW51: 160
A52: 45687 | B52: 1600 | D52: =(SUM(粮草!A52:X52)+AG52*10*IF(AK52="是",$BB$4,$BB$3)) -> 1728 | E52: =SUM($B$4:B52)+SUM($C$4:C52)-SUM($D$4:D52) -> 378 | F52: =SUM(经验!A52:X52) -> 600 | G52: =SUM($F$4:F52)+SUM($H$4:H52) -> 36880 | H52: 0 | I52: 3级 | J52: 3级 | K52: 3级 | L52: 3级 | M52: 3级 | N52: 3级 | O52: 空 | P52: 空 | Q52: 5级 | R52: 5级 | S52: 5级 | T52: 5级 | U52: 5级 | V52: 5级 | W52: 空 | X52: 空 | Y52: 空 | Z52: 空 | AA52: 空 | AB52: 空 | AC52: 空 | AD52: 空 | AE52: 空 | AF52: 空 | AG52: =AH52+AI52+AJ52 -> 0 | AK52: 是 | AL52: =MIN(AL51+6,18)-COUNTIF(I52:P52,"<>空")+COUNTIF(I52:P52,"历练")+COUNTIF(I52:P52,"营地")*2 -> 12 | AM52: =MIN(AM51+6,18)-COUNTIF(Q52:X52,"<>空")+COUNTIF(Q52:X52,"历练")+COUNTIF(Q52:X52,"营地")*2 -> 10 | AN52: =MIN(AN51+6,18)-COUNTIF(Y52:AF52,"<>空")+COUNTIF(Y52:AF52,"历练")+COUNTIF(Y52:AF52,"营地")*2 -> 18 | AO52: 3 | AP52: 200 | AQ52: =AP52-50 -> 150 | AR52: =AP52-40 -> 160 | AS52: =COUNTIF(I25:AF38,$AO$18) -> 1
A53: 45688 | B53: 1600 | D53: =(SUM(粮草!A53:X53)+AG53*10*IF(AK53="是",$BB$4,$BB$3)) -> 1632 | E53: =SUM($B$4:B53)+SUM($C$4:C53)-SUM($D$4:D53) -> 346 | F53: =SUM(经验!A53:X53) -> 585 | G53: =SUM($F$4:F53)+SUM($H$4:H53) -> 37465 | H53: 0 | I53: 3级 | J53: 3级 | K53: 商人 | L53: 3级 | M53: 3级 | N53: 3级 | O53: 空 | P53: 空 | Q53: 5级 | R53: 5级 | S53: 5级 | T53: 5级 | U53: 5级 | V53: 5级 | W53: 空 | X53: 空 | Y53: 空 | Z53: 空 | AA53: 空 | AB53: 空 | AC53: 空 | AD53: 空 | AE53: 空 | AF53: 空 | AG53: =AH53+AI53+AJ53 -> 0 | AK53: 是 | AL53: =MIN(AL52+6,18)-COUNTIF(I53:P53,"<>空")+COUNTIF(I53:P53,"历练")+COUNTIF(I53:P53,"营地")*2 -> 12 | AM53: =MIN(AM52+6,18)-COUNTIF(Q53:X53,"<>空")+COUNTIF(Q53:X53,"历练")+COUNTIF(Q53:X53,"营地")*2 -> 10 | AN53: =MIN(AN52+6,18)-COUNTIF(Y53:AF53,"<>空")+COUNTIF(Y53:AF53,"历练")+COUNTIF(Y53:AF53,"营地")*2 -> 18 | AO53: 4 | AP53: 150 | AQ53: =AP53-50 -> 100 | AR53: =AP53-40 -> 110 | AS53: =COUNTIF(I39:AF59,$AO$18) -> 0
A54: 45689 | B54: 1600 | D54: =(SUM(粮草!A54:X54)+AG54*10*IF(AK54="是",$BB$4,$BB$3)) -> 1600 | E54: =SUM($B$4:B54)+SUM($C$4:C54)-SUM($D$4:D54) -> 346 | F54: =SUM(经验!A54:X54) -> 565 | G54: =SUM($F$4:F54)+SUM($H$4:H54) -> 38030 | H54: 0 | I54: 2级 | J54: 商人 | K54: 2级 | L54: 2级 | M54: 塔2 | N54: 3级 | O54: 空 | P54: 空 | Q54: 5级 | R54: 5级 | S54: 5级 | T54: 5级 | U54: 5级 | V54: 5级 | W54: 空 | X54: 空 | Y54: 空 | Z54: 空 | AA54: 空 | AB54: 空 | AC54: 空 | AD54: 空 | AE54: 空 | AF54: 空 | AG54: =AH54+AI54+AJ54 -> 1 | AH54: 1 | AK54: 是 | AL54: =MIN(AL53+6,18)-COUNTIF(I54:P54,"<>空")+COUNTIF(I54:P54,"历练")+COUNTIF(I54:P54,"营地")*2 -> 12 | AM54: =MIN(AM53+6,18)-COUNTIF(Q54:X54,"<>空")+COUNTIF(Q54:X54,"历练")+COUNTIF(Q54:X54,"营地")*2 -> 10 | AN54: =MIN(AN53+6,18)-COUNTIF(Y54:AF54,"<>空")+COUNTIF(Y54:AF54,"历练")+COUNTIF(Y54:AF54,"营地")*2 -> 18 | AO54: 5 | AP54: 100 | AQ54: =AP54-50 -> 50 | AR54: =AP54-40 -> 60 | AS54: =COUNTIF(I60:AF93,$AO$18) -> 0
A55: 45690 | B55: 1600 | D55: =(SUM(粮草!A55:X55)+AG55*10*IF(AK55="是",$BB$4,$BB$3)) -> 880 | E55: =SUM($B$4:B55)+SUM($C$4:C55)-SUM($D$4:D55) -> 1066 | F55: =SUM(经验!A55:X55) -> 330 | G55: =SUM($F$4:F55)+SUM($H$4:H55) -> 38360 | H55: 0 | I55: 空 | J55: 空 | K55: 空 | L55: 空 | M55: 空 | N55: 空 | O55: 空 | P55: 空 | Q55: 5级 | R55: 5级 | S55: 塔5 | T55: 5级 | U55: 5级 | V55: 5级 | W55: 空 | X55: 空 | Y55: 空 | Z55: 空 | AA55: 空 | AB55: 空 | AC55: 空 | AD55: 空 | AE55: 空 | AF55: 空 | AG55: =AH55+AI55+AJ55 -> 0 | AK55: 是 | AL55: =MIN(AL54+6,18)-COUNTIF(I55:P55,"<>空")+COUNTIF(I55:P55,"历练")+COUNTIF(I55:P55,"营地")*2 -> 18 | AM55: =MIN(AM54+6,18)-COUNTIF(Q55:X55,"<>空")+COUNTIF(Q55:X55,"历练")+COUNTIF(Q55:X55,"营地")*2 -> 10 | AN55: =MIN(AN54+6,18)-COUNTIF(Y55:AF55,"<>空")+COUNTIF(Y55:AF55,"历练")+COUNTIF(Y55:AF55,"营地")*2 -> 18
A56: 45691 | B56: 1600 | D56: =(SUM(粮草!A56:X56)+AG56*10*IF(AK56="是",$BB$4,$BB$3)) -> 1776 | E56: =SUM($B$4:B56)+SUM($C$4:C56)-SUM($D$4:D56) -> 890 | F56: =SUM(经验!A56:X56) -> 1045 | G56: =SUM($F$4:F56)+SUM($H$4:H56) -> 39705 | H56: 300 | I56: 3级 | J56: 3级 | K56: 3级 | L56: 3级 | M56: 3级 | N56: 3级 | O56: 空 | P56: 空 | Q56: 5级 | R56: 5级 | S56: 中boss | T56: 5级 | U56: 5级 | V56: 5级 | W56: 空 | X56: 空 | Y56: 空 | Z56: 空 | AA56: 空 | AB56: 空 | AC56: 空 | AD56: 空 | AE56: 空 | AF56: 空 | AG56: =AH56+AI56+AJ56 -> 0 | AK56: 是 | AL56: =MIN(AL55+6,18)-COUNTIF(I56:P56,"<>空")+COUNTIF(I56:P56,"历练")+COUNTIF(I56:P56,"营地")*2 -> 12 | AM56: =MIN(AM55+6,18)-COUNTIF(Q56:X56,"<>空")+COUNTIF(Q56:X56,"历练")+COUNTIF(Q56:X56,"营地")*2 -> 10 | AN56: =MIN(AN55+6,18)-COUNTIF(Y56:AF56,"<>空")+COUNTIF(Y56:AF56,"历练")+COUNTIF(Y56:AF56,"营地")*2 -> 18
A57: 45692 | B57: 1600 | D57: =(SUM(粮草!A57:X57)+AG57*10*IF(AK57="是",$BB$4,$BB$3)) -> 1632 | E57: =SUM($B$4:B57)+SUM($C$4:C57)-SUM($D$4:D57) -> 858 | F57: =SUM(经验!A57:X57) -> 585 | G57: =SUM($F$4:F57)+SUM($H$4:H57) -> 40290 | H57: 0 | I57: 3级 | J57: 3级 | K57: 3级 | L57: 3级 | M57: 商人 | N57: 3级 | O57: 空 | P57: 空 | Q57: 5级 | R57: 5级 | S57: 5级 | T57: 5级 | U57: 5级 | V57: 5级 | W57: 空 | X57: 空 | Y57: 空 | Z57: 空 | AA57: 空 | AB57: 空 | AC57: 空 | AD57: 空 | AE57: 空 | AF57: 空 | AG57: =AH57+AI57+AJ57 -> 0 | AK57: 是 | AL57: =MIN(AL56+6,18)-COUNTIF(I57:P57,"<>空")+COUNTIF(I57:P57,"历练")+COUNTIF(I57:P57,"营地")*2 -> 12 | AM57: =MIN(AM56+6,18)-COUNTIF(Q57:X57,"<>空")+COUNTIF(Q57:X57,"历练")+COUNTIF(Q57:X57,"营地")*2 -> 10 | AN57: =MIN(AN56+6,18)-COUNTIF(Y57:AF57,"<>空")+COUNTIF(Y57:AF57,"历练")+COUNTIF(Y57:AF57,"营地")*2 -> 18
A58: 45693 | B58: 1600 | D58: =(SUM(粮草!A58:X58)+AG58*10*IF(AK58="是",$BB$4,$BB$3)) -> 1616 | E58: =SUM($B$4:B58)+SUM($C$4:C58)-SUM($D$4:D58) -> 842 | F58: =SUM(经验!A58:X58) -> 575 | G58: =SUM($F$4:F58)+SUM($H$4:H58) -> 41065 | H58: 200 | I58: 3级 | J58: 3级 | K58: 3级 | L58: 3级 | M58: 3级 | N58: 3级 | O58: 空 | P58: 空 | Q58: 5级 | R58: 5级 | S58: 商人 | T58: 5级 | U58: 5级 | V58: 5级 | W58: 空 | X58: 空 | Y58: 空 | Z58: 空 | AA58: 空 | AB58: 空 | AC58: 空 | AD58: 空 | AE58: 空 | AF58: 空 | AG58: =AH58+AI58+AJ58 -> 0 | AK58: 是 | AL58: =MIN(AL57+6,18)-COUNTIF(I58:P58,"<>空")+COUNTIF(I58:P58,"历练")+COUNTIF(I58:P58,"营地")*2 -> 12 | AM58: =MIN(AM57+6,18)-COUNTIF(Q58:X58,"<>空")+COUNTIF(Q58:X58,"历练")+COUNTIF(Q58:X58,"营地")*2 -> 10 | AN58: =MIN(AN57+6,18)-COUNTIF(Y58:AF58,"<>空")+COUNTIF(Y58:AF58,"历练")+COUNTIF(Y58:AF58,"营地")*2 -> 18
A59: 45694 | B59: 1600 | D59: =(SUM(粮草!A59:X59)+AG59*10*IF(AK59="是",$BB$4,$BB$3)) -> 1616 | E59: =SUM($B$4:B59)+SUM($C$4:C59)-SUM($D$4:D59) -> 826 | F59: =SUM(经验!A59:X59) -> 1065 | G59: =SUM($F$4:F59)+SUM($H$4:H59) -> 42130 | H59: 0 | I59: 3级 | J59: 3级 | K59: 3级 | L59: 3级 | M59: 3级 | N59: 3级 | O59: 空 | P59: 空 | Q59: 5级 | R59: 历练 | S59: 5级 | T59: 5级 | U59: 5级 | V59: 5级 | W59: 空 | X59: 空 | Y59: 空 | Z59: 空 | AA59: 空 | AB59: 空 | AC59: 空 | AD59: 空 | AE59: 空 | AF59: 空 | AG59: =AH59+AI59+AJ59 -> 0 | AK59: 是 | AL59: =MIN(AL58+6,18)-COUNTIF(I59:P59,"<>空")+COUNTIF(I59:P59,"历练")+COUNTIF(I59:P59,"营地")*2 -> 12 | AM59: =MIN(AM58+6,18)-COUNTIF(Q59:X59,"<>空")+COUNTIF(Q59:X59,"历练")+COUNTIF(Q59:X59,"营地")*2 -> 11 | AN59: =MIN(AN58+6,18)-COUNTIF(Y59:AF59,"<>空")+COUNTIF(Y59:AF59,"历练")+COUNTIF(Y59:AF59,"营地")*2 -> 18
A60: 45695 | B60: 1600 | D60: =(SUM(粮草!A60:X60)+AG60*10*IF(AK60="是",$BB$4,$BB$3)) -> 1728 | E60: =SUM($B$4:B60)+SUM($C$4:C60)-SUM($D$4:D60) -> 698 | F60: =SUM(经验!A60:X60) -> 600 | G60: =SUM($F$4:F60)+SUM($H$4:H60) -> 42730 | H60: 0 | I60: 3级 | J60: 3级 | K60: 3级 | L60: 3级 | M60: 3级 | N60: 3级 | O60: 空 | P60: 空 | Q60: 5级 | R60: 5级 | S60: 5级 | T60: 5级 | U60: 5级 | V60: 5级 | W60: 空 | X60: 空 | Y60: 空 | Z60: 空 | AA60: 空 | AB60: 空 | AC60: 空 | AD60: 空 | AE60: 空 | AF60: 空 | AG60: =AH60+AI60+AJ60 -> 0 | AK60: 是 | AL60: =MIN(AL59+6,18)-COUNTIF(I60:P60,"<>空")+COUNTIF(I60:P60,"历练")+COUNTIF(I60:P60,"营地")*2 -> 12 | AM60: =MIN(AM59+6,18)-COUNTIF(Q60:X60,"<>空")+COUNTIF(Q60:X60,"历练")+COUNTIF(Q60:X60,"营地")*2 -> 11 | AN60: =MIN(AN59+6,18)-COUNTIF(Y60:AF60,"<>空")+COUNTIF(Y60:AF60,"历练")+COUNTIF(Y60:AF60,"营地")*2 -> 18
A61: 45696 | B61: 1600 | D61: =(SUM(粮草!A61:X61)+AG61*10*IF(AK61="是",$BB$4,$BB$3)) -> 1704 | E61: =SUM($B$4:B61)+SUM($C$4:C61)-SUM($D$4:D61) -> 594 | F61: =SUM(经验!A61:X61) -> 590 | G61: =SUM($F$4:F61)+SUM($H$4:H61) -> 43320 | H61: 0 | I61: 3级 | J61: 3级 | K61: 塔3 | L61: 3级 | M61: 4级 | N61: 4级 | O61: 空 | P61: 空 | Q61: 5级 | R61: 5级 | S61: 5级 | T61: 5级 | U61: 3级 | V61: 3级 | W61: 空 | X61: 空 | Y61: 空 | Z61: 空 | AA61: 空 | AB61: 空 | AC61: 空 | AD61: 空 | AE61: 空 | AF61: 空 | AG61: =AH61+AI61+AJ61 -> 1 | AH61: 1 | AK61: 是 | AL61: =MIN(AL60+6,18)-COUNTIF(I61:P61,"<>空")+COUNTIF(I61:P61,"历练")+COUNTIF(I61:P61,"营地")*2 -> 12 | AM61: =MIN(AM60+6,18)-COUNTIF(Q61:X61,"<>空")+COUNTIF(Q61:X61,"历练")+COUNTIF(Q61:X61,"营地")*2 -> 11 | AN61: =MIN(AN60+6,18)-COUNTIF(Y61:AF61,"<>空")+COUNTIF(Y61:AF61,"历练")+COUNTIF(Y61:AF61,"营地")*2 -> 18
A62: 45697 | B62: 1600 | D62: =(SUM(粮草!A62:X62)+AG62*10*IF(AK62="是",$BB$4,$BB$3)) -> 1768 | E62: =SUM($B$4:B62)+SUM($C$4:C62)-SUM($D$4:D62) -> 426 | F62: =SUM(经验!A62:X62) -> 625 | G62: =SUM($F$4:F62)+SUM($H$4:H62) -> 43945 | H62: 0 | I62: 4级 | J62: 4级 | K62: 3级 | L62: 4级 | M62: 4级 | N62: 4级 | O62: 空 | P62: 空 | Q62: 5级 | R62: 5级 | S62: 5级 | T62: 5级 | U62: 5级 | V62: 5级 | W62: 空 | X62: 空 | Y62: 空 | Z62: 空 | AA62: 空 | AB62: 空 | AC62: 空 | AD62: 空 | AE62: 空 | AF62: 空 | AG62: =AH62+AI62+AJ62 -> 0 | AK62: 是 | AL62: =MIN(AL61+6,18)-COUNTIF(I62:P62,"<>空")+COUNTIF(I62:P62,"历练")+COUNTIF(I62:P62,"营地")*2 -> 12 | AM62: =MIN(AM61+6,18)-COUNTIF(Q62:X62,"<>空")+COUNTIF(Q62:X62,"历练")+COUNTIF(Q62:X62,"营地")*2 -> 11 | AN62: =MIN(AN61+6,18)-COUNTIF(Y62:AF62,"<>空")+COUNTIF(Y62:AF62,"历练")+COUNTIF(Y62:AF62,"营地")*2 -> 18
A63: 45698 | B63: 1600 | D63: =(SUM(粮草!A63:X63)+AG63*10*IF(AK63="是",$BB$4,$BB$3)) -> 1808 | E63: =SUM($B$4:B63)+SUM($C$4:C63)-SUM($D$4:D63) -> 218 | F63: =SUM(经验!A63:X63) -> 650 | G63: =SUM($F$4:F63)+SUM($H$4:H63) -> 44895 | H63: 300 | I63: 6级 | J63: 6级 | K63: 4级 | L63: 4级 | M63: 4级 | N63: 4级 | O63: 空 | P63: 空 | Q63: 5级 | R63: 5级 | S63: 5级 | T63: 5级 | U63: 5级 | V63: 5级 | W63: 空 | X63: 空 | Y63: 空 | Z63: 空 | AA63: 空 | AB63: 空 | AC63: 空 | AD63: 空 | AE63: 空 | AF63: 空 | AG63: =AH63+AI63+AJ63 -> 0 | AK63: 是 | AL63: =MIN(AL62+6,18)-COUNTIF(I63:P63,"<>空")+COUNTIF(I63:P63,"历练")+COUNTIF(I63:P63,"营地")*2 -> 12 | AM63: =MIN(AM62+6,18)-COUNTIF(Q63:X63,"<>空")+COUNTIF(Q63:X63,"历练")+COUNTIF(Q63:X63,"营地")*2 -> 11 | AN63: =MIN(AN62+6,18)-COUNTIF(Y63:AF63,"<>空")+COUNTIF(Y63:AF63,"历练")+COUNTIF(Y63:AF63,"营地")*2 -> 18
A64: 45699 | B64: 1600 | D64: =(SUM(粮草!A64:X64)+AG64*10*IF(AK64="是",$BB$4,$BB$3)) -> 1816 | E64: =SUM($B$4:B64)+SUM($C$4:C64)-SUM($D$4:D64) -> 2 | F64: =SUM(经验!A64:X64) -> 655 | G64: =SUM($F$4:F64)+SUM($H$4:H64) -> 45550 | H64: 0 | I64: 4级 | J64: 6级 | K64: 6级 | L64: 6级 | M64: 6级 | N64: 6级 | O64: 空 | P64: 空 | Q64: 5级 | R64: 4级 | S64: 4级 | T64: 4级 | U64: 4级 | V64: 4级 | W64: 空 | X64: 空 | Y64: 空 | Z64: 空 | AA64: 空 | AB64: 空 | AC64: 空 | AD64: 空 | AE64: 空 | AF64: 空 | AG64: =AH64+AI64+AJ64 -> 0 | AK64: 是 | AL64: =MIN(AL63+6,18)-COUNTIF(I64:P64,"<>空")+COUNTIF(I64:P64,"历练")+COUNTIF(I64:P64,"营地")*2 -> 12 | AM64: =MIN(AM63+6,18)-COUNTIF(Q64:X64,"<>空")+COUNTIF(Q64:X64,"历练")+COUNTIF(Q64:X64,"营地")*2 -> 11 | AN64: =MIN(AN63+6,18)-COUNTIF(Y64:AF64,"<>空")+COUNTIF(Y64:AF64,"历练")+COUNTIF(Y64:AF64,"营地")*2 -> 18
A65: 45700 | B65: 1600 | D65: =(SUM(粮草!A65:X65)+AG65*10*IF(AK65="是",$BB$4,$BB$3)) -> 880 | E65: =SUM($B$4:B65)+SUM($C$4:C65)-SUM($D$4:D65) -> 722 | F65: =SUM(经验!A65:X65) -> 310 | G65: =SUM($F$4:F65)+SUM($H$4:H65) -> 46060 | H65: 200 | I65: 空 | J65: 空 | K65: 空 | L65: 空 | M65: 空 | N65: 空 | O65: 空 | P65: 空 | Q65: 4级 | R65: 4级 | S65: 4级 | T65: 4级 | U65: 6级 | V65: 4级 | W65: 空 | X65: 空 | Y65: 空 | Z65: 空 | AA65: 空 | AB65: 空 | AC65: 空 | AD65: 空 | AE65: 空 | AF65: 空 | AG65: =AH65+AI65+AJ65 -> 0 | AK65: 是 | AL65: =MIN(AL64+6,18)-COUNTIF(I65:P65,"<>空")+COUNTIF(I65:P65,"历练")+COUNTIF(I65:P65,"营地")*2 -> 18 | AM65: =MIN(AM64+6,18)-COUNTIF(Q65:X65,"<>空")+COUNTIF(Q65:X65,"历练")+COUNTIF(Q65:X65,"营地")*2 -> 11 | AN65: =MIN(AN64+6,18)-COUNTIF(Y65:AF65,"<>空")+COUNTIF(Y65:AF65,"历练")+COUNTIF(Y65:AF65,"营地")*2 -> 18
A66: 45701 | B66: 1600 | D66: =(SUM(粮草!A66:X66)+AG66*10*IF(AK66="是",$BB$4,$BB$3)) -> 896 | E66: =SUM($B$4:B66)+SUM($C$4:C66)-SUM($D$4:D66) -> 1426 | F66: =SUM(经验!A66:X66) -> 320 | G66: =SUM($F$4:F66)+SUM($H$4:H66) -> 46380 | H66: 0 | I66: 空 | J66: 空 | K66: 空 | L66: 空 | M66: 空 | N66: 空 | O66: 空 | P66: 空 | Q66: 4级 | R66: 4级 | S66: 6级 | T66: 6级 | U66: 4级 | V66: 4级 | W66: 空 | X66: 空 | Y66: 空 | Z66: 空 | AA66: 空 | AB66: 空 | AC66: 空 | AD66: 空 | AE66: 空 | AF66: 空 | AG66: =AH66+AI66+AJ66 -> 0 | AK66: 是 | AL66: =MIN(AL65+6,18)-COUNTIF(I66:P66,"<>空")+COUNTIF(I66:P66,"历练")+COUNTIF(I66:P66,"营地")*2 -> 18 | AM66: =MIN(AM65+6,18)-COUNTIF(Q66:X66,"<>空")+COUNTIF(Q66:X66,"历练")+COUNTIF(Q66:X66,"营地")*2 -> 11 | AN66: =MIN(AN65+6,18)-COUNTIF(Y66:AF66,"<>空")+COUNTIF(Y66:AF66,"历练")+COUNTIF(Y66:AF66,"营地")*2 -> 18
A67: 45702 | B67: 1600 | D67: =(SUM(粮草!A67:X67)+AG67*10*IF(AK67="是",$BB$4,$BB$3)) -> 1856 | E67: =SUM($B$4:B67)+SUM($C$4:C67)-SUM($D$4:D67) -> 1170 | F67: =SUM(经验!A67:X67) -> 680 | G67: =SUM($F$4:F67)+SUM($H$4:H67) -> 47060 | H67: 0 | I67: 6级 | J67: 6级 | K67: 6级 | L67: 6级 | M67: 6级 | N67: 6级 | O67: 空 | P67: 空 | Q67: 4级 | R67: 4级 | S67: 5级 | T67: 5级 | U67: 5级 | V67: 5级 | W67: 空 | X67: 空 | Y67: 空 | Z67: 空 | AA67: 空 | AB67: 空 | AC67: 空 | AD67: 空 | AE67: 空 | AF67: 空 | AG67: =AH67+AI67+AJ67 -> 0 | AK67: 是 | AL67: =MIN(AL66+6,18)-COUNTIF(I67:P67,"<>空")+COUNTIF(I67:P67,"历练")+COUNTIF(I67:P67,"营地")*2 -> 12 | AM67: =MIN(AM66+6,18)-COUNTIF(Q67:X67,"<>空")+COUNTIF(Q67:X67,"历练")+COUNTIF(Q67:X67,"营地")*2 -> 11 | AN67: =MIN(AN66+6,18)-COUNTIF(Y67:AF67,"<>空")+COUNTIF(Y67:AF67,"历练")+COUNTIF(Y67:AF67,"营地")*2 -> 18
A68: 45703 | B68: 1600 | D68: =(SUM(粮草!A68:X68)+AG68*10*IF(AK68="是",$BB$4,$BB$3)) -> 1832 | E68: =SUM($B$4:B68)+SUM($C$4:C68)-SUM($D$4:D68) -> 938 | F68: =SUM(经验!A68:X68) -> 675 | G68: =SUM($F$4:F68)+SUM($H$4:H68) -> 47735 | H68: 0 | I68: 6级 | J68: 6级 | K68: 6级 | L68: 6级 | M68: 6级 | N68: 6级 | O68: 空 | P68: 空 | Q68: 塔3 | R68: 5级 | S68: 5级 | T68: 5级 | U68: 5级 | V68: 4级 | W68: 空 | X68: 空 | Y68: 空 | Z68: 空 | AA68: 空 | AB68: 空 | AC68: 空 | AD68: 空 | AE68: 空 | AF68: 空 | AG68: =AH68+AI68+AJ68 -> 0 | AK68: 是 | AL68: =MIN(AL67+6,18)-COUNTIF(I68:P68,"<>空")+COUNTIF(I68:P68,"历练")+COUNTIF(I68:P68,"营地")*2 -> 12 | AM68: =MIN(AM67+6,18)-COUNTIF(Q68:X68,"<>空")+COUNTIF(Q68:X68,"历练")+COUNTIF(Q68:X68,"营地")*2 -> 11 | AN68: =MIN(AN67+6,18)-COUNTIF(Y68:AF68,"<>空")+COUNTIF(Y68:AF68,"历练")+COUNTIF(Y68:AF68,"营地")*2 -> 18
A69: 45704 | B69: 1600 | D69: =(SUM(粮草!A69:X69)+AG69*10*IF(AK69="是",$BB$4,$BB$3)) -> 1824 | E69: =SUM($B$4:B69)+SUM($C$4:C69)-SUM($D$4:D69) -> 714 | F69: =SUM(经验!A69:X69) -> 660 | G69: =SUM($F$4:F69)+SUM($H$4:H69) -> 48395 | H69: 0 | I69: 6级 | J69: 6级 | K69: 6级 | L69: 6级 | M69: 6级 | N69: 6级 | O69: 空 | P69: 空 | Q69: 4级 | R69: 4级 | S69: 4级 | T69: 4级 | U69: 4级 | V69: 4级 | W69: 空 | X69: 空 | Y69: 空 | Z69: 空 | AA69: 空 | AB69: 空 | AC69: 空 | AD69: 空 | AE69: 空 | AF69: 空 | AG69: =AH69+AI69+AJ69 -> 0 | AK69: 是 | AL69: =MIN(AL68+6,18)-COUNTIF(I69:P69,"<>空")+COUNTIF(I69:P69,"历练")+COUNTIF(I69:P69,"营地")*2 -> 12 | AM69: =MIN(AM68+6,18)-COUNTIF(Q69:X69,"<>空")+COUNTIF(Q69:X69,"历练")+COUNTIF(Q69:X69,"营地")*2 -> 11 | AN69: =MIN(AN68+6,18)-COUNTIF(Y69:AF69,"<>空")+COUNTIF(Y69:AF69,"历练")+COUNTIF(Y69:AF69,"营地")*2 -> 18
A70: 45705 | B70: 1600 | D70: =(SUM(粮草!A70:X70)+AG70*10*IF(AK70="是",$BB$4,$BB$3)) -> 1856 | E70: =SUM($B$4:B70)+SUM($C$4:C70)-SUM($D$4:D70) -> 458 | F70: =SUM(经验!A70:X70) -> 680 | G70: =SUM($F$4:F70)+SUM($H$4:H70) -> 49375 | H70: 300 | I70: 6级 | J70: 4级 | K70: 4级 | L70: 4级 | M70: 6级 | N70: 4级 | O70: 空 | P70: 空 | Q70: 6级 | R70: 6级 | S70: 6级 | T70: 6级 | U70: 6级 | V70: 6级 | W70: 空 | X70: 空 | Y70: 空 | Z70: 空 | AA70: 空 | AB70: 空 | AC70: 空 | AD70: 空 | AE70: 空 | AF70: 空 | AG70: =AH70+AI70+AJ70 -> 0 | AK70: 是 | AL70: =MIN(AL69+6,18)-COUNTIF(I70:P70,"<>空")+COUNTIF(I70:P70,"历练")+COUNTIF(I70:P70,"营地")*2 -> 12 | AM70: =MIN(AM69+6,18)-COUNTIF(Q70:X70,"<>空")+COUNTIF(Q70:X70,"历练")+COUNTIF(Q70:X70,"营地")*2 -> 11 | AN70: =MIN(AN69+6,18)-COUNTIF(Y70:AF70,"<>空")+COUNTIF(Y70:AF70,"历练")+COUNTIF(Y70:AF70,"营地")*2 -> 18
A71: 45706 | B71: 1600 | D71: =(SUM(粮草!A71:X71)+AG71*10*IF(AK71="是",$BB$4,$BB$3)) -> 1840 | E71: =SUM($B$4:B71)+SUM($C$4:C71)-SUM($D$4:D71) -> 218 | F71: =SUM(经验!A71:X71) -> 670 | G71: =SUM($F$4:F71)+SUM($H$4:H71) -> 50045 | H71: 0 | I71: 4级 | J71: 4级 | K71: 4级 | L71: 6级 | M71: 4级 | N71: 4级 | O71: 空 | P71: 空 | Q71: 6级 | R71: 6级 | S71: 6级 | T71: 6级 | U71: 6级 | V71: 6级 | W71: 空 | X71: 空 | Y71: 空 | Z71: 空 | AA71: 空 | AB71: 空 | AC71: 空 | AD71: 空 | AE71: 空 | AF71: 空 | AG71: =AH71+AI71+AJ71 -> 0 | AK71: 是 | AL71: =MIN(AL70+6,18)-COUNTIF(I71:P71,"<>空")+COUNTIF(I71:P71,"历练")+COUNTIF(I71:P71,"营地")*2 -> 12 | AM71: =MIN(AM70+6,18)-COUNTIF(Q71:X71,"<>空")+COUNTIF(Q71:X71,"历练")+COUNTIF(Q71:X71,"营地")*2 -> 11 | AN71: =MIN(AN70+6,18)-COUNTIF(Y71:AF71,"<>空")+COUNTIF(Y71:AF71,"历练")+COUNTIF(Y71:AF71,"营地")*2 -> 18
A72: 45707 | B72: 1600 | D72: =(SUM(粮草!A72:X72)+AG72*10*IF(AK72="是",$BB$4,$BB$3)) -> 1600 | E72: =SUM($B$4:B72)+SUM($C$4:C72)-SUM($D$4:D72) -> 218 | F72: =SUM(经验!A72:X72) -> 565 | G72: =SUM($F$4:F72)+SUM($H$4:H72) -> 50810 | H72: 200 | I72: 4级 | J72: 4级 | K72: 4级 | L72: 4级 | M72: 4级 | N72: 4级 | O72: 空 | P72: 空 | Q72: 5级 | R72: 3级 | S72: 商人 | T72: 3级 | U72: 3级 | V72: 3级 | W72: 空 | X72: 空 | Y72: 空 | Z72: 空 | AA72: 空 | AB72: 空 | AC72: 空 | AD72: 空 | AE72: 空 | AF72: 空 | AG72: =AH72+AI72+AJ72 -> 0 | AK72: 是 | AL72: =MIN(AL71+6,18)-COUNTIF(I72:P72,"<>空")+COUNTIF(I72:P72,"历练")+COUNTIF(I72:P72,"营地")*2 -> 12 | AM72: =MIN(AM71+6,18)-COUNTIF(Q72:X72,"<>空")+COUNTIF(Q72:X72,"历练")+COUNTIF(Q72:X72,"营地")*2 -> 11 | AN72: =MIN(AN71+6,18)-COUNTIF(Y72:AF72,"<>空")+COUNTIF(Y72:AF72,"历练")+COUNTIF(Y72:AF72,"营地")*2 -> 18
A73: 45708 | B73: 1600 | D73: =(SUM(粮草!A73:X73)+AG73*10*IF(AK73="是",$BB$4,$BB$3)) -> 1640 | E73: =SUM($B$4:B73)+SUM($C$4:C73)-SUM($D$4:D73) -> 178 | F73: =SUM(经验!A73:X73) -> 590 | G73: =SUM($F$4:F73)+SUM($H$4:H73) -> 51400 | H73: 0 | I73: 4级 | J73: 4级 | K73: 4级 | L73: 4级 | M73: 4级 | N73: 3级 | O73: 空 | P73: 空 | Q73: 商人 | R73: 3级 | S73: 5级 | T73: 5级 | U73: 5级 | V73: 5级 | W73: 空 | X73: 空 | Y73: 空 | Z73: 空 | AA73: 空 | AB73: 空 | AC73: 空 | AD73: 空 | AE73: 空 | AF73: 空 | AG73: =AH73+AI73+AJ73 -> 0 | AK73: 是 | AL73: =MIN(AL72+6,18)-COUNTIF(I73:P73,"<>空")+COUNTIF(I73:P73,"历练")+COUNTIF(I73:P73,"营地")*2 -> 12 | AM73: =MIN(AM72+6,18)-COUNTIF(Q73:X73,"<>空")+COUNTIF(Q73:X73,"历练")+COUNTIF(Q73:X73,"营地")*2 -> 11 | AN73: =MIN(AN72+6,18)-COUNTIF(Y73:AF73,"<>空")+COUNTIF(Y73:AF73,"历练")+COUNTIF(Y73:AF73,"营地")*2 -> 18
... A78: 45713 | B78: 1600 | D78: =(SUM(粮草!A78:X78)+AG78*10*IF(AK78="是",$BB$4,$BB$3)) -> 1640 | E78: =SUM($B$4:B78)+SUM($C$4:C78)-SUM($D$4:D78) -> 210 | F78: =SUM(经验!A78:X78) -> 585 | G78: =SUM($F$4:F78)+SUM($H$4:H78) -> 55105 | H78: 0 | I78: 6级 | J78: 6级 | K78: 6级 | L78: 6级 | M78: 6级 | N78: 6级 | O78: 空 | P78: 空 | Q78: 3级 | R78: 3级 | S78: 3级 | T78: 3级 | U78: 3级 | V78: 空 | W78: 空 | X78: 空 | Y78: 空 | Z78: 空 | AA78: 空 | AB78: 空 | AC78: 空 | AD78: 空 | AE78: 空 | AF78: 空 | AG78: =AH78+AI78+AJ78 -> 0 | AK78: 是 | AL78: =MIN(AL77+6,18)-COUNTIF(I78:P78,"<>空")+COUNTIF(I78:P78,"历练")+COUNTIF(I78:P78,"营地")*2 -> 12 | AM78: =MIN(AM77+6,18)-COUNTIF(Q78:X78,"<>空")+COUNTIF(Q78:X78,"历练")+COUNTIF(Q78:X78,"营地")*2 -> 12 | AN78: =MIN(AN77+6,18)-COUNTIF(Y78:AF78,"<>空")+COUNTIF(Y78:AF78,"历练")+COUNTIF(Y78:AF78,"营地")*2 -> 18
A79: 45714 | B79: 1600 | D79: =(SUM(粮草!A79:X79)+AG79*10*IF(AK79="是",$BB$4,$BB$3)) -> 1784 | E79: =SUM($B$4:B79)+SUM($C$4:C79)-SUM($D$4:D79) -> 26 | F79: =SUM(经验!A79:X79) -> 630 | G79: =SUM($F$4:F79)+SUM($H$4:H79) -> 55935 | H79: 200 | I79: 6级 | J79: 6级 | K79: 6级 | L79: 6级 | M79: 6级 | N79: 6级 | O79: 空 | P79: 空 | Q79: 3级 | R79: 3级 | S79: 3级 | T79: 3级 | U79: 3级 | V79: 3级 | W79: 空 | X79: 空 | Y79: 空 | Z79: 空 | AA79: 空 | AB79: 空 | AC79: 空 | AD79: 空 | AE79: 空 | AF79: 空 | AG79: =AH79+AI79+AJ79 -> 1 | AH79: 1 | AK79: 是 | AL79: =MIN(AL78+6,18)-COUNTIF(I79:P79,"<>空")+COUNTIF(I79:P79,"历练")+COUNTIF(I79:P79,"营地")*2 -> 12 | AM79: =MIN(AM78+6,18)-COUNTIF(Q79:X79,"<>空")+COUNTIF(Q79:X79,"历练")+COUNTIF(Q79:X79,"营地")*2 -> 12 | AN79: =MIN(AN78+6,18)-COUNTIF(Y79:AF79,"<>空")+COUNTIF(Y79:AF79,"历练")+COUNTIF(Y79:AF79,"营地")*2 -> 18
A80: 45715 | B80: 1600 | D80: =(SUM(粮草!A80:X80)+AG80*10*IF(AK80="是",$BB$4,$BB$3)) -> 1776 | E80: =SUM($B$4:B80)+SUM($C$4:C80)-SUM($D$4:D80) -> -150 | F80: =SUM(经验!A80:X80) -> 630 | G80: =SUM($F$4:F80)+SUM($H$4:H80) -> 56565 | H80: 0 | I80: 6级 | J80: 6级 | K80: 6级 | L80: 6级 | M80: 6级 | N80: 6级 | O80: 空 | P80: 空 | Q80: 3级 | R80: 3级 | S80: 3级 | T80: 3级 | U80: 3级 | V80: 3级 | W80: 空 | X80: 空 | Y80: 空 | Z80: 空 | AA80: 空 | AB80: 空 | AC80: 空 | AD80: 空 | AE80: 空 | AF80: 空 | AG80: =AH80+AI80+AJ80 -> 0 | AK80: 是 | AL80: =MIN(AL79+6,18)-COUNTIF(I80:P80,"<>空")+COUNTIF(I80:P80,"历练")+COUNTIF(I80:P80,"营地")*2 -> 12 | AM80: =MIN(AM79+6,18)-COUNTIF(Q80:X80,"<>空")+COUNTIF(Q80:X80,"历练")+COUNTIF(Q80:X80,"营地")*2 -> 12 | AN80: =MIN(AN79+6,18)-COUNTIF(Y80:AF80,"<>空")+COUNTIF(Y80:AF80,"历练")+COUNTIF(Y80:AF80,"营地")*2 -> 18
A81: 45716 | B81: 1600 | D81: =(SUM(粮草!A81:X81)+AG81*10*IF(AK81="是",$BB$4,$BB$3)) -> 1376 | E81: =SUM($B$4:B81)+SUM($C$4:C81)-SUM($D$4:D81) -> 74 | F81: =SUM(经验!A81:X81) -> 505 | G81: =SUM($F$4:F81)+SUM($H$4:H81) -> 57070 | H81: 0 | I81: 6级 | J81: 6级 | K81: 6级 | L81: 空 | M81: 空 | N81: 空 | O81: 空 | P81: 空 | Q81: 3级 | R81: 商人 | S81: 4级 | T81: 4级 | U81: 4级 | V81: 4级 | W81: 4级 | X81: 空 | Y81: 空 | Z81: 空 | AA81: 空 | AB81: 空 | AC81: 空 | AD81: 空 | AE81: 空 | AF81: 空 | AG81: =AH81+AI81+AJ81 -> 0 | AK81: 是 | AL81: =MIN(AL80+6,18)-COUNTIF(I81:P81,"<>空")+COUNTIF(I81:P81,"历练")+COUNTIF(I81:P81,"营地")*2 -> 15 | AM81: =MIN(AM80+6,18)-COUNTIF(Q81:X81,"<>空")+COUNTIF(Q81:X81,"历练")+COUNTIF(Q81:X81,"营地")*2 -> 11 | AN81: =MIN(AN80+6,18)-COUNTIF(Y81:AF81,"<>空")+COUNTIF(Y81:AF81,"历练")+COUNTIF(Y81:AF81,"营地")*2 -> 18
A82: 45717 | B82: 1600 | D82: =(SUM(粮草!A82:X82)+AG82*10*IF(AK82="是",$BB$4,$BB$3)) -> 1200 | E82: =SUM($B$4:B82)+SUM($C$4:C82)-SUM($D$4:D82) -> 474 | F82: =SUM(经验!A82:X82) -> 430 | G82: =SUM($F$4:F82)+SUM($H$4:H82) -> 57500 | H82: 0 | I82: 6级 | J82: 6级 | K82: 6级 | L82: 空 | M82: 空 | N82: 空 | O82: 空 | P82: 空 | Q82: 4级 | R82: 4级 | S82: 4级 | T82: 4级 | U82: 4级 | V82: 空 | W82: 空 | X82: 空 | Y82: 空 | Z82: 空 | AA82: 空 | AB82: 空 | AC82: 空 | AD82: 空 | AE82: 空 | AF82: 空 | AG82: =AH82+AI82+AJ82 -> 0 | AK82: 是 | AL82: =MIN(AL81+6,18)-COUNTIF(I82:P82,"<>空")+COUNTIF(I82:P82,"历练")+COUNTIF(I82:P82,"营地")*2 -> 15 | AM82: =MIN(AM81+6,18)-COUNTIF(Q82:X82,"<>空")+COUNTIF(Q82:X82,"历练")+COUNTIF(Q82:X82,"营地")*2 -> 12 | AN82: =MIN(AN81+6,18)-COUNTIF(Y82:AF82,"<>空")+COUNTIF(Y82:AF82,"历练")+COUNTIF(Y82:AF82,"营地")*2 -> 18
A83: 45718 | B83: 1600 | D83: =(SUM(粮草!A83:X83)+AG83*10*IF(AK83="是",$BB$4,$BB$3)) -> 1808 | E83: =SUM($B$4:B83)+SUM($C$4:C83)-SUM($D$4:D83) -> 266 | F83: =SUM(经验!A83:X83) -> 650 | G83: =SUM($F$4:F83)+SUM($H$4:H83) -> 58150 | H83: 0 | I83: 6级 | J83: 6级 | K83: 4级 | L83: 6级 | M83: 6级 | N83: 6级 | O83: 空 | P83: 空 | Q83: 4级 | R83: 4级 | S83: 4级 | T83: 4级 | U83: 4级 | V83: 4级 | W83: 空 | X83: 空 | Y83: 空 | Z83: 空 | AA83: 空 | AB83: 空 | AC83: 空 | AD83: 空 | AE83: 空 | AF83: 空 | AG83: =AH83+AI83+AJ83 -> 0 | AK83: 是 | AL83: =MIN(AL82+6,18)-COUNTIF(I83:P83,"<>空")+COUNTIF(I83:P83,"历练")+COUNTIF(I83:P83,"营地")*2 -> 12 | AM83: =MIN(AM82+6,18)-COUNTIF(Q83:X83,"<>空")+COUNTIF(Q83:X83,"历练")+COUNTIF(Q83:X83,"营地")*2 -> 12 | AN83: =MIN(AN82+6,18)-COUNTIF(Y83:AF83,"<>空")+COUNTIF(Y83:AF83,"历练")+COUNTIF(Y83:AF83,"营地")*2 -> 18
A84: 45719 | B84: 1600 | D84: =(SUM(粮草!A84:X84)+AG84*10*IF(AK84="是",$BB$4,$BB$3)) -> 1656 | E84: =SUM($B$4:B84)+SUM($C$4:C84)-SUM($D$4:D84) -> 210 | F84: =SUM(经验!A84:X84) -> 600 | G84: =SUM($F$4:F84)+SUM($H$4:H84) -> 58950 | H84: 200 | I84: 6级 | J84: 4级 | K84: 4级 | L84: 4级 | M84: 4级 | N84: 6级 | O84: 空 | P84: 空 | Q84: 4级 | R84: 4级 | S84: 商人 | T84: 4级 | U84: 4级 | V84: 4级 | W84: 空 | X84: 空 | Y84: 空 | Z84: 空 | AA84: 空 | AB84: 空 | AC84: 空 | AD84: 空 | AE84: 空 | AF84: 空 | AG84: =AH84+AI84+AJ84 -> 0 | AK84: 是 | AL84: =MIN(AL83+6,18)-COUNTIF(I84:P84,"<>空")+COUNTIF(I84:P84,"历练")+COUNTIF(I84:P84,"营地")*2 -> 12 | AM84: =MIN(AM83+6,18)-COUNTIF(Q84:X84,"<>空")+COUNTIF(Q84:X84,"历练")+COUNTIF(Q84:X84,"营地")*2 -> 12 | AN84: =MIN(AN83+6,18)-COUNTIF(Y84:AF84,"<>空")+COUNTIF(Y84:AF84,"历练")+COUNTIF(Y84:AF84,"营地")*2 -> 18
A85: 45720 | B85: 1600 | D85: =(SUM(粮草!A85:X85)+AG85*10*IF(AK85="是",$BB$4,$BB$3)) -> 1808 | E85: =SUM($B$4:B85)+SUM($C$4:C85)-SUM($D$4:D85) -> 2 | F85: =SUM(经验!A85:X85) -> 650 | G85: =SUM($F$4:F85)+SUM($H$4:H85) -> 59600 | H85: 0 | I85: 6级 | J85: 6级 | K85: 6级 | L85: 4级 | M85: 6级 | N85: 6级 | O85: 空 | P85: 空 | Q85: 4级 | R85: 4级 | S85: 4级 | T85: 4级 | U85: 4级 | V85: 4级 | W85: 空 | X85: 空 | Y85: 空 | Z85: 空 | AA85: 空 | AB85: 空 | AC85: 空 | AD85: 空 | AE85: 空 | AF85: 空 | AG85: =AH85+AI85+AJ85 -> 0 | AK85: 是 | AL85: =MIN(AL84+6,18)-COUNTIF(I85:P85,"<>空")+COUNTIF(I85:P85,"历练")+COUNTIF(I85:P85,"营地")*2 -> 12 | AM85: =MIN(AM84+6,18)-COUNTIF(Q85:X85,"<>空")+COUNTIF(Q85:X85,"历练")+COUNTIF(Q85:X85,"营地")*2 -> 12 | AN85: =MIN(AN84+6,18)-COUNTIF(Y85:AF85,"<>空")+COUNTIF(Y85:AF85,"历练")+COUNTIF(Y85:AF85,"营地")*2 -> 18
A86: 45721 | B86: 1600 | D86: =(SUM(粮草!A86:X86)+AG86*10*IF(AK86="是",$BB$4,$BB$3)) -> 760 | E86: =SUM($B$4:B86)+SUM($C$4:C86)-SUM($D$4:D86) -> 842 | F86: =SUM(经验!A86:X86) -> 280 | G86: =SUM($F$4:F86)+SUM($H$4:H86) -> 60180 | H86: 300 | I86: 空 | J86: 空 | K86: 空 | L86: 空 | M86: 空 | N86: 空 | O86: 空 | P86: 空 | Q86: 4级 | R86: 4级 | S86: 4级 | T86: 4级 | U86: 4级 | V86: 商人 | W86: 空 | X86: 空 | Y86: 空 | Z86: 空 | AA86: 空 | AB86: 空 | AC86: 空 | AD86: 空 | AE86: 空 | AF86: 空 | AG86: =AH86+AI86+AJ86 -> 0 | AK86: 是 | AL86: =MIN(AL85+6,18)-COUNTIF(I86:P86,"<>空")+COUNTIF(I86:P86,"历练")+COUNTIF(I86:P86,"营地")*2 -> 18 | AM86: =MIN(AM85+6,18)-COUNTIF(Q86:X86,"<>空")+COUNTIF(Q86:X86,"历练")+COUNTIF(Q86:X86,"营地")*2 -> 12 | AN86: =MIN(AN85+6,18)-COUNTIF(Y86:AF86,"<>空")+COUNTIF(Y86:AF86,"历练")+COUNTIF(Y86:AF86,"营地")*2 -> 18
A87: 45722 | B87: 1600 | D87: =(SUM(粮草!A87:X87)+AG87*10*IF(AK87="是",$BB$4,$BB$3)) -> 1792 | E87: =SUM($B$4:B87)+SUM($C$4:C87)-SUM($D$4:D87) -> 650 | F87: =SUM(经验!A87:X87) -> 640 | G87: =SUM($F$4:F87)+SUM($H$4:H87) -> 60820 | H87: 0 | I87: 4级 | J87: 6级 | K87: 6级 | L87: 6级 | M87: 6级 | N87: 4级 | O87: 空 | P87: 空 | Q87: 4级 | R87: 4级 | S87: 4级 | T87: 4级 | U87: 4级 | V87: 4级 | W87: 空 | X87: 空 | Y87: 空 | Z87: 空 | AA87: 空 | AB87: 空 | AC87: 空 | AD87: 空 | AE87: 空 | AF87: 空 | AG87: =AH87+AI87+AJ87 -> 0 | AK87: 是 | AL87: =MIN(AL86+6,18)-COUNTIF(I87:P87,"<>空")+COUNTIF(I87:P87,"历练")+COUNTIF(I87:P87,"营地")*2 -> 12 | AM87: =MIN(AM86+6,18)-COUNTIF(Q87:X87,"<>空")+COUNTIF(Q87:X87,"历练")+COUNTIF(Q87:X87,"营地")*2 -> 12 | AN87: =MIN(AN86+6,18)-COUNTIF(Y87:AF87,"<>空")+COUNTIF(Y87:AF87,"历练")+COUNTIF(Y87:AF87,"营地")*2 -> 18
A88: 45723 | B88: 1600 | D88: =(SUM(粮草!A88:X88)+AG88*10*IF(AK88="是",$BB$4,$BB$3)) -> 1736 | E88: =SUM($B$4:B88)+SUM($C$4:C88)-SUM($D$4:D88) -> 514 | F88: =SUM(经验!A88:X88) -> 605 | G88: =SUM($F$4:F88)+SUM($H$4:H88) -> 61425 | H88: 0 | I88: 4级 | J88: 4级 | K88: 4级 | L88: 4级 | M88: 4级 | N88: 5级 | O88: 空 | P88: 空 | Q88: 4级 | R88: 4级 | S88: 4级 | T88: 4级 | U88: 4级 | V88: 4级 | W88: 空 | X88: 空 | Y88: 空 | Z88: 空 | AA88: 空 | AB88: 空 | AC88: 空 | AD88: 空 | AE88: 空 | AF88: 空 | AG88: =AH88+AI88+AJ88 -> 0 | AK88: 是 | AL88: =MIN(AL87+6,18)-COUNTIF(I88:P88,"<>空")+COUNTIF(I88:P88,"历练")+COUNTIF(I88:P88,"营地")*2 -> 12 | AM88: =MIN(AM87+6,18)-COUNTIF(Q88:X88,"<>空")+COUNTIF(Q88:X88,"历练")+COUNTIF(Q88:X88,"营地")*2 -> 12 | AN88: =MIN(AN87+6,18)-COUNTIF(Y88:AF88,"<>空")+COUNTIF(Y88:AF88,"历练")+COUNTIF(Y88:AF88,"营地")*2 -> 18
A89: 45724 | B89: 1600 | D89: =(SUM(粮草!A89:X89)+AG89*10*IF(AK89="是",$BB$4,$BB$3)) -> 2048 | E89: =SUM($B$4:B89)+SUM($C$4:C89)-SUM($D$4:D89) -> 66 | F89: =SUM(经验!A89:X89) -> 735 | G89: =SUM($F$4:F89)+SUM($H$4:H89) -> 62160 | H89: 0 | I89: 5级 | J89: 6级 | K89: 6级 | L89: 4级 | M89: 4级 | N89: 6级 | O89: 空 | P89: 空 | Q89: 4级 | R89: 塔4 | S89: 4级 | T89: 4级 | U89: 4级 | V89: 4级 | W89: 4级 | X89: 4级 | Y89: 空 | Z89: 空 | AA89: 空 | AB89: 空 | AC89: 空 | AD89: 空 | AE89: 空 | AF89: 空 | AG89: =AH89+AI89+AJ89 -> 0 | AK89: 是 | AL89: =MIN(AL88+6,18)-COUNTIF(I89:P89,"<>空")+COUNTIF(I89:P89,"历练")+COUNTIF(I89:P89,"营地")*2 -> 12 | AM89: =MIN(AM88+6,18)-COUNTIF(Q89:X89,"<>空")+COUNTIF(Q89:X89,"历练")+COUNTIF(Q89:X89,"营地")*2 -> 10 | AN89: =MIN(AN88+6,18)-COUNTIF(Y89:AF89,"<>空")+COUNTIF(Y89:AF89,"历练")+COUNTIF(Y89:AF89,"营地")*2 -> 18
A90: 45725 | B90: 1600 | D90: =(SUM(粮草!A90:X90)+AG90*10*IF(AK90="是",$BB$4,$BB$3)) -> 1936 | E90: =SUM($B$4:B90)+SUM($C$4:C90)-SUM($D$4:D90) -> -270 | F90: =SUM(经验!A90:X90) -> 715 | G90: =SUM($F$4:F90)+SUM($H$4:H90) -> 62875 | H90: 0 | I90: 6级 | J90: 5级 | K90: 5级 | L90: 5级 | M90: 塔5 | N90: 5级 | O90: 空 | P90: 空 | Q90: 4级 | R90: 4级 | S90: 4级 | T90: 4级 | U90: 商人 | V90: 4级 | W90: 4级 | X90: 4级 | Y90: 空 | Z90: 空 | AA90: 空 | AB90: 空 | AC90: 空 | AD90: 空 | AE90: 空 | AF90: 空 | AG90: =AH90+AI90+AJ90 -> 0 | AK90: 是 | AL90: =MIN(AL89+6,18)-COUNTIF(I90:P90,"<>空")+COUNTIF(I90:P90,"历练")+COUNTIF(I90:P90,"营地")*2 -> 12 | AM90: =MIN(AM89+6,18)-COUNTIF(Q90:X90,"<>空")+COUNTIF(Q90:X90,"历练")+COUNTIF(Q90:X90,"营地")*2 -> 8 | AN90: =MIN(AN89+6,18)-COUNTIF(Y90:AF90,"<>空")+COUNTIF(Y90:AF90,"历练")+COUNTIF(Y90:AF90,"营地")*2 -> 18
A91: 45726 | B91: 1600 | D91: =(SUM(粮草!A91:X91)+AG91*10*IF(AK91="是",$BB$4,$BB$3)) -> 1152 | E91: =SUM($B$4:B91)+SUM($C$4:C91)-SUM($D$4:D91) -> 178 | F91: =SUM(经验!A91:X91) -> 400 | G91: =SUM($F$4:F91)+SUM($H$4:H91) -> 63475 | H91: 200 | I91: 空 | J91: 空 | K91: 空 | L91: 空 | M91: 空 | N91: 空 | O91: 空 | P91: 空 | Q91: 4级 | R91: 4级 | S91: 4级 | T91: 4级 | U91: 4级 | V91: 4级 | W91: 4级 | X91: 4级 | Y91: 空 | Z91: 空 | AA91: 空 | AB91: 空 | AC91: 空 | AD91: 空 | AE91: 空 | AF91: 空 | AG91: =AH91+AI91+AJ91 -> 0 | AK91: 是 | AL91: =MIN(AL90+6,18)-COUNTIF(I91:P91,"<>空")+COUNTIF(I91:P91,"历练")+COUNTIF(I91:P91,"营地")*2 -> 18 | AM91: =MIN(AM90+6,18)-COUNTIF(Q91:X91,"<>空")+COUNTIF(Q91:X91,"历练")+COUNTIF(Q91:X91,"营地")*2 -> 6 | AN91: =MIN(AN90+6,18)-COUNTIF(Y91:AF91,"<>空")+COUNTIF(Y91:AF91,"历练")+COUNTIF(Y91:AF91,"营地")*2 -> 18
... A93: 45728 | B93: 1600 | D93: =(SUM(粮草!A93:X93)+AG93*10*IF(AK93="是",$BB$4,$BB$3)) -> 1504 | E93: =SUM($B$4:B93)+SUM($C$4:C93)-SUM($D$4:D93) -> 2 | F93: =SUM(经验!A93:X93) -> 550 | G93: =SUM($F$4:F93)+SUM($H$4:H93) -> 64985 | H93: 200 | I93: 5级 | J93: 5级 | K93: 5级 | L93: 5级 | M93: 5级 | N93: 5级 | O93: 5级 | P93: 5级 | Q93: 塔2 | R93: 2级 | S93: 商人 | T93: 空 | U93: 空 | V93: 空 | W93: 空 | X93: 空 | Y93: 空 | Z93: 空 | AA93: 空 | AB93: 空 | AC93: 空 | AD93: 空 | AE93: 空 | AF93: 空 | AG93: =AH93+AI93+AJ93 -> 0 | AK93: 是 | AL93: =MIN(AL92+6,18)-COUNTIF(I93:P93,"<>空")+COUNTIF(I93:P93,"历练")+COUNTIF(I93:P93,"营地")*2 -> 10 | AM93: =MIN(AM92+6,18)-COUNTIF(Q93:X93,"<>空")+COUNTIF(Q93:X93,"历练")+COUNTIF(Q93:X93,"营地")*2 -> 7 | AN93: =MIN(AN92+6,18)-COUNTIF(Y93:AF93,"<>空")+COUNTIF(Y93:AF93,"历练")+COUNTIF(Y93:AF93,"营地")*2 -> 18
D95: 负粮草 | E95: =COUNTIF(E4:E93,"<0") -> 3

Sheet 粮草
A2: 队伍一 风 | C2: 步数 | D2: =COUNTIF(A4:H94,"<>空") -> 728 | E2: (不算跳步和传送) | I2: 队伍二 雷 | K2: 步数 | L2: =COUNTIF(I4:P94,"<>空") -> 728 | M2: (不算跳步和传送) | Q2: 队伍三 | S2: 总步数 | T2: =COUNTIF(Q4:X94,"<>空") -> 728 | U2: (不算跳步和传送) | Y2: 粮草调整
A3: 1 | B3: 2 | C3: 3 | D3: 4 | E3: 5 | F3: 6 | G3: 7 | H3: 8 | I3: 1 | J3: 2 | K3: 3 | L3: 4 | M3: 5 | N3: 6 | O3: 7 | P3: 8 | Q3: 1 | R3: 2 | S3: 3 | T3: 4 | U3: 5 | V3: 6 | W3: 7 | X3: 8
A4: =IF(ISNUMBER(SEARCH("营",'18.05'!I4)),(-$Y4+50*IF('18.05'!$AK4="是",'18.05'!$BB$4,'18.05'!$BB$3)),(VLOOKUP('18.05'!I4,'18.05'!$AO$4:$AQ$55,2,FALSE))*IF('18.05'!$AK4="是",'18.05'!$BB$4,'18.05'!$BB$3)) -> 150 | B4: =IF(ISNUMBER(SEARCH("营",'18.05'!J4)),(-$Y4+50*IF('18.05'!$AK4="是",'18.05'!$BB$4,'18.05'!$BB$3)),(VLOOKUP('18.05'!J4,'18.05'!$AO$4:$AQ$55,2,FALSE))*IF('18.05'!$AK4="是",'18.05'!$BB$4,'18.05'!$BB$3)) -> 150 | C4: =IF(ISNUMBER(SEARCH("营",'18.05'!K4)),(-$Y4+50*IF('18.05'!$AK4="是",'18.05'!$BB$4,'18.05'!$BB$3)),(VLOOKUP('18.05'!K4,'18.05'!$AO$4:$AQ$55,2,FALSE))*IF('18.05'!$AK4="是",'18.05'!$BB$4,'18.05'!$BB$3)) -> 150 | D4: =IF(ISNUMBER(SEARCH("营",'18.05'!L4)),(-$Y4+50*IF('18.05'!$AK4="是",'18.05'!$BB$4,'18.05'!$BB$3)),(VLOOKUP('18.05'!L4,'18.05'!$AO$4:$AQ$55,2,FALSE))*IF('18.05'!$AK4="是",'18.05'!$BB$4,'18.05'!$BB$3)) -> 150 | E4: =IF(ISNUMBER(SEARCH("营",'18.05'!M4)),(-$Y4+50*IF('18.05'!$AK4="是",'18.05'!$BB$4,'18.05'!$BB$3)),(VLOOKUP('18.05'!M4,'18.05'!$AO$4:$AQ$55,2,FALSE))*IF('18.05'!$AK4="是",'18.05'!$BB$4,'18.05'!$BB$3)) -> 150 | F4: =IF(ISNUMBER(SEARCH("营",'18.05'!N4)),(-$Y4+50*IF('18.05'!$AK4="是",'18.05'!$BB$4,'18.05'!$BB$3)),(VLOOKUP('18.05'!N4,'18.05'!$AO$4:$AQ$55,2,FALSE))*IF('18.05'!$AK4="是",'18.05'!$BB$4,'18.05'!$BB$3)) -> 0 | G4: =IF(ISNUMBER(SEARCH("营",'18.05'!O4)),(-$Y4+50*IF('18.05'!$AK4="是",'18.05'!$BB$4,'18.05'!$BB$3)),(VLOOKUP('18.05'!O4,'18.05'!$AO$4:$AQ$55,2,FALSE))*IF('18.05'!$AK4="是",'18.05'!$BB$4,'18.05'!$BB$3)) -> 0 | H4: =IF(ISNUMBER(SEARCH("营",'18.05'!P4)),(-$Y4+50*IF('18.05'!$AK4="是",'18.05'!$BB$4,'18.05'!$BB$3)),(VLOOKUP('18.05'!P4,'18.05'!$AO$4:$AQ$55,2,FALSE))*IF('18.05'!$AK4="是",'18.05'!$BB$4,'18.05'!$BB$3)) -> 0 | ... X4: =IF(ISNUMBER(SEARCH("营",'18.05'!AF4)),(-$Y4+50*IF('18.05'!$AK4="是",'18.05'!$BB$4,'18.05'!$BB$3)),(VLOOKUP('18.05'!AF4,'18.05'!$AO$4:$AQ$55,2,FALSE))*IF('18.05'!$AK4="是",'18.05'!$BB$4,'18.05'!$BB$3)) -> 0 | Y4: 300 | Z4: 45639
A5: =IF(ISNUMBER(SEARCH("营",'18.05'!I5)),(-$Y5+50*IF('18.05'!$AK5="是",'18.05'!$BB$4,'18.05'!$BB$3)),(VLOOKUP('18.05'!I5,'18.05'!$AO$4:$AQ$55,2,FALSE))*IF('18.05'!$AK5="是",'18.05'!$BB$4,'18.05'!$BB$3)) -> 0 | B5: =IF(ISNUMBER(SEARCH("营",'18.05'!J5)),(-$Y5+50*IF('18.05'!$AK5="是",'18.05'!$BB$4,'18.05'!$BB$3)),(VLOOKUP('18.05'!J5,'18.05'!$AO$4:$AQ$55,2,FALSE))*IF('18.05'!$AK5="是",'18.05'!$BB$4,'18.05'!$BB$3)) -> 0 | C5: =IF(ISNUMBER(SEARCH("营",'18.05'!K5)),(-$Y5+50*IF('18.05'!$AK5="是",'18.05'!$BB$4,'18.05'!$BB$3)),(VLOOKUP('18.05'!K5,'18.05'!$AO$4:$AQ$55,2,FALSE))*IF('18.05'!$AK5="是",'18.05'!$BB$4,'18.05'!$BB$3)) -> 0 | D5: =IF(ISNUMBER(SEARCH("营",'18.05'!L5)),(-$Y5+50*IF('18.05'!$AK5="是",'18.05'!$BB$4,'18.05'!$BB$3)),(VLOOKUP('18.05'!L5,'18.05'!$AO$4:$AQ$55,2,FALSE))*IF('18.05'!$AK5="是",'18.05'!$BB$4,'18.05'!$BB$3)) -> 0 | E5: =IF(ISNUMBER(SEARCH("营",'18.05'!M5)),(-$Y5+50*IF('18.05'!$AK5="是",'18.05'!$BB$4,'18.05'!$BB$3)),(VLOOKUP('18.05'!M5,'18.05'!$AO$4:$AQ$55,2,FALSE))*IF('18.05'!$AK5="是",'18.05'!$BB$4,'18.05'!$BB$3)) -> 0 | F5: =IF(ISNUMBER(SEARCH("营",'18.05'!N5)),(-$Y5+50*IF('18.05'!$AK5="是",'18.05'!$BB$4,'18.05'!$BB$3)),(VLOOKUP('18.05'!N5,'18.05'!$AO$4:$AQ$55,2,FALSE))*IF('18.05'!$AK5="是",'18.05'!$BB$4,'18.05'!$BB$3)) -> 0 | G5: =IF(ISNUMBER(SEARCH("营",'18.05'!O5)),(-$Y5+50*IF('18.05'!$AK5="是",'18.05'!$BB$4,'18.05'!$BB$3)),(VLOOKUP('18.05'!O5,'18.05'!$AO$4:$AQ$55,2,FALSE))*IF('18.05'!$AK5="是",'18.05'!$BB$4,'18.05'!$BB$3)) -> 0 | H5: =IF(ISNUMBER(SEARCH("营",'18.05'!P5)),(-$Y5+50*IF('18.05'!$AK5="是",'18.05'!$BB$4,'18.05'!$BB$3)),(VLOOKUP('18.05'!P5,'18.05'!$AO$4:$AQ$55,2,FALSE))*IF('18.05'!$AK5="是",'18.05'!$BB$4,'18.05'!$BB$3)) -> 0 | ... X5: =IF(ISNUMBER(SEARCH("营",'18.05'!AF5)),(-$Y5+50*IF('18.05'!$AK5="是",'18.05'!$BB$4,'18.05'!$BB$3)),(VLOOKUP('18.05'!AF5,'18.05'!$AO$4:$AQ$55,2,FALSE))*IF('18.05'!$AK5="是",'18.05'!$BB$4,'18.05'!$BB$3)) -> 160 | Y5: 300 | Z5: 45640
A6: =IF(ISNUMBER(SEARCH("营",'18.05'!I6)),(-$Y6+50*IF('18.05'!$AK6="是",'18.05'!$BB$4,'18.05'!$BB$3)),(VLOOKUP('18.05'!I6,'18.05'!$AO$4:$AQ$55,2,FALSE))*IF('18.05'!$AK6="是",'18.05'!$BB$4,'18.05'!$BB$3)) -> 0 | B6: =IF(ISNUMBER(SEARCH("营",'18.05'!J6)),(-$Y6+50*IF('18.05'!$AK6="是",'18.05'!$BB$4,'18.05'!$BB$3)),(VLOOKUP('18.05'!J6,'18.05'!$AO$4:$AQ$55,2,FALSE))*IF('18.05'!$AK6="是",'18.05'!$BB$4,'18.05'!$BB$3)) -> 0 | C6: =IF(ISNUMBER(SEARCH("营",'18.05'!K6)),(-$Y6+50*IF('18.05'!$AK6="是",'18.05'!$BB$4,'18.05'!$BB$3)),(VLOOKUP('18.05'!K6,'18.05'!$AO$4:$AQ$55,2,FALSE))*IF('18.05'!$AK6="是",'18.05'!$BB$4,'18.05'!$BB$3)) -> 0 | D6: =IF(ISNUMBER(SEARCH("营",'18.05'!L6)),(-$Y6+50*IF('18.05'!$AK6="是",'18.05'!$BB$4,'18.05'!$BB$3)),(VLOOKUP('18.05'!L6,'18.05'!$AO$4:$AQ$55,2,FALSE))*IF('18.05'!$AK6="是",'18.05'!$BB$4,'18.05'!$BB$3)) -> 0 | E6: =IF(ISNUMBER(SEARCH("营",'18.05'!M6)),(-$Y6+50*IF('18.05'!$AK6="是",'18.05'!$BB$4,'18.05'!$BB$3)),(VLOOKUP('18.05'!M6,'18.05'!$AO$4:$AQ$55,2,FALSE))*IF('18.05'!$AK6="是",'18.05'!$BB$4,'18.05'!$BB$3)) -> 0 | F6: =IF(ISNUMBER(SEARCH("营",'18.05'!N6)),(-$Y6+50*IF('18.05'!$AK6="是",'18.05'!$BB$4,'18.05'!$BB$3)),(VLOOKUP('18.05'!N6,'18.05'!$AO$4:$AQ$55,2,FALSE))*IF('18.05'!$AK6="是",'18.05'!$BB$4,'18.05'!$BB$3)) -> 0 | G6: =IF(ISNUMBER(SEARCH("营",'18.05'!O6)),(-$Y6+50*IF('18.05'!$AK6="是",'18.05'!$BB$4,'18.05'!$BB$3)),(VLOOKUP('18.05'!O6,'18.05'!$AO$4:$AQ$55,2,FALSE))*IF('18.05'!$AK6="是",'18.05'!$BB$4,'18.05'!$BB$3)) -> 0 | H6: =IF(ISNUMBER(SEARCH("营",'18.05'!P6)),(-$Y6+50*IF('18.05'!$AK6="是",'18.05'!$BB$4,'18.05'!$BB$3)),(VLOOKUP('18.05'!P6,'18.05'!$AO$4:$AQ$55,2,FALSE))*IF('18.05'!$AK6="是",'18.05'!$BB$4,'18.05'!$BB$3)) -> 0 | ... X6: =IF(ISNUMBER(SEARCH("营",'18.05'!AF6)),(-$Y6+50*IF('18.05'!$AK6="是",'18.05'!$BB$4,'18.05'!$BB$3)),(VLOOKUP('18.05'!AF6,'18.05'!$AO$4:$AQ$55,2,FALSE))*IF('18.05'!$AK6="是",'18.05'!$BB$4,'18.05'!$BB$3)) -> 160 | Y6: 300 | Z6: 45641
A7: =IF(ISNUMBER(SEARCH("营",'18.05'!I7)),(-$Y7+50*IF('18.05'!$AK7="是",'18.05'!$BB$4,'18.05'!$BB$3)),(VLOOKUP('18.05'!I7,'18.05'!$AO$4:$AQ$55,2,FALSE))*IF('18.05'!$AK7="是",'18.05'!$BB$4,'18.05'!$BB$3)) -> 0 | B7: =IF(ISNUMBER(SEARCH("营",'18.05'!J7)),(-$Y7+50*IF('18.05'!$AK7="是",'18.05'!$BB$4,'18.05'!$BB$3)),(VLOOKUP('18.05'!J7,'18.05'!$AO$4:$AQ$55,2,FALSE))*IF('18.05'!$AK7="是",'18.05'!$BB$4,'18.05'!$BB$3)) -> 0 | C7: =IF(ISNUMBER(SEARCH("营",'18.05'!K7)),(-$Y7+50*IF('18.05'!$AK7="是",'18.05'!$BB$4,'18.05'!$BB$3)),(VLOOKUP('18.05'!K7,'18.05'!$AO$4:$AQ$55,2,FALSE))*IF('18.05'!$AK7="是",'18.05'!$BB$4,'18.05'!$BB$3)) -> 0 | D7: =IF(ISNUMBER(SEARCH("营",'18.05'!L7)),(-$Y7+50*IF('18.05'!$AK7="是",'18.05'!$BB$4,'18.05'!$BB$3)),(VLOOKUP('18.05'!L7,'18.05'!$AO$4:$AQ$55,2,FALSE))*IF('18.05'!$AK7="是",'18.05'!$BB$4,'18.05'!$BB$3)) -> 0 | E7: =IF(ISNUMBER(SEARCH("营",'18.05'!M7)),(-$Y7+50*IF('18.05'!$AK7="是",'18.05'!$BB$4,'18.05'!$BB$3)),(VLOOKUP('18.05'!M7,'18.05'!$AO$4:$AQ$55,2,FALSE))*IF('18.05'!$AK7="是",'18.05'!$BB$4,'18.05'!$BB$3)) -> 0 | F7: =IF(ISNUMBER(SEARCH("营",'18.05'!N7)),(-$Y7+50*IF('18.05'!$AK7="是",'18.05'!$BB$4,'18.05'!$BB$3)),(VLOOKUP('18.05'!N7,'18.05'!$AO$4:$AQ$55,2,FALSE))*IF('18.05'!$AK7="是",'18.05'!$BB$4,'18.05'!$BB$3)) -> 0 | G7: =IF(ISNUMBER(SEARCH("营",'18.05'!O7)),(-$Y7+50*IF('18.05'!$AK7="是",'18.05'!$BB$4,'18.05'!$BB$3)),(VLOOKUP('18.05'!O7,'18.05'!$AO$4:$AQ$55,2,FALSE))*IF('18.05'!$AK7="是",'18.05'!$BB$4,'18.05'!$BB$3)) -> 0 | H7: =IF(ISNUMBER(SEARCH("营",'18.05'!P7)),(-$Y7+50*IF('18.05'!$AK7="是",'18.05'!$BB$4,'18.05'!$BB$3)),(VLOOKUP('18.05'!P7,'18.05'!$AO$4:$AQ$55,2,FALSE))*IF('18.05'!$AK7="是",'18.05'!$BB$4,'18.05'!$BB$3)) -> 0 | ... X7: =IF(ISNUMBER(SEARCH("营",'18.05'!AF7)),(-$Y7+50*IF('18.05'!$AK7="是",'18.05'!$BB$4,'18.05'!$BB$3)),(VLOOKUP('18.05'!AF7,'18.05'!$AO$4:$AQ$55,2,FALSE))*IF('18.05'!$AK7="是",'18.05'!$BB$4,'18.05'!$BB$3)) -> 170 | Y7: 300 | Z7: 45642
A8: =IF(ISNUMBER(SEARCH("营",'18.05'!I8)),(-$Y8+50*IF('18.05'!$AK8="是",'18.05'!$BB$4,'18.05'!$BB$3)),(VLOOKUP('18.05'!I8,'18.05'!$AO$4:$AQ$55,2,FALSE))*IF('18.05'!$AK8="是",'18.05'!$BB$4,'18.05'!$BB$3)) -> 0 | B8: =IF(ISNUMBER(SEARCH("营",'18.05'!J8)),(-$Y8+50*IF('18.05'!$AK8="是",'18.05'!$BB$4,'18.05'!$BB$3)),(VLOOKUP('18.05'!J8,'18.05'!$AO$4:$AQ$55,2,FALSE))*IF('18.05'!$AK8="是",'18.05'!$BB$4,'18.05'!$BB$3)) -> 0 | C8: =IF(ISNUMBER(SEARCH("营",'18.05'!K8)),(-$Y8+50*IF('18.05'!$AK8="是",'18.05'!$BB$4,'18.05'!$BB$3)),(VLOOKUP('18.05'!K8,'18.05'!$AO$4:$AQ$55,2,FALSE))*IF('18.05'!$AK8="是",'18.05'!$BB$4,'18.05'!$BB$3)) -> 0 | D8: =IF(ISNUMBER(SEARCH("营",'18.05'!L8)),(-$Y8+50*IF('18.05'!$AK8="是",'18.05'!$BB$4,'18.05'!$BB$3)),(VLOOKUP('18.05'!L8,'18.05'!$AO$4:$AQ$55,2,FALSE))*IF('18.05'!$AK8="是",'18.05'!$BB$4,'18.05'!$BB$3)) -> 0 | E8: =IF(ISNUMBER(SEARCH("营",'18.05'!M8)),(-$Y8+50*IF('18.05'!$AK8="是",'18.05'!$BB$4,'18.05'!$BB$3)),(VLOOKUP('18.05'!M8,'18.05'!$AO$4:$AQ$55,2,FALSE))*IF('18.05'!$AK8="是",'18.05'!$BB$4,'18.05'!$BB$3)) -> 0 | F8: =IF(ISNUMBER(SEARCH("营",'18.05'!N8)),(-$Y8+50*IF('18.05'!$AK8="是",'18.05'!$BB$4,'18.05'!$BB$3)),(VLOOKUP('18.05'!N8,'18.05'!$AO$4:$AQ$55,2,FALSE))*IF('18.05'!$AK8="是",'18.05'!$BB$4,'18.05'!$BB$3)) -> 0 | G8: =IF(ISNUMBER(SEARCH("营",'18.05'!O8)),(-$Y8+50*IF('18.05'!$AK8="是",'18.05'!$BB$4,'18.05'!$BB$3)),(VLOOKUP('18.05'!O8,'18.05'!$AO$4:$AQ$55,2,FALSE))*IF('18.05'!$AK8="是",'18.05'!$BB$4,'18.05'!$BB$3)) -> 0 | H8: =IF(ISNUMBER(SEARCH("营",'18.05'!P8)),(-$Y8+50*IF('18.05'!$AK8="是",'18.05'!$BB$4,'18.05'!$BB$3)),(VLOOKUP('18.05'!P8,'18.05'!$AO$4:$AQ$55,2,FALSE))*IF('18.05'!$AK8="是",'18.05'!$BB$4,'18.05'!$BB$3)) -> 0 | ... X8: =IF(ISNUMBER(SEARCH("营",'18.05'!AF8)),(-$Y8+50*IF('18.05'!$AK8="是",'18.05'!$BB$4,'18.05'!$BB$3)),(VLOOKUP('18.05'!AF8,'18.05'!$AO$4:$AQ$55,2,FALSE))*IF('18.05'!$AK8="是",'18.05'!$BB$4,'18.05'!$BB$3)) -> 170 | Y8: 300 | Z8: 45643
A9: =IF(ISNUMBER(SEARCH("营",'18.05'!I9)),(-$Y9+50*IF('18.05'!$AK9="是",'18.05'!$BB$4,'18.05'!$BB$3)),(VLOOKUP('18.05'!I9,'18.05'!$AO$4:$AQ$55,2,FALSE))*IF('18.05'!$AK9="是",'18.05'!$BB$4,'18.05'!$BB$3)) -> 0 | B9: =IF(ISNUMBER(SEARCH("营",'18.05'!J9)),(-$Y9+50*IF('18.05'!$AK9="是",'18.05'!$BB$4,'18.05'!$BB$3)),(VLOOKUP('18.05'!J9,'18.05'!$AO$4:$AQ$55,2,FALSE))*IF('18.05'!$AK9="是",'18.05'!$BB$4,'18.05'!$BB$3)) -> 0 | C9: =IF(ISNUMBER(SEARCH("营",'18.05'!K9)),(-$Y9+50*IF('18.05'!$AK9="是",'18.05'!$BB$4,'18.05'!$BB$3)),(VLOOKUP('18.05'!K9,'18.05'!$AO$4:$AQ$55,2,FALSE))*IF('18.05'!$AK9="是",'18.05'!$BB$4,'18.05'!$BB$3)) -> 0 | D9: =IF(ISNUMBER(SEARCH("营",'18.05'!L9)),(-$Y9+50*IF('18.05'!$AK9="是",'18.05'!$BB$4,'18.05'!$BB$3)),(VLOOKUP('18.05'!L9,'18.05'!$AO$4:$AQ$55,2,FALSE))*IF('18.05'!$AK9="是",'18.05'!$BB$4,'18.05'!$BB$3)) -> 0 | E9: =IF(ISNUMBER(SEARCH("营",'18.05'!M9)),(-$Y9+50*IF('18.05'!$AK9="是",'18.05'!$BB$4,'18.05'!$BB$3)),(VLOOKUP('18.05'!M9,'18.05'!$AO$4:$AQ$55,2,FALSE))*IF('18.05'!$AK9="是",'18.05'!$BB$4,'18.05'!$BB$3)) -> 0 | F9: =IF(ISNUMBER(SEARCH("营",'18.05'!N9)),(-$Y9+50*IF('18.05'!$AK9="是",'18.05'!$BB$4,'18.05'!$BB$3)),(VLOOKUP('18.05'!N9,'18.05'!$AO$4:$AQ$55,2,FALSE))*IF('18.05'!$AK9="是",'18.05'!$BB$4,'18.05'!$BB$3)) -> 0 | G9: =IF(ISNUMBER(SEARCH("营",'18.05'!O9)),(-$Y9+50*IF('18.05'!$AK9="是",'18.05'!$BB$4,'18.05'!$BB$3)),(VLOOKUP('18.05'!O9,'18.05'!$AO$4:$AQ$55,2,FALSE))*IF('18.05'!$AK9="是",'18.05'!$BB$4,'18.05'!$BB$3)) -> 0 | H9: =IF(ISNUMBER(SEARCH("营",'18.05'!P9)),(-$Y9+50*IF('18.05'!$AK9="是",'18.05'!$BB$4,'18.05'!$BB$3)),(VLOOKUP('18.05'!P9,'18.05'!$AO$4:$AQ$55,2,FALSE))*IF('18.05'!$AK9="是",'18.05'!$BB$4,'18.05'!$BB$3)) -> 0 | ... X9: =IF(ISNUMBER(SEARCH("营",'18.05'!AF9)),(-$Y9+50*IF('18.05'!$AK9="是",'18.05'!$BB$4,'18.05'!$BB$3)),(VLOOKUP('18.05'!AF9,'18.05'!$AO$4:$AQ$55,2,FALSE))*IF('18.05'!$AK9="是",'18.05'!$BB$4,'18.05'!$BB$3)) -> 0 | Y9: 300 | Z9: 45644
A10: =IF(ISNUMBER(SEARCH("营",'18.05'!I10)),(-$Y10+50*IF('18.05'!$AK10="是",'18.05'!$BB$4,'18.05'!$BB$3)),(VLOOKUP('18.05'!I10,'18.05'!$AO$4:$AQ$55,2,FALSE))*IF('18.05'!$AK10="是",'18.05'!$BB$4,'18.05'!$BB$3)) -> 0 | B10: =IF(ISNUMBER(SEARCH("营",'18.05'!J10)),(-$Y10+50*IF('18.05'!$AK10="是",'18.05'!$BB$4,'18.05'!$BB$3)),(VLOOKUP('18.05'!J10,'18.05'!$AO$4:$AQ$55,2,FALSE))*IF('18.05'!$AK10="是",'18.05'!$BB$4,'18.05'!$BB$3)) -> 0 | C10: =IF(ISNUMBER(SEARCH("营",'18.05'!K10)),(-$Y10+50*IF('18.05'!$AK10="是",'18.05'!$BB$4,'18.05'!$BB$3)),(VLOOKUP('18.05'!K10,'18.05'!$AO$4:$AQ$55,2,FALSE))*IF('18.05'!$AK10="是",'18.05'!$BB$4,'18.05'!$BB$3)) -> 0 | D10: =IF(ISNUMBER(SEARCH("营",'18.05'!L10)),(-$Y10+50*IF('18.05'!$AK10="是",'18.05'!$BB$4,'18.05'!$BB$3)),(VLOOKUP('18.05'!L10,'18.05'!$AO$4:$AQ$55,2,FALSE))*IF('18.05'!$AK10="是",'18.05'!$BB$4,'18.05'!$BB$3)) -> 0 | E10: =IF(ISNUMBER(SEARCH("营",'18.05'!M10)),(-$Y10+50*IF('18.05'!$AK10="是",'18.05'!$BB$4,'18.05'!$BB$3)),(VLOOKUP('18.05'!M10,'18.05'!$AO$4:$AQ$55,2,FALSE))*IF('18.05'!$AK10="是",'18.05'!$BB$4,'18.05'!$BB$3)) -> 0 | F10: =IF(ISNUMBER(SEARCH("营",'18.05'!N10)),(-$Y10+50*IF('18.05'!$AK10="是",'18.05'!$BB$4,'18.05'!$BB$3)),(VLOOKUP('18.05'!N10,'18.05'!$AO$4:$AQ$55,2,FALSE))*IF('18.05'!$AK10="是",'18.05'!$BB$4,'18.05'!$BB$3)) -> 0 | G10: =IF(ISNUMBER(SEARCH("营",'18.05'!O10)),(-$Y10+50*IF('18.05'!$AK10="是",'18.05'!$BB$4,'18.05'!$BB$3)),(VLOOKUP('18.05'!O10,'18.05'!$AO$4:$AQ$55,2,FALSE))*IF('18.05'!$AK10="是",'18.05'!$BB$4,'18.05'!$BB$3)) -> 0 | H10: =IF(ISNUMBER(SEARCH("营",'18.05'!P10)),(-$Y10+50*IF('18.05'!$AK10="是",'18.05'!$BB$4,'18.05'!$BB$3)),(VLOOKUP('18.05'!P10,'18.05'!$AO$4:$AQ$55,2,FALSE))*IF('18.05'!$AK10="是",'18.05'!$BB$4,'18.05'!$BB$3)) -> 0 | ... X10: =IF(ISNUMBER(SEARCH("营",'18.05'!AF10)),(-$Y10+50*IF('18.05'!$AK10="是",'18.05'!$BB$4,'18.05'!$BB$3)),(VLOOKUP('18.05'!AF10,'18.05'!$AO$4:$AQ$55,2,FALSE))*IF('18.05'!$AK10="是",'18.05'!$BB$4,'18.05'!$BB$3)) -> 0 | Y10: 300 | Z10: 45645
A11: =IF(ISNUMBER(SEARCH("营",'18.05'!I11)),(-$Y11+50*IF('18.05'!$AK11="是",'18.05'!$BB$4,'18.05'!$BB$3)),(VLOOKUP('18.05'!I11,'18.05'!$AO$4:$AQ$55,2,FALSE))*IF('18.05'!$AK11="是",'18.05'!$BB$4,'18.05'!$BB$3)) -> 0 | B11: =IF(ISNUMBER(SEARCH("营",'18.05'!J11)),(-$Y11+50*IF('18.05'!$AK11="是",'18.05'!$BB$4,'18.05'!$BB$3)),(VLOOKUP('18.05'!J11,'18.05'!$AO$4:$AQ$55,2,FALSE))*IF('18.05'!$AK11="是",'18.05'!$BB$4,'18.05'!$BB$3)) -> 0 | C11: =IF(ISNUMBER(SEARCH("营",'18.05'!K11)),(-$Y11+50*IF('18.05'!$AK11="是",'18.05'!$BB$4,'18.05'!$BB$3)),(VLOOKUP('18.05'!K11,'18.05'!$AO$4:$AQ$55,2,FALSE))*IF('18.05'!$AK11="是",'18.05'!$BB$4,'18.05'!$BB$3)) -> 0 | D11: =IF(ISNUMBER(SEARCH("营",'18.05'!L11)),(-$Y11+50*IF('18.05'!$AK11="是",'18.05'!$BB$4,'18.05'!$BB$3)),(VLOOKUP('18.05'!L11,'18.05'!$AO$4:$AQ$55,2,FALSE))*IF('18.05'!$AK11="是",'18.05'!$BB$4,'18.05'!$BB$3)) -> 0 | E11: =IF(ISNUMBER(SEARCH("营",'18.05'!M11)),(-$Y11+50*IF('18.05'!$AK11="是",'18.05'!$BB$4,'18.05'!$BB$3)),(VLOOKUP('18.05'!M11,'18.05'!$AO$4:$AQ$55,2,FALSE))*IF('18.05'!$AK11="是",'18.05'!$BB$4,'18.05'!$BB$3)) -> 0 | F11: =IF(ISNUMBER(SEARCH("营",'18.05'!N11)),(-$Y11+50*IF('18.05'!$AK11="是",'18.05'!$BB$4,'18.05'!$BB$3)),(VLOOKUP('18.05'!N11,'18.05'!$AO$4:$AQ$55,2,FALSE))*IF('18.05'!$AK11="是",'18.05'!$BB$4,'18.05'!$BB$3)) -> 0 | G11: =IF(ISNUMBER(SEARCH("营",'18.05'!O11)),(-$Y11+50*IF('18.05'!$AK11="是",'18.05'!$BB$4,'18.05'!$BB$3)),(VLOOKUP('18.05'!O11,'18.05'!$AO$4:$AQ$55,2,FALSE))*IF('18.05'!$AK11="是",'18.05'!$BB$4,'18.05'!$BB$3)) -> 0 | H11: =IF(ISNUMBER(SEARCH("营",'18.05'!P11)),(-$Y11+50*IF('18.05'!$AK11="是",'18.05'!$BB$4,'18.05'!$BB$3)),(VLOOKUP('18.05'!P11,'18.05'!$AO$4:$AQ$55,2,FALSE))*IF('18.05'!$AK11="是",'18.05'!$BB$4,'18.05'!$BB$3)) -> 0 | ... X11: =IF(ISNUMBER(SEARCH("营",'18.05'!AF11)),(-$Y11+50*IF('18.05'!$AK11="是",'18.05'!$BB$4,'18.05'!$BB$3)),(VLOOKUP('18.05'!AF11,'18.05'!$AO$4:$AQ$55,2,FALSE))*IF('18.05'!$AK11="是",'18.05'!$BB$4,'18.05'!$BB$3)) -> 0 | Y11: 300 | Z11: 45646
A12: =IF(ISNUMBER(SEARCH("营",'18.05'!I12)),(-$Y12+50*IF('18.05'!$AK12="是",'18.05'!$BB$4,'18.05'!$BB$3)),(VLOOKUP('18.05'!I12,'18.05'!$AO$4:$AQ$55,2,FALSE))*IF('18.05'!$AK12="是",'18.05'!$BB$4,'18.05'!$BB$3)) -> 128 | B12: =IF(ISNUMBER(SEARCH("营",'18.05'!J12)),(-$Y12+50*IF('18.05'!$AK12="是",'18.05'!$BB$4,'18.05'!$BB$3)),(VLOOKUP('18.05'!J12,'18.05'!$AO$4:$AQ$55,2,FALSE))*IF('18.05'!$AK12="是",'18.05'!$BB$4,'18.05'!$BB$3)) -> 128 | C12: =IF(ISNUMBER(SEARCH("营",'18.05'!K12)),(-$Y12+50*IF('18.05'!$AK12="是",'18.05'!$BB$4,'18.05'!$BB$3)),(VLOOKUP('18.05'!K12,'18.05'!$AO$4:$AQ$55,2,FALSE))*IF('18.05'!$AK12="是",'18.05'!$BB$4,'18.05'!$BB$3)) -> 128 | D12: =IF(ISNUMBER(SEARCH("营",'18.05'!L12)),(-$Y12+50*IF('18.05'!$AK12="是",'18.05'!$BB$4,'18.05'!$BB$3)),(VLOOKUP('18.05'!L12,'18.05'!$AO$4:$AQ$55,2,FALSE))*IF('18.05'!$AK12="是",'18.05'!$BB$4,'18.05'!$BB$3)) -> 40 | E12: =IF(ISNUMBER(SEARCH("营",'18.05'!M12)),(-$Y12+50*IF('18.05'!$AK12="是",'18.05'!$BB$4,'18.05'!$BB$3)),(VLOOKUP('18.05'!M12,'18.05'!$AO$4:$AQ$55,2,FALSE))*IF('18.05'!$AK12="是",'18.05'!$BB$4,'18.05'!$BB$3)) -> 128 | F12: =IF(ISNUMBER(SEARCH("营",'18.05'!N12)),(-$Y12+50*IF('18.05'!$AK12="是",'18.05'!$BB$4,'18.05'!$BB$3)),(VLOOKUP('18.05'!N12,'18.05'!$AO$4:$AQ$55,2,FALSE))*IF('18.05'!$AK12="是",'18.05'!$BB$4,'18.05'!$BB$3)) -> 120 | G12: =IF(ISNUMBER(SEARCH("营",'18.05'!O12)),(-$Y12+50*IF('18.05'!$AK12="是",'18.05'!$BB$4,'18.05'!$BB$3)),(VLOOKUP('18.05'!O12,'18.05'!$AO$4:$AQ$55,2,FALSE))*IF('18.05'!$AK12="是",'18.05'!$BB$4,'18.05'!$BB$3)) -> 128 | H12: =IF(ISNUMBER(SEARCH("营",'18.05'!P12)),(-$Y12+50*IF('18.05'!$AK12="是",'18.05'!$BB$4,'18.05'!$BB$3)),(VLOOKUP('18.05'!P12,'18.05'!$AO$4:$AQ$55,2,FALSE))*IF('18.05'!$AK12="是",'18.05'!$BB$4,'18.05'!$BB$3)) -> 0 | ... X12: =IF(ISNUMBER(SEARCH("营",'18.05'!AF12)),(-$Y12+50*IF('18.05'!$AK12="是",'18.05'!$BB$4,'18.05'!$BB$3)),(VLOOKUP('18.05'!AF12,'18.05'!$AO$4:$AQ$55,2,FALSE))*IF('18.05'!$AK12="是",'18.05'!$BB$4,'18.05'!$BB$3)) -> 160 | Y12: 300 | Z12: 45647
A13: =IF(ISNUMBER(SEARCH("营",'18.05'!I13)),(-$Y13+50*IF('18.05'!$AK13="是",'18.05'!$BB$4,'18.05'!$BB$3)),(VLOOKUP('18.05'!I13,'18.05'!$AO$4:$AQ$55,2,FALSE))*IF('18.05'!$AK13="是",'18.05'!$BB$4,'18.05'!$BB$3)) -> 128 | B13: =IF(ISNUMBER(SEARCH("营",'18.05'!J13)),(-$Y13+50*IF('18.05'!$AK13="是",'18.05'!$BB$4,'18.05'!$BB$3)),(VLOOKUP('18.05'!J13,'18.05'!$AO$4:$AQ$55,2,FALSE))*IF('18.05'!$AK13="是",'18.05'!$BB$4,'18.05'!$BB$3)) -> -260 | C13: =IF(ISNUMBER(SEARCH("营",'18.05'!K13)),(-$Y13+50*IF('18.05'!$AK13="是",'18.05'!$BB$4,'18.05'!$BB$3)),(VLOOKUP('18.05'!K13,'18.05'!$AO$4:$AQ$55,2,FALSE))*IF('18.05'!$AK13="是",'18.05'!$BB$4,'18.05'!$BB$3)) -> 128 | D13: =IF(ISNUMBER(SEARCH("营",'18.05'!L13)),(-$Y13+50*IF('18.05'!$AK13="是",'18.05'!$BB$4,'18.05'!$BB$3)),(VLOOKUP('18.05'!L13,'18.05'!$AO$4:$AQ$55,2,FALSE))*IF('18.05'!$AK13="是",'18.05'!$BB$4,'18.05'!$BB$3)) -> 128 | E13: =IF(ISNUMBER(SEARCH("营",'18.05'!M13)),(-$Y13+50*IF('18.05'!$AK13="是",'18.05'!$BB$4,'18.05'!$BB$3)),(VLOOKUP('18.05'!M13,'18.05'!$AO$4:$AQ$55,2,FALSE))*IF('18.05'!$AK13="是",'18.05'!$BB$4,'18.05'!$BB$3)) -> 128 | F13: =IF(ISNUMBER(SEARCH("营",'18.05'!N13)),(-$Y13+50*IF('18.05'!$AK13="是",'18.05'!$BB$4,'18.05'!$BB$3)),(VLOOKUP('18.05'!N13,'18.05'!$AO$4:$AQ$55,2,FALSE))*IF('18.05'!$AK13="是",'18.05'!$BB$4,'18.05'!$BB$3)) -> 40 | G13: =IF(ISNUMBER(SEARCH("营",'18.05'!O13)),(-$Y13+50*IF('18.05'!$AK13="是",'18.05'!$BB$4,'18.05'!$BB$3)),(VLOOKUP('18.05'!O13,'18.05'!$AO$4:$AQ$55,2,FALSE))*IF('18.05'!$AK13="是",'18.05'!$BB$4,'18.05'!$BB$3)) -> 136 | H13: =IF(ISNUMBER(SEARCH("营",'18.05'!P13)),(-$Y13+50*IF('18.05'!$AK13="是",'18.05'!$BB$4,'18.05'!$BB$3)),(VLOOKUP('18.05'!P13,'18.05'!$AO$4:$AQ$55,2,FALSE))*IF('18.05'!$AK13="是",'18.05'!$BB$4,'18.05'!$BB$3)) -> 136 | ... X13: =IF(ISNUMBER(SEARCH("营",'18.05'!AF13)),(-$Y13+50*IF('18.05'!$AK13="是",'18.05'!$BB$4,'18.05'!$BB$3)),(VLOOKUP('18.05'!AF13,'18.05'!$AO$4:$AQ$55,2,FALSE))*IF('18.05'!$AK13="是",'18.05'!$BB$4,'18.05'!$BB$3)) -> 200 | Y13: 300 | Z13: 45648
A14: =IF(ISNUMBER(SEARCH("营",'18.05'!I14)),(-$Y14+50*IF('18.05'!$AK14="是",'18.05'!$BB$4,'18.05'!$BB$3)),(VLOOKUP('18.05'!I14,'18.05'!$AO$4:$AQ$55,2,FALSE))*IF('18.05'!$AK14="是",'18.05'!$BB$4,'18.05'!$BB$3)) -> 144 | B14: =IF(ISNUMBER(SEARCH("营",'18.05'!J14)),(-$Y14+50*IF('18.05'!$AK14="是",'18.05'!$BB$4,'18.05'!$BB$3)),(VLOOKUP('18.05'!J14,'18.05'!$AO$4:$AQ$55,2,FALSE))*IF('18.05'!$AK14="是",'18.05'!$BB$4,'18.05'!$BB$3)) -> -260 | C14: =IF(ISNUMBER(SEARCH("营",'18.05'!K14)),(-$Y14+50*IF('18.05'!$AK14="是",'18.05'!$BB$4,'18.05'!$BB$3)),(VLOOKUP('18.05'!K14,'18.05'!$AO$4:$AQ$55,2,FALSE))*IF('18.05'!$AK14="是",'18.05'!$BB$4,'18.05'!$BB$3)) -> 144 | D14: =IF(ISNUMBER(SEARCH("营",'18.05'!L14)),(-$Y14+50*IF('18.05'!$AK14="是",'18.05'!$BB$4,'18.05'!$BB$3)),(VLOOKUP('18.05'!L14,'18.05'!$AO$4:$AQ$55,2,FALSE))*IF('18.05'!$AK14="是",'18.05'!$BB$4,'18.05'!$BB$3)) -> 144 | E14: =IF(ISNUMBER(SEARCH("营",'18.05'!M14)),(-$Y14+50*IF('18.05'!$AK14="是",'18.05'!$BB$4,'18.05'!$BB$3)),(VLOOKUP('18.05'!M14,'18.05'!$AO$4:$AQ$55,2,FALSE))*IF('18.05'!$AK14="是",'18.05'!$BB$4,'18.05'!$BB$3)) -> 144 | F14: =IF(ISNUMBER(SEARCH("营",'18.05'!N14)),(-$Y14+50*IF('18.05'!$AK14="是",'18.05'!$BB$4,'18.05'!$BB$3)),(VLOOKUP('18.05'!N14,'18.05'!$AO$4:$AQ$55,2,FALSE))*IF('18.05'!$AK14="是",'18.05'!$BB$4,'18.05'!$BB$3)) -> 144 | G14: =IF(ISNUMBER(SEARCH("营",'18.05'!O14)),(-$Y14+50*IF('18.05'!$AK14="是",'18.05'!$BB$4,'18.05'!$BB$3)),(VLOOKUP('18.05'!O14,'18.05'!$AO$4:$AQ$55,2,FALSE))*IF('18.05'!$AK14="是",'18.05'!$BB$4,'18.05'!$BB$3)) -> 144 | H14: =IF(ISNUMBER(SEARCH("营",'18.05'!P14)),(-$Y14+50*IF('18.05'!$AK14="是",'18.05'!$BB$4,'18.05'!$BB$3)),(VLOOKUP('18.05'!P14,'18.05'!$AO$4:$AQ$55,2,FALSE))*IF('18.05'!$AK14="是",'18.05'!$BB$4,'18.05'!$BB$3)) -> 144 | ... X14: =IF(ISNUMBER(SEARCH("营",'18.05'!AF14)),(-$Y14+50*IF('18.05'!$AK14="是",'18.05'!$BB$4,'18.05'!$BB$3)),(VLOOKUP('18.05'!AF14,'18.05'!$AO$4:$AQ$55,2,FALSE))*IF('18.05'!$AK14="是",'18.05'!$BB$4,'18.05'!$BB$3)) -> 0 | Y14: 300 | Z14: 45649
A15: =IF(ISNUMBER(SEARCH("营",'18.05'!I15)),(-$Y15+50*IF('18.05'!$AK15="是",'18.05'!$BB$4,'18.05'!$BB$3)),(VLOOKUP('18.05'!I15,'18.05'!$AO$4:$AQ$55,2,FALSE))*IF('18.05'!$AK15="是",'18.05'!$BB$4,'18.05'!$BB$3)) -> 144 | B15: =IF(ISNUMBER(SEARCH("营",'18.05'!J15)),(-$Y15+50*IF('18.05'!$AK15="是",'18.05'!$BB$4,'18.05'!$BB$3)),(VLOOKUP('18.05'!J15,'18.05'!$AO$4:$AQ$55,2,FALSE))*IF('18.05'!$AK15="是",'18.05'!$BB$4,'18.05'!$BB$3)) -> 144 | C15: =IF(ISNUMBER(SEARCH("营",'18.05'!K15)),(-$Y15+50*IF('18.05'!$AK15="是",'18.05'!$BB$4,'18.05'!$BB$3)),(VLOOKUP('18.05'!K15,'18.05'!$AO$4:$AQ$55,2,FALSE))*IF('18.05'!$AK15="是",'18.05'!$BB$4,'18.05'!$BB$3)) -> 160 | D15: =IF(ISNUMBER(SEARCH("营",'18.05'!L15)),(-$Y15+50*IF('18.05'!$AK15="是",'18.05'!$BB$4,'18.05'!$BB$3)),(VLOOKUP('18.05'!L15,'18.05'!$AO$4:$AQ$55,2,FALSE))*IF('18.05'!$AK15="是",'18.05'!$BB$4,'18.05'!$BB$3)) -> 160 | E15: =IF(ISNUMBER(SEARCH("营",'18.05'!M15)),(-$Y15+50*IF('18.05'!$AK15="是",'18.05'!$BB$4,'18.05'!$BB$3)),(VLOOKUP('18.05'!M15,'18.05'!$AO$4:$AQ$55,2,FALSE))*IF('18.05'!$AK15="是",'18.05'!$BB$4,'18.05'!$BB$3)) -> -260 | F15: =IF(ISNUMBER(SEARCH("营",'18.05'!N15)),(-$Y15+50*IF('18.05'!$AK15="是",'18.05'!$BB$4,'18.05'!$BB$3)),(VLOOKUP('18.05'!N15,'18.05'!$AO$4:$AQ$55,2,FALSE))*IF('18.05'!$AK15="是",'18.05'!$BB$4,'18.05'!$BB$3)) -> 0 | G15: =IF(ISNUMBER(SEARCH("营",'18.05'!O15)),(-$Y15+50*IF('18.05'!$AK15="是",'18.05'!$BB$4,'18.05'!$BB$3)),(VLOOKUP('18.05'!O15,'18.05'!$AO$4:$AQ$55,2,FALSE))*IF('18.05'!$AK15="是",'18.05'!$BB$4,'18.05'!$BB$3)) -> 0 | H15: =IF(ISNUMBER(SEARCH("营",'18.05'!P15)),(-$Y15+50*IF('18.05'!$AK15="是",'18.05'!$BB$4,'18.05'!$BB$3)),(VLOOKUP('18.05'!P15,'18.05'!$AO$4:$AQ$55,2,FALSE))*IF('18.05'!$AK15="是",'18.05'!$BB$4,'18.05'!$BB$3)) -> 0 | ... X15: =IF(ISNUMBER(SEARCH("营",'18.05'!AF15)),(-$Y15+50*IF('18.05'!$AK15="是",'18.05'!$BB$4,'18.05'!$BB$3)),(VLOOKUP('18.05'!AF15,'18.05'!$AO$4:$AQ$55,2,FALSE))*IF('18.05'!$AK15="是",'18.05'!$BB$4,'18.05'!$BB$3)) -> 0 | Y15: 300 | Z15: 45650
... A93: =IF(ISNUMBER(SEARCH("营",'18.05'!I93)),(-$Y93+50*IF('18.05'!$AK93="是",'18.05'!$BB$4,'18.05'!$BB$3)),(VLOOKUP('18.05'!I93,'18.05'!$AO$4:$AQ$55,2,FALSE))*IF('18.05'!$AK93="是",'18.05'!$BB$4,'18.05'!$BB$3)) -> 152 | B93: =IF(ISNUMBER(SEARCH("营",'18.05'!J93)),(-$Y93+50*IF('18.05'!$AK93="是",'18.05'!$BB$4,'18.05'!$BB$3)),(VLOOKUP('18.05'!J93,'18.05'!$AO$4:$AQ$55,2,FALSE))*IF('18.05'!$AK93="是",'18.05'!$BB$4,'18.05'!$BB$3)) -> 152 | C93: =IF(ISNUMBER(SEARCH("营",'18.05'!K93)),(-$Y93+50*IF('18.05'!$AK93="是",'18.05'!$BB$4,'18.05'!$BB$3)),(VLOOKUP('18.05'!K93,'18.05'!$AO$4:$AQ$55,2,FALSE))*IF('18.05'!$AK93="是",'18.05'!$BB$4,'18.05'!$BB$3)) -> 152 | D93: =IF(ISNUMBER(SEARCH("营",'18.05'!L93)),(-$Y93+50*IF('18.05'!$AK93="是",'18.05'!$BB$4,'18.05'!$BB$3)),(VLOOKUP('18.05'!L93,'18.05'!$AO$4:$AQ$55,2,FALSE))*IF('18.05'!$AK93="是",'18.05'!$BB$4,'18.05'!$BB$3)) -> 152 | E93: =IF(ISNUMBER(SEARCH("营",'18.05'!M93)),(-$Y93+50*IF('18.05'!$AK93="是",'18.05'!$BB$4,'18.05'!$BB$3)),(VLOOKUP('18.05'!M93,'18.05'!$AO$4:$AQ$55,2,FALSE))*IF('18.05'!$AK93="是",'18.05'!$BB$4,'18.05'!$BB$3)) -> 152 | F93: =IF(ISNUMBER(SEARCH("营",'18.05'!N93)),(-$Y93+50*IF('18.05'!$AK93="是",'18.05'!$BB$4,'18.05'!$BB$3)),(VLOOKUP('18.05'!N93,'18.05'!$AO$4:$AQ$55,2,FALSE))*IF('18.05'!$AK93="是",'18.05'!$BB$4,'18.05'!$BB$3)) -> 152 | G93: =IF(ISNUMBER(SEARCH("营",'18.05'!O93)),(-$Y93+50*IF('18.05'!$AK93="是",'18.05'!$BB$4,'18.05'!$BB$3)),(VLOOKUP('18.05'!O93,'18.05'!$AO$4:$AQ$55,2,FALSE))*IF('18.05'!$AK93="是",'18.05'!$BB$4,'18.05'!$BB$3)) -> 152 | H93: =IF(ISNUMBER(SEARCH("营",'18.05'!P93)),(-$Y93+50*IF('18.05'!$AK93="是",'18.05'!$BB$4,'18.05'!$BB$3)),(VLOOKUP('18.05'!P93,'18.05'!$AO$4:$AQ$55,2,FALSE))*IF('18.05'!$AK93="是",'18.05'!$BB$4,'18.05'!$BB$3)) -> 152 | ... X93: =IF(ISNUMBER(SEARCH("营",'18.05'!AF93)),(-$Y93+50*IF('18.05'!$AK93="是",'18.05'!$BB$4,'18.05'!$BB$3)),(VLOOKUP('18.05'!AF93,'18.05'!$AO$4:$AQ$55,2,FALSE))*IF('18.05'!$AK93="是",'18.05'!$BB$4,'18.05'!$BB$3)) -> 0 | Y93: 100 | Z93: 45728

Sheet 经验
A2: 队伍一 风 | C2: 步数 | D2: =COUNTIF(A4:H94,"<>空") -> 728 | E2: (不算跳步和传送) | I2: 队伍二 雷 | K2: 步数 | L2: =COUNTIF(I4:P94,"<>空") -> 728 | M2: (不算跳步和传送) | Q2: 队伍三 | S2: 总步数 | T2: =COUNTIF(Q4:X94,"<>空") -> 728 | U2: (不算跳步和传送)
A3: 1 | B3: 2 | C3: 3 | D3: 4 | E3: 5 | F3: 6 | G3: 7 | H3: 8 | I3: 1 | J3: 2 | K3: 3 | L3: 4 | M3: 5 | N3: 6 | O3: 7 | P3: 8 | Q3: 1 | R3: 2 | S3: 3 | T3: 4 | U3: 5 | V3: 6 | W3: 7 | X3: 8
A4: =(VLOOKUP('18.05'!I4,'18.05'!$AO$4:$AQ$55,3,FALSE)) -> 35 | B4: =(VLOOKUP('18.05'!J4,'18.05'!$AO$4:$AQ$55,3,FALSE)) -> 35 | C4: =(VLOOKUP('18.05'!K4,'18.05'!$AO$4:$AQ$55,3,FALSE)) -> 35 | D4: =(VLOOKUP('18.05'!L4,'18.05'!$AO$4:$AQ$55,3,FALSE)) -> 35 | E4: =(VLOOKUP('18.05'!M4,'18.05'!$AO$4:$AQ$55,3,FALSE)) -> 35 | F4: =(VLOOKUP('18.05'!N4,'18.05'!$AO$4:$AQ$55,3,FALSE)) -> 0 | G4: =(VLOOKUP('18.05'!O4,'18.05'!$AO$4:$AQ$55,3,FALSE)) -> 0 | H4: =(VLOOKUP('18.05'!P4,'18.05'!$AO$4:$AQ$55,3,FALSE)) -> 0 | ... X4: =(VLOOKUP('18.05'!AF4,'18.05'!$AO$4:$AQ$55,3,FALSE)) -> 0
A5: =(VLOOKUP('18.05'!I5,'18.05'!$AO$4:$AQ$55,3,FALSE)) -> 0 | B5: =(VLOOKUP('18.05'!J5,'18.05'!$AO$4:$AQ$55,3,FALSE)) -> 0 | C5: =(VLOOKUP('18.05'!K5,'18.05'!$AO$4:$AQ$55,3,FALSE)) -> 0 | D5: =(VLOOKUP('18.05'!L5,'18.05'!$AO$4:$AQ$55,3,FALSE)) -> 0 | E5: =(VLOOKUP('18.05'!M5,'18.05'!$AO$4:$AQ$55,3,FALSE)) -> 0 | F5: =(VLOOKUP('18.05'!N5,'18.05'!$AO$4:$AQ$55,3,FALSE)) -> 0 | G5: =(VLOOKUP('18.05'!O5,'18.05'!$AO$4:$AQ$55,3,FALSE)) -> 0 | H5: =(VLOOKUP('18.05'!P5,'18.05'!$AO$4:$AQ$55,3,FALSE)) -> 0 | ... X5: =(VLOOKUP('18.05'!AF5,'18.05'!$AO$4:$AQ$55,3,FALSE)) -> 40
A6: =(VLOOKUP('18.05'!I6,'18.05'!$AO$4:$AQ$55,3,FALSE)) -> 0 | B6: =(VLOOKUP('18.05'!J6,'18.05'!$AO$4:$AQ$55,3,FALSE)) -> 0 | C6: =(VLOOKUP('18.05'!K6,'18.05'!$AO$4:$AQ$55,3,FALSE)) -> 0 | D6: =(VLOOKUP('18.05'!L6,'18.05'!$AO$4:$AQ$55,3,FALSE)) -> 0 | E6: =(VLOOKUP('18.05'!M6,'18.05'!$AO$4:$AQ$55,3,FALSE)) -> 0 | F6: =(VLOOKUP('18.05'!N6,'18.05'!$AO$4:$AQ$55,3,FALSE)) -> 0 | G6: =(VLOOKUP('18.05'!O6,'18.05'!$AO$4:$AQ$55,3,FALSE)) -> 0 | H6: =(VLOOKUP('18.05'!P6,'18.05'!$AO$4:$AQ$55,3,FALSE)) -> 0 | ... X6: =(VLOOKUP('18.05'!AF6,'18.05'!$AO$4:$AQ$55,3,FALSE)) -> 40
A7: =(VLOOKUP('18.05'!I7,'18.05'!$AO$4:$AQ$55,3,FALSE)) -> 0 | B7: =(VLOOKUP('18.05'!J7,'18.05'!$AO$4:$AQ$55,3,FALSE)) -> 0 | C7: =(VLOOKUP('18.05'!K7,'18.05'!$AO$4:$AQ$55,3,FALSE)) -> 0 | D7: =(VLOOKUP('18.05'!L7,'18.05'!$AO$4:$AQ$55,3,FALSE)) -> 0 | E7: =(VLOOKUP('18.05'!M7,'18.05'!$AO$4:$AQ$55,3,FALSE)) -> 0 | F7: =(VLOOKUP('18.05'!N7,'18.05'!$AO$4:$AQ$55,3,FALSE)) -> 0 | G7: =(VLOOKUP('18.05'!O7,'18.05'!$AO$4:$AQ$55,3,FALSE)) -> 0 | H7: =(VLOOKUP('18.05'!P7,'18.05'!$AO$4:$AQ$55,3,FALSE)) -> 0 | ... X7: =(VLOOKUP('18.05'!AF7,'18.05'!$AO$4:$AQ$55,3,FALSE)) -> 45
A8: =(VLOOKUP('18.05'!I8,'18.05'!$AO$4:$AQ$55,3,FALSE)) -> 0 | B8: =(VLOOKUP('18.05'!J8,'18.05'!$AO$4:$AQ$55,3,FALSE)) -> 0 | C8: =(VLOOKUP('18.05'!K8,'18.05'!$AO$4:$AQ$55,3,FALSE)) -> 0 | D8: =(VLOOKUP('18.05'!L8,'18.05'!$AO$4:$AQ$55,3,FALSE)) -> 0 | E8: =(VLOOKUP('18.05'!M8,'18.05'!$AO$4:$AQ$55,3,FALSE)) -> 0 | F8: =(VLOOKUP('18.05'!N8,'18.05'!$AO$4:$AQ$55,3,FALSE)) -> 0 | G8: =(VLOOKUP('18.05'!O8,'18.05'!$AO$4:$AQ$55,3,FALSE)) -> 0 | H8: =(VLOOKUP('18.05'!P8,'18.05'!$AO$4:$AQ$55,3,FALSE)) -> 0 | ... X8: =(VLOOKUP('18.05'!AF8,'18.05'!$AO$4:$AQ$55,3,FALSE)) -> 45
A9: =(VLOOKUP('18.05'!I9,'18.05'!$AO$4:$AQ$55,3,FALSE)) -> 0 | B9: =(VLOOKUP('18.05'!J9,'18.05'!$AO$4:$AQ$55,3,FALSE)) -> 0 | C9: =(VLOOKUP('18.05'!K9,'18.05'!$AO$4:$AQ$55,3,FALSE)) -> 0 | D9: =(VLOOKUP('18.05'!L9,'18.05'!$AO$4:$AQ$55,3,FALSE)) -> 0 | E9: =(VLOOKUP('18.05'!M9,'18.05'!$AO$4:$AQ$55,3,FALSE)) -> 0 | F9: =(VLOOKUP('18.05'!N9,'18.05'!$AO$4:$AQ$55,3,FALSE)) -> 0 | G9: =(VLOOKUP('18.05'!O9,'18.05'!$AO$4:$AQ$55,3,FALSE)) -> 0 | H9: =(VLOOKUP('18.05'!P9,'18.05'!$AO$4:$AQ$55,3,FALSE)) -> 0 | ... X9: =(VLOOKUP('18.05'!AF9,'18.05'!$AO$4:$AQ$55,3,FALSE)) -> 0
A10: =(VLOOKUP('18.05'!I10,'18.05'!$AO$4:$AQ$55,3,FALSE)) -> 0 | B10: =(VLOOKUP('18.05'!J10,'18.05'!$AO$4:$AQ$55,3,FALSE)) -> 0 | C10: =(VLOOKUP('18.05'!K10,'18.05'!$AO$4:$AQ$55,3,FALSE)) -> 0 | D10: =(VLOOKUP('18.05'!L10,'18.05'!$AO$4:$AQ$55,3,FALSE)) -> 0 | E10: =(VLOOKUP('18.05'!M10,'18.05'!$AO$4:$AQ$55,3,FALSE)) -> 0 | F10: =(VLOOKUP('18.05'!N10,'18.05'!$AO$4:$AQ$55,3,FALSE)) -> 0 | G10: =(VLOOKUP('18.05'!O10,'18.05'!$AO$4:$AQ$55,3,FALSE)) -> 0 | H10: =(VLOOKUP('18.05'!P10,'18.05'!$AO$4:$AQ$55,3,FALSE)) -> 0 | ... X10: =(VLOOKUP('18.05'!AF10,'18.05'!$AO$4:$AQ$55,3,FALSE)) -> 0
A11: =(VLOOKUP('18.05'!I11,'18.05'!$AO$4:$AQ$55,3,FALSE)) -> 0 | B11: =(VLOOKUP('18.05'!J11,'18.05'!$AO$4:$AQ$55,3,FALSE)) -> 0 | C11: =(VLOOKUP('18.05'!K11,'18.05'!$AO$4:$AQ$55,3,FALSE)) -> 0 | D11: =(VLOOKUP('18.05'!L11,'18.05'!$AO$4:$AQ$55,3,FALSE)) -> 0 | E11: =(VLOOKUP('18.05'!M11,'18.05'!$AO$4:$AQ$55,3,FALSE)) -> 0 | F11: =(VLOOKUP('18.05'!N11,'18.05'!$AO$4:$AQ$55,3,FALSE)) -> 0 | G11: =(VLOOKUP('18.05'!O11,'18.05'!$AO$4:$AQ$55,3,FALSE)) -> 0 | H11: =(VLOOKUP('18.05'!P11,'18.05'!$AO$4:$AQ$55,3,FALSE)) -> 0 | ... X11: =(VLOOKUP('18.05'!AF11,'18.05'!$AO$4:$AQ$55,3,FALSE)) -> 0
A12: =(VLOOKUP('18.05'!I12,'18.05'!$AO$4:$AQ$55,3,FALSE)) -> 40 | B12: =(VLOOKUP('18.05'!J12,'18.05'!$AO$4:$AQ$55,3,FALSE)) -> 40 | C12: =(VLOOKUP('18.05'!K12,'18.05'!$AO$4:$AQ$55,3,FALSE)) -> 40 | D12: =(VLOOKUP('18.05'!L12,'18.05'!$AO$4:$AQ$55,3,FALSE)) -> 30 | E12: =(VLOOKUP('18.05'!M12,'18.05'!$AO$4:$AQ$55,3,FALSE)) -> 40 | F12: =(VLOOKUP('18.05'!N12,'18.05'!$AO$4:$AQ$55,3,FALSE)) -> 40 | G12: =(VLOOKUP('18.05'!O12,'18.05'!$AO$4:$AQ$55,3,FALSE)) -> 40 | H12: =(VLOOKUP('18.05'!P12,'18.05'!$AO$4:$AQ$55,3,FALSE)) -> 0 | ... X12: =(VLOOKUP('18.05'!AF12,'18.05'!$AO$4:$AQ$55,3,FALSE)) -> 60
A13: =(VLOOKUP('18.05'!I13,'18.05'!$AO$4:$AQ$55,3,FALSE)) -> 40 | B13: =(VLOOKUP('18.05'!J13,'18.05'!$AO$4:$AQ$55,3,FALSE)) -> 0 | C13: =(VLOOKUP('18.05'!K13,'18.05'!$AO$4:$AQ$55,3,FALSE)) -> 40 | D13: =(VLOOKUP('18.05'!L13,'18.05'!$AO$4:$AQ$55,3,FALSE)) -> 40 | E13: =(VLOOKUP('18.05'!M13,'18.05'!$AO$4:$AQ$55,3,FALSE)) -> 40 | F13: =(VLOOKUP('18.05'!N13,'18.05'!$AO$4:$AQ$55,3,FALSE)) -> 30 | G13: =(VLOOKUP('18.05'!O13,'18.05'!$AO$4:$AQ$55,3,FALSE)) -> 45 | H13: =(VLOOKUP('18.05'!P13,'18.05'!$AO$4:$AQ$55,3,FALSE)) -> 45 | ... X13: =(VLOOKUP('18.05'!AF13,'18.05'!$AO$4:$AQ$55,3,FALSE)) -> 1000
A14: =(VLOOKUP('18.05'!I14,'18.05'!$AO$4:$AQ$55,3,FALSE)) -> 50 | B14: =(VLOOKUP('18.05'!J14,'18.05'!$AO$4:$AQ$55,3,FALSE)) -> 0 | C14: =(VLOOKUP('18.05'!K14,'18.05'!$AO$4:$AQ$55,3,FALSE)) -> 50 | D14: =(VLOOKUP('18.05'!L14,'18.05'!$AO$4:$AQ$55,3,FALSE)) -> 50 | E14: =(VLOOKUP('18.05'!M14,'18.05'!$AO$4:$AQ$55,3,FALSE)) -> 50 | F14: =(VLOOKUP('18.05'!N14,'18.05'!$AO$4:$AQ$55,3,FALSE)) -> 50 | G14: =(VLOOKUP('18.05'!O14,'18.05'!$AO$4:$AQ$55,3,FALSE)) -> 50 | H14: =(VLOOKUP('18.05'!P14,'18.05'!$AO$4:$AQ$55,3,FALSE)) -> 50 | ... X14: =(VLOOKUP('18.05'!AF14,'18.05'!$AO$4:$AQ$55,3,FALSE)) -> 0
A15: =(VLOOKUP('18.05'!I15,'18.05'!$AO$4:$AQ$55,3,FALSE)) -> 50 | B15: =(VLOOKUP('18.05'!J15,'18.05'!$AO$4:$AQ$55,3,FALSE)) -> 50 | C15: =(VLOOKUP('18.05'!K15,'18.05'!$AO$4:$AQ$55,3,FALSE)) -> 60 | D15: =(VLOOKUP('18.05'!L15,'18.05'!$AO$4:$AQ$55,3,FALSE)) -> 60 | E15: =(VLOOKUP('18.05'!M15,'18.05'!$AO$4:$AQ$55,3,FALSE)) -> 0 | F15: =(VLOOKUP('18.05'!N15,'18.05'!$AO$4:$AQ$55,3,FALSE)) -> 0 | G15: =(VLOOKUP('18.05'!O15,'18.05'!$AO$4:$AQ$55,3,FALSE)) -> 0 | H15: =(VLOOKUP('18.05'!P15,'18.05'!$AO$4:$AQ$55,3,FALSE)) -> 0 | ... X15: =(VLOOKUP('18.05'!AF15,'18.05'!$AO$4:$AQ$55,3,FALSE)) -> 0
... A93: =(VLOOKUP('18.05'!I93,'18.05'!$AO$4:$AQ$55,3,FALSE)) -> 55 | B93: =(VLOOKUP('18.05'!J93,'18.05'!$AO$4:$AQ$55,3,FALSE)) -> 55 | C93: =(VLOOKUP('18.05'!K93,'18.05'!$AO$4:$AQ$55,3,FALSE)) -> 55 | D93: =(VLOOKUP('18.05'!L93,'18.05'!$AO$4:$AQ$55,3,FALSE)) -> 55 | E93: =(VLOOKUP('18.05'!M93,'18.05'!$AO$4:$AQ$55,3,FALSE)) -> 55 | F93: =(VLOOKUP('18.05'!N93,'18.05'!$AO$4:$AQ$55,3,FALSE)) -> 55 | G93: =(VLOOKUP('18.05'!O93,'18.05'!$AO$4:$AQ$55,3,FALSE)) -> 55 | H93: =(VLOOKUP('18.05'!P93,'18.05'!$AO$4:$AQ$55,3,FALSE)) -> 55 | ... X93: =(VLOOKUP('18.05'!AF93,'18.05'!$AO$4:$AQ$55,3,FALSE)) -> 0

Sheet 亏损
A2: 队伍一 风 | C2: 步数 | D2: =COUNTIF(A4:H94,"<>空") -> 728 | E2: (不算跳步和传送) | I2: 队伍二 雷 | K2: 步数 | L2: =COUNTIF(I4:P94,"<>空") -> 728 | M2: (不算跳步和传送) | Q2: 队伍三 | S2: 总步数 | T2: =COUNTIF(Q4:X94,"<>空") -> 728 | U2: (不算跳步和传送)
A3: 1 | B3: 2 | C3: 3 | D3: 4 | E3: 5 | F3: 6 | G3: 7 | H3: 8 | I3: 1 | J3: 2 | K3: 3 | L3: 4 | M3: 5 | N3: 6 | O3: 7 | P3: 8 | Q3: 1 | R3: 2 | S3: 3 | T3: 4 | U3: 5 | V3: 6 | W3: 7 | X3: 8
A4: =(VLOOKUP('18.05'!I4,'18.05'!$AO$4:$AR$55,4,FALSE)) -> 44.222109 | B4: =(VLOOKUP('18.05'!J4,'18.05'!$AO$4:$AR$55,4,FALSE)) -> 44.222109 | C4: =(VLOOKUP('18.05'!K4,'18.05'!$AO$4:$AR$55,4,FALSE)) -> 44.222109 | D4: =(VLOOKUP('18.05'!L4,'18.05'!$AO$4:$AR$55,4,FALSE)) -> 44.222109 | E4: =(VLOOKUP('18.05'!M4,'18.05'!$AO$4:$AR$55,4,FALSE)) -> 44.222109 | F4: =(VLOOKUP('18.05'!N4,'18.05'!$AO$4:$AR$55,4,FALSE)) -> 0 | G4: =(VLOOKUP('18.05'!O4,'18.05'!$AO$4:$AR$55,4,FALSE)) -> 0 | H4: =(VLOOKUP('18.05'!P4,'18.05'!$AO$4:$AR$55,4,FALSE)) -> 0 | ... X4: =(VLOOKUP('18.05'!AF4,'18.05'!$AO$4:$AR$55,4,FALSE)) -> 0
A5: =(VLOOKUP('18.05'!I5,'18.05'!$AO$4:$AR$55,4,FALSE)) -> 0 | B5: =(VLOOKUP('18.05'!J5,'18.05'!$AO$4:$AR$55,4,FALSE)) -> 0 | C5: =(VLOOKUP('18.05'!K5,'18.05'!$AO$4:$AR$55,4,FALSE)) -> 0 | D5: =(VLOOKUP('18.05'!L5,'18.05'!$AO$4:$AR$55,4,FALSE)) -> 0 | E5: =(VLOOKUP('18.05'!M5,'18.05'!$AO$4:$AR$55,4,FALSE)) -> 0 | F5: =(VLOOKUP('18.05'!N5,'18.05'!$AO$4:$AR$55,4,FALSE)) -> 0 | G5: =(VLOOKUP('18.05'!O5,'18.05'!$AO$4:$AR$55,4,FALSE)) -> 0 | H5: =(VLOOKUP('18.05'!P5,'18.05'!$AO$4:$AR$55,4,FALSE)) -> 0 | ... X5: =(VLOOKUP('18.05'!AF5,'18.05'!$AO$4:$AR$55,4,FALSE)) -> 39.110982
A6: =(VLOOKUP('18.05'!I6,'18.05'!$AO$4:$AR$55,4,FALSE)) -> 0 | B6: =(VLOOKUP('18.05'!J6,'18.05'!$AO$4:$AR$55,4,FALSE)) -> 0 | C6: =(VLOOKUP('18.05'!K6,'18.05'!$AO$4:$AR$55,4,FALSE)) -> 0 | D6: =(VLOOKUP('18.05'!L6,'18.05'!$AO$4:$AR$55,4,FALSE)) -> 0 | E6: =(VLOOKUP('18.05'!M6,'18.05'!$AO$4:$AR$55,4,FALSE)) -> 0 | F6: =(VLOOKUP('18.05'!N6,'18.05'!$AO$4:$AR$55,4,FALSE)) -> 0 | G6: =(VLOOKUP('18.05'!O6,'18.05'!$AO$4:$AR$55,4,FALSE)) -> 0 | H6: =(VLOOKUP('18.05'!P6,'18.05'!$AO$4:$AR$55,4,FALSE)) -> 0 | ... X6: =(VLOOKUP('18.05'!AF6,'18.05'!$AO$4:$AR$55,4,FALSE)) -> 39.110982
A7: =(VLOOKUP('18.05'!I7,'18.05'!$AO$4:$AR$55,4,FALSE)) -> 0 | B7: =(VLOOKUP('18.05'!J7,'18.05'!$AO$4:$AR$55,4,FALSE)) -> 0 | C7: =(VLOOKUP('18.05'!K7,'18.05'!$AO$4:$AR$55,4,FALSE)) -> 0 | D7: =(VLOOKUP('18.05'!L7,'18.05'!$AO$4:$AR$55,4,FALSE)) -> 0 | E7: =(VLOOKUP('18.05'!M7,'18.05'!$AO$4:$AR$55,4,FALSE)) -> 0 | F7: =(VLOOKUP('18.05'!N7,'18.05'!$AO$4:$AR$55,4,FALSE)) -> 0 | G7: =(VLOOKUP('18.05'!O7,'18.05'!$AO$4:$AR$55,4,FALSE)) -> 0 | H7: =(VLOOKUP('18.05'!P7,'18.05'!$AO$4:$AR$55,4,FALSE)) -> 0 | ... X7: =(VLOOKUP('18.05'!AF7,'18.05'!$AO$4:$AR$55,4,FALSE)) -> 34
A8: =(VLOOKUP('18.05'!I8,'18.05'!$AO$4:$AR$55,4,FALSE)) -> 0 | B8: =(VLOOKUP('18.05'!J8,'18.05'!$AO$4:$AR$55,4,FALSE)) -> 0 | C8: =(VLOOKUP('18.05'!K8,'18.05'!$AO$4:$AR$55,4,FALSE)) -> 0 | D8: =(VLOOKUP('18.05'!L8,'18.05'!$AO$4:$AR$55,4,FALSE)) -> 0 | E8: =(VLOOKUP('18.05'!M8,'18.05'!$AO$4:$AR$55,4,FALSE)) -> 0 | F8: =(VLOOKUP('18.05'!N8,'18.05'!$AO$4:$AR$55,4,FALSE)) -> 0 | G8: =(VLOOKUP('18.05'!O8,'18.05'!$AO$4:$AR$55,4,FALSE)) -> 0 | H8: =(VLOOKUP('18.05'!P8,'18.05'!$AO$4:$AR$55,4,FALSE)) -> 0 | ... X8: =(VLOOKUP('18.05'!AF8,'18.05'!$AO$4:$AR$55,4,FALSE)) -> 34
A9: =(VLOOKUP('18.05'!I9,'18.05'!$AO$4:$AR$55,4,FALSE)) -> 0 | B9: =(VLOOKUP('18.05'!J9,'18.05'!$AO$4:$AR$55,4,FALSE)) -> 0 | C9: =(VLOOKUP('18.05'!K9,'18.05'!$AO$4:$AR$55,4,FALSE)) -> 0 | D9: =(VLOOKUP('18.05'!L9,'18.05'!$AO$4:$AR$55,4,FALSE)) -> 0 | E9: =(VLOOKUP('18.05'!M9,'18.05'!$AO$4:$AR$55,4,FALSE)) -> 0 | F9: =(VLOOKUP('18.05'!N9,'18.05'!$AO$4:$AR$55,4,FALSE)) -> 0 | G9: =(VLOOKUP('18.05'!O9,'18.05'!$AO$4:$AR$55,4,FALSE)) -> 0 | H9: =(VLOOKUP('18.05'!P9,'18.05'!$AO$4:$AR$55,4,FALSE)) -> 0 | ... X9: =(VLOOKUP('18.05'!AF9,'18.05'!$AO$4:$AR$55,4,FALSE)) -> 0
A10: =(VLOOKUP('18.05'!I10,'18.05'!$AO$4:$AR$55,4,FALSE)) -> 0 | B10: =(VLOOKUP('18.05'!J10,'18.05'!$AO$4:$AR$55,4,FALSE)) -> 0 | C10: =(VLOOKUP('18.05'!K10,'18.05'!$AO$4:$AR$55,4,FALSE)) -> 0 | D10: =(VLOOKUP('18.05'!L10,'18.05'!$AO$4:$AR$55,4,FALSE)) -> 0 | E10: =(VLOOKUP('18.05'!M10,'18.05'!$AO$4:$AR$55,4,FALSE)) -> 0 | F10: =(VLOOKUP('18.05'!N10,'18.05'!$AO$4:$AR$55,4,FALSE)) -> 0 | G10: =(VLOOKUP('18.05'!O10,'18.05'!$AO$4:$AR$55,4,FALSE)) -> 0 | H10: =(VLOOKUP('18.05'!P10,'18.05'!$AO$4:$AR$55,4,FALSE)) -> 0 | ... X10: =(VLOOKUP('18.05'!AF10,'18.05'!$AO$4:$AR$55,4,FALSE)) -> 0
A11: =(VLOOKUP('18.05'!I11,'18.05'!$AO$4:$AR$55,4,FALSE)) -> 0 | B11: =(VLOOKUP('18.05'!J11,'18.05'!$AO$4:$AR$55,4,FALSE)) -> 0 | C11: =(VLOOKUP('18.05'!K11,'18.05'!$AO$4:$AR$55,4,FALSE)) -> 0 | D11: =(VLOOKUP('18.05'!L11,'18.05'!$AO$4:$AR$55,4,FALSE)) -> 0 | E11: =(VLOOKUP('18.05'!M11,'18.05'!$AO$4:$AR$55,4,FALSE)) -> 0 | F11: =(VLOOKUP('18.05'!N11,'18.05'!$AO$4:$AR$55,4,FALSE)) -> 0 | G11: =(VLOOKUP('18.05'!O11,'18.05'!$AO$4:$AR$55,4,FALSE)) -> 0 | H11: =(VLOOKUP('18.05'!P11,'18.05'!$AO$4:$AR$55,4,FALSE)) -> 0 | ... X11: =(VLOOKUP('18.05'!AF11,'18.05'!$AO$4:$AR$55,4,FALSE)) -> 0
A12: =(VLOOKUP('18.05'!I12,'18.05'!$AO$4:$AR$55,4,FALSE)) -> 39.110982 | B12: =(VLOOKUP('18.05'!J12,'18.05'!$AO$4:$AR$55,4,FALSE)) -> 39.110982 | C12: =(VLOOKUP('18.05'!K12,'18.05'!$AO$4:$AR$55,4,FALSE)) -> 39.110982 | D12: =(VLOOKUP('18.05'!L12,'18.05'!$AO$4:$AR$55,4,FALSE)) -> 10 | E12: =(VLOOKUP('18.05'!M12,'18.05'!$AO$4:$AR$55,4,FALSE)) -> 39.110982 | F12: =(VLOOKUP('18.05'!N12,'18.05'!$AO$4:$AR$55,4,FALSE)) -> 29.110982 | G12: =(VLOOKUP('18.05'!O12,'18.05'!$AO$4:$AR$55,4,FALSE)) -> 39.110982 | H12: =(VLOOKUP('18.05'!P12,'18.05'!$AO$4:$AR$55,4,FALSE)) -> 0 | ... X12: =(VLOOKUP('18.05'!AF12,'18.05'!$AO$4:$AR$55,4,FALSE)) -> 0
A13: =(VLOOKUP('18.05'!I13,'18.05'!$AO$4:$AR$55,4,FALSE)) -> 39.110982 | B13: =(VLOOKUP('18.05'!J13,'18.05'!$AO$4:$AR$55,4,FALSE)) -> 10 | C13: =(VLOOKUP('18.05'!K13,'18.05'!$AO$4:$AR$55,4,FALSE)) -> 39.110982 | D13: =(VLOOKUP('18.05'!L13,'18.05'!$AO$4:$AR$55,4,FALSE)) -> 39.110982 | E13: =(VLOOKUP('18.05'!M13,'18.05'!$AO$4:$AR$55,4,FALSE)) -> 39.110982 | F13: =(VLOOKUP('18.05'!N13,'18.05'!$AO$4:$AR$55,4,FALSE)) -> 10 | G13: =(VLOOKUP('18.05'!O13,'18.05'!$AO$4:$AR$55,4,FALSE)) -> 34 | H13: =(VLOOKUP('18.05'!P13,'18.05'!$AO$4:$AR$55,4,FALSE)) -> 34 | ... X13: =(VLOOKUP('18.05'!AF13,'18.05'!$AO$4:$AR$55,4,FALSE)) -> 0
A14: =(VLOOKUP('18.05'!I14,'18.05'!$AO$4:$AR$55,4,FALSE)) -> 36 | B14: =(VLOOKUP('18.05'!J14,'18.05'!$AO$4:$AR$55,4,FALSE)) -> 10 | C14: =(VLOOKUP('18.05'!K14,'18.05'!$AO$4:$AR$55,4,FALSE)) -> 36 | D14: =(VLOOKUP('18.05'!L14,'18.05'!$AO$4:$AR$55,4,FALSE)) -> 36 | E14: =(VLOOKUP('18.05'!M14,'18.05'!$AO$4:$AR$55,4,FALSE)) -> 36 | F14: =(VLOOKUP('18.05'!N14,'18.05'!$AO$4:$AR$55,4,FALSE)) -> 36 | G14: =(VLOOKUP('18.05'!O14,'18.05'!$AO$4:$AR$55,4,FALSE)) -> 36 | H14: =(VLOOKUP('18.05'!P14,'18.05'!$AO$4:$AR$55,4,FALSE)) -> 36 | ... X14: =(VLOOKUP('18.05'!AF14,'18.05'!$AO$4:$AR$55,4,FALSE)) -> 0
A15: =(VLOOKUP('18.05'!I15,'18.05'!$AO$4:$AR$55,4,FALSE)) -> 36 | B15: =(VLOOKUP('18.05'!J15,'18.05'!$AO$4:$AR$55,4,FALSE)) -> 36 | C15: =(VLOOKUP('18.05'!K15,'18.05'!$AO$4:$AR$55,4,FALSE)) -> 0 | D15: =(VLOOKUP('18.05'!L15,'18.05'!$AO$4:$AR$55,4,FALSE)) -> 0 | E15: =(VLOOKUP('18.05'!M15,'18.05'!$AO$4:$AR$55,4,FALSE)) -> 10 | F15: =(VLOOKUP('18.05'!N15,'18.05'!$AO$4:$AR$55,4,FALSE)) -> 0 | G15: =(VLOOKUP('18.05'!O15,'18.05'!$AO$4:$AR$55,4,FALSE)) -> 0 | H15: =(VLOOKUP('18.05'!P15,'18.05'!$AO$4:$AR$55,4,FALSE)) -> 0 | ... X15: =(VLOOKUP('18.05'!AF15,'18.05'!$AO$4:$AR$55,4,FALSE)) -> 0
... A93: =(VLOOKUP('18.05'!I93,'18.05'!$AO$4:$AR$55,4,FALSE)) -> 38 | B93: =(VLOOKUP('18.05'!J93,'18.05'!$AO$4:$AR$55,4,FALSE)) -> 38 | C93: =(VLOOKUP('18.05'!K93,'18.05'!$AO$4:$AR$55,4,FALSE)) -> 38 | D93: =(VLOOKUP('18.05'!L93,'18.05'!$AO$4:$AR$55,4,FALSE)) -> 38 | E93: =(VLOOKUP('18.05'!M93,'18.05'!$AO$4:$AR$55,4,FALSE)) -> 38 | F93: =(VLOOKUP('18.05'!N93,'18.05'!$AO$4:$AR$55,4,FALSE)) -> 38 | G93: =(VLOOKUP('18.05'!O93,'18.05'!$AO$4:$AR$55,4,FALSE)) -> 38 | H93: =(VLOOKUP('18.05'!P93,'18.05'!$AO$4:$AR$55,4,FALSE)) -> 38 | ... X93: =(VLOOKUP('18.05'!AF93,'18.05'!$AO$4:$AR$55,4,FALSE)) -> 0
