Workbook

Sheet 18.04
A1: =(_xlfn.DAYS(TODAY(),A4)+2)/((_xlfn.DAYS(A93,A4))+1) -> 0.044444444 | I1: 工作区
A2: 18.04 | B2: 八卦前亏 | C2: =SUM(D4:D15) -> 24512 | D2: 合计经验 | F2: =SUM(F4:F93)+SUM(H4:H93) -> 64950 | I2: 队伍一 火 | K2: 步数 | L2: =COUNTIF(I4:P93,"<>空") -> 495 | M2: (不算跳步和传送) | Q2: 队伍二 雷 | S2: 步数 | T2: =COUNTIF(Q4:X93,"<>空") -> 473 | U2: (不算跳步和传送) | Y2: 队伍三 | AA2: 总步数 | AB2: =COUNTIF(Y4:AF93,"<>空") -> 101 | AC2: (不算跳步和传送) | AG2: =SUM(AG4:AG93) -> 58 | AH2: =SUM(AH4:AH93) -> 19 | AI2: =SUM(AI4:AI93) -> 25 | AJ2: =SUM(AJ4:AJ93) -> 14 | AK2: 八卦全开 | AS2: 总地块 | AT2: =SUM(AT4:AT29) -> 1069 | AU2: 剩余粮草 | AV2: =AP47 -> 2 | AW2: 总经验 | AX2: =SUM(AV4:AX29)+7000 -> 64950 | AZ2: 粮草系数
A3: 日期 | B3: 获得粮草 | C3: 粮草调整 | D3: 消耗粮草 | E3: 剩余粮草 | F3: 获得经验 | G3: 累计经验 | H3: 任务经验 | I3: 1 | J3: 2 | K3: 3 | L3: 4 | M3: 5 | N3: 6 | O3: 7 | P3: 8 | Q3: 1 | R3: 2 | S3: 3 | T3: 4 | U3: 5 | V3: 6 | W3: 7 | X3: 8 | Y3: 1 | Z3: 2 | AA3: 3 | AB3: 4 | AC3: 5 | AD3: 6 | AE3: 7 | AF3: 8 | AG3: 跳步次数 | AH3: 1队跳步 | AI3: 2队跳步 | AJ3: 3队跳步 | AM3: 地块 | AN3: 粮草 | AO3: 经验 | AP3: 八卦前亏损 | AQ3: 一队地块 | AR3: 二队地块 | AS3: 三队地块 | AT3: 总地块 | AV3: 一队经验 | AW3: 二队经验 | AX3: 三队经验 | AY3: 八卦前 | AZ3: 1
A4: 45639 | B4: 800 | C4: 4800 | D4: =(SUM(粮草!A4:X4)+AG4*10*IF(AK4="是",$AZ$4,$AZ$3)) -> 1550 | E4: =SUM($B$4:B4)+SUM($C$4:C4)-SUM($D$4:D4) -> 4050 | F4: =SUM(经验!A4:X4) -> 380 | G4: =SUM($F$4:F4)+SUM($H$4:H4) -> 880 | H4: 500 | I4: 1级 | J4: 1级 | K4: 1级 | L4: 1级 | M4: 1级 | N4: 空 | O4: 空 | P4: 空 | Q4: 商人 | R4: 1级 | S4: 1级 | T4: 1级 | U4: 1级 | V4: 1级 | W4: 空 | X4: 空 | Y4: 空 | Z4: 空 | AA4: 空 | AB4: 空 | AC4: 空 | AD4: 空 | AE4: 空 | AF4: 空 | AG4: =AH4+AI4+AJ4 -> 0 | AK4: 否 | AL4: =SUM(AI5:AJ10) -> 26 | AM4: 1级 | AN4: 150 | AO4: 35 | AP4: 44.222109 | AQ4: =COUNTIF($I$4:$P$93,AM4) -> 22 | AR4: =COUNTIF($Q$4:$X$93,AM4) -> 6 | AS4: =COUNTIF($Y$4:$AF$93,AM4) -> 1 | AT4: =AQ4+AR4+AS4 -> 29 | AU4: 30 | AV4: =AQ4*$AO4 -> 770 | AW4: =AR4*$AO4 -> 210 | AX4: =AS4*$AO4 -> 35 | AY4: 八卦后 | AZ4: 0.8 | BB4: =AN4*0.8 -> 120
A5: 45640 | B5: 1600 | C5: 1200 | D5: =(SUM(粮草!A5:X5)+AG5*10*IF(AK5="是",$AZ$4,$AZ$3)) -> 1690 | E5: =SUM($B$4:B5)+SUM($C$4:C5)-SUM($D$4:D5) -> 5160 | F5: =SUM(经验!A5:X5) -> 490 | G5: =SUM($F$4:F5)+SUM($H$4:H5) -> 1370 | H5: 0 | I5: 空 | J5: 空 | K5: 空 | L5: 空 | M5: 空 | N5: 空 | O5: 空 | P5: 空 | Q5: 1级 | R5: 2级 | S5: 2级 | T5: 2级 | U5: 2级 | V5: 2级 | W5: 空 | X5: 空 | Y5: 商人 | Z5: 1级 | AA5: 商人 | AB5: 2级 | AC5: 2级 | AD5: 2级 | AE5: 营地 | AF5: 2级 | AG5: =AH5+AI5+AJ5 -> 10 | AI5: 6 | AJ5: 4 | AK5: 否 | AM5: 2级 | AN5: 160 | AO5: 40 | AP5: 39.110982 | AQ5: =COUNTIF($I$4:$P$93,AM5) -> 20 | AR5: =COUNTIF($Q$4:$X$93,AM5) -> 11 | AS5: =COUNTIF($Y$4:$AF$93,AM5) -> 17 | AT5: =AQ5+AR5+AS5 -> 48 | AU5: 54 | AV5: =AQ5*$AO5 -> 800 | AW5: =AR5*$AO5 -> 440 | AX5: =AS5*$AO5 -> 680 | AY5: Note：开完八卦当天可能需要手动计算粮草 | BB5: =AN5*0.8 -> 128
A6: 45641 | B6: 1600 | D6: =(SUM(粮草!A6:X6)+AG6*10*IF(AK6="是",$AZ$4,$AZ$3)) -> 2010 | E6: =SUM($B$4:B6)+SUM($C$4:C6)-SUM($D$4:D6) -> 4750 | F6: =SUM(经验!A6:X6) -> 540 | G6: =SUM($F$4:F6)+SUM($H$4:H6) -> 1910 | H6: 0 | I6: 空 | J6: 空 | K6: 空 | L6: 空 | M6: 空 | N6: 空 | O6: 空 | P6: 空 | Q6: 2级 | R6: 商人 | S6: 2级 | T6: 2级 | U6: 塔2 | V6: 2级 | W6: 空 | X6: 空 | Y6: 2级 | Z6: 2级 | AA6: 商人 | AB6: 2级 | AC6: 2级 | AD6: 2级 | AE6: 2级 | AF6: 2级 | AG6: =AH6+AI6+AJ6 -> 0 | AI6: 0 | AK6: 否 | AM6: 3级 | AN6: 170 | AO6: 45 | AP6: 34 | AQ6: =COUNTIF($I$4:$P$93,AM6) -> 147 | AR6: =COUNTIF($Q$4:$X$93,AM6) -> 36 | AS6: =COUNTIF($Y$4:$AF$93,AM6) -> 22 | AT6: =AQ6+AR6+AS6 -> 205 | AU6: 180 | AV6: =AQ6*$AO6 -> 6615 | AW6: =AR6*$AO6 -> 1620 | AX6: =AS6*$AO6 -> 990 | BB6: =AN6*0.8 -> 136
A7: 45642 | B7: 1600 | D7: =(SUM(粮草!A7:X7)+AG7*10*IF(AK7="是",$AZ$4,$AZ$3)) -> 2350 | E7: =SUM($B$4:B7)+SUM($C$4:C7)-SUM($D$4:D7) -> 4000 | F7: =SUM(经验!A7:X7) -> 590 | G7: =SUM($F$4:F7)+SUM($H$4:H7) -> 2700 | H7: 200 | I7: 空 | J7: 空 | K7: 空 | L7: 空 | M7: 空 | N7: 空 | O7: 空 | P7: 空 | Q7: 2级 | R7: 2级 | S7: 3级 | T7: 3级 | U7: 3级 | V7: 3级 | W7: 空 | X7: 空 | Y7: 2级 | Z7: 2级 | AA7: 2级 | AB7: 2级 | AC7: 2级 | AD7: 2级 | AE7: 3级 | AF7: 3级 | AG7: =AH7+AI7+AJ7 -> 5 | AI7: 5 | AK7: 否 | AM7: 4级 | AN7: 180 | AO7: 50 | AP7: 36 | AQ7: =COUNTIF($I$4:$P$93,AM7) -> 256 | AR7: =COUNTIF($Q$4:$X$93,AM7) -> 12 | AS7: =COUNTIF($Y$4:$AF$93,AM7) -> 8 | AT7: =AQ7+AR7+AS7 -> 276 | AU7: 104 | AV7: =AQ7*$AO7 -> 12800 | AW7: =AR7*$AO7 -> 600 | AX7: =AS7*$AO7 -> 400 | BB7: =AN7*0.8 -> 144
A8: 45643 | B8: 1600 | D8: =(SUM(粮草!A8:X8)+AG8*10*IF(AK8="是",$AZ$4,$AZ$3)) -> 2590 | E8: =SUM($B$4:B8)+SUM($C$4:C8)-SUM($D$4:D8) -> 3010 | F8: =SUM(经验!A8:X8) -> 1140 | G8: =SUM($F$4:F8)+SUM($H$4:H8) -> 3940 | H8: 100 | I8: 空 | J8: 空 | K8: 空 | L8: 空 | M8: 空 | N8: 空 | O8: 空 | P8: 空 | Q8: 大卦 | R8: 3级 | S8: 3级 | T8: 3级 | U8: 3级 | V8: 3级 | W8: 空 | X8: 空 | Y8: 3级 | Z8: 大卦 | AA8: 3级 | AB8: 3级 | AC8: 3级 | AD8: 3级 | AE8: 3级卦 | AF8: 3级 | AG8: =AH8+AI8+AJ8 -> 5 | AI8: 5 | AK8: 否 | AM8: 5级 | AN8: 190 | AO8: 55 | AP8: 38 | AQ8: =COUNTIF($I$4:$P$93,AM8) -> 0 | AR8: =COUNTIF($Q$4:$X$93,AM8) -> 222 | AS8: =COUNTIF($Y$4:$AF$93,AM8) -> 12 | AT8: =AQ8+AR8+AS8 -> 234 | AU8: 31 | AV8: =AQ8*$AO8 -> 0 | AW8: =AR8*$AO8 -> 12210 | AX8: =AS8*$AO8 -> 660 | BB8: =AN8*0.8 -> 152
A9: 45644 | B9: 1600 | D9: =(SUM(粮草!A9:X9)+AG9*10*IF(AK9="是",$AZ$4,$AZ$3)) -> 1920 | E9: =SUM($B$4:B9)+SUM($C$4:C9)-SUM($D$4:D9) -> 2690 | F9: =SUM(经验!A9:X9) -> 525 | G9: =SUM($F$4:F9)+SUM($H$4:H9) -> 4665 | H9: 200 | I9: 空 | J9: 空 | K9: 空 | L9: 空 | M9: 空 | N9: 空 | O9: 空 | P9: 空 | Q9: 商人 | R9: 3级 | S9: 3级 | T9: 3级 | U9: 3级 | V9: 3级 | W9: 空 | X9: 空 | Y9: 3级 | Z9: 3级 | AA9: 3级 | AB9: 3级 | AC9: 3级 | AD9: 3级卦 | AE9: 空 | AF9: 空 | AG9: =AH9+AI9+AJ9 -> 0 | AK9: 否 | AM9: 6级 | AN9: 200 | AO9: 60 | AQ9: =COUNTIF($I$4:$P$93,AM9) -> 29 | AR9: =COUNTIF($Q$4:$X$93,AM9) -> 149 | AS9: =COUNTIF($Y$4:$AF$93,AM9) -> 13 | AT9: =AQ9+AR9+AS9 -> 191 | AU9: 98 | AV9: =AQ9*$AO9 -> 1740 | AW9: =AR9*$AO9 -> 8940 | AX9: =AS9*$AO9 -> 780 | BB9: =AN9*0.8 -> 160
A10: 45645 | B10: 1600 | D10: =(SUM(粮草!A10:X10)+AG10*10*IF(AK10="是",$AZ$4,$AZ$3)) -> 3150 | E10: =SUM($B$4:B10)+SUM($C$4:C10)-SUM($D$4:D10) -> 1140 | F10: =SUM(经验!A10:X10) -> 1060 | G10: =SUM($F$4:F10)+SUM($H$4:H10) -> 5725 | H10: 0 | I10: 1级 | J10: 1级 | K10: 1级 | L10: 1级 | M10: 商人 | N10: 1级 | O10: 1级 | P10: 1级 | Q10: 3级卦 | R10: 3级 | S10: 3级 | T10: 大卦 | U10: 3级 | V10: 3级 | W10: 空 | X10: 空 | Y10: 塔3 | Z10: 3级 | AA10: 商人 | AB10: 3级 | AC10: 3级 | AD10: 4级 | AE10: 空 | AF10: 空 | AG10: =AH10+AI10+AJ10 -> 6 | AI10: 3 | AJ10: 3 | AK10: 否 | AM10: 塔1 | AN10: 150 | AO10: 35 | AP10: 44.222109 | AQ10: =COUNTIF($I$4:$P$93,AM10) -> 0 | AR10: =COUNTIF($Q$4:$X$93,AM10) -> 0 | AS10: =COUNTIF($Y$4:$AF$93,AM10) -> 0 | AT10: =AQ10+AR10+AS10 -> 0 | AU10: 0 | AV10: =AQ10*$AO10 -> 0 | AW10: =AR10*$AO10 -> 0 | AX10: =AS10*$AO10 -> 0 | BB10: =AN10*0.8 -> 120
A11: 45646 | B11: 1600 | C11: 446 | D11: =(SUM(粮草!A11:X11)+AG11*10*IF(AK11="是",$AZ$4,$AZ$3)) -> 3060 | E11: =SUM($B$4:B11)+SUM($C$4:C11)-SUM($D$4:D11) -> 126 | F11: =SUM(经验!A11:X11) -> 805 | G11: =SUM($F$4:F11)+SUM($H$4:H11) -> 6530 | H11: 0 | I11: 1级 | J11: 1级 | K11: 商人 | L11: 1级 | M11: 1级 | N11: 1级 | O11: 1级 | P11: 1级 | Q11: 3级 | R11: 商人 | S11: 3级 | T11: 3级 | U11: 3级 | V11: 3级卦 | W11: 空 | X11: 空 | Y11: 4级 | Z11: 3级 | AA11: 3级 | AB11: 3级 | AC11: 3级 | AD11: 3级卦 | AE11: 空 | AF11: 空 | AG11: =AH11+AI11+AJ11 -> 3 | AH11: 3 | AK11: 否 | AM11: 塔2 | AN11: 150 | AO11: 40 | AP11: 29.110982 | AQ11: =COUNTIF($I$4:$P$93,AM11) -> 3 | AR11: =COUNTIF($Q$4:$X$93,AM11) -> 1 | AS11: =COUNTIF($Y$4:$AF$93,AM11) -> 0 | AT11: =AQ11+AR11+AS11 -> 4 | AU11: 2 | AV11: =AQ11*$AO11 -> 120 | AW11: =AR11*$AO11 -> 40 | AX11: =AS11*$AO11 -> 0 | BB11: =AN11*0.8 -> 120
A12: 45647 | B12: 1600 | D12: =(SUM(粮草!A12:X12)+AG12*10*IF(AK12="是",$AZ$4,$AZ$3)) -> 1612 | E12: =SUM($B$4:B12)+SUM($C$4:C12)-SUM($D$4:D12) -> 114 | F12: =SUM(经验!A12:X12) -> 620 | G12: =SUM($F$4:F12)+SUM($H$4:H12) -> 7150 | H12: 0 | I12: 1级 | J12: 1级 | K12: 商人 | L12: 2级 | M12: 2级 | N12: 2级 | O12: 营地 | P12: 2级 | Q12: 3级 | R12: 3级 | S12: 3级 | T12: 塔3 | U12: 3级 | V12: 3级 | W12: 空 | X12: 空 | Y12: 3级 | Z12: 3级 | AA12: 空 | AB12: 空 | AC12: 空 | AD12: 空 | AE12: 空 | AF12: 空 | AG12: =AH12+AI12+AJ12 -> 1 | AH12: 1 | AK12: 是 | AM12: 塔3 | AN12: 150 | AO12: 45 | AP12: 13.999855 | AQ12: =COUNTIF($I$4:$P$93,AM12) -> 0 | AR12: =COUNTIF($Q$4:$X$93,AM12) -> 1 | AS12: =COUNTIF($Y$4:$AF$93,AM12) -> 5 | AT12: =AQ12+AR12+AS12 -> 6 | AU12: 5 | AV12: =AQ12*$AO12 -> 0 | AW12: =AR12*$AO12 -> 45 | AX12: =AS12*$AO12 -> 225 | BB12: =AN12*0.8 -> 120
A13: 45648 | B13: 1600 | C13: 40 | D13: =(SUM(粮草!A13:X13)+AG13*10*IF(AK13="是",$AZ$4,$AZ$3)) -> 1564 | E13: =SUM($B$4:B13)+SUM($C$4:C13)-SUM($D$4:D13) -> 190 | F13: =SUM(经验!A13:X13) -> 1335 | G13: =SUM($F$4:F13)+SUM($H$4:H13) -> 8485 | H13: 0 | I13: 历练 | J13: 1级 | K13: 2级 | L13: 2级 | M13: 2级 | N13: 商人 | O13: 空 | P13: 空 | Q13: 3级 | R13: 3级 | S13: 营地 | T13: 3级 | U13: 3级 | V13: 商人 | W13: 3级 | X13: 3级 | Y13: 塔4 | Z13: 4级 | AA13: 营地 | AB13: 4级 | AC13: 6级 | AD13: 6级 | AE13: 营地 | AF13: 6级 | AG13: =AH13+AI13+AJ13 -> 2 | AH13: 1 | AI13: 1 | AK13: 是 | AM13: 塔4 | AN13: 150 | AO13: 50 | AQ13: =COUNTIF($I$4:$P$93,AM13) -> 0 | AR13: =COUNTIF($Q$4:$X$93,AM13) -> 0 | AS13: =COUNTIF($Y$4:$AF$93,AM13) -> 3 | AT13: =AQ13+AR13+AS13 -> 3 | AU13: 1 | AV13: =AQ13*$AO13 -> 0 | AW13: =AR13*$AO13 -> 0 | AX13: =AS13*$AO13 -> 150 | BB13: =AN13*0.8 -> 120
A14: 45649 | B14: 1600 | D14: =(SUM(粮草!A14:X14)+AG14*10*IF(AK14="是",$AZ$4,$AZ$3)) -> 1528 | E14: =SUM($B$4:B14)+SUM($C$4:C14)-SUM($D$4:D14) -> 262 | F14: =SUM(经验!A14:X14) -> 520 | G14: =SUM($F$4:F14)+SUM($H$4:H14) -> 9305 | H14: 300 | I14: 2级 | J14: 2级 | K14: 塔2 | L14: 2级 | M14: 空 | N14: 空 | O14: 空 | P14: 空 | Q14: 3级 | R14: 4级 | S14: 4级 | T14: 4级 | U14: 4级 | V14: 5级 | W14: 空 | X14: 空 | Y14: 6级 | Z14: 空 | AA14: 空 | AB14: 空 | AC14: 空 | AD14: 空 | AE14: 空 | AF14: 空 | AG14: =AH14+AI14+AJ14 -> 0 | AK14: 是 | AM14: 塔5 | AN14: 150 | AO14: 55 | AQ14: =COUNTIF($I$4:$P$93,AM14) -> 0 | AR14: =COUNTIF($Q$4:$X$93,AM14) -> 0 | AS14: =COUNTIF($Y$4:$AF$93,AM14) -> 3 | AT14: =AQ14+AR14+AS14 -> 3 | AU14: 0 | AV14: =AQ14*$AO14 -> 0 | AW14: =AR14*$AO14 -> 0 | AX14: =AS14*$AO14 -> 165 | BB14: =AN14*0.8 -> 120
A15: 45650 | B15: 1600 | D15: =(SUM(粮草!A15:X15)+AG15*10*IF(AK15="是",$AZ$4,$AZ$3)) -> 1488 | E15: =SUM($B$4:B15)+SUM($C$4:C15)-SUM($D$4:D15) -> 374 | F15: =SUM(经验!A15:X15) -> 730 | G15: =SUM($F$4:F15)+SUM($H$4:H15) -> 10035 | H15: 0 | I15: 2级 | J15: 营地 | K15: 2级 | L15: 2级 | M15: 2级 | N15: 商人 | O15: 空 | P15: 空 | Q15: 5级 | R15: 商人 | S15: 5级 | T15: 5级 | U15: 5级 | V15: 5级 | W15: 营地 | X15: 5级 | Y15: 6级 | Z15: 6级 | AA15: 6级 | AB15: 空 | AC15: 空 | AD15: 空 | AE15: 空 | AF15: 空 | AG15: =AH15+AI15+AJ15 -> 3 | AH15: 3 | AK15: 是 | AM15: 塔6 | AN15: 150 | AO15: 60 | AQ15: =COUNTIF($I$4:$P$93,AM15) -> 0 | AR15: =COUNTIF($Q$4:$X$93,AM15) -> 0 | AS15: =COUNTIF($Y$4:$AF$93,AM15) -> 1 | AT15: =AQ15+AR15+AS15 -> 1 | AU15: 0 | AV15: =AQ15*$AO15 -> 0 | AW15: =AR15*$AO15 -> 0 | AX15: =AS15*$AO15 -> 60 | BB15: =AN15*0.8 -> 120
A16: 45651 | B16: 1600 | C16: 40 | D16: =(SUM(粮草!A16:X16)+AG16*10*IF(AK16="是",$AZ$4,$AZ$3)) -> 1828 | E16: =SUM($B$4:B16)+SUM($C$4:C16)-SUM($D$4:D16) -> 186 | F16: =SUM(经验!A16:X16) -> 1660 | G16: =SUM($F$4:F16)+SUM($H$4:H16) -> 11895 | H16: 200 | I16: 3级 | J16: 3级 | K16: 4级 | L16: 营地 | M16: 4级 | N16: 4级 | O16: 4级 | P16: 空 | Q16: 5级 | R16: 5级 | S16: 4级 | T16: 4级 | U16: 4级 | V16: 4级 | W16: 空 | X16: 空 | Y16: 6级 | Z16: 大boss | AA16: 空 | AB16: 空 | AC16: 空 | AD16: 空 | AE16: 空 | AF16: 空 | AG16: =AH16+AI16+AJ16 -> 0 | AK16: 是 | AM16: 遗迹 | AN16: 150 | AO16: 35 | AP16: 44.222109 | AQ16: =COUNTIF($I$4:$P$93,AM16) -> 0 | AR16: =COUNTIF($Q$4:$X$93,AM16) -> 0 | AS16: =COUNTIF($Y$4:$AF$93,AM16) -> 0 | AT16: =AQ16+AR16+AS16 -> 0 | AU16: 0 | AV16: =AQ16*$AO16 -> 0 | AW16: =AR16*$AO16 -> 0 | AX16: =AS16*$AO16 -> 0 | BB16: =AN16*0.8 -> 120
A17: 45652 | B17: 1600 | D17: =(SUM(粮草!A17:X17)+AG17*10*IF(AK17="是",$AZ$4,$AZ$3)) -> 1560 | E17: =SUM($B$4:B17)+SUM($C$4:C17)-SUM($D$4:D17) -> 226 | F17: =SUM(经验!A17:X17) -> 740 | G17: =SUM($F$4:F17)+SUM($H$4:H17) -> 12635 | H17: 0 | I17: 4级 | J17: 4级 | K17: 4级 | L17: 4级 | M17: 4级 | N17: 6级 | O17: 6级 | P17: 营地 | Q17: 4级 | R17: 4级 | S17: 4级 | T17: 4级 | U17: 营地 | V17: 空 | W17: 空 | X17: 空 | Y17: 6级 | Z17: 6级 | AA17: 4级 | AB17: 空 | AC17: 空 | AD17: 空 | AE17: 空 | AF17: 空 | AG17: =AH17+AI17+AJ17 -> 0 | AK17: 是 | AM17: 商人 | AN17: 50 | AO17: 30 | AP17: 10 | AQ17: =COUNTIF($I$4:$P$93,AM17) -> 10 | AR17: =COUNTIF($Q$4:$X$93,AM17) -> 25 | AS17: =COUNTIF($Y$4:$AF$93,AM17) -> 4 | AT17: =AQ17+AR17+AS17 -> 39 | AU17: 34 | AV17: =AQ17*$AO17 -> 300 | AW17: =AR17*$AO17 -> 750 | AX17: =AS17*$AO17 -> 120 | BB17: =AN17*0.8 -> 40
A18: 45653 | B18: 1600 | D18: =(SUM(粮草!A18:X18)+AG18*10*IF(AK18="是",$AZ$4,$AZ$3)) -> 1464 | E18: =SUM($B$4:B18)+SUM($C$4:C18)-SUM($D$4:D18) -> 362 | F18: =SUM(经验!A18:X18) -> 530 | G18: =SUM($F$4:F18)+SUM($H$4:H18) -> 13165 | H18: 0 | I18: 6级 | J18: 6级 | K18: 6级 | L18: 6级 | M18: 6级 | N18: 6级 | O18: 6级 | P18: 6级 | Q18: 空 | R18: 空 | S18: 空 | T18: 空 | U18: 空 | V18: 空 | W18: 空 | X18: 空 | Y18: 4级 | Z18: 空 | AA18: 空 | AB18: 空 | AC18: 空 | AD18: 空 | AE18: 空 | AF18: 空 | AG18: =AH18+AI18+AJ18 -> 5 | AH18: 5 | AK18: 是 | AM18: 营地 | AN18: -150 | AO18: 0 | AP18: 10 | AQ18: =COUNTIF($I$4:$P$93,AM18) -> 6 | AR18: =COUNTIF($Q$4:$X$93,AM18) -> 5 | AS18: =COUNTIF($Y$4:$AF$93,AM18) -> 4 | AT18: =AQ18+AR18+AS18 -> 15 | AU18: 15 | AV18: =AQ18*$AO18 -> 0 | AW18: =AR18*$AO18 -> 0 | AX18: =AS18*$AO18 -> 0 | BB18: =AN18*0.8 -> -120
A19: 45654 | B19: 1600 | C19: 40 | D19: =(SUM(粮草!A19:X19)+AG19*10*IF(AK19="是",$AZ$4,$AZ$3)) -> 1862 | E19: =SUM($B$4:B19)+SUM($C$4:C19)-SUM($D$4:D19) -> 140 | F19: =SUM(经验!A19:X19) -> 2185 | G19: =SUM($F$4:F19)+SUM($H$4:H19) -> 15350 | H19: 0 | I19: 6级 | J19: 大boss | K19: 6级 | L19: 6级 | M19: 6级 | N19: 6级 | O19: 营地 | P19: 空 | Q19: 3级 | R19: 3级 | S19: 5级 | T19: 5级 | U19: 5级 | V19: 历练 | W19: 5级 | X19: 5级 | Y19: 空 | Z19: 空 | AA19: 空 | AB19: 空 | AC19: 空 | AD19: 空 | AE19: 空 | AF19: 空 | AG19: =AH19+AI19+AJ19 -> 0 | AK19: 是 | AM19: 大卦 | AN19: 250 | AO19: 300 | AQ19: =COUNTIF($I$4:$P$93,AM19) -> 0 | AR19: =COUNTIF($Q$4:$X$93,AM19) -> 2 | AS19: =COUNTIF($Y$4:$AF$93,AM19) -> 1 | AT19: =AQ19+AR19+AS19 -> 3 | AU19: 3 | AV19: =AQ19*$AO19 -> 0 | AW19: =AR19*$AO19 -> 600 | AX19: =AS19*$AO19 -> 300 | BB19: =AN19*0.8 -> 200
A20: 45655 | B20: 1600 | D20: =(SUM(粮草!A20:X20)+AG20*10*IF(AK20="是",$AZ$4,$AZ$3)) -> 1526 | E20: =SUM($B$4:B20)+SUM($C$4:C20)-SUM($D$4:D20) -> 214 | F20: =SUM(经验!A20:X20) -> 640 | G20: =SUM($F$4:F20)+SUM($H$4:H20) -> 15990 | H20: 0 | I20: 6级 | J20: 6级 | K20: 6级 | L20: 6级 | M20: 6级 | N20: 6级 | O20: 6级 | P20: 空 | Q20: 5级 | R20: 5级 | S20: 5级 | T20: 5级 | U20: 营地 | V20: 空 | W20: 空 | X20: 空 | Y20: 空 | Z20: 空 | AA20: 空 | AB20: 空 | AC20: 空 | AD20: 空 | AE20: 空 | AF20: 空 | AG20: =AH20+AI20+AJ20 -> 1 | AH20: 1 | AK20: 是 | AM20: 3级卦 | AN20: 170 | AO20: 45 | AQ20: =COUNTIF($I$4:$P$93,AM20) -> 0 | AR20: =COUNTIF($Q$4:$X$93,AM20) -> 2 | AS20: =COUNTIF($Y$4:$AF$93,AM20) -> 3 | AT20: =AQ20+AR20+AS20 -> 5 | AU20: 5 | AV20: =AQ20*$AO20 -> 0 | AW20: =AR20*$AO20 -> 90 | AX20: =AS20*$AO20 -> 135 | BB20: =AN20*0.8 -> 136
A21: 45656 | B21: 1600 | D21: =(SUM(粮草!A21:X21)+AG21*10*IF(AK21="是",$AZ$4,$AZ$3)) -> 1568 | E21: =SUM($B$4:B21)+SUM($C$4:C21)-SUM($D$4:D21) -> 246 | F21: =SUM(经验!A21:X21) -> 580 | G21: =SUM($F$4:F21)+SUM($H$4:H21) -> 16770 | H21: 200 | I21: 6级 | J21: 6级 | K21: 6级 | L21: 6级 | M21: 6级 | N21: 6级 | O21: 6级 | P21: 空 | Q21: 空 | R21: 空 | S21: 空 | T21: 空 | U21: 空 | V21: 空 | W21: 空 | X21: 空 | Y21: 4级 | Z21: 6级 | AA21: 4级 | AB21: 空 | AC21: 空 | AD21: 空 | AE21: 空 | AF21: 空 | AG21: =AH21+AI21+AJ21 -> 0 | AK21: 是 | AM21: 巨卦 | AN21: 250 | AO21: 400 | AQ21: =COUNTIF($I$4:$P$93,AM21) -> 0 | AR21: =COUNTIF($Q$4:$X$93,AM21) -> 0 | AS21: =COUNTIF($Y$4:$AF$93,AM21) -> 0 | AT21: =AQ21+AR21+AS21 -> 0 | AU21: 0 | AV21: =AQ21*$AO21 -> 0 | AW21: =AR21*$AO21 -> 0 | AX21: =AS21*$AO21 -> 0 | BB21: =AN21*0.8 -> 200
A22: 45657 | B22: 1600 | D22: =(SUM(粮草!A22:X22)+AG22*10*IF(AK22="是",$AZ$4,$AZ$3)) -> 1600 | E22: =SUM($B$4:B22)+SUM($C$4:C22)-SUM($D$4:D22) -> 246 | F22: =SUM(经验!A22:X22) -> 555 | G22: =SUM($F$4:F22)+SUM($H$4:H22) -> 17425 | H22: 100 | I22: 3级 | J22: 3级 | K22: 3级 | L22: 3级 | M22: 3级 | N22: 3级 | O22: 空 | P22: 空 | Q22: 空 | R22: 空 | S22: 空 | T22: 空 | U22: 空 | V22: 空 | W22: 空 | X22: 空 | Y22: 6级 | Z22: 6级 | AA22: 5级 | AB22: 5级 | AC22: 5级 | AD22: 空 | AE22: 空 | AF22: 空 | AG22: =AH22+AI22+AJ22 -> 1 | AH22: 1 | AK22: 是 | AM22: 大boss | AN22: 250 | AO22: 1000 | AQ22: =COUNTIF($I$4:$P$93,AM22) -> 1 | AR22: =COUNTIF($Q$4:$X$93,AM22) -> 0 | AS22: =COUNTIF($Y$4:$AF$93,AM22) -> 1 | AT22: =AQ22+AR22+AS22 -> 2 | AU22: 1 | AV22: =AQ22*$AO22 -> 1000 | AW22: =AR22*$AO22 -> 0 | AX22: =AS22*$AO22 -> 1000 | BB22: =AN22*0.8 -> 200
A23: 45658 | B23: 1600 | D23: =(SUM(粮草!A23:X23)+AG23*10*IF(AK23="是",$AZ$4,$AZ$3)) -> 1600 | E23: =SUM($B$4:B23)+SUM($C$4:C23)-SUM($D$4:D23) -> 246 | F23: =SUM(经验!A23:X23) -> 560 | G23: =SUM($F$4:F23)+SUM($H$4:H23) -> 18185 | H23: 200 | I23: 3级 | J23: 3级 | K23: 3级 | L23: 3级 | M23: 4级 | N23: 空 | O23: 空 | P23: 空 | Q23: 空 | R23: 空 | S23: 空 | T23: 空 | U23: 空 | V23: 空 | W23: 空 | X23: 空 | Y23: 5级 | Z23: 5级 | AA23: 5级 | AB23: 5级 | AC23: 5级 | AD23: 5级 | AE23: 空 | AF23: 空 | AG23: =AH23+AI23+AJ23 -> 0 | AK23: 是 | AM23: 中boss | AN23: 250 | AO23: 500 | AQ23: =COUNTIF($I$4:$P$93,AM23) -> 0 | AR23: =COUNTIF($Q$4:$X$93,AM23) -> 0 | AS23: =COUNTIF($Y$4:$AF$93,AM23) -> 2 | AT23: =AQ23+AR23+AS23 -> 2 | AU23: 0 | AV23: =AQ23*$AO23 -> 0 | AW23: =AR23*$AO23 -> 0 | AX23: =AS23*$AO23 -> 1000 | BB23: =AN23*0.8 -> 200
A24: 45659 | B24: 1600 | D24: =(SUM(粮草!A24:X24)+AG24*10*IF(AK24="是",$AZ$4,$AZ$3)) -> 940 | E24: =SUM($B$4:B24)+SUM($C$4:C24)-SUM($D$4:D24) -> 906 | F24: =SUM(经验!A24:X24) -> 495 | G24: =SUM($F$4:F24)+SUM($H$4:H24) -> 18680 | H24: 0 | I24: 4级 | J24: 商人 | K24: 4级 | L24: 4级 | M24: 4级 | N24: 4级 | O24: 4级 | P24: 营地 | Q24: 空 | R24: 空 | S24: 空 | T24: 空 | U24: 空 | V24: 空 | W24: 空 | X24: 空 | Y24: 5级 | Z24: 5级 | AA24: 5级 | AB24: 营地 | AC24: 空 | AD24: 空 | AE24: 空 | AF24: 空 | AG24: =AH24+AI24+AJ24 -> 0 | AK24: 是 | AM24: 4级卦 | AN24: 180 | AO24: 50 | AP24: 39.110982 | AQ24: =COUNTIF($I$4:$P$93,AM24) -> 0 | AR24: =COUNTIF($Q$4:$X$93,AM24) -> 0 | AS24: =COUNTIF($Y$4:$AF$93,AM24) -> 0 | AT24: =AQ24+AR24+AS24 -> 0 | AU24: 0 | AV24: =AQ24*$AO24 -> 0 | AW24: =AR24*$AO24 -> 0 | AX24: =AS24*$AO24 -> 0 | BB24: =AN24*0.8 -> 144
A25: 45660 | B25: 1600 | D25: =(SUM(粮草!A25:X25)+AG25*10*IF(AK25="是",$AZ$4,$AZ$3)) -> 0 | E25: =SUM($B$4:B25)+SUM($C$4:C25)-SUM($D$4:D25) -> 2506 | F25: =SUM(经验!A25:X25) -> 0 | G25: =SUM($F$4:F25)+SUM($H$4:H25) -> 18680 | H25: 0 | I25: 空 | J25: 空 | K25: 空 | L25: 空 | M25: 空 | N25: 空 | O25: 空 | P25: 空 | Q25: 空 | R25: 空 | S25: 空 | T25: 空 | U25: 空 | V25: 空 | W25: 空 | X25: 空 | Y25: 空 | Z25: 空 | AA25: 空 | AB25: 空 | AC25: 空 | AD25: 空 | AE25: 空 | AF25: 空 | AG25: =AH25+AI25+AJ25 -> 0 | AK25: 是 | AM25: 山中 | AN25: 160 | AO25: 40 | AP25: 39.110982 | AQ25: =COUNTIF($I$4:$P$93,AM25) -> 0 | AR25: =COUNTIF($Q$4:$X$93,AM25) -> 0 | AS25: =COUNTIF($Y$4:$AF$93,AM25) -> 0 | AT25: =AQ25+AR25+AS25 -> 0 | AU25: 0 | AV25: =AQ25*$AO25 -> 0 | AW25: =AR25*$AO25 -> 0 | AX25: =AS25*$AO25 -> 0 | BB25: =AN25*0.8 -> 128
A26: 45661 | B26: 1600 | D26: =(SUM(粮草!A26:X26)+AG26*10*IF(AK26="是",$AZ$4,$AZ$3)) -> 0 | E26: =SUM($B$4:B26)+SUM($C$4:C26)-SUM($D$4:D26) -> 4106 | F26: =SUM(经验!A26:X26) -> 0 | G26: =SUM($F$4:F26)+SUM($H$4:H26) -> 18680 | H26: 0 | I26: 空 | J26: 空 | K26: 空 | L26: 空 | M26: 空 | N26: 空 | O26: 空 | P26: 空 | Q26: 空 | R26: 空 | S26: 空 | T26: 空 | U26: 空 | V26: 空 | W26: 空 | X26: 空 | Y26: 空 | Z26: 空 | AA26: 空 | AB26: 空 | AC26: 空 | AD26: 空 | AE26: 空 | AF26: 空 | AG26: =AH26+AI26+AJ26 -> 0 | AK26: 是 | AM26: 秋道 | AN26: 150 | AO26: 35 | AP26: 44.222109 | AQ26: =COUNTIF($I$4:$P$93,AM26) -> 0 | AR26: =COUNTIF($Q$4:$X$93,AM26) -> 0 | AS26: =COUNTIF($Y$4:$AF$93,AM26) -> 0 | AT26: =AQ26+AR26+AS26 -> 0 | AU26: 0 | AV26: =AQ26*$AO26 -> 0 | AW26: =AR26*$AO26 -> 0 | AX26: =AS26*$AO26 -> 0 | BB26: =AN26*0.8 -> 120
A27: 45662 | B27: 1600 | D27: =(SUM(粮草!A27:X27)+AG27*10*IF(AK27="是",$AZ$4,$AZ$3)) -> 120 | E27: =SUM($B$4:B27)+SUM($C$4:C27)-SUM($D$4:D27) -> 5586 | F27: =SUM(经验!A27:X27) -> 40 | G27: =SUM($F$4:F27)+SUM($H$4:H27) -> 18720 | H27: 0 | I27: 塔2 | J27: 空 | K27: 空 | L27: 空 | M27: 空 | N27: 空 | O27: 空 | P27: 空 | Q27: 空 | R27: 空 | S27: 空 | T27: 空 | U27: 空 | V27: 空 | W27: 空 | X27: 空 | Y27: 空 | Z27: 空 | AA27: 空 | AB27: 空 | AC27: 空 | AD27: 空 | AE27: 空 | AF27: 空 | AG27: =AH27+AI27+AJ27 -> 0 | AK27: 是 | AM27: 空 | AN27: 0 | AO27: 0 | AP27: 0 | AV27: =AQ27*$AO27 -> 0 | AW27: =AR27*$AO27 -> 0 | AX27: =AS27*$AO27 -> 0 | BB27: =AN27*0.8 -> 0
A28: 45663 | B28: 1600 | D28: =(SUM(粮草!A28:X28)+AG28*10*IF(AK28="是",$AZ$4,$AZ$3)) -> 136 | E28: =SUM($B$4:B28)+SUM($C$4:C28)-SUM($D$4:D28) -> 7050 | F28: =SUM(经验!A28:X28) -> 70 | G28: =SUM($F$4:F28)+SUM($H$4:H28) -> 18990 | H28: 200 | I28: 2级 | J28: 商人 | K28: 空 | L28: 空 | M28: 空 | N28: 空 | O28: 空 | P28: 空 | Q28: 营地 | R28: 空 | S28: 空 | T28: 空 | U28: 空 | V28: 空 | W28: 空 | X28: 空 | Y28: 空 | Z28: 空 | AA28: 空 | AB28: 空 | AC28: 空 | AD28: 空 | AE28: 空 | AF28: 空 | AG28: =AH28+AI28+AJ28 -> 16 | AH28: 4 | AI28: 5 | AJ28: 7 | AK28: 是 | AM28: 作废 | AN28: 0 | AO28: 0 | AQ28: =COUNTIF($I$4:$P$93,AM28) -> 0 | AR28: =COUNTIF($Q$4:$X$93,AM28) -> 0 | AS28: =COUNTIF($Y$4:$AF$93,AM28) -> 0 | AT28: =AQ28+AR28+AS28 -> 0 | AU28: 0 | AV28: =AQ28*$AO28 -> 0 | AW28: =AR28*$AO28 -> 0 | AX28: =AS28*$AO28 -> 0 | BB28: =AN28*0.8 -> 0
A29: 45664 | B29: 1600 | D29: =(SUM(粮草!A29:X29)+AG29*10*IF(AK29="是",$AZ$4,$AZ$3)) -> 464 | E29: =SUM($B$4:B29)+SUM($C$4:C29)-SUM($D$4:D29) -> 8186 | F29: =SUM(经验!A29:X29) -> 180 | G29: =SUM($F$4:F29)+SUM($H$4:H29) -> 19270 | H29: 100 | I29: 商人 | J29: 2级 | K29: 2级 | L29: 2级 | M29: 商人 | N29: 空 | O29: 空 | P29: 空 | Q29: 空 | R29: 空 | S29: 空 | T29: 空 | U29: 空 | V29: 空 | W29: 空 | X29: 空 | Y29: 空 | Z29: 空 | AA29: 空 | AB29: 空 | AC29: 空 | AD29: 空 | AE29: 空 | AF29: 空 | AG29: =AH29+AI29+AJ29 -> 0 | AK29: 是 | AM29: 历练 | AN29: 50 | AO29: 520 | AQ29: =COUNTIF($I$4:$P$93,AM29) -> 1 | AR29: =COUNTIF($Q$4:$X$93,AM29) -> 1 | AS29: =COUNTIF($Y$4:$AF$93,AM29) -> 1 | AT29: =AQ29+AR29+AS29 -> 3 | AU29: 1 | AV29: =AQ29*$AO29 -> 520 | AW29: =AR29*$AO29 -> 520 | AX29: =AS29*$AO29 -> 520 | BB29: =AN29*0.8 -> 40
A30: 45665 | B30: 1600 | D30: =(SUM(粮草!A30:X30)+AG30*10*IF(AK30="是",$AZ$4,$AZ$3)) -> 416 | E30: =SUM($B$4:B30)+SUM($C$4:C30)-SUM($D$4:D30) -> 9370 | F30: =SUM(经验!A30:X30) -> 150 | G30: =SUM($F$4:F30)+SUM($H$4:H30) -> 19620 | H30: 200 | I30: 塔2 | J30: 2级 | K30: 2级 | L30: 商人 | M30: 空 | N30: 空 | O30: 空 | P30: 空 | Q30: 空 | R30: 空 | S30: 空 | T30: 空 | U30: 空 | V30: 空 | W30: 空 | X30: 空 | Y30: 空 | Z30: 空 | AA30: 空 | AB30: 空 | AC30: 空 | AD30: 空 | AE30: 空 | AF30: 空 | AG30: =AH30+AI30+AJ30 -> 0 | AK30: 是
A31: 45666 | B31: 1600 | D31: =(SUM(粮草!A31:X31)+AG31*10*IF(AK31="是",$AZ$4,$AZ$3)) -> 0 | E31: =SUM($B$4:B31)+SUM($C$4:C31)-SUM($D$4:D31) -> 10970 | F31: =SUM(经验!A31:X31) -> 0 | G31: =SUM($F$4:F31)+SUM($H$4:H31) -> 19620 | H31: 0 | I31: 空 | J31: 空 | K31: 空 | L31: 空 | M31: 空 | N31: 空 | O31: 空 | P31: 空 | Q31: 空 | R31: 空 | S31: 空 | T31: 空 | U31: 空 | V31: 空 | W31: 空 | X31: 空 | Y31: 空 | Z31: 空 | AA31: 空 | AB31: 空 | AC31: 空 | AD31: 空 | AE31: 空 | AF31: 空 | AG31: =AH31+AI31+AJ31 -> 0 | AK31: 是
A32: 45667 | B32: 1600 | D32: =(SUM(粮草!A32:X32)+AG32*10*IF(AK32="是",$AZ$4,$AZ$3)) -> 2648 | E32: =SUM($B$4:B32)+SUM($C$4:C32)-SUM($D$4:D32) -> 9922 | F32: =SUM(经验!A32:X32) -> 935 | G32: =SUM($F$4:F32)+SUM($H$4:H32) -> 20555 | H32: 0 | I32: 3级 | J32: 3级 | K32: 3级 | L32: 3级 | M32: 3级 | N32: 3级 | O32: 3级 | P32: 空 | Q32: 5级 | R32: 5级 | S32: 5级 | T32: 5级 | U32: 5级 | V32: 5级 | W32: 5级 | X32: 5级 | Y32: 塔3 | Z32: 塔3 | AA32: 塔3 | AB32: 塔3 | AC32: 空 | AD32: 空 | AE32: 空 | AF32: 空 | AG32: =AH32+AI32+AJ32 -> 0 | AK32: 是 | AM32: 地块统计 | AN32: 应占领 | AO32: 缺少 | AP32: 粮草 | AQ32: 分数
A33: 45668 | B33: 1600 | D33: =(SUM(粮草!A33:X33)+AG33*10*IF(AK33="是",$AZ$4,$AZ$3)) -> 2408 | E33: =SUM($B$4:B33)+SUM($C$4:C33)-SUM($D$4:D33) -> 9114 | F33: =SUM(经验!A33:X33) -> 855 | G33: =SUM($F$4:F33)+SUM($H$4:H33) -> 21410 | H33: 0 | I33: 3级 | J33: 3级 | K33: 3级 | L33: 3级 | M33: 3级 | N33: 3级 | O33: 3级 | P33: 空 | Q33: 5级 | R33: 5级 | S33: 5级 | T33: 5级 | U33: 5级 | V33: 5级 | W33: 5级 | X33: 5级 | Y33: 塔4 | Z33: 塔4 | AA33: 空 | AB33: 空 | AC33: 空 | AD33: 空 | AE33: 空 | AF33: 空 | AG33: =AH33+AI33+AJ33 -> 0 | AK33: 是 | AM33: 3级 | AN33: 205 | AO33: =AN33-AT6 -> 0 | AP33: =AO33*AN6*0.8 -> 0 | AQ33: =AO33*AO6 -> 0
A34: 45669 | B34: 1600 | D34: =(SUM(粮草!A34:X34)+AG34*10*IF(AK34="是",$AZ$4,$AZ$3)) -> 2528 | E34: =SUM($B$4:B34)+SUM($C$4:C34)-SUM($D$4:D34) -> 8186 | F34: =SUM(经验!A34:X34) -> 920 | G34: =SUM($F$4:F34)+SUM($H$4:H34) -> 22330 | H34: 0 | I34: 3级 | J34: 3级 | K34: 3级 | L34: 3级 | M34: 3级 | N34: 3级 | O34: 3级 | P34: 空 | Q34: 5级 | R34: 5级 | S34: 5级 | T34: 5级 | U34: 5级 | V34: 5级 | W34: 5级 | X34: 5级 | Y34: 塔5 | Z34: 塔5 | AA34: 塔5 | AB34: 空 | AC34: 空 | AD34: 空 | AE34: 空 | AF34: 空 | AG34: =AH34+AI34+AJ34 -> 0 | AK34: 是 | AM34: 4级 | AN34: 276 | AO34: =AN34-AT7 -> 0 | AP34: =AO34*AN7*0.8 -> 0 | AQ34: =AO34*AO7 -> 0
A35: 45670 | B35: 1600 | D35: =(SUM(粮草!A35:X35)+AG35*10*IF(AK35="是",$AZ$4,$AZ$3)) -> 2288 | E35: =SUM($B$4:B35)+SUM($C$4:C35)-SUM($D$4:D35) -> 7498 | F35: =SUM(经验!A35:X35) -> 815 | G35: =SUM($F$4:F35)+SUM($H$4:H35) -> 23345 | H35: 200 | I35: 3级 | J35: 3级 | K35: 3级 | L35: 3级 | M35: 3级 | N35: 3级 | O35: 3级 | P35: 空 | Q35: 5级 | R35: 5级 | S35: 5级 | T35: 5级 | U35: 5级 | V35: 5级 | W35: 5级 | X35: 5级 | Y35: 塔6 | Z35: 空 | AA35: 空 | AB35: 空 | AC35: 空 | AD35: 空 | AE35: 空 | AF35: 空 | AG35: =AH35+AI35+AJ35 -> 0 | AK35: 是 | AM35: 5级 | AN35: 234 | AO35: =AN35-AT8 -> 0 | AP35: =AO35*AN8*0.8 -> 0 | AQ35: =AO35*AO8 -> 0
A36: 45671 | B36: 1600 | D36: =(SUM(粮草!A36:X36)+AG36*10*IF(AK36="是",$AZ$4,$AZ$3)) -> 2568 | E36: =SUM($B$4:B36)+SUM($C$4:C36)-SUM($D$4:D36) -> 6530 | F36: =SUM(经验!A36:X36) -> 1755 | G36: =SUM($F$4:F36)+SUM($H$4:H36) -> 25200 | H36: 100 | I36: 3级 | J36: 3级 | K36: 3级 | L36: 3级 | M36: 3级 | N36: 3级 | O36: 3级 | P36: 空 | Q36: 5级 | R36: 5级 | S36: 5级 | T36: 5级 | U36: 5级 | V36: 5级 | W36: 5级 | X36: 5级 | Y36: 中boss | Z36: 中boss | AA36: 空 | AB36: 空 | AC36: 空 | AD36: 空 | AE36: 空 | AF36: 空 | AG36: =AH36+AI36+AJ36 -> 0 | AK36: 是 | AM36: 6级 | AN36: 191 | AO36: =AN36-AT9 -> 0 | AP36: =AO36*AN9*0.8 -> 0 | AQ36: =AO36*AO9 -> 0
A37: 45672 | B37: 1600 | D37: =(SUM(粮草!A37:X37)+AG37*10*IF(AK37="是",$AZ$4,$AZ$3)) -> 2208 | E37: =SUM($B$4:B37)+SUM($C$4:C37)-SUM($D$4:D37) -> 5922 | F37: =SUM(经验!A37:X37) -> 1275 | G37: =SUM($F$4:F37)+SUM($H$4:H37) -> 26675 | H37: 200 | I37: 3级 | J37: 3级 | K37: 3级 | L37: 3级 | M37: 3级 | N37: 3级 | O37: 3级 | P37: 空 | Q37: 5级 | R37: 5级 | S37: 5级 | T37: 5级 | U37: 5级 | V37: 5级 | W37: 5级 | X37: 5级 | Y37: 历练 | Z37: 空 | AA37: 空 | AB37: 空 | AC37: 空 | AD37: 空 | AE37: 空 | AF37: 空 | AG37: =AH37+AI37+AJ37 -> 0 | AK37: 是 | AM37: 商人 | AN37: 39 | AO37: =AN37-AT17 -> 0 | AP37: =AO37*AN17*0.8 -> 0 | AQ37: =AO37*AO17 -> 0
A38: 45673 | B38: 1600 | D38: =(SUM(粮草!A38:X38)+AG38*10*IF(AK38="是",$AZ$4,$AZ$3)) -> 2168 | E38: =SUM($B$4:B38)+SUM($C$4:C38)-SUM($D$4:D38) -> 5354 | F38: =SUM(经验!A38:X38) -> 755 | G38: =SUM($F$4:F38)+SUM($H$4:H38) -> 27430 | H38: 0 | I38: 3级 | J38: 3级 | K38: 3级 | L38: 3级 | M38: 3级 | N38: 3级 | O38: 3级 | P38: 空 | Q38: 5级 | R38: 5级 | S38: 5级 | T38: 5级 | U38: 5级 | V38: 5级 | W38: 5级 | X38: 5级 | Y38: 空 | Z38: 空 | AA38: 空 | AB38: 空 | AC38: 空 | AD38: 空 | AE38: 空 | AF38: 空 | AG38: =AH38+AI38+AJ38 -> 0 | AK38: 是 | AM38: 塔2 | AN38: 4 | AO38: =AN38-AT11 -> 0 | AP38: =AO38*AN11*0.8 -> 0 | AQ38: =AO38*AO11 -> 0
A39: 45674 | B39: 1600 | D39: =(SUM(粮草!A39:X39)+AG39*10*IF(AK39="是",$AZ$4,$AZ$3)) -> 2168 | E39: =SUM($B$4:B39)+SUM($C$4:C39)-SUM($D$4:D39) -> 4786 | F39: =SUM(经验!A39:X39) -> 755 | G39: =SUM($F$4:F39)+SUM($H$4:H39) -> 28185 | H39: 0 | I39: 3级 | J39: 3级 | K39: 3级 | L39: 3级 | M39: 3级 | N39: 3级 | O39: 3级 | P39: 空 | Q39: 5级 | R39: 5级 | S39: 5级 | T39: 5级 | U39: 5级 | V39: 5级 | W39: 5级 | X39: 5级 | Y39: 空 | Z39: 空 | AA39: 空 | AB39: 空 | AC39: 空 | AD39: 空 | AE39: 空 | AF39: 空 | AG39: =AH39+AI39+AJ39 -> 0 | AK39: 是 | AM39: 塔3 | AN39: 6 | AO39: =AN39-AT12 -> 0 | AP39: =AO39*AN12*0.8 -> 0 | AQ39: =AO39*AO12 -> 0
A40: 45675 | B40: 1600 | D40: =(SUM(粮草!A40:X40)+AG40*10*IF(AK40="是",$AZ$4,$AZ$3)) -> 2168 | E40: =SUM($B$4:B40)+SUM($C$4:C40)-SUM($D$4:D40) -> 4218 | F40: =SUM(经验!A40:X40) -> 755 | G40: =SUM($F$4:F40)+SUM($H$4:H40) -> 28940 | H40: 0 | I40: 3级 | J40: 3级 | K40: 3级 | L40: 3级 | M40: 3级 | N40: 3级 | O40: 3级 | P40: 空 | Q40: 5级 | R40: 5级 | S40: 5级 | T40: 5级 | U40: 5级 | V40: 5级 | W40: 5级 | X40: 5级 | Y40: 空 | Z40: 空 | AA40: 空 | AB40: 空 | AC40: 空 | AD40: 空 | AE40: 空 | AF40: 空 | AG40: =AH40+AI40+AJ40 -> 0 | AK40: 是 | AM40: 塔4 | AN40: 3 | AO40: =AN40-AT13 -> 0 | AP40: =AO40*AN13*0.8 -> 0 | AQ40: =AO40*AO13 -> 0
A41: 45676 | B41: 1600 | D41: =(SUM(粮草!A41:X41)+AG41*10*IF(AK41="是",$AZ$4,$AZ$3)) -> 2168 | E41: =SUM($B$4:B41)+SUM($C$4:C41)-SUM($D$4:D41) -> 3650 | F41: =SUM(经验!A41:X41) -> 755 | G41: =SUM($F$4:F41)+SUM($H$4:H41) -> 29695 | H41: 0 | I41: 3级 | J41: 3级 | K41: 3级 | L41: 3级 | M41: 3级 | N41: 3级 | O41: 3级 | P41: 空 | Q41: 5级 | R41: 5级 | S41: 5级 | T41: 5级 | U41: 5级 | V41: 5级 | W41: 5级 | X41: 5级 | Y41: 空 | Z41: 空 | AA41: 空 | AB41: 空 | AC41: 空 | AD41: 空 | AE41: 空 | AF41: 空 | AG41: =AH41+AI41+AJ41 -> 0 | AK41: 是 | AM41: 塔5 | AN41: 3 | AO41: =AN41-AT14 -> 0 | AP41: =AO41*AN14*0.8 -> 0 | AQ41: =AO41*AO14 -> 0
A42: 45677 | B42: 1600 | D42: =(SUM(粮草!A42:X42)+AG42*10*IF(AK42="是",$AZ$4,$AZ$3)) -> 2168 | E42: =SUM($B$4:B42)+SUM($C$4:C42)-SUM($D$4:D42) -> 3082 | F42: =SUM(经验!A42:X42) -> 755 | G42: =SUM($F$4:F42)+SUM($H$4:H42) -> 30750 | H42: 300 | I42: 3级 | J42: 3级 | K42: 3级 | L42: 3级 | M42: 3级 | N42: 3级 | O42: 3级 | P42: 空 | Q42: 5级 | R42: 5级 | S42: 5级 | T42: 5级 | U42: 5级 | V42: 5级 | W42: 5级 | X42: 5级 | Y42: 空 | Z42: 空 | AA42: 空 | AB42: 空 | AC42: 空 | AD42: 空 | AE42: 空 | AF42: 空 | AG42: =AH42+AI42+AJ42 -> 0 | AK42: 是 | AM42: 塔6 | AN42: 1 | AO42: =AN42-AT15 -> 0 | AP42: =AO42*AN15*0.8 -> 0 | AQ42: =AO42*AO15 -> 0
A43: 45678 | B43: 1600 | D43: =(SUM(粮草!A43:X43)+AG43*10*IF(AK43="是",$AZ$4,$AZ$3)) -> 2168 | E43: =SUM($B$4:B43)+SUM($C$4:C43)-SUM($D$4:D43) -> 2514 | F43: =SUM(经验!A43:X43) -> 755 | G43: =SUM($F$4:F43)+SUM($H$4:H43) -> 31505 | H43: 0 | I43: 3级 | J43: 3级 | K43: 3级 | L43: 3级 | M43: 3级 | N43: 3级 | O43: 3级 | P43: 空 | Q43: 5级 | R43: 5级 | S43: 5级 | T43: 5级 | U43: 5级 | V43: 5级 | W43: 5级 | X43: 5级 | Y43: 空 | Z43: 空 | AA43: 空 | AB43: 空 | AC43: 空 | AD43: 空 | AE43: 空 | AF43: 空 | AG43: =AH43+AI43+AJ43 -> 0 | AK43: 是 | AM43: 中boss | AN43: 2 | AO43: =AN43-AT23 -> 0 | AP43: =AO43*AN23*0.8 -> 0 | AQ43: =AO43*AO23 -> 0
A44: 45679 | B44: 1600 | D44: =(SUM(粮草!A44:X44)+AG44*10*IF(AK44="是",$AZ$4,$AZ$3)) -> 2168 | E44: =SUM($B$4:B44)+SUM($C$4:C44)-SUM($D$4:D44) -> 1946 | F44: =SUM(经验!A44:X44) -> 755 | G44: =SUM($F$4:F44)+SUM($H$4:H44) -> 32460 | H44: 200 | I44: 3级 | J44: 3级 | K44: 3级 | L44: 3级 | M44: 3级 | N44: 3级 | O44: 3级 | P44: 空 | Q44: 5级 | R44: 5级 | S44: 5级 | T44: 5级 | U44: 5级 | V44: 5级 | W44: 5级 | X44: 5级 | Y44: 空 | Z44: 空 | AA44: 空 | AB44: 空 | AC44: 空 | AD44: 空 | AE44: 空 | AF44: 空 | AG44: =AH44+AI44+AJ44 -> 0 | AK44: 是 | AM44: 历练 | AN44: 3 | AO44: =AN44-AT29 -> 0 | AP44: =AO44*AN29*0.8 -> 0 | AQ44: =AO44*AO29 -> 0
A45: 45680 | B45: 1600 | D45: =(SUM(粮草!A45:X45)+AG45*10*IF(AK45="是",$AZ$4,$AZ$3)) -> 2168 | E45: =SUM($B$4:B45)+SUM($C$4:C45)-SUM($D$4:D45) -> 1378 | F45: =SUM(经验!A45:X45) -> 755 | G45: =SUM($F$4:F45)+SUM($H$4:H45) -> 33215 | H45: 0 | I45: 3级 | J45: 3级 | K45: 3级 | L45: 3级 | M45: 3级 | N45: 3级 | O45: 3级 | P45: 空 | Q45: 5级 | R45: 5级 | S45: 5级 | T45: 5级 | U45: 5级 | V45: 5级 | W45: 5级 | X45: 5级 | Y45: 空 | Z45: 空 | AA45: 空 | AB45: 空 | AC45: 空 | AD45: 空 | AE45: 空 | AF45: 空 | AG45: =AH45+AI45+AJ45 -> 0 | AK45: 是 | AM45: 大boss | AN45: 2 | AO45: =AN45-AT22 -> 0 | AP45: =AO45*AN22*0.8 -> 0 | AQ45: =AO45*AO22 -> 0
A46: 45681 | B46: 1600 | D46: =(SUM(粮草!A46:X46)+AG46*10*IF(AK46="是",$AZ$4,$AZ$3)) -> 2168 | E46: =SUM($B$4:B46)+SUM($C$4:C46)-SUM($D$4:D46) -> 810 | F46: =SUM(经验!A46:X46) -> 755 | G46: =SUM($F$4:F46)+SUM($H$4:H46) -> 33970 | H46: 0 | I46: 3级 | J46: 3级 | K46: 3级 | L46: 3级 | M46: 3级 | N46: 3级 | O46: 3级 | P46: 空 | Q46: 5级 | R46: 5级 | S46: 5级 | T46: 5级 | U46: 5级 | V46: 5级 | W46: 5级 | X46: 5级 | Y46: 空 | Z46: 空 | AA46: 空 | AB46: 空 | AC46: 空 | AD46: 空 | AE46: 空 | AF46: 空 | AG46: =AH46+AI46+AJ46 -> 0 | AK46: 是 | AM46: 总 | AO46: =SUM(AO33:AO43) -> 0 | AP46: =SUM(AP33:AP45) -> 0 | AQ46: =SUM(AQ33:AQ45) -> 0
A47: 45682 | B47: 1600 | D47: =(SUM(粮草!A47:X47)+AG47*10*IF(AK47="是",$AZ$4,$AZ$3)) -> 2168 | E47: =SUM($B$4:B47)+SUM($C$4:C47)-SUM($D$4:D47) -> 242 | F47: =SUM(经验!A47:X47) -> 755 | G47: =SUM($F$4:F47)+SUM($H$4:H47) -> 34725 | H47: 0 | I47: 3级 | J47: 3级 | K47: 3级 | L47: 3级 | M47: 3级 | N47: 3级 | O47: 3级 | P47: 空 | Q47: 5级 | R47: 5级 | S47: 5级 | T47: 5级 | U47: 5级 | V47: 5级 | W47: 5级 | X47: 5级 | Y47: 空 | Z47: 空 | AA47: 空 | AB47: 空 | AC47: 空 | AD47: 空 | AE47: 空 | AF47: 空 | AG47: =AH47+AI47+AJ47 -> 0 | AK47: 是 | AO47: 最终 | AP47: =E93-AP46 -> 2 | AQ47: =AQ46+G93 -> 64950
A48: 45683 | B48: 1600 | D48: =(SUM(粮草!A48:X48)+AG48*10*IF(AK48="是",$AZ$4,$AZ$3)) -> 2168 | E48: =SUM($B$4:B48)+SUM($C$4:C48)-SUM($D$4:D48) -> -326 | F48: =SUM(经验!A48:X48) -> 755 | G48: =SUM($F$4:F48)+SUM($H$4:H48) -> 35480 | H48: 0 | I48: 3级 | J48: 3级 | K48: 3级 | L48: 3级 | M48: 3级 | N48: 3级 | O48: 3级 | P48: 空 | Q48: 5级 | R48: 5级 | S48: 5级 | T48: 5级 | U48: 5级 | V48: 5级 | W48: 5级 | X48: 5级 | Y48: 空 | Z48: 空 | AA48: 空 | AB48: 空 | AC48: 空 | AD48: 空 | AE48: 空 | AF48: 空 | AG48: =AH48+AI48+AJ48 -> 0 | AK48: 是 | AO48: 净获得
A49: 45684 | B49: 1600 | D49: =(SUM(粮草!A49:X49)+AG49*10*IF(AK49="是",$AZ$4,$AZ$3)) -> 2168 | E49: =SUM($B$4:B49)+SUM($C$4:C49)-SUM($D$4:D49) -> -894 | F49: =SUM(经验!A49:X49) -> 755 | G49: =SUM($F$4:F49)+SUM($H$4:H49) -> 36435 | H49: 200 | I49: 3级 | J49: 3级 | K49: 3级 | L49: 3级 | M49: 3级 | N49: 3级 | O49: 3级 | P49: 空 | Q49: 5级 | R49: 5级 | S49: 5级 | T49: 5级 | U49: 5级 | V49: 5级 | W49: 5级 | X49: 5级 | Y49: 空 | Z49: 空 | AA49: 空 | AB49: 空 | AC49: 空 | AD49: 空 | AE49: 空 | AF49: 空 | AG49: =AH49+AI49+AJ49 -> 0 | AK49: 是 | AM49: 阶段 | AN49: 奖励粮草 | AO49: 八卦前 | AP49: 八卦后 | AQ49: 帐篷个数
A50: 45685 | B50: 1600 | D50: =(SUM(粮草!A50:X50)+AG50*10*IF(AK50="是",$AZ$4,$AZ$3)) -> 2168 | E50: =SUM($B$4:B50)+SUM($C$4:C50)-SUM($D$4:D50) -> -1462 | F50: =SUM(经验!A50:X50) -> 755 | G50: =SUM($F$4:F50)+SUM($H$4:H50) -> 37290 | H50: 100 | I50: 3级 | J50: 3级 | K50: 3级 | L50: 3级 | M50: 3级 | N50: 3级 | O50: 3级 | P50: 空 | Q50: 5级 | R50: 5级 | S50: 5级 | T50: 5级 | U50: 5级 | V50: 5级 | W50: 5级 | X50: 5级 | Y50: 空 | Z50: 空 | AA50: 空 | AB50: 空 | AC50: 空 | AD50: 空 | AE50: 空 | AF50: 空 | AG50: =AH50+AI50+AJ50 -> 0 | AK50: 是 | AM50: 1 | AN50: 300 | AO50: =AN50-50 -> 250 | AP50: =AN50-40 -> 260 | AQ50: =COUNTIF(I4:AF17,$AM$18) -> 10 | AT50: 9 | AU50: 260 | AV50: =AT50*AU50 -> 2340 | AW50: 10 | AX50: 210 | AY50: =AX50*AW50 -> 2100
A51: 45686 | B51: 1600 | D51: =(SUM(粮草!A51:X51)+AG51*10*IF(AK51="是",$AZ$4,$AZ$3)) -> 1488 | E51: =SUM($B$4:B51)+SUM($C$4:C51)-SUM($D$4:D51) -> -1350 | F51: =SUM(经验!A51:X51) -> 530 | G51: =SUM($F$4:F51)+SUM($H$4:H51) -> 38020 | H51: 200 | I51: 3级 | J51: 3级 | K51: 空 | L51: 空 | M51: 空 | N51: 空 | O51: 空 | P51: 空 | Q51: 5级 | R51: 5级 | S51: 5级 | T51: 5级 | U51: 5级 | V51: 5级 | W51: 5级 | X51: 5级 | Y51: 空 | Z51: 空 | AA51: 空 | AB51: 空 | AC51: 空 | AD51: 空 | AE51: 空 | AF51: 空 | AG51: =AH51+AI51+AJ51 -> 0 | AK51: 是 | AM51: 2 | AN51: 250 | AO51: =AN51-50 -> 200 | AP51: =AN51-40 -> 210 | AQ51: =COUNTIF(I18:AE24,$AM$18) -> 4 | AT51: 1 | AU51: 160
A52: 45687 | B52: 1600 | D52: =(SUM(粮草!A52:X52)+AG52*10*IF(AK52="是",$AZ$4,$AZ$3)) -> 2368 | E52: =SUM($B$4:B52)+SUM($C$4:C52)-SUM($D$4:D52) -> -2118 | F52: =SUM(经验!A52:X52) -> 840 | G52: =SUM($F$4:F52)+SUM($H$4:H52) -> 38860 | H52: 0 | I52: 4级 | J52: 4级 | K52: 4级 | L52: 4级 | M52: 4级 | N52: 4级 | O52: 4级 | P52: 4级 | Q52: 5级 | R52: 5级 | S52: 5级 | T52: 5级 | U52: 5级 | V52: 5级 | W52: 5级 | X52: 5级 | Y52: 空 | Z52: 空 | AA52: 空 | AB52: 空 | AC52: 空 | AD52: 空 | AE52: 空 | AF52: 空 | AG52: =AH52+AI52+AJ52 -> 0 | AK52: 是 | AM52: 3 | AN52: 200 | AO52: =AN52-50 -> 150 | AP52: =AN52-40 -> 160 | AQ52: =COUNTIF(I25:AF38,$AM$18) -> 1
A53: 45688 | B53: 1600 | D53: =(SUM(粮草!A53:X53)+AG53*10*IF(AK53="是",$AZ$4,$AZ$3)) -> 2368 | E53: =SUM($B$4:B53)+SUM($C$4:C53)-SUM($D$4:D53) -> -2886 | F53: =SUM(经验!A53:X53) -> 840 | G53: =SUM($F$4:F53)+SUM($H$4:H53) -> 39700 | H53: 0 | I53: 4级 | J53: 4级 | K53: 4级 | L53: 4级 | M53: 4级 | N53: 4级 | O53: 4级 | P53: 4级 | Q53: 5级 | R53: 5级 | S53: 5级 | T53: 5级 | U53: 5级 | V53: 5级 | W53: 5级 | X53: 5级 | Y53: 空 | Z53: 空 | AA53: 空 | AB53: 空 | AC53: 空 | AD53: 空 | AE53: 空 | AF53: 空 | AG53: =AH53+AI53+AJ53 -> 0 | AK53: 是 | AM53: 4 | AN53: 150 | AO53: =AN53-50 -> 100 | AP53: =AN53-40 -> 110 | AQ53: =COUNTIF(I39:AF59,$AM$18) -> 0
A54: 45689 | B54: 1600 | D54: =(SUM(粮草!A54:X54)+AG54*10*IF(AK54="是",$AZ$4,$AZ$3)) -> 2368 | E54: =SUM($B$4:B54)+SUM($C$4:C54)-SUM($D$4:D54) -> -3654 | F54: =SUM(经验!A54:X54) -> 840 | G54: =SUM($F$4:F54)+SUM($H$4:H54) -> 40540 | H54: 0 | I54: 4级 | J54: 4级 | K54: 4级 | L54: 4级 | M54: 4级 | N54: 4级 | O54: 4级 | P54: 4级 | Q54: 5级 | R54: 5级 | S54: 5级 | T54: 5级 | U54: 5级 | V54: 5级 | W54: 5级 | X54: 5级 | Y54: 空 | Z54: 空 | AA54: 空 | AB54: 空 | AC54: 空 | AD54: 空 | AE54: 空 | AF54: 空 | AG54: =AH54+AI54+AJ54 -> 0 | AK54: 是 | AM54: 5 | AN54: 100 | AO54: =AN54-50 -> 50 | AP54: =AN54-40 -> 60 | AQ54: =COUNTIF(I60:AF93,$AM$18) -> 0
A55: 45690 | B55: 1600 | D55: =(SUM(粮草!A55:X55)+AG55*10*IF(AK55="是",$AZ$4,$AZ$3)) -> 2368 | E55: =SUM($B$4:B55)+SUM($C$4:C55)-SUM($D$4:D55) -> -4422 | F55: =SUM(经验!A55:X55) -> 840 | G55: =SUM($F$4:F55)+SUM($H$4:H55) -> 41380 | H55: 0 | I55: 4级 | J55: 4级 | K55: 4级 | L55: 4级 | M55: 4级 | N55: 4级 | O55: 4级 | P55: 4级 | Q55: 5级 | R55: 5级 | S55: 5级 | T55: 5级 | U55: 5级 | V55: 5级 | W55: 5级 | X55: 5级 | Y55: 空 | Z55: 空 | AA55: 空 | AB55: 空 | AC55: 空 | AD55: 空 | AE55: 空 | AF55: 空 | AG55: =AH55+AI55+AJ55 -> 0 | AK55: 是
A56: 45691 | B56: 1600 | D56: =(SUM(粮草!A56:X56)+AG56*10*IF(AK56="是",$AZ$4,$AZ$3)) -> 2368 | E56: =SUM($B$4:B56)+SUM($C$4:C56)-SUM($D$4:D56) -> -5190 | F56: =SUM(经验!A56:X56) -> 840 | G56: =SUM($F$4:F56)+SUM($H$4:H56) -> 42520 | H56: 300 | I56: 4级 | J56: 4级 | K56: 4级 | L56: 4级 | M56: 4级 | N56: 4级 | O56: 4级 | P56: 4级 | Q56: 5级 | R56: 5级 | S56: 5级 | T56: 5级 | U56: 5级 | V56: 5级 | W56: 5级 | X56: 5级 | Y56: 空 | Z56: 空 | AA56: 空 | AB56: 空 | AC56: 空 | AD56: 空 | AE56: 空 | AF56: 空 | AG56: =AH56+AI56+AJ56 -> 0 | AK56: 是
A57: 45692 | B57: 1600 | D57: =(SUM(粮草!A57:X57)+AG57*10*IF(AK57="是",$AZ$4,$AZ$3)) -> 1760 | E57: =SUM($B$4:B57)+SUM($C$4:C57)-SUM($D$4:D57) -> -5350 | F57: =SUM(经验!A57:X57) -> 620 | G57: =SUM($F$4:F57)+SUM($H$4:H57) -> 43140 | H57: 0 | I57: 4级 | J57: 4级 | K57: 4级 | L57: 4级 | M57: 4级 | N57: 4级 | O57: 4级 | P57: 4级 | Q57: 5级 | R57: 5级 | S57: 5级 | T57: 5级 | U57: 空 | V57: 空 | W57: 空 | X57: 空 | Y57: 空 | Z57: 空 | AA57: 空 | AB57: 空 | AC57: 空 | AD57: 空 | AE57: 空 | AF57: 空 | AG57: =AH57+AI57+AJ57 -> 0 | AK57: 是
A58: 45693 | B58: 1600 | D58: =(SUM(粮草!A58:X58)+AG58*10*IF(AK58="是",$AZ$4,$AZ$3)) -> 2432 | E58: =SUM($B$4:B58)+SUM($C$4:C58)-SUM($D$4:D58) -> -6182 | F58: =SUM(经验!A58:X58) -> 880 | G58: =SUM($F$4:F58)+SUM($H$4:H58) -> 44220 | H58: 200 | I58: 4级 | J58: 4级 | K58: 4级 | L58: 4级 | M58: 4级 | N58: 4级 | O58: 4级 | P58: 4级 | Q58: 6级 | R58: 6级 | S58: 6级 | T58: 6级 | U58: 6级 | V58: 6级 | W58: 6级 | X58: 6级 | Y58: 空 | Z58: 空 | AA58: 空 | AB58: 空 | AC58: 空 | AD58: 空 | AE58: 空 | AF58: 空 | AG58: =AH58+AI58+AJ58 -> 0 | AK58: 是
A59: 45694 | B59: 1600 | D59: =(SUM(粮草!A59:X59)+AG59*10*IF(AK59="是",$AZ$4,$AZ$3)) -> 2432 | E59: =SUM($B$4:B59)+SUM($C$4:C59)-SUM($D$4:D59) -> -7014 | F59: =SUM(经验!A59:X59) -> 880 | G59: =SUM($F$4:F59)+SUM($H$4:H59) -> 45100 | H59: 0 | I59: 4级 | J59: 4级 | K59: 4级 | L59: 4级 | M59: 4级 | N59: 4级 | O59: 4级 | P59: 4级 | Q59: 6级 | R59: 6级 | S59: 6级 | T59: 6级 | U59: 6级 | V59: 6级 | W59: 6级 | X59: 6级 | Y59: 空 | Z59: 空 | AA59: 空 | AB59: 空 | AC59: 空 | AD59: 空 | AE59: 空 | AF59: 空 | AG59: =AH59+AI59+AJ59 -> 0 | AK59: 是
A60: 45695 | B60: 1600 | D60: =(SUM(粮草!A60:X60)+AG60*10*IF(AK60="是",$AZ$4,$AZ$3)) -> 2432 | E60: =SUM($B$4:B60)+SUM($C$4:C60)-SUM($D$4:D60) -> -7846 | F60: =SUM(经验!A60:X60) -> 880 | G60: =SUM($F$4:F60)+SUM($H$4:H60) -> 45980 | H60: 0 | I60: 4级 | J60: 4级 | K60: 4级 | L60: 4级 | M60: 4级 | N60: 4级 | O60: 4级 | P60: 4级 | Q60: 6级 | R60: 6级 | S60: 6级 | T60: 6级 | U60: 6级 | V60: 6级 | W60: 6级 | X60: 6级 | Y60: 空 | Z60: 空 | AA60: 空 | AB60: 空 | AC60: 空 | AD60: 空 | AE60: 空 | AF60: 空 | AG60: =AH60+AI60+AJ60 -> 0 | AK60: 是
A61: 45696 | B61: 1600 | D61: =(SUM(粮草!A61:X61)+AG61*10*IF(AK61="是",$AZ$4,$AZ$3)) -> 2432 | E61: =SUM($B$4:B61)+SUM($C$4:C61)-SUM($D$4:D61) -> -8678 | F61: =SUM(经验!A61:X61) -> 880 | G61: =SUM($F$4:F61)+SUM($H$4:H61) -> 46860 | H61: 0 | I61: 4级 | J61: 4级 | K61: 4级 | L61: 4级 | M61: 4级 | N61: 4级 | O61: 4级 | P61: 4级 | Q61: 6级 | R61: 6级 | S61: 6级 | T61: 6级 | U61: 6级 | V61: 6级 | W61: 6级 | X61: 6级 | Y61: 空 | Z61: 空 | AA61: 空 | AB61: 空 | AC61: 空 | AD61: 空 | AE61: 空 | AF61: 空 | AG61: =AH61+AI61+AJ61 -> 0 | AK61: 是
A62: 45697 | B62: 1600 | D62: =(SUM(粮草!A62:X62)+AG62*10*IF(AK62="是",$AZ$4,$AZ$3)) -> 2432 | E62: =SUM($B$4:B62)+SUM($C$4:C62)-SUM($D$4:D62) -> -9510 | F62: =SUM(经验!A62:X62) -> 880 | G62: =SUM($F$4:F62)+SUM($H$4:H62) -> 47740 | H62: 0 | I62: 4级 | J62: 4级 | K62: 4级 | L62: 4级 | M62: 4级 | N62: 4级 | O62: 4级 | P62: 4级 | Q62: 6级 | R62: 6级 | S62: 6级 | T62: 6级 | U62: 6级 | V62: 6级 | W62: 6级 | X62: 6级 | Y62: 空 | Z62: 空 | AA62: 空 | AB62: 空 | AC62: 空 | AD62: 空 | AE62: 空 | AF62: 空 | AG62: =AH62+AI62+AJ62 -> 0 | AK62: 是
A63: 45698 | B63: 1600 | D63: =(SUM(粮草!A63:X63)+AG63*10*IF(AK63="是",$AZ$4,$AZ$3)) -> 2432 | E63: =SUM($B$4:B63)+SUM($C$4:C63)-SUM($D$4:D63) -> -10342 | F63: =SUM(经验!A63:X63) -> 880 | G63: =SUM($F$4:F63)+SUM($H$4:H63) -> 48920 | H63: 300 | I63: 4级 | J63: 4级 | K63: 4级 | L63: 4级 | M63: 4级 | N63: 4级 | O63: 4级 | P63: 4级 | Q63: 6级 | R63: 6级 | S63: 6级 | T63: 6级 | U63: 6级 | V63: 6级 | W63: 6级 | X63: 6级 | Y63: 空 | Z63: 空 | AA63: 空 | AB63: 空 | AC63: 空 | AD63: 空 | AE63: 空 | AF63: 空 | AG63: =AH63+AI63+AJ63 -> 0 | AK63: 是
A64: 45699 | B64: 1600 | D64: =(SUM(粮草!A64:X64)+AG64*10*IF(AK64="是",$AZ$4,$AZ$3)) -> 2432 | E64: =SUM($B$4:B64)+SUM($C$4:C64)-SUM($D$4:D64) -> -11174 | F64: =SUM(经验!A64:X64) -> 880 | G64: =SUM($F$4:F64)+SUM($H$4:H64) -> 49800 | H64: 0 | I64: 4级 | J64: 4级 | K64: 4级 | L64: 4级 | M64: 4级 | N64: 4级 | O64: 4级 | P64: 4级 | Q64: 6级 | R64: 6级 | S64: 6级 | T64: 6级 | U64: 6级 | V64: 6级 | W64: 6级 | X64: 6级 | Y64: 空 | Z64: 空 | AA64: 空 | AB64: 空 | AC64: 空 | AD64: 空 | AE64: 空 | AF64: 空 | AG64: =AH64+AI64+AJ64 -> 0 | AK64: 是
A65: 45700 | B65: 1600 | D65: =(SUM(粮草!A65:X65)+AG65*10*IF(AK65="是",$AZ$4,$AZ$3)) -> 2432 | E65: =SUM($B$4:B65)+SUM($C$4:C65)-SUM($D$4:D65) -> -12006 | F65: =SUM(经验!A65:X65) -> 880 | G65: =SUM($F$4:F65)+SUM($H$4:H65) -> 50880 | H65: 200 | I65: 4级 | J65: 4级 | K65: 4级 | L65: 4级 | M65: 4级 | N65: 4级 | O65: 4级 | P65: 4级 | Q65: 6级 | R65: 6级 | S65: 6级 | T65: 6级 | U65: 6级 | V65: 6级 | W65: 6级 | X65: 6级 | Y65: 空 | Z65: 空 | AA65: 空 | AB65: 空 | AC65: 空 | AD65: 空 | AE65: 空 | AF65: 空 | AG65: =AH65+AI65+AJ65 -> 0 | AK65: 是
A66: 45701 | B66: 1600 | D66: =(SUM(粮草!A66:X66)+AG66*10*IF(AK66="是",$AZ$4,$AZ$3)) -> 2432 | E66: =SUM($B$4:B66)+SUM($C$4:C66)-SUM($D$4:D66) -> -12838 | F66: =SUM(经验!A66:X66) -> 880 | G66: =SUM($F$4:F66)+SUM($H$4:H66) -> 51760 | H66: 0 | I66: 4级 | J66: 4级 | K66: 4级 | L66: 4级 | M66: 4级 | N66: 4级 | O66: 4级 | P66: 4级 | Q66: 6级 | R66: 6级 | S66: 6级 | T66: 6级 | U66: 6级 | V66: 6级 | W66: 6级 | X66: 6级 | Y66: 空 | Z66: 空 | AA66: 空 | AB66: 空 | AC66: 空 | AD66: 空 | AE66: 空 | AF66: 空 | AG66: =AH66+AI66+AJ66 -> 0 | AK66: 是
... A93: 45728 | B93: 1600 | D93: =(SUM(粮草!A93:X93)+AG93*10*IF(AK93="是",$AZ$4,$AZ$3)) -> 0 | E93: =SUM($B$4:B93)+SUM($C$4:C93)-SUM($D$4:D93) -> 2 | F93: =SUM(经验!A93:X93) -> 0 | G93: =SUM($F$4:F93)+SUM($H$4:H93) -> 64950 | H93: 200 | I93: 空 | J93: 空 | K93: 空 | L93: 空 | M93: 空 | N93: 空 | O93: 空 | P93: 空 | Q93: 空 | R93: 空 | S93: 空 | T93: 空 | U93: 空 | V93: 空 | W93: 空 | X93: 空 | Y93: 空 | Z93: 空 | AA93: 空 | AB93: 空 | AC93: 空 | AD93: 空 | AE93: 空 | AF93: 空 | AG93: =AH93+AI93+AJ93 -> 0 | AK93: 是
D95: 负粮草 | E95: =COUNTIF(E4:E93,"<0") -> 45

Sheet 粮草
A2: 队伍一 风 | C2: 步数 | D2: =COUNTIF(A4:H94,"<>空") -> 728 | E2: (不算跳步和传送) | I2: 队伍二 雷 | K2: 步数 | L2: =COUNTIF(I4:P94,"<>空") -> 728 | M2: (不算跳步和传送) | Q2: 队伍三 | S2: 总步数 | T2: =COUNTIF(Q4:X94,"<>空") -> 728 | U2: (不算跳步和传送) | Y2: 粮草调整
A3: 1 | B3: 2 | C3: 3 | D3: 4 | E3: 5 | F3: 6 | G3: 7 | H3: 8 | I3: 1 | J3: 2 | K3: 3 | L3: 4 | M3: 5 | N3: 6 | O3: 7 | P3: 8 | Q3: 1 | R3: 2 | S3: 3 | T3: 4 | U3: 5 | V3: 6 | W3: 7 | X3: 8
A4: =IF(ISNUMBER(SEARCH("营",'18.04'!I4)),(-$Y4+50*IF('18.04'!$AK4="是",'18.04'!$AZ$4,'18.04'!$AZ$3)),(VLOOKUP('18.04'!I4,'18.04'!$AM$4:$AO$55,2,FALSE))*IF('18.04'!$AK4="是",'18.04'!$AZ$4,'18.04'!$AZ$3)) -> 150 | B4: =IF(ISNUMBER(SEARCH("营",'18.04'!J4)),(-$Y4+50*IF('18.04'!$AK4="是",'18.04'!$AZ$4,'18.04'!$AZ$3)),(VLOOKUP('18.04'!J4,'18.04'!$AM$4:$AO$55,2,FALSE))*IF('18.04'!$AK4="是",'18.04'!$AZ$4,'18.04'!$AZ$3)) -> 150 | C4: =IF(ISNUMBER(SEARCH("营",'18.04'!K4)),(-$Y4+50*IF('18.04'!$AK4="是",'18.04'!$AZ$4,'18.04'!$AZ$3)),(VLOOKUP('18.04'!K4,'18.04'!$AM$4:$AO$55,2,FALSE))*IF('18.04'!$AK4="是",'18.04'!$AZ$4,'18.04'!$AZ$3)) -> 150 | D4: =IF(ISNUMBER(SEARCH("营",'18.04'!L4)),(-$Y4+50*IF('18.04'!$AK4="是",'18.04'!$AZ$4,'18.04'!$AZ$3)),(VLOOKUP('18.04'!L4,'18.04'!$AM$4:$AO$55,2,FALSE))*IF('18.04'!$AK4="是",'18.04'!$AZ$4,'18.04'!$AZ$3)) -> 150 | E4: =IF(ISNUMBER(SEARCH("营",'18.04'!M4)),(-$Y4+50*IF('18.04'!$AK4="是",'18.04'!$AZ$4,'18.04'!$AZ$3)),(VLOOKUP('18.04'!M4,'18.04'!$AM$4:$AO$55,2,FALSE))*IF('18.04'!$AK4="是",'18.04'!$AZ$4,'18.04'!$AZ$3)) -> 150 | F4: =IF(ISNUMBER(SEARCH("营",'18.04'!N4)),(-$Y4+50*IF('18.04'!$AK4="是",'18.04'!$AZ$4,'18.04'!$AZ$3)),(VLOOKUP('18.04'!N4,'18.04'!$AM$4:$AO$55,2,FALSE))*IF('18.04'!$AK4="是",'18.04'!$AZ$4,'18.04'!$AZ$3)) -> 0 | G4: =IF(ISNUMBER(SEARCH("营",'18.04'!O4)),(-$Y4+50*IF('18.04'!$AK4="是",'18.04'!$AZ$4,'18.04'!$AZ$3)),(VLOOKUP('18.04'!O4,'18.04'!$AM$4:$AO$55,2,FALSE))*IF('18.04'!$AK4="是",'18.04'!$AZ$4,'18.04'!$AZ$3)) -> 0 | H4: =IF(ISNUMBER(SEARCH("营",'18.04'!P4)),(-$Y4+50*IF('18.04'!$AK4="是",'18.04'!$AZ$4,'18.04'!$AZ$3)),(VLOOKUP('18.04'!P4,'18.04'!$AM$4:$AO$55,2,FALSE))*IF('18.04'!$AK4="是",'18.04'!$AZ$4,'18.04'!$AZ$3)) -> 0 | ... X4: =IF(ISNUMBER(SEARCH("营",'18.04'!AF4)),(-$Y4+50*IF('18.04'!$AK4="是",'18.04'!$AZ$4,'18.04'!$AZ$3)),(VLOOKUP('18.04'!AF4,'18.04'!$AM$4:$AO$55,2,FALSE))*IF('18.04'!$AK4="是",'18.04'!$AZ$4,'18.04'!$AZ$3)) -> 0 | Y4: 300 | Z4: 45639
A5: =IF(ISNUMBER(SEARCH("营",'18.04'!I5)),(-$Y5+50*IF('18.04'!$AK5="是",'18.04'!$AZ$4,'18.04'!$AZ$3)),(VLOOKUP('18.04'!I5,'18.04'!$AM$4:$AO$55,2,FALSE))*IF('18.04'!$AK5="是",'18.04'!$AZ$4,'18.04'!$AZ$3)) -> 0 | B5: =IF(ISNUMBER(SEARCH("营",'18.04'!J5)),(-$Y5+50*IF('18.04'!$AK5="是",'18.04'!$AZ$4,'18.04'!$AZ$3)),(VLOOKUP('18.04'!J5,'18.04'!$AM$4:$AO$55,2,FALSE))*IF('18.04'!$AK5="是",'18.04'!$AZ$4,'18.04'!$AZ$3)) -> 0 | C5: =IF(ISNUMBER(SEARCH("营",'18.04'!K5)),(-$Y5+50*IF('18.04'!$AK5="是",'18.04'!$AZ$4,'18.04'!$AZ$3)),(VLOOKUP('18.04'!K5,'18.04'!$AM$4:$AO$55,2,FALSE))*IF('18.04'!$AK5="是",'18.04'!$AZ$4,'18.04'!$AZ$3)) -> 0 | D5: =IF(ISNUMBER(SEARCH("营",'18.04'!L5)),(-$Y5+50*IF('18.04'!$AK5="是",'18.04'!$AZ$4,'18.04'!$AZ$3)),(VLOOKUP('18.04'!L5,'18.04'!$AM$4:$AO$55,2,FALSE))*IF('18.04'!$AK5="是",'18.04'!$AZ$4,'18.04'!$AZ$3)) -> 0 | E5: =IF(ISNUMBER(SEARCH("营",'18.04'!M5)),(-$Y5+50*IF('18.04'!$AK5="是",'18.04'!$AZ$4,'18.04'!$AZ$3)),(VLOOKUP('18.04'!M5,'18.04'!$AM$4:$AO$55,2,FALSE))*IF('18.04'!$AK5="是",'18.04'!$AZ$4,'18.04'!$AZ$3)) -> 0 | F5: =IF(ISNUMBER(SEARCH("营",'18.04'!N5)),(-$Y5+50*IF('18.04'!$AK5="是",'18.04'!$AZ$4,'18.04'!$AZ$3)),(VLOOKUP('18.04'!N5,'18.04'!$AM$4:$AO$55,2,FALSE))*IF('18.04'!$AK5="是",'18.04'!$AZ$4,'18.04'!$AZ$3)) -> 0 | G5: =IF(ISNUMBER(SEARCH("营",'18.04'!O5)),(-$Y5+50*IF('18.04'!$AK5="是",'18.04'!$AZ$4,'18.04'!$AZ$3)),(VLOOKUP('18.04'!O5,'18.04'!$AM$4:$AO$55,2,FALSE))*IF('18.04'!$AK5="是",'18.04'!$AZ$4,'18.04'!$AZ$3)) -> 0 | H5: =IF(ISNUMBER(SEARCH("营",'18.04'!P5)),(-$Y5+50*IF('18.04'!$AK5="是",'18.04'!$AZ$4,'18.04'!$AZ$3)),(VLOOKUP('18.04'!P5,'18.04'!$AM$4:$AO$55,2,FALSE))*IF('18.04'!$AK5="是",'18.04'!$AZ$4,'18.04'!$AZ$3)) -> 0 | ... X5: =IF(ISNUMBER(SEARCH("营",'18.04'!AF5)),(-$Y5+50*IF('18.04'!$AK5="是",'18.04'!$AZ$4,'18.04'!$AZ$3)),(VLOOKUP('18.04'!AF5,'18.04'!$AM$4:$AO$55,2,FALSE))*IF('18.04'!$AK5="是",'18.04'!$AZ$4,'18.04'!$AZ$3)) -> 160 | Y5: 300 | Z5: 45640
A6: =IF(ISNUMBER(SEARCH("营",'18.04'!I6)),(-$Y6+50*IF('18.04'!$AK6="是",'18.04'!$AZ$4,'18.04'!$AZ$3)),(VLOOKUP('18.04'!I6,'18.04'!$AM$4:$AO$55,2,FALSE))*IF('18.04'!$AK6="是",'18.04'!$AZ$4,'18.04'!$AZ$3)) -> 0 | B6: =IF(ISNUMBER(SEARCH("营",'18.04'!J6)),(-$Y6+50*IF('18.04'!$AK6="是",'18.04'!$AZ$4,'18.04'!$AZ$3)),(VLOOKUP('18.04'!J6,'18.04'!$AM$4:$AO$55,2,FALSE))*IF('18.04'!$AK6="是",'18.04'!$AZ$4,'18.04'!$AZ$3)) -> 0 | C6: =IF(ISNUMBER(SEARCH("营",'18.04'!K6)),(-$Y6+50*IF('18.04'!$AK6="是",'18.04'!$AZ$4,'18.04'!$AZ$3)),(VLOOKUP('18.04'!K6,'18.04'!$AM$4:$AO$55,2,FALSE))*IF('18.04'!$AK6="是",'18.04'!$AZ$4,'18.04'!$AZ$3)) -> 0 | D6: =IF(ISNUMBER(SEARCH("营",'18.04'!L6)),(-$Y6+50*IF('18.04'!$AK6="是",'18.04'!$AZ$4,'18.04'!$AZ$3)),(VLOOKUP('18.04'!L6,'18.04'!$AM$4:$AO$55,2,FALSE))*IF('18.04'!$AK6="是",'18.04'!$AZ$4,'18.04'!$AZ$3)) -> 0 | E6: =IF(ISNUMBER(SEARCH("营",'18.04'!M6)),(-$Y6+50*IF('18.04'!$AK6="是",'18.04'!$AZ$4,'18.04'!$AZ$3)),(VLOOKUP('18.04'!M6,'18.04'!$AM$4:$AO$55,2,FALSE))*IF('18.04'!$AK6="是",'18.04'!$AZ$4,'18.04'!$AZ$3)) -> 0 | F6: =IF(ISNUMBER(SEARCH("营",'18.04'!N6)),(-$Y6+50*IF('18.04'!$AK6="是",'18.04'!$AZ$4,'18.04'!$AZ$3)),(VLOOKUP('18.04'!N6,'18.04'!$AM$4:$AO$55,2,FALSE))*IF('18.04'!$AK6="是",'18.04'!$AZ$4,'18.04'!$AZ$3)) -> 0 | G6: =IF(ISNUMBER(SEARCH("营",'18.04'!O6)),(-$Y6+50*IF('18.04'!$AK6="是",'18.04'!$AZ$4,'18.04'!$AZ$3)),(VLOOKUP('18.04'!O6,'18.04'!$AM$4:$AO$55,2,FALSE))*IF('18.04'!$AK6="是",'18.04'!$AZ$4,'18.04'!$AZ$3)) -> 0 | H6: =IF(ISNUMBER(SEARCH("营",'18.04'!P6)),(-$Y6+50*IF('18.04'!$AK6="是",'18.04'!$AZ$4,'18.04'!$AZ$3)),(VLOOKUP('18.04'!P6,'18.04'!$AM$4:$AO$55,2,FALSE))*IF('18.04'!$AK6="是",'18.04'!$AZ$4,'18.04'!$AZ$3)) -> 0 | ... X6: =IF(ISNUMBER(SEARCH("营",'18.04'!AF6)),(-$Y6+50*IF('18.04'!$AK6="是",'18.04'!$AZ$4,'18.04'!$AZ$3)),(VLOOKUP('18.04'!AF6,'18.04'!$AM$4:$AO$55,2,FALSE))*IF('18.04'!$AK6="是",'18.04'!$AZ$4,'18.04'!$AZ$3)) -> 160 | Y6: 300 | Z6: 45641
A7: =IF(ISNUMBER(SEARCH("营",'18.04'!I7)),(-$Y7+50*IF('18.04'!$AK7="是",'18.04'!$AZ$4,'18.04'!$AZ$3)),(VLOOKUP('18.04'!I7,'18.04'!$AM$4:$AO$55,2,FALSE))*IF('18.04'!$AK7="是",'18.04'!$AZ$4,'18.04'!$AZ$3)) -> 0 | B7: =IF(ISNUMBER(SEARCH("营",'18.04'!J7)),(-$Y7+50*IF('18.04'!$AK7="是",'18.04'!$AZ$4,'18.04'!$AZ$3)),(VLOOKUP('18.04'!J7,'18.04'!$AM$4:$AO$55,2,FALSE))*IF('18.04'!$AK7="是",'18.04'!$AZ$4,'18.04'!$AZ$3)) -> 0 | C7: =IF(ISNUMBER(SEARCH("营",'18.04'!K7)),(-$Y7+50*IF('18.04'!$AK7="是",'18.04'!$AZ$4,'18.04'!$AZ$3)),(VLOOKUP('18.04'!K7,'18.04'!$AM$4:$AO$55,2,FALSE))*IF('18.04'!$AK7="是",'18.04'!$AZ$4,'18.04'!$AZ$3)) -> 0 | D7: =IF(ISNUMBER(SEARCH("营",'18.04'!L7)),(-$Y7+50*IF('18.04'!$AK7="是",'18.04'!$AZ$4,'18.04'!$AZ$3)),(VLOOKUP('18.04'!L7,'18.04'!$AM$4:$AO$55,2,FALSE))*IF('18.04'!$AK7="是",'18.04'!$AZ$4,'18.04'!$AZ$3)) -> 0 | E7: =IF(ISNUMBER(SEARCH("营",'18.04'!M7)),(-$Y7+50*IF('18.04'!$AK7="是",'18.04'!$AZ$4,'18.04'!$AZ$3)),(VLOOKUP('18.04'!M7,'18.04'!$AM$4:$AO$55,2,FALSE))*IF('18.04'!$AK7="是",'18.04'!$AZ$4,'18.04'!$AZ$3)) -> 0 | F7: =IF(ISNUMBER(SEARCH("营",'18.04'!N7)),(-$Y7+50*IF('18.04'!$AK7="是",'18.04'!$AZ$4,'18.04'!$AZ$3)),(VLOOKUP('18.04'!N7,'18.04'!$AM$4:$AO$55,2,FALSE))*IF('18.04'!$AK7="是",'18.04'!$AZ$4,'18.04'!$AZ$3)) -> 0 | G7: =IF(ISNUMBER(SEARCH("营",'18.04'!O7)),(-$Y7+50*IF('18.04'!$AK7="是",'18.04'!$AZ$4,'18.04'!$AZ$3)),(VLOOKUP('18.04'!O7,'18.04'!$AM$4:$AO$55,2,FALSE))*IF('18.04'!$AK7="是",'18.04'!$AZ$4,'18.04'!$AZ$3)) -> 0 | H7: =IF(ISNUMBER(SEARCH("营",'18.04'!P7)),(-$Y7+50*IF('18.04'!$AK7="是",'18.04'!$AZ$4,'18.04'!$AZ$3)),(VLOOKUP('18.04'!P7,'18.04'!$AM$4:$AO$55,2,FALSE))*IF('18.04'!$AK7="是",'18.04'!$AZ$4,'18.04'!$AZ$3)) -> 0 | ... X7: =IF(ISNUMBER(SEARCH("营",'18.04'!AF7)),(-$Y7+50*IF('18.04'!$AK7="是",'18.04'!$AZ$4,'18.04'!$AZ$3)),(VLOOKUP('18.04'!AF7,'18.04'!$AM$4:$AO$55,2,FALSE))*IF('18.04'!$AK7="是",'18.04'!$AZ$4,'18.04'!$AZ$3)) -> 170 | Y7: 300 | Z7: 45642
A8: =IF(ISNUMBER(SEARCH("营",'18.04'!I8)),(-$Y8+50*IF('18.04'!$AK8="是",'18.04'!$AZ$4,'18.04'!$AZ$3)),(VLOOKUP('18.04'!I8,'18.04'!$AM$4:$AO$55,2,FALSE))*IF('18.04'!$AK8="是",'18.04'!$AZ$4,'18.04'!$AZ$3)) -> 0 | B8: =IF(ISNUMBER(SEARCH("营",'18.04'!J8)),(-$Y8+50*IF('18.04'!$AK8="是",'18.04'!$AZ$4,'18.04'!$AZ$3)),(VLOOKUP('18.04'!J8,'18.04'!$AM$4:$AO$55,2,FALSE))*IF('18.04'!$AK8="是",'18.04'!$AZ$4,'18.04'!$AZ$3)) -> 0 | C8: =IF(ISNUMBER(SEARCH("营",'18.04'!K8)),(-$Y8+50*IF('18.04'!$AK8="是",'18.04'!$AZ$4,'18.04'!$AZ$3)),(VLOOKUP('18.04'!K8,'18.04'!$AM$4:$AO$55,2,FALSE))*IF('18.04'!$AK8="是",'18.04'!$AZ$4,'18.04'!$AZ$3)) -> 0 | D8: =IF(ISNUMBER(SEARCH("营",'18.04'!L8)),(-$Y8+50*IF('18.04'!$AK8="是",'18.04'!$AZ$4,'18.04'!$AZ$3)),(VLOOKUP('18.04'!L8,'18.04'!$AM$4:$AO$55,2,FALSE))*IF('18.04'!$AK8="是",'18.04'!$AZ$4,'18.04'!$AZ$3)) -> 0 | E8: =IF(ISNUMBER(SEARCH("营",'18.04'!M8)),(-$Y8+50*IF('18.04'!$AK8="是",'18.04'!$AZ$4,'18.04'!$AZ$3)),(VLOOKUP('18.04'!M8,'18.04'!$AM$4:$AO$55,2,FALSE))*IF('18.04'!$AK8="是",'18.04'!$AZ$4,'18.04'!$AZ$3)) -> 0 | F8: =IF(ISNUMBER(SEARCH("营",'18.04'!N8)),(-$Y8+50*IF('18.04'!$AK8="是",'18.04'!$AZ$4,'18.04'!$AZ$3)),(VLOOKUP('18.04'!N8,'18.04'!$AM$4:$AO$55,2,FALSE))*IF('18.04'!$AK8="是",'18.04'!$AZ$4,'18.04'!$AZ$3)) -> 0 | G8: =IF(ISNUMBER(SEARCH("营",'18.04'!O8)),(-$Y8+50*IF('18.04'!$AK8="是",'18.04'!$AZ$4,'18.04'!$AZ$3)),(VLOOKUP('18.04'!O8,'18.04'!$AM$4:$AO$55,2,FALSE))*IF('18.04'!$AK8="是",'18.04'!$AZ$4,'18.04'!$AZ$3)) -> 0 | H8: =IF(ISNUMBER(SEARCH("营",'18.04'!P8)),(-$Y8+50*IF('18.04'!$AK8="是",'18.04'!$AZ$4,'18.04'!$AZ$3)),(VLOOKUP('18.04'!P8,'18.04'!$AM$4:$AO$55,2,FALSE))*IF('18.04'!$AK8="是",'18.04'!$AZ$4,'18.04'!$AZ$3)) -> 0 | ... X8: =IF(ISNUMBER(SEARCH("营",'18.04'!AF8)),(-$Y8+50*IF('18.04'!$AK8="是",'18.04'!$AZ$4,'18.04'!$AZ$3)),(VLOOKUP('18.04'!AF8,'18.04'!$AM$4:$AO$55,2,FALSE))*IF('18.04'!$AK8="是",'18.04'!$AZ$4,'18.04'!$AZ$3)) -> 170 | Y8: 300 | Z8: 45643
A9: =IF(ISNUMBER(SEARCH("营",'18.04'!I9)),(-$Y9+50*IF('18.04'!$AK9="是",'18.04'!$AZ$4,'18.04'!$AZ$3)),(VLOOKUP('18.04'!I9,'18.04'!$AM$4:$AO$55,2,FALSE))*IF('18.04'!$AK9="是",'18.04'!$AZ$4,'18.04'!$AZ$3)) -> 0 | B9: =IF(ISNUMBER(SEARCH("营",'18.04'!J9)),(-$Y9+50*IF('18.04'!$AK9="是",'18.04'!$AZ$4,'18.04'!$AZ$3)),(VLOOKUP('18.04'!J9,'18.04'!$AM$4:$AO$55,2,FALSE))*IF('18.04'!$AK9="是",'18.04'!$AZ$4,'18.04'!$AZ$3)) -> 0 | C9: =IF(ISNUMBER(SEARCH("营",'18.04'!K9)),(-$Y9+50*IF('18.04'!$AK9="是",'18.04'!$AZ$4,'18.04'!$AZ$3)),(VLOOKUP('18.04'!K9,'18.04'!$AM$4:$AO$55,2,FALSE))*IF('18.04'!$AK9="是",'18.04'!$AZ$4,'18.04'!$AZ$3)) -> 0 | D9: =IF(ISNUMBER(SEARCH("营",'18.04'!L9)),(-$Y9+50*IF('18.04'!$AK9="是",'18.04'!$AZ$4,'18.04'!$AZ$3)),(VLOOKUP('18.04'!L9,'18.04'!$AM$4:$AO$55,2,FALSE))*IF('18.04'!$AK9="是",'18.04'!$AZ$4,'18.04'!$AZ$3)) -> 0 | E9: =IF(ISNUMBER(SEARCH("营",'18.04'!M9)),(-$Y9+50*IF('18.04'!$AK9="是",'18.04'!$AZ$4,'18.04'!$AZ$3)),(VLOOKUP('18.04'!M9,'18.04'!$AM$4:$AO$55,2,FALSE))*IF('18.04'!$AK9="是",'18.04'!$AZ$4,'18.04'!$AZ$3)) -> 0 | F9: =IF(ISNUMBER(SEARCH("营",'18.04'!N9)),(-$Y9+50*IF('18.04'!$AK9="是",'18.04'!$AZ$4,'18.04'!$AZ$3)),(VLOOKUP('18.04'!N9,'18.04'!$AM$4:$AO$55,2,FALSE))*IF('18.04'!$AK9="是",'18.04'!$AZ$4,'18.04'!$AZ$3)) -> 0 | G9: =IF(ISNUMBER(SEARCH("营",'18.04'!O9)),(-$Y9+50*IF('18.04'!$AK9="是",'18.04'!$AZ$4,'18.04'!$AZ$3)),(VLOOKUP('18.04'!O9,'18.04'!$AM$4:$AO$55,2,FALSE))*IF('18.04'!$AK9="是",'18.04'!$AZ$4,'18.04'!$AZ$3)) -> 0 | H9: =IF(ISNUMBER(SEARCH("营",'18.04'!P9)),(-$Y9+50*IF('18.04'!$AK9="是",'18.04'!$AZ$4,'18.04'!$AZ$3)),(VLOOKUP('18.04'!P9,'18.04'!$AM$4:$AO$55,2,FALSE))*IF('18.04'!$AK9="是",'18.04'!$AZ$4,'18.04'!$AZ$3)) -> 0 | ... X9: =IF(ISNUMBER(SEARCH("营",'18.04'!AF9)),(-$Y9+50*IF('18.04'!$AK9="是",'18.04'!$AZ$4,'18.04'!$AZ$3)),(VLOOKUP('18.04'!AF9,'18.04'!$AM$4:$AO$55,2,FALSE))*IF('18.04'!$AK9="是",'18.04'!$AZ$4,'18.04'!$AZ$3)) -> 0 | Y9: 300 | Z9: 45644
A10: =IF(ISNUMBER(SEARCH("营",'18.04'!I10)),(-$Y10+50*IF('18.04'!$AK10="是",'18.04'!$AZ$4,'18.04'!$AZ$3)),(VLOOKUP('18.04'!I10,'18.04'!$AM$4:$AO$55,2,FALSE))*IF('18.04'!$AK10="是",'18.04'!$AZ$4,'18.04'!$AZ$3)) -> 150 | B10: =IF(ISNUMBER(SEARCH("营",'18.04'!J10)),(-$Y10+50*IF('18.04'!$AK10="是",'18.04'!$AZ$4,'18.04'!$AZ$3)),(VLOOKUP('18.04'!J10,'18.04'!$AM$4:$AO$55,2,FALSE))*IF('18.04'!$AK10="是",'18.04'!$AZ$4,'18.04'!$AZ$3)) -> 150 | C10: =IF(ISNUMBER(SEARCH("营",'18.04'!K10)),(-$Y10+50*IF('18.04'!$AK10="是",'18.04'!$AZ$4,'18.04'!$AZ$3)),(VLOOKUP('18.04'!K10,'18.04'!$AM$4:$AO$55,2,FALSE))*IF('18.04'!$AK10="是",'18.04'!$AZ$4,'18.04'!$AZ$3)) -> 150 | D10: =IF(ISNUMBER(SEARCH("营",'18.04'!L10)),(-$Y10+50*IF('18.04'!$AK10="是",'18.04'!$AZ$4,'18.04'!$AZ$3)),(VLOOKUP('18.04'!L10,'18.04'!$AM$4:$AO$55,2,FALSE))*IF('18.04'!$AK10="是",'18.04'!$AZ$4,'18.04'!$AZ$3)) -> 150 | E10: =IF(ISNUMBER(SEARCH("营",'18.04'!M10)),(-$Y10+50*IF('18.04'!$AK10="是",'18.04'!$AZ$4,'18.04'!$AZ$3)),(VLOOKUP('18.04'!M10,'18.04'!$AM$4:$AO$55,2,FALSE))*IF('18.04'!$AK10="是",'18.04'!$AZ$4,'18.04'!$AZ$3)) -> 50 | F10: =IF(ISNUMBER(SEARCH("营",'18.04'!N10)),(-$Y10+50*IF('18.04'!$AK10="是",'18.04'!$AZ$4,'18.04'!$AZ$3)),(VLOOKUP('18.04'!N10,'18.04'!$AM$4:$AO$55,2,FALSE))*IF('18.04'!$AK10="是",'18.04'!$AZ$4,'18.04'!$AZ$3)) -> 150 | G10: =IF(ISNUMBER(SEARCH("营",'18.04'!O10)),(-$Y10+50*IF('18.04'!$AK10="是",'18.04'!$AZ$4,'18.04'!$AZ$3)),(VLOOKUP('18.04'!O10,'18.04'!$AM$4:$AO$55,2,FALSE))*IF('18.04'!$AK10="是",'18.04'!$AZ$4,'18.04'!$AZ$3)) -> 150 | H10: =IF(ISNUMBER(SEARCH("营",'18.04'!P10)),(-$Y10+50*IF('18.04'!$AK10="是",'18.04'!$AZ$4,'18.04'!$AZ$3)),(VLOOKUP('18.04'!P10,'18.04'!$AM$4:$AO$55,2,FALSE))*IF('18.04'!$AK10="是",'18.04'!$AZ$4,'18.04'!$AZ$3)) -> 150 | ... X10: =IF(ISNUMBER(SEARCH("营",'18.04'!AF10)),(-$Y10+50*IF('18.04'!$AK10="是",'18.04'!$AZ$4,'18.04'!$AZ$3)),(VLOOKUP('18.04'!AF10,'18.04'!$AM$4:$AO$55,2,FALSE))*IF('18.04'!$AK10="是",'18.04'!$AZ$4,'18.04'!$AZ$3)) -> 0 | Y10: 300 | Z10: 45645
A11: =IF(ISNUMBER(SEARCH("营",'18.04'!I11)),(-$Y11+50*IF('18.04'!$AK11="是",'18.04'!$AZ$4,'18.04'!$AZ$3)),(VLOOKUP('18.04'!I11,'18.04'!$AM$4:$AO$55,2,FALSE))*IF('18.04'!$AK11="是",'18.04'!$AZ$4,'18.04'!$AZ$3)) -> 150 | B11: =IF(ISNUMBER(SEARCH("营",'18.04'!J11)),(-$Y11+50*IF('18.04'!$AK11="是",'18.04'!$AZ$4,'18.04'!$AZ$3)),(VLOOKUP('18.04'!J11,'18.04'!$AM$4:$AO$55,2,FALSE))*IF('18.04'!$AK11="是",'18.04'!$AZ$4,'18.04'!$AZ$3)) -> 150 | C11: =IF(ISNUMBER(SEARCH("营",'18.04'!K11)),(-$Y11+50*IF('18.04'!$AK11="是",'18.04'!$AZ$4,'18.04'!$AZ$3)),(VLOOKUP('18.04'!K11,'18.04'!$AM$4:$AO$55,2,FALSE))*IF('18.04'!$AK11="是",'18.04'!$AZ$4,'18.04'!$AZ$3)) -> 50 | D11: =IF(ISNUMBER(SEARCH("营",'18.04'!L11)),(-$Y11+50*IF('18.04'!$AK11="是",'18.04'!$AZ$4,'18.04'!$AZ$3)),(VLOOKUP('18.04'!L11,'18.04'!$AM$4:$AO$55,2,FALSE))*IF('18.04'!$AK11="是",'18.04'!$AZ$4,'18.04'!$AZ$3)) -> 150 | E11: =IF(ISNUMBER(SEARCH("营",'18.04'!M11)),(-$Y11+50*IF('18.04'!$AK11="是",'18.04'!$AZ$4,'18.04'!$AZ$3)),(VLOOKUP('18.04'!M11,'18.04'!$AM$4:$AO$55,2,FALSE))*IF('18.04'!$AK11="是",'18.04'!$AZ$4,'18.04'!$AZ$3)) -> 150 | F11: =IF(ISNUMBER(SEARCH("营",'18.04'!N11)),(-$Y11+50*IF('18.04'!$AK11="是",'18.04'!$AZ$4,'18.04'!$AZ$3)),(VLOOKUP('18.04'!N11,'18.04'!$AM$4:$AO$55,2,FALSE))*IF('18.04'!$AK11="是",'18.04'!$AZ$4,'18.04'!$AZ$3)) -> 150 | G11: =IF(ISNUMBER(SEARCH("营",'18.04'!O11)),(-$Y11+50*IF('18.04'!$AK11="是",'18.04'!$AZ$4,'18.04'!$AZ$3)),(VLOOKUP('18.04'!O11,'18.04'!$AM$4:$AO$55,2,FALSE))*IF('18.04'!$AK11="是",'18.04'!$AZ$4,'18.04'!$AZ$3)) -> 150 | H11: =IF(ISNUMBER(SEARCH("营",'18.04'!P11)),(-$Y11+50*IF('18.04'!$AK11="是",'18.04'!$AZ$4,'18.04'!$AZ$3)),(VLOOKUP('18.04'!P11,'18.04'!$AM$4:$AO$55,2,FALSE))*IF('18.04'!$AK11="是",'18.04'!$AZ$4,'18.04'!$AZ$3)) -> 150 | ... X11: =IF(ISNUMBER(SEARCH("营",'18.04'!AF11)),(-$Y11+50*IF('18.04'!$AK11="是",'18.04'!$AZ$4,'18.04'!$AZ$3)),(VLOOKUP('18.04'!AF11,'18.04'!$AM$4:$AO$55,2,FALSE))*IF('18.04'!$AK11="是",'18.04'!$AZ$4,'18.04'!$AZ$3)) -> 0 | Y11: 300 | Z11: 45646
A12: =IF(ISNUMBER(SEARCH("营",'18.04'!I12)),(-$Y12+50*IF('18.04'!$AK12="是",'18.04'!$AZ$4,'18.04'!$AZ$3)),(VLOOKUP('18.04'!I12,'18.04'!$AM$4:$AO$55,2,FALSE))*IF('18.04'!$AK12="是",'18.04'!$AZ$4,'18.04'!$AZ$3)) -> 120 | B12: =IF(ISNUMBER(SEARCH("营",'18.04'!J12)),(-$Y12+50*IF('18.04'!$AK12="是",'18.04'!$AZ$4,'18.04'!$AZ$3)),(VLOOKUP('18.04'!J12,'18.04'!$AM$4:$AO$55,2,FALSE))*IF('18.04'!$AK12="是",'18.04'!$AZ$4,'18.04'!$AZ$3)) -> 120 | C12: =IF(ISNUMBER(SEARCH("营",'18.04'!K12)),(-$Y12+50*IF('18.04'!$AK12="是",'18.04'!$AZ$4,'18.04'!$AZ$3)),(VLOOKUP('18.04'!K12,'18.04'!$AM$4:$AO$55,2,FALSE))*IF('18.04'!$AK12="是",'18.04'!$AZ$4,'18.04'!$AZ$3)) -> 40 | D12: =IF(ISNUMBER(SEARCH("营",'18.04'!L12)),(-$Y12+50*IF('18.04'!$AK12="是",'18.04'!$AZ$4,'18.04'!$AZ$3)),(VLOOKUP('18.04'!L12,'18.04'!$AM$4:$AO$55,2,FALSE))*IF('18.04'!$AK12="是",'18.04'!$AZ$4,'18.04'!$AZ$3)) -> 128 | E12: =IF(ISNUMBER(SEARCH("营",'18.04'!M12)),(-$Y12+50*IF('18.04'!$AK12="是",'18.04'!$AZ$4,'18.04'!$AZ$3)),(VLOOKUP('18.04'!M12,'18.04'!$AM$4:$AO$55,2,FALSE))*IF('18.04'!$AK12="是",'18.04'!$AZ$4,'18.04'!$AZ$3)) -> 128 | F12: =IF(ISNUMBER(SEARCH("营",'18.04'!N12)),(-$Y12+50*IF('18.04'!$AK12="是",'18.04'!$AZ$4,'18.04'!$AZ$3)),(VLOOKUP('18.04'!N12,'18.04'!$AM$4:$AO$55,2,FALSE))*IF('18.04'!$AK12="是",'18.04'!$AZ$4,'18.04'!$AZ$3)) -> 128 | G12: =IF(ISNUMBER(SEARCH("营",'18.04'!O12)),(-$Y12+50*IF('18.04'!$AK12="是",'18.04'!$AZ$4,'18.04'!$AZ$3)),(VLOOKUP('18.04'!O12,'18.04'!$AM$4:$AO$55,2,FALSE))*IF('18.04'!$AK12="是",'18.04'!$AZ$4,'18.04'!$AZ$3)) -> -260 | H12: =IF(ISNUMBER(SEARCH("营",'18.04'!P12)),(-$Y12+50*IF('18.04'!$AK12="是",'18.04'!$AZ$4,'18.04'!$AZ$3)),(VLOOKUP('18.04'!P12,'18.04'!$AM$4:$AO$55,2,FALSE))*IF('18.04'!$AK12="是",'18.04'!$AZ$4,'18.04'!$AZ$3)) -> 128 | ... X12: =IF(ISNUMBER(SEARCH("营",'18.04'!AF12)),(-$Y12+50*IF('18.04'!$AK12="是",'18.04'!$AZ$4,'18.04'!$AZ$3)),(VLOOKUP('18.04'!AF12,'18.04'!$AM$4:$AO$55,2,FALSE))*IF('18.04'!$AK12="是",'18.04'!$AZ$4,'18.04'!$AZ$3)) -> 0 | Y12: 300 | Z12: 45647
A13: =IF(ISNUMBER(SEARCH("营",'18.04'!I13)),(-$Y13+50*IF('18.04'!$AK13="是",'18.04'!$AZ$4,'18.04'!$AZ$3)),(VLOOKUP('18.04'!I13,'18.04'!$AM$4:$AO$55,2,FALSE))*IF('18.04'!$AK13="是",'18.04'!$AZ$4,'18.04'!$AZ$3)) -> 40 | B13: =IF(ISNUMBER(SEARCH("营",'18.04'!J13)),(-$Y13+50*IF('18.04'!$AK13="是",'18.04'!$AZ$4,'18.04'!$AZ$3)),(VLOOKUP('18.04'!J13,'18.04'!$AM$4:$AO$55,2,FALSE))*IF('18.04'!$AK13="是",'18.04'!$AZ$4,'18.04'!$AZ$3)) -> 120 | C13: =IF(ISNUMBER(SEARCH("营",'18.04'!K13)),(-$Y13+50*IF('18.04'!$AK13="是",'18.04'!$AZ$4,'18.04'!$AZ$3)),(VLOOKUP('18.04'!K13,'18.04'!$AM$4:$AO$55,2,FALSE))*IF('18.04'!$AK13="是",'18.04'!$AZ$4,'18.04'!$AZ$3)) -> 128 | D13: =IF(ISNUMBER(SEARCH("营",'18.04'!L13)),(-$Y13+50*IF('18.04'!$AK13="是",'18.04'!$AZ$4,'18.04'!$AZ$3)),(VLOOKUP('18.04'!L13,'18.04'!$AM$4:$AO$55,2,FALSE))*IF('18.04'!$AK13="是",'18.04'!$AZ$4,'18.04'!$AZ$3)) -> 128 | E13: =IF(ISNUMBER(SEARCH("营",'18.04'!M13)),(-$Y13+50*IF('18.04'!$AK13="是",'18.04'!$AZ$4,'18.04'!$AZ$3)),(VLOOKUP('18.04'!M13,'18.04'!$AM$4:$AO$55,2,FALSE))*IF('18.04'!$AK13="是",'18.04'!$AZ$4,'18.04'!$AZ$3)) -> 128 | F13: =IF(ISNUMBER(SEARCH("营",'18.04'!N13)),(-$Y13+50*IF('18.04'!$AK13="是",'18.04'!$AZ$4,'18.04'!$AZ$3)),(VLOOKUP('18.04'!N13,'18.04'!$AM$4:$AO$55,2,FALSE))*IF('18.04'!$AK13="是",'18.04'!$AZ$4,'18.04'!$AZ$3)) -> 40 | G13: =IF(ISNUMBER(SEARCH("营",'18.04'!O13)),(-$Y13+50*IF('18.04'!$AK13="是",'18.04'!$AZ$4,'18.04'!$AZ$3)),(VLOOKUP('18.04'!O13,'18.04'!$AM$4:$AO$55,2,FALSE))*IF('18.04'!$AK13="是",'18.04'!$AZ$4,'18.04'!$AZ$3)) -> 0 | H13: =IF(ISNUMBER(SEARCH("营",'18.04'!P13)),(-$Y13+50*IF('18.04'!$AK13="是",'18.04'!$AZ$4,'18.04'!$AZ$3)),(VLOOKUP('18.04'!P13,'18.04'!$AM$4:$AO$55,2,FALSE))*IF('18.04'!$AK13="是",'18.04'!$AZ$4,'18.04'!$AZ$3)) -> 0 | ... X13: =IF(ISNUMBER(SEARCH("营",'18.04'!AF13)),(-$Y13+50*IF('18.04'!$AK13="是",'18.04'!$AZ$4,'18.04'!$AZ$3)),(VLOOKUP('18.04'!AF13,'18.04'!$AM$4:$AO$55,2,FALSE))*IF('18.04'!$AK13="是",'18.04'!$AZ$4,'18.04'!$AZ$3)) -> 160 | Y13: 300 | Z13: 45648
A14: =IF(ISNUMBER(SEARCH("营",'18.04'!I14)),(-$Y14+50*IF('18.04'!$AK14="是",'18.04'!$AZ$4,'18.04'!$AZ$3)),(VLOOKUP('18.04'!I14,'18.04'!$AM$4:$AO$55,2,FALSE))*IF('18.04'!$AK14="是",'18.04'!$AZ$4,'18.04'!$AZ$3)) -> 128 | B14: =IF(ISNUMBER(SEARCH("营",'18.04'!J14)),(-$Y14+50*IF('18.04'!$AK14="是",'18.04'!$AZ$4,'18.04'!$AZ$3)),(VLOOKUP('18.04'!J14,'18.04'!$AM$4:$AO$55,2,FALSE))*IF('18.04'!$AK14="是",'18.04'!$AZ$4,'18.04'!$AZ$3)) -> 128 | C14: =IF(ISNUMBER(SEARCH("营",'18.04'!K14)),(-$Y14+50*IF('18.04'!$AK14="是",'18.04'!$AZ$4,'18.04'!$AZ$3)),(VLOOKUP('18.04'!K14,'18.04'!$AM$4:$AO$55,2,FALSE))*IF('18.04'!$AK14="是",'18.04'!$AZ$4,'18.04'!$AZ$3)) -> 120 | D14: =IF(ISNUMBER(SEARCH("营",'18.04'!L14)),(-$Y14+50*IF('18.04'!$AK14="是",'18.04'!$AZ$4,'18.04'!$AZ$3)),(VLOOKUP('18.04'!L14,'18.04'!$AM$4:$AO$55,2,FALSE))*IF('18.04'!$AK14="是",'18.04'!$AZ$4,'18.04'!$AZ$3)) -> 128 | E14: =IF(ISNUMBER(SEARCH("营",'18.04'!M14)),(-$Y14+50*IF('18.04'!$AK14="是",'18.04'!$AZ$4,'18.04'!$AZ$3)),(VLOOKUP('18.04'!M14,'18.04'!$AM$4:$AO$55,2,FALSE))*IF('18.04'!$AK14="是",'18.04'!$AZ$4,'18.04'!$AZ$3)) -> 0 | F14: =IF(ISNUMBER(SEARCH("营",'18.04'!N14)),(-$Y14+50*IF('18.04'!$AK14="是",'18.04'!$AZ$4,'18.04'!$AZ$3)),(VLOOKUP('18.04'!N14,'18.04'!$AM$4:$AO$55,2,FALSE))*IF('18.04'!$AK14="是",'18.04'!$AZ$4,'18.04'!$AZ$3)) -> 0 | G14: =IF(ISNUMBER(SEARCH("营",'18.04'!O14)),(-$Y14+50*IF('18.04'!$AK14="是",'18.04'!$AZ$4,'18.04'!$AZ$3)),(VLOOKUP('18.04'!O14,'18.04'!$AM$4:$AO$55,2,FALSE))*IF('18.04'!$AK14="是",'18.04'!$AZ$4,'18.04'!$AZ$3)) -> 0 | H14: =IF(ISNUMBER(SEARCH("营",'18.04'!P14)),(-$Y14+50*IF('18.04'!$AK14="是",'18.04'!$AZ$4,'18.04'!$AZ$3)),(VLOOKUP('18.04'!P14,'18.04'!$AM$4:$AO$55,2,FALSE))*IF('18.04'!$AK14="是",'18.04'!$AZ$4,'18.04'!$AZ$3)) -> 0 | ... X14: =IF(ISNUMBER(SEARCH("营",'18.04'!AF14)),(-$Y14+50*IF('18.04'!$AK14="是",'18.04'!$AZ$4,'18.04'!$AZ$3)),(VLOOKUP('18.04'!AF14,'18.04'!$AM$4:$AO$55,2,FALSE))*IF('18.04'!$AK14="是",'18.04'!$AZ$4,'18.04'!$AZ$3)) -> 0 | Y14: 300 | Z14: 45649
A15: =IF(ISNUMBER(SEARCH("营",'18.04'!I15)),(-$Y15+50*IF('18.04'!$AK15="是",'18.04'!$AZ$4,'18.04'!$AZ$3)),(VLOOKUP('18.04'!I15,'18.04'!$AM$4:$AO$55,2,FALSE))*IF('18.04'!$AK15="是",'18.04'!$AZ$4,'18.04'!$AZ$3)) -> 128 | B15: =IF(ISNUMBER(SEARCH("营",'18.04'!J15)),(-$Y15+50*IF('18.04'!$AK15="是",'18.04'!$AZ$4,'18.04'!$AZ$3)),(VLOOKUP('18.04'!J15,'18.04'!$AM$4:$AO$55,2,FALSE))*IF('18.04'!$AK15="是",'18.04'!$AZ$4,'18.04'!$AZ$3)) -> -260 | C15: =IF(ISNUMBER(SEARCH("营",'18.04'!K15)),(-$Y15+50*IF('18.04'!$AK15="是",'18.04'!$AZ$4,'18.04'!$AZ$3)),(VLOOKUP('18.04'!K15,'18.04'!$AM$4:$AO$55,2,FALSE))*IF('18.04'!$AK15="是",'18.04'!$AZ$4,'18.04'!$AZ$3)) -> 128 | D15: =IF(ISNUMBER(SEARCH("营",'18.04'!L15)),(-$Y15+50*IF('18.04'!$AK15="是",'18.04'!$AZ$4,'18.04'!$AZ$3)),(VLOOKUP('18.04'!L15,'18.04'!$AM$4:$AO$55,2,FALSE))*IF('18.04'!$AK15="是",'18.04'!$AZ$4,'18.04'!$AZ$3)) -> 128 | E15: =IF(ISNUMBER(SEARCH("营",'18.04'!M15)),(-$Y15+50*IF('18.04'!$AK15="是",'18.04'!$AZ$4,'18.04'!$AZ$3)),(VLOOKUP('18.04'!M15,'18.04'!$AM$4:$AO$55,2,FALSE))*IF('18.04'!$AK15="是",'18.04'!$AZ$4,'18.04'!$AZ$3)) -> 128 | F15: =IF(ISNUMBER(SEARCH("营",'18.04'!N15)),(-$Y15+50*IF('18.04'!$AK15="是",'18.04'!$AZ$4,'18.04'!$AZ$3)),(VLOOKUP('18.04'!N15,'18.04'!$AM$4:$AO$55,2,FALSE))*IF('18.04'!$AK15="是",'18.04'!$AZ$4,'18.04'!$AZ$3)) -> 40 | G15: =IF(ISNUMBER(SEARCH("营",'18.04'!O15)),(-$Y15+50*IF('18.04'!$AK15="是",'18.04'!$AZ$4,'18.04'!$AZ$3)),(VLOOKUP('18.04'!O15,'18.04'!$AM$4:$AO$55,2,FALSE))*IF('18.04'!$AK15="是",'18.04'!$AZ$4,'18.04'!$AZ$3)) -> 0 | H15: =IF(ISNUMBER(SEARCH("营",'18.04'!P15)),(-$Y15+50*IF('18.04'!$AK15="是",'18.04'!$AZ$4,'18.04'!$AZ$3)),(VLOOKUP('18.04'!P15,'18.04'!$AM$4:$AO$55,2,FALSE))*IF('18.04'!$AK15="是",'18.04'!$AZ$4,'18.04'!$AZ$3)) -> 0 | ... X15: =IF(ISNUMBER(SEARCH("营",'18.04'!AF15)),(-$Y15+50*IF('18.04'!$AK15="是",'18.04'!$AZ$4,'18.04'!$AZ$3)),(VLOOKUP('18.04'!AF15,'18.04'!$AM$4:$AO$55,2,FALSE))*IF('18.04'!$AK15="是",'18.04'!$AZ$4,'18.04'!$AZ$3)) -> 0 | Y15: 300 | Z15: 45650
... A93: =IF(ISNUMBER(SEARCH("营",'18.04'!I93)),(-$Y93+50*IF('18.04'!$AK93="是",'18.04'!$AZ$4,'18.04'!$AZ$3)),(VLOOKUP('18.04'!I93,'18.04'!$AM$4:$AO$55,2,FALSE))*IF('18.04'!$AK93="是",'18.04'!$AZ$4,'18.04'!$AZ$3)) -> 0 | B93: =IF(ISNUMBER(SEARCH("营",'18.04'!J93)),(-$Y93+50*IF('18.04'!$AK93="是",'18.04'!$AZ$4,'18.04'!$AZ$3)),(VLOOKUP('18.04'!J93,'18.04'!$AM$4:$AO$55,2,FALSE))*IF('18.04'!$AK93="是",'18.04'!$AZ$4,'18.04'!$AZ$3)) -> 0 | C93: =IF(ISNUMBER(SEARCH("营",'18.04'!K93)),(-$Y93+50*IF('18.04'!$AK93="是",'18.04'!$AZ$4,'18.04'!$AZ$3)),(VLOOKUP('18.04'!K93,'18.04'!$AM$4:$AO$55,2,FALSE))*IF('18.04'!$AK93="是",'18.04'!$AZ$4,'18.04'!$AZ$3)) -> 0 | D93: =IF(ISNUMBER(SEARCH("营",'18.04'!L93)),(-$Y93+50*IF('18.04'!$AK93="是",'18.04'!$AZ$4,'18.04'!$AZ$3)),(VLOOKUP('18.04'!L93,'18.04'!$AM$4:$AO$55,2,FALSE))*IF('18.04'!$AK93="是",'18.04'!$AZ$4,'18.04'!$AZ$3)) -> 0 | E93: =IF(ISNUMBER(SEARCH("营",'18.04'!M93)),(-$Y93+50*IF('18.04'!$AK93="是",'18.04'!$AZ$4,'18.04'!$AZ$3)),(VLOOKUP('18.04'!M93,'18.04'!$AM$4:$AO$55,2,FALSE))*IF('18.04'!$AK93="是",'18.04'!$AZ$4,'18.04'!$AZ$3)) -> 0 | F93: =IF(ISNUMBER(SEARCH("营",'18.04'!N93)),(-$Y93+50*IF('18.04'!$AK93="是",'18.04'!$AZ$4,'18.04'!$AZ$3)),(VLOOKUP('18.04'!N93,'18.04'!$AM$4:$AO$55,2,FALSE))*IF('18.04'!$AK93="是",'18.04'!$AZ$4,'18.04'!$AZ$3)) -> 0 | G93: =IF(ISNUMBER(SEARCH("营",'18.04'!O93)),(-$Y93+50*IF('18.04'!$AK93="是",'18.04'!$AZ$4,'18.04'!$AZ$3)),(VLOOKUP('18.04'!O93,'18.04'!$AM$4:$AO$55,2,FALSE))*IF('18.04'!$AK93="是",'18.04'!$AZ$4,'18.04'!$AZ$3)) -> 0 | H93: =IF(ISNUMBER(SEARCH("营",'18.04'!P93)),(-$Y93+50*IF('18.04'!$AK93="是",'18.04'!$AZ$4,'18.04'!$AZ$3)),(VLOOKUP('18.04'!P93,'18.04'!$AM$4:$AO$55,2,FALSE))*IF('18.04'!$AK93="是",'18.04'!$AZ$4,'18.04'!$AZ$3)) -> 0 | ... X93: =IF(ISNUMBER(SEARCH("营",'18.04'!AF93)),(-$Y93+50*IF('18.04'!$AK93="是",'18.04'!$AZ$4,'18.04'!$AZ$3)),(VLOOKUP('18.04'!AF93,'18.04'!$AM$4:$AO$55,2,FALSE))*IF('18.04'!$AK93="是",'18.04'!$AZ$4,'18.04'!$AZ$3)) -> 0 | Y93: 100 | Z93: 45728

Sheet 经验
A2: 队伍一 风 | C2: 步数 | D2: =COUNTIF(A4:H94,"<>空") -> 728 | E2: (不算跳步和传送) | I2: 队伍二 雷 | K2: 步数 | L2: =COUNTIF(I4:P94,"<>空") -> 728 | M2: (不算跳步和传送) | Q2: 队伍三 | S2: 总步数 | T2: =COUNTIF(Q4:X94,"<>空") -> 728 | U2: (不算跳步和传送)
A3: 1 | B3: 2 | C3: 3 | D3: 4 | E3: 5 | F3: 6 | G3: 7 | H3: 8 | I3: 1 | J3: 2 | K3: 3 | L3: 4 | M3: 5 | N3: 6 | O3: 7 | P3: 8 | Q3: 1 | R3: 2 | S3: 3 | T3: 4 | U3: 5 | V3: 6 | W3: 7 | X3: 8
A4: =(VLOOKUP('18.04'!I4,'18.04'!$AM$4:$AO$55,3,FALSE)) -> 35 | B4: =(VLOOKUP('18.04'!J4,'18.04'!$AM$4:$AO$55,3,FALSE)) -> 35 | C4: =(VLOOKUP('18.04'!K4,'18.04'!$AM$4:$AO$55,3,FALSE)) -> 35 | D4: =(VLOOKUP('18.04'!L4,'18.04'!$AM$4:$AO$55,3,FALSE)) -> 35 | E4: =(VLOOKUP('18.04'!M4,'18.04'!$AM$4:$AO$55,3,FALSE)) -> 35 | F4: =(VLOOKUP('18.04'!N4,'18.04'!$AM$4:$AO$55,3,FALSE)) -> 0 | G4: =(VLOOKUP('18.04'!O4,'18.04'!$AM$4:$AO$55,3,FALSE)) -> 0 | H4: =(VLOOKUP('18.04'!P4,'18.04'!$AM$4:$AO$55,3,FALSE)) -> 0 | ... X4: =(VLOOKUP('18.04'!AF4,'18.04'!$AM$4:$AO$55,3,FALSE)) -> 0
A5: =(VLOOKUP('18.04'!I5,'18.04'!$AM$4:$AO$55,3,FALSE)) -> 0 | B5: =(VLOOKUP('18.04'!J5,'18.04'!$AM$4:$AO$55,3,FALSE)) -> 0 | C5: =(VLOOKUP('18.04'!K5,'18.04'!$AM$4:$AO$55,3,FALSE)) -> 0 | D5: =(VLOOKUP('18.04'!L5,'18.04'!$AM$4:$AO$55,3,FALSE)) -> 0 | E5: =(VLOOKUP('18.04'!M5,'18.04'!$AM$4:$AO$55,3,FALSE)) -> 0 | F5: =(VLOOKUP('18.04'!N5,'18.04'!$AM$4:$AO$55,3,FALSE)) -> 0 | G5: =(VLOOKUP('18.04'!O5,'18.04'!$AM$4:$AO$55,3,FALSE)) -> 0 | H5: =(VLOOKUP('18.04'!P5,'18.04'!$AM$4:$AO$55,3,FALSE)) -> 0 | ... X5: =(VLOOKUP('18.04'!AF5,'18.04'!$AM$4:$AO$55,3,FALSE)) -> 40
A6: =(VLOOKUP('18.04'!I6,'18.04'!$AM$4:$AO$55,3,FALSE)) -> 0 | B6: =(VLOOKUP('18.04'!J6,'18.04'!$AM$4:$AO$55,3,FALSE)) -> 0 | C6: =(VLOOKUP('18.04'!K6,'18.04'!$AM$4:$AO$55,3,FALSE)) -> 0 | D6: =(VLOOKUP('18.04'!L6,'18.04'!$AM$4:$AO$55,3,FALSE)) -> 0 | E6: =(VLOOKUP('18.04'!M6,'18.04'!$AM$4:$AO$55,3,FALSE)) -> 0 | F6: =(VLOOKUP('18.04'!N6,'18.04'!$AM$4:$AO$55,3,FALSE)) -> 0 | G6: =(VLOOKUP('18.04'!O6,'18.04'!$AM$4:$AO$55,3,FALSE)) -> 0 | H6: =(VLOOKUP('18.04'!P6,'18.04'!$AM$4:$AO$55,3,FALSE)) -> 0 | ... X6: =(VLOOKUP('18.04'!AF6,'18.04'!$AM$4:$AO$55,3,FALSE)) -> 40
A7: =(VLOOKUP('18.04'!I7,'18.04'!$AM$4:$AO$55,3,FALSE)) -> 0 | B7: =(VLOOKUP('18.04'!J7,'18.04'!$AM$4:$AO$55,3,FALSE)) -> 0 | C7: =(VLOOKUP('18.04'!K7,'18.04'!$AM$4:$AO$55,3,FALSE)) -> 0 | D7: =(VLOOKUP('18.04'!L7,'18.04'!$AM$4:$AO$55,3,FALSE)) -> 0 | E7: =(VLOOKUP('18.04'!M7,'18.04'!$AM$4:$AO$55,3,FALSE)) -> 0 | F7: =(VLOOKUP('18.04'!N7,'18.04'!$AM$4:$AO$55,3,FALSE)) -> 0 | G7: =(VLOOKUP('18.04'!O7,'18.04'!$AM$4:$AO$55,3,FALSE)) -> 0 | H7: =(VLOOKUP('18.04'!P7,'18.04'!$AM$4:$AO$55,3,FALSE)) -> 0 | ... X7: =(VLOOKUP('18.04'!AF7,'18.04'!$AM$4:$AO$55,3,FALSE)) -> 45
A8: =(VLOOKUP('18.04'!I8,'18.04'!$AM$4:$AO$55,3,FALSE)) -> 0 | B8: =(VLOOKUP('18.04'!J8,'18.04'!$AM$4:$AO$55,3,FALSE)) -> 0 | C8: =(VLOOKUP('18.04'!K8,'18.04'!$AM$4:$AO$55,3,FALSE)) -> 0 | D8: =(VLOOKUP('18.04'!L8,'18.04'!$AM$4:$AO$55,3,FALSE)) -> 0 | E8: =(VLOOKUP('18.04'!M8,'18.04'!$AM$4:$AO$55,3,FALSE)) -> 0 | F8: =(VLOOKUP('18.04'!N8,'18.04'!$AM$4:$AO$55,3,FALSE)) -> 0 | G8: =(VLOOKUP('18.04'!O8,'18.04'!$AM$4:$AO$55,3,FALSE)) -> 0 | H8: =(VLOOKUP('18.04'!P8,'18.04'!$AM$4:$AO$55,3,FALSE)) -> 0 | ... X8: =(VLOOKUP('18.04'!AF8,'18.04'!$AM$4:$AO$55,3,FALSE)) -> 45
A9: =(VLOOKUP('18.04'!I9,'18.04'!$AM$4:$AO$55,3,FALSE)) -> 0 | B9: =(VLOOKUP('18.04'!J9,'18.04'!$AM$4:$AO$55,3,FALSE)) -> 0 | C9: =(VLOOKUP('18.04'!K9,'18.04'!$AM$4:$AO$55,3,FALSE)) -> 0 | D9: =(VLOOKUP('18.04'!L9,'18.04'!$AM$4:$AO$55,3,FALSE)) -> 0 | E9: =(VLOOKUP('18.04'!M9,'18.04'!$AM$4:$AO$55,3,FALSE)) -> 0 | F9: =(VLOOKUP('18.04'!N9,'18.04'!$AM$4:$AO$55,3,FALSE)) -> 0 | G9: =(VLOOKUP('18.04'!O9,'18.04'!$AM$4:$AO$55,3,FALSE)) -> 0 | H9: =(VLOOKUP('18.04'!P9,'18.04'!$AM$4:$AO$55,3,FALSE)) -> 0 | ... X9: =(VLOOKUP('18.04'!AF9,'18.04'!$AM$4:$AO$55,3,FALSE)) -> 0
A10: =(VLOOKUP('18.04'!I10,'18.04'!$AM$4:$AO$55,3,FALSE)) -> 35 | B10: =(VLOOKUP('18.04'!J10,'18.04'!$AM$4:$AO$55,3,FALSE)) -> 35 | C10: =(VLOOKUP('18.04'!K10,'18.04'!$AM$4:$AO$55,3,FALSE)) -> 35 | D10: =(VLOOKUP('18.04'!L10,'18.04'!$AM$4:$AO$55,3,FALSE)) -> 35 | E10: =(VLOOKUP('18.04'!M10,'18.04'!$AM$4:$AO$55,3,FALSE)) -> 30 | F10: =(VLOOKUP('18.04'!N10,'18.04'!$AM$4:$AO$55,3,FALSE)) -> 35 | G10: =(VLOOKUP('18.04'!O10,'18.04'!$AM$4:$AO$55,3,FALSE)) -> 35 | H10: =(VLOOKUP('18.04'!P10,'18.04'!$AM$4:$AO$55,3,FALSE)) -> 35 | ... X10: =(VLOOKUP('18.04'!AF10,'18.04'!$AM$4:$AO$55,3,FALSE)) -> 0
A11: =(VLOOKUP('18.04'!I11,'18.04'!$AM$4:$AO$55,3,FALSE)) -> 35 | B11: =(VLOOKUP('18.04'!J11,'18.04'!$AM$4:$AO$55,3,FALSE)) -> 35 | C11: =(VLOOKUP('18.04'!K11,'18.04'!$AM$4:$AO$55,3,FALSE)) -> 30 | D11: =(VLOOKUP('18.04'!L11,'18.04'!$AM$4:$AO$55,3,FALSE)) -> 35 | E11: =(VLOOKUP('18.04'!M11,'18.04'!$AM$4:$AO$55,3,FALSE)) -> 35 | F11: =(VLOOKUP('18.04'!N11,'18.04'!$AM$4:$AO$55,3,FALSE)) -> 35 | G11: =(VLOOKUP('18.04'!O11,'18.04'!$AM$4:$AO$55,3,FALSE)) -> 35 | H11: =(VLOOKUP('18.04'!P11,'18.04'!$AM$4:$AO$55,3,FALSE)) -> 35 | ... X11: =(VLOOKUP('18.04'!AF11,'18.04'!$AM$4:$AO$55,3,FALSE)) -> 0
A12: =(VLOOKUP('18.04'!I12,'18.04'!$AM$4:$AO$55,3,FALSE)) -> 35 | B12: =(VLOOKUP('18.04'!J12,'18.04'!$AM$4:$AO$55,3,FALSE)) -> 35 | C12: =(VLOOKUP('18.04'!K12,'18.04'!$AM$4:$AO$55,3,FALSE)) -> 30 | D12: =(VLOOKUP('18.04'!L12,'18.04'!$AM$4:$AO$55,3,FALSE)) -> 40 | E12: =(VLOOKUP('18.04'!M12,'18.04'!$AM$4:$AO$55,3,FALSE)) -> 40 | F12: =(VLOOKUP('18.04'!N12,'18.04'!$AM$4:$AO$55,3,FALSE)) -> 40 | G12: =(VLOOKUP('18.04'!O12,'18.04'!$AM$4:$AO$55,3,FALSE)) -> 0 | H12: =(VLOOKUP('18.04'!P12,'18.04'!$AM$4:$AO$55,3,FALSE)) -> 40 | ... X12: =(VLOOKUP('18.04'!AF12,'18.04'!$AM$4:$AO$55,3,FALSE)) -> 0
A13: =(VLOOKUP('18.04'!I13,'18.04'!$AM$4:$AO$55,3,FALSE)) -> 520 | B13: =(VLOOKUP('18.04'!J13,'18.04'!$AM$4:$AO$55,3,FALSE)) -> 35 | C13: =(VLOOKUP('18.04'!K13,'18.04'!$AM$4:$AO$55,3,FALSE)) -> 40 | D13: =(VLOOKUP('18.04'!L13,'18.04'!$AM$4:$AO$55,3,FALSE)) -> 40 | E13: =(VLOOKUP('18.04'!M13,'18.04'!$AM$4:$AO$55,3,FALSE)) -> 40 | F13: =(VLOOKUP('18.04'!N13,'18.04'!$AM$4:$AO$55,3,FALSE)) -> 30 | G13: =(VLOOKUP('18.04'!O13,'18.04'!$AM$4:$AO$55,3,FALSE)) -> 0 | H13: =(VLOOKUP('18.04'!P13,'18.04'!$AM$4:$AO$55,3,FALSE)) -> 0 | ... X13: =(VLOOKUP('18.04'!AF13,'18.04'!$AM$4:$AO$55,3,FALSE)) -> 60
A14: =(VLOOKUP('18.04'!I14,'18.04'!$AM$4:$AO$55,3,FALSE)) -> 40 | B14: =(VLOOKUP('18.04'!J14,'18.04'!$AM$4:$AO$55,3,FALSE)) -> 40 | C14: =(VLOOKUP('18.04'!K14,'18.04'!$AM$4:$AO$55,3,FALSE)) -> 40 | D14: =(VLOOKUP('18.04'!L14,'18.04'!$AM$4:$AO$55,3,FALSE)) -> 40 | E14: =(VLOOKUP('18.04'!M14,'18.04'!$AM$4:$AO$55,3,FALSE)) -> 0 | F14: =(VLOOKUP('18.04'!N14,'18.04'!$AM$4:$AO$55,3,FALSE)) -> 0 | G14: =(VLOOKUP('18.04'!O14,'18.04'!$AM$4:$AO$55,3,FALSE)) -> 0 | H14: =(VLOOKUP('18.04'!P14,'18.04'!$AM$4:$AO$55,3,FALSE)) -> 0 | ... X14: =(VLOOKUP('18.04'!AF14,'18.04'!$AM$4:$AO$55,3,FALSE)) -> 0
A15: =(VLOOKUP('18.04'!I15,'18.04'!$AM$4:$AO$55,3,FALSE)) -> 40 | B15: =(VLOOKUP('18.04'!J15,'18.04'!$AM$4:$AO$55,3,FALSE)) -> 0 | C15: =(VLOOKUP('18.04'!K15,'18.04'!$AM$4:$AO$55,3,FALSE)) -> 40 | D15: =(VLOOKUP('18.04'!L15,'18.04'!$AM$4:$AO$55,3,FALSE)) -> 40 | E15: =(VLOOKUP('18.04'!M15,'18.04'!$AM$4:$AO$55,3,FALSE)) -> 40 | F15: =(VLOOKUP('18.04'!N15,'18.04'!$AM$4:$AO$55,3,FALSE)) -> 30 | G15: =(VLOOKUP('18.04'!O15,'18.04'!$AM$4:$AO$55,3,FALSE)) -> 0 | H15: =(VLOOKUP('18.04'!P15,'18.04'!$AM$4:$AO$55,3,FALSE)) -> 0 | ... X15: =(VLOOKUP('18.04'!AF15,'18.04'!$AM$4:$AO$55,3,FALSE)) -> 0
... A93: =(VLOOKUP('18.04'!I93,'18.04'!$AM$4:$AO$55,3,FALSE)) -> 0 | B93: =(VLOOKUP('18.04'!J93,'18.04'!$AM$4:$AO$55,3,FALSE)) -> 0 | C93: =(VLOOKUP('18.04'!K93,'18.04'!$AM$4:$AO$55,3,FALSE)) -> 0 | D93: =(VLOOKUP('18.04'!L93,'18.04'!$AM$4:$AO$55,3,FALSE)) -> 0 | E93: =(VLOOKUP('18.04'!M93,'18.04'!$AM$4:$AO$55,3,FALSE)) -> 0 | F93: =(VLOOKUP('18.04'!N93,'18.04'!$AM$4:$AO$55,3,FALSE)) -> 0 | G93: =(VLOOKUP('18.04'!O93,'18.04'!$AM$4:$AO$55,3,FALSE)) -> 0 | H93: =(VLOOKUP('18.04'!P93,'18.04'!$AM$4:$AO$55,3,FALSE)) -> 0 | ... X93: =(VLOOKUP('18.04'!AF93,'18.04'!$AM$4:$AO$55,3,FALSE)) -> 0

Sheet 亏损
A2: 队伍一 风 | C2: 步数 | D2: =COUNTIF(A4:H94,"<>空") -> 728 | E2: (不算跳步和传送) | I2: 队伍二 雷 | K2: 步数 | L2: =COUNTIF(I4:P94,"<>空") -> 728 | M2: (不算跳步和传送) | Q2: 队伍三 | S2: 总步数 | T2: =COUNTIF(Q4:X94,"<>空") -> 728 | U2: (不算跳步和传送)
A3: 1 | B3: 2 | C3: 3 | D3: 4 | E3: 5 | F3: 6 | G3: 7 | H3: 8 | I3: 1 | J3: 2 | K3: 3 | L3: 4 | M3: 5 | N3: 6 | O3: 7 | P3: 8 | Q3: 1 | R3: 2 | S3: 3 | T3: 4 | U3: 5 | V3: 6 | W3: 7 | X3: 8
A4: =(VLOOKUP('18.04'!I4,'18.04'!$AM$4:$AP$55,4,FALSE)) -> 44.222109 | B4: =(VLOOKUP('18.04'!J4,'18.04'!$AM$4:$AP$55,4,FALSE)) -> 44.222109 | C4: =(VLOOKUP('18.04'!K4,'18.04'!$AM$4:$AP$55,4,FALSE)) -> 44.222109 | D4: =(VLOOKUP('18.04'!L4,'18.04'!$AM$4:$AP$55,4,FALSE)) -> 44.222109 | E4: =(VLOOKUP('18.04'!M4,'18.04'!$AM$4:$AP$55,4,FALSE)) -> 44.222109 | F4: =(VLOOKUP('18.04'!N4,'18.04'!$AM$4:$AP$55,4,FALSE)) -> 0 | G4: =(VLOOKUP('18.04'!O4,'18.04'!$AM$4:$AP$55,4,FALSE)) -> 0 | H4: =(VLOOKUP('18.04'!P4,'18.04'!$AM$4:$AP$55,4,FALSE)) -> 0 | ... X4: =(VLOOKUP('18.04'!AF4,'18.04'!$AM$4:$AP$55,4,FALSE)) -> 0
A5: =(VLOOKUP('18.04'!I5,'18.04'!$AM$4:$AP$55,4,FALSE)) -> 0 | B5: =(VLOOKUP('18.04'!J5,'18.04'!$AM$4:$AP$55,4,FALSE)) -> 0 | C5: =(VLOOKUP('18.04'!K5,'18.04'!$AM$4:$AP$55,4,FALSE)) -> 0 | D5: =(VLOOKUP('18.04'!L5,'18.04'!$AM$4:$AP$55,4,FALSE)) -> 0 | E5: =(VLOOKUP('18.04'!M5,'18.04'!$AM$4:$AP$55,4,FALSE)) -> 0 | F5: =(VLOOKUP('18.04'!N5,'18.04'!$AM$4:$AP$55,4,FALSE)) -> 0 | G5: =(VLOOKUP('18.04'!O5,'18.04'!$AM$4:$AP$55,4,FALSE)) -> 0 | H5: =(VLOOKUP('18.04'!P5,'18.04'!$AM$4:$AP$55,4,FALSE)) -> 0 | ... X5: =(VLOOKUP('18.04'!AF5,'18.04'!$AM$4:$AP$55,4,FALSE)) -> 39.110982
A6: =(VLOOKUP('18.04'!I6,'18.04'!$AM$4:$AP$55,4,FALSE)) -> 0 | B6: =(VLOOKUP('18.04'!J6,'18.04'!$AM$4:$AP$55,4,FALSE)) -> 0 | C6: =(VLOOKUP('18.04'!K6,'18.04'!$AM$4:$AP$55,4,FALSE)) -> 0 | D6: =(VLOOKUP('18.04'!L6,'18.04'!$AM$4:$AP$55,4,FALSE)) -> 0 | E6: =(VLOOKUP('18.04'!M6,'18.04'!$AM$4:$AP$55,4,FALSE)) -> 0 | F6: =(VLOOKUP('18.04'!N6,'18.04'!$AM$4:$AP$55,4,FALSE)) -> 0 | G6: =(VLOOKUP('18.04'!O6,'18.04'!$AM$4:$AP$55,4,FALSE)) -> 0 | H6: =(VLOOKUP('18.04'!P6,'18.04'!$AM$4:$AP$55,4,FALSE)) -> 0 | ... X6: =(VLOOKUP('18.04'!AF6,'18.04'!$AM$4:$AP$55,4,FALSE)) -> 39.110982
A7: =(VLOOKUP('18.04'!I7,'18.04'!$AM$4:$AP$55,4,FALSE)) -> 0 | B7: =(VLOOKUP('18.04'!J7,'18.04'!$AM$4:$AP$55,4,FALSE)) -> 0 | C7: =(VLOOKUP('18.04'!K7,'18.04'!$AM$4:$AP$55,4,FALSE)) -> 0 | D7: =(VLOOKUP('18.04'!L7,'18.04'!$AM$4:$AP$55,4,FALSE)) -> 0 | E7: =(VLOOKUP('18.04'!M7,'18.04'!$AM$4:$AP$55,4,FALSE)) -> 0 | F7: =(VLOOKUP('18.04'!N7,'18.04'!$AM$4:$AP$55,4,FALSE)) -> 0 | G7: =(VLOOKUP('18.04'!O7,'18.04'!$AM$4:$AP$55,4,FALSE)) -> 0 | H7: =(VLOOKUP('18.04'!P7,'18.04'!$AM$4:$AP$55,4,FALSE)) -> 0 | ... X7: =(VLOOKUP('18.04'!AF7,'18.04'!$AM$4:$AP$55,4,FALSE)) -> 34
A8: =(VLOOKUP('18.04'!I8,'18.04'!$AM$4:$AP$55,4,FALSE)) -> 0 | B8: =(VLOOKUP('18.04'!J8,'18.04'!$AM$4:$AP$55,4,FALSE)) -> 0 | C8: =(VLOOKUP('18.04'!K8,'18.04'!$AM$4:$AP$55,4,FALSE)) -> 0 | D8: =(VLOOKUP('18.04'!L8,'18.04'!$AM$4:$AP$55,4,FALSE)) -> 0 | E8: =(VLOOKUP('18.04'!M8,'18.04'!$AM$4:$AP$55,4,FALSE)) -> 0 | F8: =(VLOOKUP('18.04'!N8,'18.04'!$AM$4:$AP$55,4,FALSE)) -> 0 | G8: =(VLOOKUP('18.04'!O8,'18.04'!$AM$4:$AP$55,4,FALSE)) -> 0 | H8: =(VLOOKUP('18.04'!P8,'18.04'!$AM$4:$AP$55,4,FALSE)) -> 0 | ... X8: =(VLOOKUP('18.04'!AF8,'18.04'!$AM$4:$AP$55,4,FALSE)) -> 34
A9: =(VLOOKUP('18.04'!I9,'18.04'!$AM$4:$AP$55,4,FALSE)) -> 0 | B9: =(VLOOKUP('18.04'!J9,'18.04'!$AM$4:$AP$55,4,FALSE)) -> 0 | C9: =(VLOOKUP('18.04'!K9,'18.04'!$AM$4:$AP$55,4,FALSE)) -> 0 | D9: =(VLOOKUP('18.04'!L9,'18.04'!$AM$4:$AP$55,4,FALSE)) -> 0 | E9: =(VLOOKUP('18.04'!M9,'18.04'!$AM$4:$AP$55,4,FALSE)) -> 0 | F9: =(VLOOKUP('18.04'!N9,'18.04'!$AM$4:$AP$55,4,FALSE)) -> 0 | G9: =(VLOOKUP('18.04'!O9,'18.04'!$AM$4:$AP$55,4,FALSE)) -> 0 | H9: =(VLOOKUP('18.04'!P9,'18.04'!$AM$4:$AP$55,4,FALSE)) -> 0 | ... X9: =(VLOOKUP('18.04'!AF9,'18.04'!$AM$4:$AP$55,4,FALSE)) -> 0
A10: =(VLOOKUP('18.04'!I10,'18.04'!$AM$4:$AP$55,4,FALSE)) -> 44.222109 | B10: =(VLOOKUP('18.04'!J10,'18.04'!$AM$4:$AP$55,4,FALSE)) -> 44.222109 | C10: =(VLOOKUP('18.04'!K10,'18.04'!$AM$4:$AP$55,4,FALSE)) -> 44.222109 | D10: =(VLOOKUP('18.04'!L10,'18.04'!$AM$4:$AP$55,4,FALSE)) -> 44.222109 | E10: =(VLOOKUP('18.04'!M10,'18.04'!$AM$4:$AP$55,4,FALSE)) -> 10 | F10: =(VLOOKUP('18.04'!N10,'18.04'!$AM$4:$AP$55,4,FALSE)) -> 44.222109 | G10: =(VLOOKUP('18.04'!O10,'18.04'!$AM$4:$AP$55,4,FALSE)) -> 44.222109 | H10: =(VLOOKUP('18.04'!P10,'18.04'!$AM$4:$AP$55,4,FALSE)) -> 44.222109 | ... X10: =(VLOOKUP('18.04'!AF10,'18.04'!$AM$4:$AP$55,4,FALSE)) -> 0
A11: =(VLOOKUP('18.04'!I11,'18.04'!$AM$4:$AP$55,4,FALSE)) -> 44.222109 | B11: =(VLOOKUP('18.04'!J11,'18.04'!$AM$4:$AP$55,4,FALSE)) -> 44.222109 | C11: =(VLOOKUP('18.04'!K11,'18.04'!$AM$4:$AP$55,4,FALSE)) -> 10 | D11: =(VLOOKUP('18.04'!L11,'18.04'!$AM$4:$AP$55,4,FALSE)) -> 44.222109 | E11: =(VLOOKUP('18.04'!M11,'18.04'!$AM$4:$AP$55,4,FALSE)) -> 44.222109 | F11: =(VLOOKUP('18.04'!N11,'18.04'!$AM$4:$AP$55,4,FALSE)) -> 44.222109 | G11: =(VLOOKUP('18.04'!O11,'18.04'!$AM$4:$AP$55,4,FALSE)) -> 44.222109 | H11: =(VLOOKUP('18.04'!P11,'18.04'!$AM$4:$AP$55,4,FALSE)) -> 44.222109 | ... X11: =(VLOOKUP('18.04'!AF11,'18.04'!$AM$4:$AP$55,4,FALSE)) -> 0
A12: =(VLOOKUP('18.04'!I12,'18.04'!$AM$4:$AP$55,4,FALSE)) -> 44.222109 | B12: =(VLOOKUP('18.04'!J12,'18.04'!$AM$4:$AP$55,4,FALSE)) -> 44.222109 | C12: =(VLOOKUP('18.04'!K12,'18.04'!$AM$4:$AP$55,4,FALSE)) -> 10 | D12: =(VLOOKUP('18.04'!L12,'18.04'!$AM$4:$AP$55,4,FALSE)) -> 39.110982 | E12: =(VLOOKUP('18.04'!M12,'18.04'!$AM$4:$AP$55,4,FALSE)) -> 39.110982 | F12: =(VLOOKUP('18.04'!N12,'18.04'!$AM$4:$AP$55,4,FALSE)) -> 39.110982 | G12: =(VLOOKUP('18.04'!O12,'18.04'!$AM$4:$AP$55,4,FALSE)) -> 10 | H12: =(VLOOKUP('18.04'!P12,'18.04'!$AM$4:$AP$55,4,FALSE)) -> 39.110982 | ... X12: =(VLOOKUP('18.04'!AF12,'18.04'!$AM$4:$AP$55,4,FALSE)) -> 0
A13: =(VLOOKUP('18.04'!I13,'18.04'!$AM$4:$AP$55,4,FALSE)) -> 0 | B13: =(VLOOKUP('18.04'!J13,'18.04'!$AM$4:$AP$55,4,FALSE)) -> 44.222109 | C13: =(VLOOKUP('18.04'!K13,'18.04'!$AM$4:$AP$55,4,FALSE)) -> 39.110982 | D13: =(VLOOKUP('18.04'!L13,'18.04'!$AM$4:$AP$55,4,FALSE)) -> 39.110982 | E13: =(VLOOKUP('18.04'!M13,'18.04'!$AM$4:$AP$55,4,FALSE)) -> 39.110982 | F13: =(VLOOKUP('18.04'!N13,'18.04'!$AM$4:$AP$55,4,FALSE)) -> 10 | G13: =(VLOOKUP('18.04'!O13,'18.04'!$AM$4:$AP$55,4,FALSE)) -> 0 | H13: =(VLOOKUP('18.04'!P13,'18.04'!$AM$4:$AP$55,4,FALSE)) -> 0 | ... X13: =(VLOOKUP('18.04'!AF13,'18.04'!$AM$4:$AP$55,4,FALSE)) -> 0
A14: =(VLOOKUP('18.04'!I14,'18.04'!$AM$4:$AP$55,4,FALSE)) -> 39.110982 | B14: =(VLOOKUP('18.04'!J14,'18.04'!$AM$4:$AP$55,4,FALSE)) -> 39.110982 | C14: =(VLOOKUP('18.04'!K14,'18.04'!$AM$4:$AP$55,4,FALSE)) -> 29.110982 | D14: =(VLOOKUP('18.04'!L14,'18.04'!$AM$4:$AP$55,4,FALSE)) -> 39.110982 | E14: =(VLOOKUP('18.04'!M14,'18.04'!$AM$4:$AP$55,4,FALSE)) -> 0 | F14: =(VLOOKUP('18.04'!N14,'18.04'!$AM$4:$AP$55,4,FALSE)) -> 0 | G14: =(VLOOKUP('18.04'!O14,'18.04'!$AM$4:$AP$55,4,FALSE)) -> 0 | H14: =(VLOOKUP('18.04'!P14,'18.04'!$AM$4:$AP$55,4,FALSE)) -> 0 | ... X14: =(VLOOKUP('18.04'!AF14,'18.04'!$AM$4:$AP$55,4,FALSE)) -> 0
A15: =(VLOOKUP('18.04'!I15,'18.04'!$AM$4:$AP$55,4,FALSE)) -> 39.110982 | B15: =(VLOOKUP('18.04'!J15,'18.04'!$AM$4:$AP$55,4,FALSE)) -> 10 | C15: =(VLOOKUP('18.04'!K15,'18.04'!$AM$4:$AP$55,4,FALSE)) -> 39.110982 | D15: =(VLOOKUP('18.04'!L15,'18.04'!$AM$4:$AP$55,4,FALSE)) -> 39.110982 | E15: =(VLOOKUP('18.04'!M15,'18.04'!$AM$4:$AP$55,4,FALSE)) -> 39.110982 | F15: =(VLOOKUP('18.04'!N15,'18.04'!$AM$4:$AP$55,4,FALSE)) -> 10 | G15: =(VLOOKUP('18.04'!O15,'18.04'!$AM$4:$AP$55,4,FALSE)) -> 0 | H15: =(VLOOKUP('18.04'!P15,'18.04'!$AM$4:$AP$55,4,FALSE)) -> 0 | ... X15: =(VLOOKUP('18.04'!AF15,'18.04'!$AM$4:$AP$55,4,FALSE)) -> 0
... A93: =(VLOOKUP('18.04'!I93,'18.04'!$AM$4:$AP$55,4,FALSE)) -> 0 | B93: =(VLOOKUP('18.04'!J93,'18.04'!$AM$4:$AP$55,4,FALSE)) -> 0 | C93: =(VLOOKUP('18.04'!K93,'18.04'!$AM$4:$AP$55,4,FALSE)) -> 0 | D93: =(VLOOKUP('18.04'!L93,'18.04'!$AM$4:$AP$55,4,FALSE)) -> 0 | E93: =(VLOOKUP('18.04'!M93,'18.04'!$AM$4:$AP$55,4,FALSE)) -> 0 | F93: =(VLOOKUP('18.04'!N93,'18.04'!$AM$4:$AP$55,4,FALSE)) -> 0 | G93: =(VLOOKUP('18.04'!O93,'18.04'!$AM$4:$AP$55,4,FALSE)) -> 0 | H93: =(VLOOKUP('18.04'!P93,'18.04'!$AM$4:$AP$55,4,FALSE)) -> 0 | ... X93: =(VLOOKUP('18.04'!AF93,'18.04'!$AM$4:$AP$55,4,FALSE)) -> 0
