Workbook

Sheet 21.04.01
A1: =(_xlfn.DAYS(TODAY(),A4)+2)/((_xlfn.DAYS(A93,A4))+1) -> 0.055555556 | I1: 工作区
D2: 合计经验 | F2: =SUM(F4:F93)+SUM(H4:H93) -> 35940 | I2: 队伍一 火 | K2: 步数 | L2: =COUNTIF(I4:P93,"<>空") -> 219 | M2: (不算跳步和传送) | Q2: 队伍二 雷 | S2: 步数 | T2: =COUNTIF(Q4:X93,"<>空") -> 178 | U2: (不算跳步和传送) | Y2: 队伍三 | AA2: 总步数 | AB2: =COUNTIF(Y4:AF93,"<>空") -> 129 | AC2: (不算跳步和传送) | AG2: =SUM(AG4:AG93) -> 82 | AH2: =SUM(AH4:AH93) -> 44 | AI2: =SUM(AI4:AI93) -> 30 | AJ2: =SUM(AJ4:AJ93) -> 8 | AK2: 八卦全开 | AU2: 总地块 | AV2: =SUM(AV4:AV29) -> 526 | AW2: 剩余粮草 | AX2: =AR47 -> 16 | AY2: 总经验 | AZ2: =SUM(AX4:AZ29)+7000 -> 35940 | BB2: 粮草系数
A3: 日期 | B3: 获得粮草 | C3: 粮草调整 | D3: 消耗粮草 | E3: 剩余粮草 | F3: 获得经验 | G3: 累计经验 | H3: 任务经验 | I3: 1 | J3: 2 | K3: 3 | L3: 4 | M3: 5 | N3: 6 | O3: 7 | P3: 8 | Q3: 1 | R3: 2 | S3: 3 | T3: 4 | U3: 5 | V3: 6 | W3: 7 | X3: 8 | Y3: 1 | Z3: 2 | AA3: 3 | AB3: 4 | AC3: 5 | AD3: 6 | AE3: 7 | AF3: 8 | AG3: 跳步次数 | AH3: 1队跳步 | AI3: 2队跳步 | AJ3: 3队跳步 | AL3: 1队剩步 | AM3: 2队剩步 | AN3: 3队剩步 | AO3: 地块 | AP3: 粮草 | AQ3: 经验 | AR3: 八卦前亏损 | AS3: 一队地块 | AT3: 二队地块 | AU3: 三队地块 | AV3: 总地块 | AX3: 一队经验 | AY3: 二队经验 | AZ3: 三队经验 | BA3: 八卦前 | BB3: 1 | BD3: 亏损
A4: 45912 | B4: 800 | C4: 6000 | D4: =(SUM(粮草!A4:X4)+AG4*10*IF(AK4="是",$BB$4,$BB$3)) -> 2600 | E4: =SUM($B$4:B4)+SUM($C$4:C4)-SUM($D$4:D4) -> 4200 | F4: =SUM(经验!A4:X4) -> 635 | G4: =SUM($F$4:F4)+SUM($H$4:H4) -> 1135 | H4: 500 | I4: 1级 | J4: 1级 | K4: 1级 | L4: 1级 | M4: 1级 | N4: 商人 | O4: 空 | P4: 空 | Q4: 1级 | R4: 1级 | S4: 1级 | T4: 1级 | U4: 1级 | V4: 1级 | W4: 空 | X4: 空 | Y4: 塔2 | Z4: 1级 | AA4: 1级 | AB4: 塔2 | AC4: 1级 | AD4: 1级 | AE4: 空 | AF4: 空 | AG4: =AH4+AI4+AJ4 -> 0 | AK4: 否 | AL4: =6-COUNTIF(I4:P4,"<>空") -> 0 | AM4: =6-COUNTIF(Q4:X4,"<>空") -> 0 | AN4: =6-COUNTIF(Y4:AF4,"<>空") -> 0 | AO4: 1级 | AP4: 150 | AQ4: 35 | AR4: 44.222109 | AS4: =COUNTIF($I$4:$P$93,AO4) -> 5 | AT4: =COUNTIF($Q$4:$X$93,AO4) -> 6 | AU4: =COUNTIF($Y$4:$AF$93,AO4) -> 27 | AV4: =AS4+AT4+AU4 -> 38 | AW4: 30 | AX4: =AS4*$AQ4 -> 175 | AY4: =AT4*$AQ4 -> 210 | AZ4: =AU4*$AQ4 -> 945 | BA4: 八卦后 | BB4: 0.8 | BD4: =AR4*AV4 -> 1680.4402
A5: 45913 | B5: 1600 | D5: =(SUM(粮草!A5:X5)+AG5*10*IF(AK5="是",$BB$4,$BB$3)) -> 800 | E5: =SUM($B$4:B5)+SUM($C$4:C5)-SUM($D$4:D5) -> 5000 | F5: =SUM(经验!A5:X5) -> 210 | G5: =SUM($F$4:F5)+SUM($H$4:H5) -> 1345 | H5: 0 | I5: 空 | J5: 空 | K5: 空 | L5: 空 | M5: 空 | N5: 空 | O5: 空 | P5: 空 | Q5: 空 | R5: 空 | S5: 空 | T5: 空 | U5: 空 | V5: 空 | W5: 空 | X5: 空 | Y5: 1级 | Z5: 1级 | AA5: 商人 | AB5: 1级 | AC5: 1级 | AD5: 塔2 | AE5: 空 | AF5: 空 | AG5: =AH5+AI5+AJ5 -> 0 | AK5: 否 | AL5: =MIN(AL4+6,18)-COUNTIF(I5:P5,"<>空")+COUNTIF(I5:P5,"历练")+COUNTIF(I5:P5,"营地")*2 -> 6 | AM5: =MIN(AM4+6,18)-COUNTIF(Q5:X5,"<>空")+COUNTIF(Q5:X5,"历练")+COUNTIF(Q5:X5,"营地")*2 -> 6 | AN5: =MIN(AN4+6,18)-COUNTIF(Y5:AF5,"<>空")+COUNTIF(Y5:AF5,"历练")+COUNTIF(Y5:AF5,"营地")*2 -> 0 | AO5: 2级 | AP5: 160 | AQ5: 40 | AR5: 39.110982 | AS5: =COUNTIF($I$4:$P$93,AO5) -> 1 | AT5: =COUNTIF($Q$4:$X$93,AO5) -> 0 | AU5: =COUNTIF($Y$4:$AF$93,AO5) -> 43 | AV5: =AS5+AT5+AU5 -> 44 | AW5: 54 | AX5: =AS5*$AQ5 -> 40 | AY5: =AT5*$AQ5 -> 0 | AZ5: =AU5*$AQ5 -> 1720 | BA5: Note：开完八卦当天可能需要手动计算粮草 | BD5: =AR5*AV5 -> 1720.8832
A6: 45914 | B6: 1600 | D6: =(SUM(粮草!A6:X6)+AG6*10*IF(AK6="是",$BB$4,$BB$3)) -> 900 | E6: =SUM($B$4:B6)+SUM($C$4:C6)-SUM($D$4:D6) -> 5700 | F6: =SUM(经验!A6:X6) -> 215 | G6: =SUM($F$4:F6)+SUM($H$4:H6) -> 1560 | H6: 0 | I6: 空 | J6: 空 | K6: 空 | L6: 空 | M6: 空 | N6: 空 | O6: 空 | P6: 空 | Q6: 空 | R6: 空 | S6: 空 | T6: 空 | U6: 空 | V6: 空 | W6: 空 | X6: 空 | Y6: 1级 | Z6: 1级 | AA6: 1级 | AB6: 塔2 | AC6: 1级 | AD6: 1级 | AE6: 空 | AF6: 空 | AG6: =AH6+AI6+AJ6 -> 0 | AK6: 否 | AL6: =MIN(AL5+6,18)-COUNTIF(I6:P6,"<>空")+COUNTIF(I6:P6,"历练")+COUNTIF(I6:P6,"营地")*2 -> 12 | AM6: =MIN(AM5+6,18)-COUNTIF(Q6:X6,"<>空")+COUNTIF(Q6:X6,"历练")+COUNTIF(Q6:X6,"营地")*2 -> 12 | AN6: =MIN(AN5+6,18)-COUNTIF(Y6:AF6,"<>空")+COUNTIF(Y6:AF6,"历练")+COUNTIF(Y6:AF6,"营地")*2 -> 0 | AO6: 3级 | AP6: 170 | AQ6: 45 | AR6: 34 | AS6: =COUNTIF($I$4:$P$93,AO6) -> 33 | AT6: =COUNTIF($Q$4:$X$93,AO6) -> 30 | AU6: =COUNTIF($Y$4:$AF$93,AO6) -> 15 | AV6: =AS6+AT6+AU6 -> 78 | AW6: 180 | AX6: =AS6*$AQ6 -> 1485 | AY6: =AT6*$AQ6 -> 1350 | AZ6: =AU6*$AQ6 -> 675 | BD6: =AR6*AV6 -> 2652
A7: 45915 | B7: 1600 | D7: =(SUM(粮草!A7:X7)+AG7*10*IF(AK7="是",$BB$4,$BB$3)) -> 800 | E7: =SUM($B$4:B7)+SUM($C$4:C7)-SUM($D$4:D7) -> 6500 | F7: =SUM(经验!A7:X7) -> 205 | G7: =SUM($F$4:F7)+SUM($H$4:H7) -> 1965 | H7: 200 | I7: 空 | J7: 空 | K7: 空 | L7: 空 | M7: 空 | N7: 空 | O7: 空 | P7: 空 | Q7: 空 | R7: 空 | S7: 空 | T7: 空 | U7: 空 | V7: 空 | W7: 空 | X7: 空 | Y7: 商人 | Z7: 1级 | AA7: 1级 | AB7: 1级 | AC7: 1级 | AD7: 1级 | AE7: 空 | AF7: 空 | AG7: =AH7+AI7+AJ7 -> 0 | AK7: 否 | AL7: =MIN(AL6+6,18)-COUNTIF(I7:P7,"<>空")+COUNTIF(I7:P7,"历练")+COUNTIF(I7:P7,"营地")*2 -> 18 | AM7: =MIN(AM6+6,18)-COUNTIF(Q7:X7,"<>空")+COUNTIF(Q7:X7,"历练")+COUNTIF(Q7:X7,"营地")*2 -> 18 | AN7: =MIN(AN6+6,18)-COUNTIF(Y7:AF7,"<>空")+COUNTIF(Y7:AF7,"历练")+COUNTIF(Y7:AF7,"营地")*2 -> 0 | AO7: 4级 | AP7: 180 | AQ7: 50 | AR7: 36 | AS7: =COUNTIF($I$4:$P$93,AO7) -> 91 | AT7: =COUNTIF($Q$4:$X$93,AO7) -> 44 | AU7: =COUNTIF($Y$4:$AF$93,AO7) -> 0 | AV7: =AS7+AT7+AU7 -> 135 | AW7: 104 | AX7: =AS7*$AQ7 -> 4550 | AY7: =AT7*$AQ7 -> 2200 | AZ7: =AU7*$AQ7 -> 0 | BD7: =AR7*AV7 -> 4860
A8: 45916 | B8: 1600 | D8: =(SUM(粮草!A8:X8)+AG8*10*IF(AK8="是",$BB$4,$BB$3)) -> 1020 | E8: =SUM($B$4:B8)+SUM($C$4:C8)-SUM($D$4:D8) -> 7080 | F8: =SUM(经验!A8:X8) -> 210 | G8: =SUM($F$4:F8)+SUM($H$4:H8) -> 2475 | H8: 300 | I8: 空 | J8: 空 | K8: 空 | L8: 空 | M8: 空 | N8: 空 | O8: 空 | P8: 空 | Q8: 空 | R8: 空 | S8: 空 | T8: 空 | U8: 空 | V8: 空 | W8: 空 | X8: 空 | Y8: 1级 | Z8: 1级 | AA8: 1级 | AB8: 1级 | AC8: 1级 | AD8: 1级 | AE8: 空 | AF8: 空 | AG8: =AH8+AI8+AJ8 -> 12 | AH8: 12 | AK8: 否 | AL8: =MIN(AL7+6,18)-COUNTIF(I8:P8,"<>空")+COUNTIF(I8:P8,"历练")+COUNTIF(I8:P8,"营地")*2 -> 18 | AM8: =MIN(AM7+6,18)-COUNTIF(Q8:X8,"<>空")+COUNTIF(Q8:X8,"历练")+COUNTIF(Q8:X8,"营地")*2 -> 18 | AN8: =MIN(AN7+6,18)-COUNTIF(Y8:AF8,"<>空")+COUNTIF(Y8:AF8,"历练")+COUNTIF(Y8:AF8,"营地")*2 -> 0 | AO8: 5级 | AP8: 190 | AQ8: 55 | AR8: 38 | AS8: =COUNTIF($I$4:$P$93,AO8) -> 57 | AT8: =COUNTIF($Q$4:$X$93,AO8) -> 22 | AU8: =COUNTIF($Y$4:$AF$93,AO8) -> 4 | AV8: =AS8+AT8+AU8 -> 83 | AW8: 31 | AX8: =AS8*$AQ8 -> 3135 | AY8: =AT8*$AQ8 -> 1210 | AZ8: =AU8*$AQ8 -> 220 | BD8: =AR8*AV8 -> 3154
A9: 45917 | B9: 1600 | C9: 50 | D9: =(SUM(粮草!A9:X9)+AG9*10*IF(AK9="是",$BB$4,$BB$3)) -> 1970 | E9: =SUM($B$4:B9)+SUM($C$4:C9)-SUM($D$4:D9) -> 6760 | F9: =SUM(经验!A9:X9) -> 815 | G9: =SUM($F$4:F9)+SUM($H$4:H9) -> 3290 | H9: 0 | I9: 2级 | J9: 3级 | K9: 塔2 | L9: 3级 | M9: 3级 | N9: 大卦 | O9: 3级 | P9: 空 | Q9: 空 | R9: 空 | S9: 空 | T9: 空 | U9: 空 | V9: 空 | W9: 空 | X9: 空 | Y9: 商人 | Z9: 1级 | AA9: 1级 | AB9: 1级 | AC9: 2级 | AD9: 2级 | AE9: 营地 | AF9: 2级 | AG9: =AH9+AI9+AJ9 -> 0 | AK9: 否 | AL9: =MIN(AL8+6,18)-COUNTIF(I9:P9,"<>空")+COUNTIF(I9:P9,"历练")+COUNTIF(I9:P9,"营地")*2 -> 11 | AM9: =MIN(AM8+6,18)-COUNTIF(Q9:X9,"<>空")+COUNTIF(Q9:X9,"历练")+COUNTIF(Q9:X9,"营地")*2 -> 18 | AN9: =MIN(AN8+6,18)-COUNTIF(Y9:AF9,"<>空")+COUNTIF(Y9:AF9,"历练")+COUNTIF(Y9:AF9,"营地")*2 -> 0 | AO9: 6级 | AP9: 200 | AQ9: 60 | AR9: 40 | AS9: =COUNTIF($I$4:$P$93,AO9) -> 6 | AT9: =COUNTIF($Q$4:$X$93,AO9) -> 57 | AU9: =COUNTIF($Y$4:$AF$93,AO9) -> 2 | AV9: =AS9+AT9+AU9 -> 65 | AW9: 98 | AX9: =AS9*$AQ9 -> 360 | AY9: =AT9*$AQ9 -> 3420 | AZ9: =AU9*$AQ9 -> 120 | BD9: =AR9*AV9 -> 2600
A10: 45918 | B10: 1600 | D10: =(SUM(粮草!A10:X10)+AG10*10*IF(AK10="是",$BB$4,$BB$3)) -> 3180 | E10: =SUM($B$4:B10)+SUM($C$4:C10)-SUM($D$4:D10) -> 5180 | F10: =SUM(经验!A10:X10) -> 2010 | G10: =SUM($F$4:F10)+SUM($H$4:H10) -> 5300 | H10: 0 | I10: 3级 | J10: 塔2 | K10: 3级 | L10: 3级 | M10: 4级 | N10: 4级 | O10: 空 | P10: 空 | Q10: 3级 | R10: 大卦 | S10: 4级 | T10: 6级 | U10: 大boss | V10: 4级 | W10: 空 | X10: 空 | Y10: 2级 | Z10: 2级 | AA10: 2级 | AB10: 商人 | AC10: 2级 | AD10: 2级 | AE10: 空 | AF10: 空 | AG10: =AH10+AI10+AJ10 -> 8 | AI10: 8 | AK10: 否 | AL10: =MIN(AL9+6,18)-COUNTIF(I10:P10,"<>空")+COUNTIF(I10:P10,"历练")+COUNTIF(I10:P10,"营地")*2 -> 11 | AM10: =MIN(AM9+6,18)-COUNTIF(Q10:X10,"<>空")+COUNTIF(Q10:X10,"历练")+COUNTIF(Q10:X10,"营地")*2 -> 12 | AN10: =MIN(AN9+6,18)-COUNTIF(Y10:AF10,"<>空")+COUNTIF(Y10:AF10,"历练")+COUNTIF(Y10:AF10,"营地")*2 -> 0 | AO10: 塔1 | AP10: 150 | AQ10: 35 | AR10: 44.222109 | AS10: =COUNTIF($I$4:$P$93,AO10) -> 0 | AT10: =COUNTIF($Q$4:$X$93,AO10) -> 0 | AU10: =COUNTIF($Y$4:$AF$93,AO10) -> 0 | AV10: =AS10+AT10+AU10 -> 0 | AW10: 0 | AX10: =AS10*$AQ10 -> 0 | AY10: =AT10*$AQ10 -> 0 | AZ10: =AU10*$AQ10 -> 0 | BD10: =AR10*AV10 -> 0
A11: 45919 | B11: 1600 | D11: =(SUM(粮草!A11:X11)+AG11*10*IF(AK11="是",$BB$4,$BB$3)) -> 2930 | E11: =SUM($B$4:B11)+SUM($C$4:C11)-SUM($D$4:D11) -> 3850 | F11: =SUM(经验!A11:X11) -> 815 | G11: =SUM($F$4:F11)+SUM($H$4:H11) -> 6115 | H11: 0 | I11: 4级 | J11: 4级 | K11: 4级 | L11: 4级 | M11: 3级 | N11: 3级 | O11: 空 | P11: 空 | Q11: 4级 | R11: 4级 | S11: 4级 | T11: 4级 | U11: 4级 | V11: 商人 | W11: 空 | X11: 空 | Y11: 3级 | Z11: 商人 | AA11: 3级 | AB11: 3级 | AC11: 塔2 | AD11: 2级 | AE11: 空 | AF11: 空 | AG11: =AH11+AI11+AJ11 -> 5 | AI11: 5 | AK11: 否 | AL11: =MIN(AL10+6,18)-COUNTIF(I11:P11,"<>空")+COUNTIF(I11:P11,"历练")+COUNTIF(I11:P11,"营地")*2 -> 11 | AM11: =MIN(AM10+6,18)-COUNTIF(Q11:X11,"<>空")+COUNTIF(Q11:X11,"历练")+COUNTIF(Q11:X11,"营地")*2 -> 12 | AN11: =MIN(AN10+6,18)-COUNTIF(Y11:AF11,"<>空")+COUNTIF(Y11:AF11,"历练")+COUNTIF(Y11:AF11,"营地")*2 -> 0 | AO11: 塔2 | AP11: 150 | AQ11: 40 | AR11: 29.110982 | AS11: =COUNTIF($I$4:$P$93,AO11) -> 9 | AT11: =COUNTIF($Q$4:$X$93,AO11) -> 2 | AU11: =COUNTIF($Y$4:$AF$93,AO11) -> 13 | AV11: =AS11+AT11+AU11 -> 24 | AW11: 2 | AX11: =AS11*$AQ11 -> 360 | AY11: =AT11*$AQ11 -> 80 | AZ11: =AU11*$AQ11 -> 520 | BD11: =AR11*AV11 -> 698.66357
A12: 45920 | B12: 1600 | D12: =(SUM(粮草!A12:X12)+AG12*10*IF(AK12="是",$BB$4,$BB$3)) -> 2740 | E12: =SUM($B$4:B12)+SUM($C$4:C12)-SUM($D$4:D12) -> 2710 | F12: =SUM(经验!A12:X12) -> 775 | G12: =SUM($F$4:F12)+SUM($H$4:H12) -> 6890 | H12: 0 | I12: 3级 | J12: 3级 | K12: 塔2 | L12: 3级 | M12: 3级 | N12: 3级卦 | O12: 空 | P12: 空 | Q12: 3级 | R12: 3级 | S12: 3级 | T12: 3级 | U12: 3级 | V12: 3级 | W12: 空 | X12: 空 | Y12: 2级 | Z12: 2级 | AA12: 2级 | AB12: 空 | AC12: 营地 | AD12: 2级 | AE12: 2级 | AF12: 2级 | AG12: =AH12+AI12+AJ12 -> 1 | AJ12: 1 | AK12: 否 | AL12: =MIN(AL11+6,18)-COUNTIF(I12:P12,"<>空")+COUNTIF(I12:P12,"历练")+COUNTIF(I12:P12,"营地")*2 -> 11 | AM12: =MIN(AM11+6,18)-COUNTIF(Q12:X12,"<>空")+COUNTIF(Q12:X12,"历练")+COUNTIF(Q12:X12,"营地")*2-12 -> 0 | AN12: =MIN(AN11+6,18)-COUNTIF(Y12:AF12,"<>空")+COUNTIF(Y12:AF12,"历练")+COUNTIF(Y12:AF12,"营地")*2 -> 1 | AO12: 塔3 | AP12: 150 | AQ12: 45 | AR12: 13.999855 | AS12: =COUNTIF($I$4:$P$93,AO12) -> 1 | AT12: =COUNTIF($Q$4:$X$93,AO12) -> 0 | AU12: =COUNTIF($Y$4:$AF$93,AO12) -> 1 | AV12: =AS12+AT12+AU12 -> 2 | AW12: 5 | AX12: =AS12*$AQ12 -> 45 | AY12: =AT12*$AQ12 -> 0 | AZ12: =AU12*$AQ12 -> 45 | BD12: =AR12*AV12 -> 27.99971
A13: 45921 | B13: 1600 | D13: =(SUM(粮草!A13:X13)+AG13*10*IF(AK13="是",$BB$4,$BB$3)) -> 2800 | E13: =SUM($B$4:B13)+SUM($C$4:C13)-SUM($D$4:D13) -> 1510 | F13: =SUM(经验!A13:X13) -> 730 | G13: =SUM($F$4:F13)+SUM($H$4:H13) -> 7620 | H13: 0 | I13: 4级 | J13: 4级 | K13: 4级 | L13: 3级 | M13: 商人 | N13: 空 | O13: 空 | P13: 空 | Q13: 3级 | R13: 3级 | S13: 3级 | T13: 3级 | U13: 3级 | V13: 3级卦 | W13: 空 | X13: 空 | Y13: 塔2 | Z13: 2级 | AA13: 商人 | AB13: 2级 | AC13: 2级 | AD13: 3级 | AE13: 空 | AF13: 空 | AG13: =AH13+AI13+AJ13 -> 17 | AH13: 13 | AI13: 4 | AK13: 否 | AL13: =MIN(AL12+6,18)-COUNTIF(I13:P13,"<>空")+COUNTIF(I13:P13,"历练")+COUNTIF(I13:P13,"营地")*2 -> 12 | AM13: =MIN(AM12+6,18)-COUNTIF(Q13:X13,"<>空")+COUNTIF(Q13:X13,"历练")+COUNTIF(Q13:X13,"营地")*2 -> 0 | AN13: =MIN(AN12+6,18)-COUNTIF(Y13:AF13,"<>空")+COUNTIF(Y13:AF13,"历练")+COUNTIF(Y13:AF13,"营地")*2 -> 1 | AO13: 塔4 | AP13: 150 | AQ13: 50 | AS13: =COUNTIF($I$4:$P$93,AO13) -> 0 | AT13: =COUNTIF($Q$4:$X$93,AO13) -> 0 | AU13: =COUNTIF($Y$4:$AF$93,AO13) -> 0 | AV13: =AS13+AT13+AU13 -> 0 | AW13: 1 | AX13: =AS13*$AQ13 -> 0 | AY13: =AT13*$AQ13 -> 0 | AZ13: =AU13*$AQ13 -> 0 | BD13: =AR13*AV13 -> 0
A14: 45922 | B14: 1600 | D14: =(SUM(粮草!A14:X14)+AG14*10*IF(AK14="是",$BB$4,$BB$3)) -> 2960 | E14: =SUM($B$4:B14)+SUM($C$4:C14)-SUM($D$4:D14) -> 150 | F14: =SUM(经验!A14:X14) -> 1040 | G14: =SUM($F$4:F14)+SUM($H$4:H14) -> 8960 | H14: 300 | I14: 3级 | J14: 3级 | K14: 3级卦 | L14: 3级 | M14: 3级 | N14: 塔3 | O14: 空 | P14: 空 | Q14: 3级 | R14: 塔2 | S14: 3级 | T14: 3级 | U14: 3级 | V14: 3级 | W14: 空 | X14: 空 | Y14: 3级 | Z14: 商人 | AA14: 3级 | AB14: 塔2 | AC14: 3级 | AD14: 大卦 | AE14: 空 | AF14: 空 | AG14: =AH14+AI14+AJ14 -> 0 | AK14: 否 | AL14: =MIN(AL13+6,18)-COUNTIF(I14:P14,"<>空")+COUNTIF(I14:P14,"历练")+COUNTIF(I14:P14,"营地")*2 -> 12 | AM14: =MIN(AM13+6,18)-COUNTIF(Q14:X14,"<>空")+COUNTIF(Q14:X14,"历练")+COUNTIF(Q14:X14,"营地")*2 -> 0 | AN14: =MIN(AN13+6,18)-COUNTIF(Y14:AF14,"<>空")+COUNTIF(Y14:AF14,"历练")+COUNTIF(Y14:AF14,"营地")*2 -> 1 | AO14: 塔5 | AP14: 150 | AQ14: 55 | AS14: =COUNTIF($I$4:$P$93,AO14) -> 1 | AT14: =COUNTIF($Q$4:$X$93,AO14) -> 1 | AU14: =COUNTIF($Y$4:$AF$93,AO14) -> 0 | AV14: =AS14+AT14+AU14 -> 2 | AW14: 0 | AX14: =AS14*$AQ14 -> 55 | AY14: =AT14*$AQ14 -> 55 | AZ14: =AU14*$AQ14 -> 0 | BD14: =AR14*AV14 -> 0
A15: 45923 | B15: 1600 | D15: =(SUM(粮草!A15:X15)+AG15*10*IF(AK15="是",$BB$4,$BB$3)) -> 1400 | E15: =SUM($B$4:B15)+SUM($C$4:C15)-SUM($D$4:D15) -> 350 | F15: =SUM(经验!A15:X15) -> 395 | G15: =SUM($F$4:F15)+SUM($H$4:H15) -> 9355 | H15: 0 | I15: 4级 | J15: 4级 | K15: 商人 | L15: 4级 | M15: 塔2 | N15: 3级 | O15: 空 | P15: 空 | Q15: 塔2 | R15: 3级 | S15: 3级卦 | T15: 空 | U15: 空 | V15: 空 | W15: 空 | X15: 空 | Y15: 空 | Z15: 空 | AA15: 空 | AB15: 空 | AC15: 空 | AD15: 空 | AE15: 空 | AF15: 空 | AG15: =AH15+AI15+AJ15 -> 0 | AK15: 否 | AL15: =MIN(AL14+6,18)-COUNTIF(I15:P15,"<>空")+COUNTIF(I15:P15,"历练")+COUNTIF(I15:P15,"营地")*2 -> 12 | AM15: =MIN(AM14+6,18)-COUNTIF(Q15:X15,"<>空")+COUNTIF(Q15:X15,"历练")+COUNTIF(Q15:X15,"营地")*2 -> 3 | AN15: =MIN(AN14+6,18)-COUNTIF(Y15:AF15,"<>空")+COUNTIF(Y15:AF15,"历练")+COUNTIF(Y15:AF15,"营地")*2 -> 7 | AO15: 塔6 | AP15: 150 | AQ15: 60 | AS15: =COUNTIF($I$4:$P$93,AO15) -> 0 | AT15: =COUNTIF($Q$4:$X$93,AO15) -> 0 | AU15: =COUNTIF($Y$4:$AF$93,AO15) -> 0 | AV15: =AS15+AT15+AU15 -> 0 | AW15: 0 | AX15: =AS15*$AQ15 -> 0 | AY15: =AT15*$AQ15 -> 0 | AZ15: =AU15*$AQ15 -> 0 | BD15: =AR15*AV15 -> 0
A16: 45924 | B16: 1600 | D16: =(SUM(粮草!A16:X16)+AG16*10*IF(AK16="是",$BB$4,$BB$3)) -> 990 | E16: =SUM($B$4:B16)+SUM($C$4:C16)-SUM($D$4:D16) -> 960 | F16: =SUM(经验!A16:X16) -> 315 | G16: =SUM($F$4:F16)+SUM($H$4:H16) -> 9870 | H16: 200 | I16: 3级 | J16: 3级 | K16: 3级 | L16: 3级 | M16: 营地 | N16: 3级 | O16: 3级 | P16: 3级 | Q16: 空 | R16: 空 | S16: 空 | T16: 空 | U16: 空 | V16: 空 | W16: 空 | X16: 空 | Y16: 空 | Z16: 空 | AA16: 空 | AB16: 空 | AC16: 空 | AD16: 空 | AE16: 空 | AF16: 空 | AG16: =AH16+AI16+AJ16 -> 0 | AK16: 否 | AL16: =MIN(AL15+6,18)-COUNTIF(I16:P16,"<>空")+COUNTIF(I16:P16,"历练")+COUNTIF(I16:P16,"营地")*2 -> 12 | AM16: =MIN(AM15+6,18)-COUNTIF(Q16:X16,"<>空")+COUNTIF(Q16:X16,"历练")+COUNTIF(Q16:X16,"营地")*2 -> 9 | AN16: =MIN(AN15+6,18)-COUNTIF(Y16:AF16,"<>空")+COUNTIF(Y16:AF16,"历练")+COUNTIF(Y16:AF16,"营地")*2 -> 13 | AO16: 遗迹 | AP16: 150 | AQ16: 40 | AR16: 29.110982 | AS16: =COUNTIF($I$4:$P$93,AO16) -> 0 | AT16: =COUNTIF($Q$4:$X$93,AO16) -> 0 | AU16: =COUNTIF($Y$4:$AF$93,AO16) -> 0 | AV16: =AS16+AT16+AU16 -> 0 | AW16: 0 | AX16: =AS16*$AQ16 -> 0 | AY16: =AT16*$AQ16 -> 0 | AZ16: =AU16*$AQ16 -> 0 | BD16: =AR16*AV16 -> 0
A17: 45925 | B17: 1600 | C17: 272 | D17: =(SUM(粮草!A17:X17)+AG17*10*IF(AK17="是",$BB$4,$BB$3)) -> 2040 | E17: =SUM($B$4:B17)+SUM($C$4:C17)-SUM($D$4:D17) -> 792 | F17: =SUM(经验!A17:X17) -> 540 | G17: =SUM($F$4:F17)+SUM($H$4:H17) -> 10410 | H17: 0 | I17: 3级 | J17: 3级 | K17: 3级 | L17: 3级卦 | M17: 空 | N17: 空 | O17: 空 | P17: 空 | Q17: 3级 | R17: 3级 | S17: 3级 | T17: 3级 | U17: 3级 | V17: 3级 | W17: 3级 | X17: 3级 | Y17: 空 | Z17: 空 | AA17: 空 | AB17: 空 | AC17: 空 | AD17: 空 | AE17: 空 | AF17: 空 | AG17: =AH17+AI17+AJ17 -> 0 | AK17: 否 | AL17: =MIN(AL16+6,18)-COUNTIF(I17:P17,"<>空")+COUNTIF(I17:P17,"历练")+COUNTIF(I17:P17,"营地")*2 -> 14 | AM17: =MIN(AM16+6,18)-COUNTIF(Q17:X17,"<>空")+COUNTIF(Q17:X17,"历练")+COUNTIF(Q17:X17,"营地")*2 -> 7 | AN17: =MIN(AN16+6,18)-COUNTIF(Y17:AF17,"<>空")+COUNTIF(Y17:AF17,"历练")+COUNTIF(Y17:AF17,"营地")*2 -> 18 | AO17: 商人 | AP17: 50 | AQ17: 30 | AR17: 10 | AS17: =COUNTIF($I$4:$P$93,AO17) -> 6 | AT17: =COUNTIF($Q$4:$X$93,AO17) -> 4 | AU17: =COUNTIF($Y$4:$AF$93,AO17) -> 16 | AV17: =AS17+AT17+AU17 -> 26 | AW17: 34 | AX17: =AS17*$AQ17 -> 180 | AY17: =AT17*$AQ17 -> 120 | AZ17: =AU17*$AQ17 -> 480 | BD17: =AR17*AV17 -> 260
A18: 45926 | B18: 1600 | D18: =(SUM(粮草!A18:X18)+AG18*10*IF(AK18="是",$BB$4,$BB$3)) -> 1380 | E18: =SUM($B$4:B18)+SUM($C$4:C18)-SUM($D$4:D18) -> 1012 | F18: =SUM(经验!A18:X18) -> 630 | G18: =SUM($F$4:F18)+SUM($H$4:H18) -> 11040 | H18: 0 | I18: 空 | J18: 空 | K18: 空 | L18: 空 | M18: 空 | N18: 空 | O18: 空 | P18: 空 | Q18: 商人 | R18: 4级 | S18: 4级 | T18: 4级 | U18: 4级 | V18: 4级 | W18: 4级 | X18: 营地 | Y18: 3级 | Z18: 3级 | AA18: 商人 | AB18: 3级 | AC18: 3级 | AD18: 3级 | AE18: 营地 | AF18: 3级 | AG18: =AH18+AI18+AJ18 -> 5 | AJ18: 5 | AK18: 是 | AL18: =MIN(AL17+6,18)-COUNTIF(I18:P18,"<>空")+COUNTIF(I18:P18,"历练")+COUNTIF(I18:P18,"营地")*2 -> 18 | AM18: =MIN(AM17+6,18)-COUNTIF(Q18:X18,"<>空")+COUNTIF(Q18:X18,"历练")+COUNTIF(Q18:X18,"营地")*2 -> 7 | AN18: =MIN(AN17+6,18)-COUNTIF(Y18:AF18,"<>空")+COUNTIF(Y18:AF18,"历练")+COUNTIF(Y18:AF18,"营地")*2 -> 12 | AO18: 营地 | AP18: -150 | AQ18: 0 | AR18: 10 | AS18: =COUNTIF($I$4:$P$93,AO18) -> 2 | AT18: =COUNTIF($Q$4:$X$93,AO18) -> 7 | AU18: =COUNTIF($Y$4:$AF$93,AO18) -> 6 | AV18: =AS18+AT18+AU18 -> 15 | AW18: 15 | AX18: =AS18*$AQ18 -> 0 | AY18: =AT18*$AQ18 -> 0 | AZ18: =AU18*$AQ18 -> 0 | BD18: =AR18*AV18 -> 150
A19: 45927 | B19: 1600 | D19: =(SUM(粮草!A19:X19)+AG19*10*IF(AK19="是",$BB$4,$BB$3)) -> 2120 | E19: =SUM($B$4:B19)+SUM($C$4:C19)-SUM($D$4:D19) -> 492 | F19: =SUM(经验!A19:X19) -> 725 | G19: =SUM($F$4:F19)+SUM($H$4:H19) -> 11765 | H19: 0 | I19: 空 | J19: 空 | K19: 空 | L19: 空 | M19: 空 | N19: 空 | O19: 空 | P19: 空 | Q19: 4级 | R19: 4级 | S19: 4级 | T19: 4级 | U19: 4级 | V19: 4级 | W19: 4级 | X19: 4级 | Y19: 塔3 | Z19: 3级 | AA19: 3级 | AB19: 塔2 | AC19: 2级 | AD19: 商人 | AE19: 2级 | AF19: 塔2 | AG19: =AH19+AI19+AJ19 -> 5 | AI19: 5 | AK19: 是 | AL19: =MIN(AL18+6,18)-COUNTIF(I19:P19,"<>空")+COUNTIF(I19:P19,"历练")+COUNTIF(I19:P19,"营地")*2 -> 18 | AM19: =MIN(AM18+6,18)-COUNTIF(Q19:X19,"<>空")+COUNTIF(Q19:X19,"历练")+COUNTIF(Q19:X19,"营地")*2 -> 5 | AN19: =MIN(AN18+6,18)-COUNTIF(Y19:AF19,"<>空")+COUNTIF(Y19:AF19,"历练")+COUNTIF(Y19:AF19,"营地")*2 -> 10 | AO19: 大卦 | AP19: 250 | AQ19: 300 | AS19: =COUNTIF($I$4:$P$93,AO19) -> 1 | AT19: =COUNTIF($Q$4:$X$93,AO19) -> 1 | AU19: =COUNTIF($Y$4:$AF$93,AO19) -> 1 | AV19: =AS19+AT19+AU19 -> 3 | AW19: 3 | AX19: =AS19*$AQ19 -> 300 | AY19: =AT19*$AQ19 -> 300 | AZ19: =AU19*$AQ19 -> 300 | BD19: =AR19*AV19 -> 0
A20: 45928 | B20: 1600 | D20: =(SUM(粮草!A20:X20)+AG20*10*IF(AK20="是",$BB$4,$BB$3)) -> 1316 | E20: =SUM($B$4:B20)+SUM($C$4:C20)-SUM($D$4:D20) -> 776 | F20: =SUM(经验!A20:X20) -> 1100 | G20: =SUM($F$4:F20)+SUM($H$4:H20) -> 12865 | H20: 0 | I20: 空 | J20: 空 | K20: 空 | L20: 空 | M20: 空 | N20: 空 | O20: 空 | P20: 空 | Q20: 4级 | R20: 4级 | S20: 4级 | T20: 营地 | U20: 4级 | V20: 4级 | W20: 4级 | X20: 4级 | Y20: 2级 | Z20: 2级 | AA20: 历练 | AB20: 2级 | AC20: 2级 | AD20: 商人 | AE20: 2级 | AF20: 营地 | AG20: =AH20+AI20+AJ20 -> 1 | AJ20: 1 | AK20: 是 | AL20: =MIN(AL19+6,18)-COUNTIF(I20:P20,"<>空")+COUNTIF(I20:P20,"历练")+COUNTIF(I20:P20,"营地")*2 -> 18 | AM20: =MIN(AM19+6,18)-COUNTIF(Q20:X20,"<>空")+COUNTIF(Q20:X20,"历练")+COUNTIF(Q20:X20,"营地")*2 -> 5 | AN20: =MIN(AN19+6,18)-COUNTIF(Y20:AF20,"<>空")+COUNTIF(Y20:AF20,"历练")+COUNTIF(Y20:AF20,"营地")*2 -> 11 | AO20: 3级卦 | AP20: 170 | AQ20: 45 | AS20: =COUNTIF($I$4:$P$93,AO20) -> 3 | AT20: =COUNTIF($Q$4:$X$93,AO20) -> 2 | AU20: =COUNTIF($Y$4:$AF$93,AO20) -> 0 | AV20: =AS20+AT20+AU20 -> 5 | AW20: 5 | AX20: =AS20*$AQ20 -> 135 | AY20: =AT20*$AQ20 -> 90 | AZ20: =AU20*$AQ20 -> 0 | BD20: =AR20*AV20 -> 0
A21: 45929 | B21: 1600 | D21: =(SUM(粮草!A21:X21)+AG21*10*IF(AK21="是",$BB$4,$BB$3)) -> 958 | E21: =SUM($B$4:B21)+SUM($C$4:C21)-SUM($D$4:D21) -> 1418 | F21: =SUM(经验!A21:X21) -> 395 | G21: =SUM($F$4:F21)+SUM($H$4:H21) -> 13460 | H21: 200 | I21: 3级 | J21: 空 | K21: 空 | L21: 空 | M21: 空 | N21: 空 | O21: 空 | P21: 空 | Q21: 4级 | R21: 4级 | S21: 4级 | T21: 4级 | U21: 营地 | V21: 4级 | W21: 4级 | X21: 4级 | Y21: 空 | Z21: 空 | AA21: 空 | AB21: 空 | AC21: 空 | AD21: 空 | AE21: 空 | AF21: 空 | AG21: =AH21+AI21+AJ21 -> 3 | AI21: 3 | AK21: 是 | AL21: =MIN(AL20+6,18)-COUNTIF(I21:P21,"<>空")+COUNTIF(I21:P21,"历练")+COUNTIF(I21:P21,"营地")*2 -> 17 | AM21: =MIN(AM20+6,18)-COUNTIF(Q21:X21,"<>空")+COUNTIF(Q21:X21,"历练")+COUNTIF(Q21:X21,"营地")*2 -> 5 | AN21: =MIN(AN20+6,18)-COUNTIF(Y21:AF21,"<>空")+COUNTIF(Y21:AF21,"历练")+COUNTIF(Y21:AF21,"营地")*2 -> 17 | AO21: 巨卦 | AP21: 250 | AQ21: 400 | AS21: =COUNTIF($I$4:$P$93,AO21) -> 0 | AT21: =COUNTIF($Q$4:$X$93,AO21) -> 0 | AU21: =COUNTIF($Y$4:$AF$93,AO21) -> 0 | AV21: =AS21+AT21+AU21 -> 0 | AW21: 0 | AX21: =AS21*$AQ21 -> 0 | AY21: =AT21*$AQ21 -> 0 | AZ21: =AU21*$AQ21 -> 0 | BD21: =AR21*AV21 -> 0
A22: 45930 | B22: 1600 | D22: =(SUM(粮草!A22:X22)+AG22*10*IF(AK22="是",$BB$4,$BB$3)) -> 2398 | E22: =SUM($B$4:B22)+SUM($C$4:C22)-SUM($D$4:D22) -> 620 | F22: =SUM(经验!A22:X22) -> 920 | G22: =SUM($F$4:F22)+SUM($H$4:H22) -> 14480 | H22: 100 | I22: 4级 | J22: 4级 | K22: 4级 | L22: 4级 | M22: 4级 | N22: 4级 | O22: 空 | P22: 空 | Q22: 4级 | R22: 商人 | S22: 3级 | T22: 3级 | U22: 3级 | V22: 3级 | W22: 4级 | X22: 4级 | Y22: 5级 | Z22: 营地 | AA22: 5级 | AB22: 5级 | AC22: 5级 | AD22: 塔2 | AE22: 空 | AF22: 空 | AG22: =AH22+AI22+AJ22 -> 0 | AK22: 是 | AL22: =MIN(AL21+6,18)-COUNTIF(I22:P22,"<>空")+COUNTIF(I22:P22,"历练")+COUNTIF(I22:P22,"营地")*2 -> 12 | AM22: =MIN(AM21+6,18)-COUNTIF(Q22:X22,"<>空")+COUNTIF(Q22:X22,"历练")+COUNTIF(Q22:X22,"营地")*2 -> 3 | AN22: =MIN(AN21+6,18)-COUNTIF(Y22:AF22,"<>空")+COUNTIF(Y22:AF22,"历练")+COUNTIF(Y22:AF22,"营地")*2 -> 14 | AO22: 大boss | AP22: 250 | AQ22: 1000 | AR22: 60 | AS22: =COUNTIF($I$4:$P$93,AO22) -> 0 | AT22: =COUNTIF($Q$4:$X$93,AO22) -> 2 | AU22: =COUNTIF($Y$4:$AF$93,AO22) -> 0 | AV22: =AS22+AT22+AU22 -> 2 | AW22: 1 | AX22: =AS22*$AQ22 -> 0 | AY22: =AT22*$AQ22 -> 2000 | AZ22: =AU22*$AQ22 -> 0 | BD22: =AR22*AV22 -> 120
A23: 45931 | B23: 1600 | D23: =(SUM(粮草!A23:X23)+AG23*10*IF(AK23="是",$BB$4,$BB$3)) -> 1788 | E23: =SUM($B$4:B23)+SUM($C$4:C23)-SUM($D$4:D23) -> 432 | F23: =SUM(经验!A23:X23) -> 775 | G23: =SUM($F$4:F23)+SUM($H$4:H23) -> 15455 | H23: 200 | I23: 4级 | J23: 4级 | K23: 4级 | L23: 4级 | M23: 4级 | N23: 4级 | O23: 空 | P23: 空 | Q23: 4级 | R23: 营地 | S23: 4级 | T23: 4级 | U23: 4级 | V23: 4级 | W23: 4级 | X23: 5级 | Y23: 6级 | Z23: 6级 | AA23: 营地 | AB23: 空 | AC23: 空 | AD23: 空 | AE23: 空 | AF23: 空 | AG23: =AH23+AI23+AJ23 -> 1 | AI23: 1 | AK23: 是 | AL23: =MIN(AL22+6,18)-COUNTIF(I23:P23,"<>空")+COUNTIF(I23:P23,"历练")+COUNTIF(I23:P23,"营地")*2 -> 12 | AM23: =MIN(AM22+6,18)-COUNTIF(Q23:X23,"<>空")+COUNTIF(Q23:X23,"历练")+COUNTIF(Q23:X23,"营地")*2 -> 3 | AN23: =MIN(AN22+6,18)-COUNTIF(Y23:AF23,"<>空")+COUNTIF(Y23:AF23,"历练")+COUNTIF(Y23:AF23,"营地")*2 -> 17 | AO23: 中boss | AP23: 250 | AQ23: 500 | AS23: =COUNTIF($I$4:$P$93,AO23) -> 1 | AT23: =COUNTIF($Q$4:$X$93,AO23) -> 0 | AU23: =COUNTIF($Y$4:$AF$93,AO23) -> 0 | AV23: =AS23+AT23+AU23 -> 1 | AW23: 0 | AX23: =AS23*$AQ23 -> 500 | AY23: =AT23*$AQ23 -> 0 | AZ23: =AU23*$AQ23 -> 0 | BD23: =AR23*AV23 -> 0
A24: 45932 | B24: 1600 | D24: =(SUM(粮草!A24:X24)+AG24*10*IF(AK24="是",$BB$4,$BB$3)) -> 864 | E24: =SUM($B$4:B24)+SUM($C$4:C24)-SUM($D$4:D24) -> 1168 | F24: =SUM(经验!A24:X24) -> 300 | G24: =SUM($F$4:F24)+SUM($H$4:H24) -> 15755 | H24: 0 | I24: 4级 | J24: 4级 | K24: 4级 | L24: 4级 | M24: 4级 | N24: 4级 | O24: 空 | P24: 空 | Q24: 空 | R24: 空 | S24: 空 | T24: 空 | U24: 空 | V24: 空 | W24: 空 | X24: 空 | Y24: 空 | Z24: 空 | AA24: 空 | AB24: 空 | AC24: 空 | AD24: 空 | AE24: 空 | AF24: 空 | AG24: =AH24+AI24+AJ24 -> 0 | AK24: 是 | AL24: =MIN(AL23+6,18)-COUNTIF(I24:P24,"<>空")+COUNTIF(I24:P24,"历练")+COUNTIF(I24:P24,"营地")*2 -> 12 | AM24: =MIN(AM23+6,18)-COUNTIF(Q24:X24,"<>空")+COUNTIF(Q24:X24,"历练")+COUNTIF(Q24:X24,"营地")*2 -> 9 | AN24: =MIN(AN23+6,18)-COUNTIF(Y24:AF24,"<>空")+COUNTIF(Y24:AF24,"历练")+COUNTIF(Y24:AF24,"营地")*2 -> 18 | AO24: 4级卦 | AP24: 180 | AQ24: 50 | AR24: 39.110982 | AS24: =COUNTIF($I$4:$P$93,AO24) -> 0 | AT24: =COUNTIF($Q$4:$X$93,AO24) -> 0 | AU24: =COUNTIF($Y$4:$AF$93,AO24) -> 0 | AV24: =AS24+AT24+AU24 -> 0 | AW24: 0 | AX24: =AS24*$AQ24 -> 0 | AY24: =AT24*$AQ24 -> 0 | AZ24: =AU24*$AQ24 -> 0 | BD24: =AR24*AV24 -> 0
A25: 45933 | B25: 1600 | D25: =(SUM(粮草!A25:X25)+AG25*10*IF(AK25="是",$BB$4,$BB$3)) -> 864 | E25: =SUM($B$4:B25)+SUM($C$4:C25)-SUM($D$4:D25) -> 1904 | F25: =SUM(经验!A25:X25) -> 300 | G25: =SUM($F$4:F25)+SUM($H$4:H25) -> 16055 | H25: 0 | I25: 4级 | J25: 4级 | K25: 4级 | L25: 4级 | M25: 4级 | N25: 4级 | O25: 空 | P25: 空 | Q25: 空 | R25: 空 | S25: 空 | T25: 空 | U25: 空 | V25: 空 | W25: 空 | X25: 空 | Y25: 空 | Z25: 空 | AA25: 空 | AB25: 空 | AC25: 空 | AD25: 空 | AE25: 空 | AF25: 空 | AG25: =AH25+AI25+AJ25 -> 0 | AK25: 是 | AL25: =MIN(AL24+6,18)-COUNTIF(I25:P25,"<>空")+COUNTIF(I25:P25,"历练")+COUNTIF(I25:P25,"营地")*2 -> 12 | AM25: =MIN(AM24+6,18)-COUNTIF(Q25:X25,"<>空")+COUNTIF(Q25:X25,"历练")+COUNTIF(Q25:X25,"营地")*2 -> 15 | AN25: =MIN(AN24+6,18)-COUNTIF(Y25:AF25,"<>空")+COUNTIF(Y25:AF25,"历练")+COUNTIF(Y25:AF25,"营地")*2 -> 18 | AO25: 山中 | AP25: 160 | AQ25: 40 | AR25: 39.110982 | AS25: =COUNTIF($I$4:$P$93,AO25) -> 0 | AT25: =COUNTIF($Q$4:$X$93,AO25) -> 0 | AU25: =COUNTIF($Y$4:$AF$93,AO25) -> 0 | AV25: =AS25+AT25+AU25 -> 0 | AW25: 0 | AX25: =AS25*$AQ25 -> 0 | AY25: =AT25*$AQ25 -> 0 | AZ25: =AU25*$AQ25 -> 0 | BD25: =AR25*AV25 -> 0
A26: 45934 | B26: 1600 | D26: =(SUM(粮草!A26:X26)+AG26*10*IF(AK26="是",$BB$4,$BB$3)) -> 1808 | E26: =SUM($B$4:B26)+SUM($C$4:C26)-SUM($D$4:D26) -> 1696 | F26: =SUM(经验!A26:X26) -> 650 | G26: =SUM($F$4:F26)+SUM($H$4:H26) -> 16705 | H26: 0 | I26: 塔2 | J26: 4级 | K26: 4级 | L26: 4级 | M26: 4级 | N26: 4级 | O26: 空 | P26: 空 | Q26: 6级 | R26: 6级 | S26: 6级 | T26: 6级 | U26: 6级 | V26: 6级 | W26: 空 | X26: 空 | Y26: 空 | Z26: 空 | AA26: 空 | AB26: 空 | AC26: 空 | AD26: 空 | AE26: 空 | AF26: 空 | AG26: =AH26+AI26+AJ26 -> 1 | AH26: 1 | AK26: 是 | AL26: =MIN(AL25+6,18)-COUNTIF(I26:P26,"<>空")+COUNTIF(I26:P26,"历练")+COUNTIF(I26:P26,"营地")*2 -> 12 | AM26: =MIN(AM25+6,18)-COUNTIF(Q26:X26,"<>空")+COUNTIF(Q26:X26,"历练")+COUNTIF(Q26:X26,"营地")*2 -> 12 | AN26: =MIN(AN25+6,18)-COUNTIF(Y26:AF26,"<>空")+COUNTIF(Y26:AF26,"历练")+COUNTIF(Y26:AF26,"营地")*2 -> 18 | AO26: 秋道 | AP26: 150 | AQ26: 35 | AR26: 44.222109 | AS26: =COUNTIF($I$4:$P$93,AO26) -> 0 | AT26: =COUNTIF($Q$4:$X$93,AO26) -> 0 | AU26: =COUNTIF($Y$4:$AF$93,AO26) -> 0 | AV26: =AS26+AT26+AU26 -> 0 | AW26: 0 | AX26: =AS26*$AQ26 -> 0 | AY26: =AT26*$AQ26 -> 0 | AZ26: =AU26*$AQ26 -> 0 | BD26: =AR26*AV26 -> 0
A27: 45935 | B27: 1600 | D27: =(SUM(粮草!A27:X27)+AG27*10*IF(AK27="是",$BB$4,$BB$3)) -> 1792 | E27: =SUM($B$4:B27)+SUM($C$4:C27)-SUM($D$4:D27) -> 1504 | F27: =SUM(经验!A27:X27) -> 645 | G27: =SUM($F$4:F27)+SUM($H$4:H27) -> 17350 | H27: 0 | I27: 4级 | J27: 4级 | K27: 4级 | L27: 4级 | M27: 塔2 | N27: 3级 | O27: 空 | P27: 空 | Q27: 6级 | R27: 6级 | S27: 6级 | T27: 6级 | U27: 6级 | V27: 6级 | W27: 空 | X27: 空 | Y27: 空 | Z27: 空 | AA27: 空 | AB27: 空 | AC27: 空 | AD27: 空 | AE27: 空 | AF27: 空 | AG27: =AH27+AI27+AJ27 -> 0 | AK27: 是 | AL27: =MIN(AL26+6,18)-COUNTIF(I27:P27,"<>空")+COUNTIF(I27:P27,"历练")+COUNTIF(I27:P27,"营地")*2 -> 12 | AM27: =MIN(AM26+6,18)-COUNTIF(Q27:X27,"<>空")+COUNTIF(Q27:X27,"历练")+COUNTIF(Q27:X27,"营地")*2 -> 12 | AN27: =MIN(AN26+6,18)-COUNTIF(Y27:AF27,"<>空")+COUNTIF(Y27:AF27,"历练")+COUNTIF(Y27:AF27,"营地")*2 -> 18 | AO27: 空 | AP27: 0 | AQ27: 0 | AR27: 0 | AX27: =AS27*$AQ27 -> 0 | AY27: =AT27*$AQ27 -> 0 | AZ27: =AU27*$AQ27 -> 0 | BD27: =AR27*AV27 -> 0
A28: 45936 | B28: 1600 | D28: =(SUM(粮草!A28:X28)+AG28*10*IF(AK28="是",$BB$4,$BB$3)) -> 1432 | E28: =SUM($B$4:B28)+SUM($C$4:C28)-SUM($D$4:D28) -> 1672 | F28: =SUM(经验!A28:X28) -> 1440 | G28: =SUM($F$4:F28)+SUM($H$4:H28) -> 18990 | H28: 200 | I28: 3级 | J28: 4级 | K28: 3级 | L28: 空 | M28: 空 | N28: 空 | O28: 空 | P28: 空 | Q28: 大boss | R28: 6级 | S28: 6级 | T28: 6级 | U28: 6级 | V28: 6级 | W28: 空 | X28: 空 | Y28: 空 | Z28: 空 | AA28: 空 | AB28: 空 | AC28: 空 | AD28: 空 | AE28: 空 | AF28: 空 | AG28: =AH28+AI28+AJ28 -> 2 | AI28: 2 | AK28: 是 | AL28: =MIN(AL27+6,18)-COUNTIF(I28:P28,"<>空")+COUNTIF(I28:P28,"历练")+COUNTIF(I28:P28,"营地")*2 -> 15 | AM28: =MIN(AM27+6,18)-COUNTIF(Q28:X28,"<>空")+COUNTIF(Q28:X28,"历练")+COUNTIF(Q28:X28,"营地")*2 -> 12 | AN28: =MIN(AN27+6,18)-COUNTIF(Y28:AF28,"<>空")+COUNTIF(Y28:AF28,"历练")+COUNTIF(Y28:AF28,"营地")*2 -> 18 | AO28: 作废 | AP28: 0 | AQ28: 0 | AS28: =COUNTIF($I$4:$P$93,AO28) -> 0 | AT28: =COUNTIF($Q$4:$X$93,AO28) -> 0 | AU28: =COUNTIF($Y$4:$AF$93,AO28) -> 0 | AV28: =AS28+AT28+AU28 -> 0 | AW28: 0 | AX28: =AS28*$AQ28 -> 0 | AY28: =AT28*$AQ28 -> 0 | AZ28: =AU28*$AQ28 -> 0 | BD28: =AR28*AV28 -> 0
A29: 45937 | B29: 1600 | D29: =(SUM(粮草!A29:X29)+AG29*10*IF(AK29="是",$BB$4,$BB$3)) -> 1824 | E29: =SUM($B$4:B29)+SUM($C$4:C29)-SUM($D$4:D29) -> 1448 | F29: =SUM(经验!A29:X29) -> 660 | G29: =SUM($F$4:F29)+SUM($H$4:H29) -> 19750 | H29: 100 | I29: 4级 | J29: 4级 | K29: 4级 | L29: 4级 | M29: 4级 | N29: 4级 | O29: 空 | P29: 空 | Q29: 6级 | R29: 6级 | S29: 6级 | T29: 6级 | U29: 6级 | V29: 6级 | W29: 空 | X29: 空 | Y29: 空 | Z29: 空 | AA29: 空 | AB29: 空 | AC29: 空 | AD29: 空 | AE29: 空 | AF29: 空 | AG29: =AH29+AI29+AJ29 -> 0 | AK29: 是 | AL29: =MIN(AL28+6,18)-COUNTIF(I29:P29,"<>空")+COUNTIF(I29:P29,"历练")+COUNTIF(I29:P29,"营地")*2 -> 12 | AM29: =MIN(AM28+6,18)-COUNTIF(Q29:X29,"<>空")+COUNTIF(Q29:X29,"历练")+COUNTIF(Q29:X29,"营地")*2 -> 12 | AN29: =MIN(AN28+6,18)-COUNTIF(Y29:AF29,"<>空")+COUNTIF(Y29:AF29,"历练")+COUNTIF(Y29:AF29,"营地")*2 -> 18 | AO29: 历练 | AP29: 50 | AQ29: 520 | AS29: =COUNTIF($I$4:$P$93,AO29) -> 2 | AT29: =COUNTIF($Q$4:$X$93,AO29) -> 0 | AU29: =COUNTIF($Y$4:$AF$93,AO29) -> 1 | AV29: =AS29+AT29+AU29 -> 3 | AW29: 1 | AX29: =AS29*$AQ29 -> 1040 | AY29: =AT29*$AQ29 -> 0 | AZ29: =AU29*$AQ29 -> 520 | BD29: =AR29*AV29 -> 0
A30: 45938 | B30: 1600 | D30: =(SUM(粮草!A30:X30)+AG30*10*IF(AK30="是",$BB$4,$BB$3)) -> 1824 | E30: =SUM($B$4:B30)+SUM($C$4:C30)-SUM($D$4:D30) -> 1224 | F30: =SUM(经验!A30:X30) -> 720 | G30: =SUM($F$4:F30)+SUM($H$4:H30) -> 20670 | H30: 200 | I30: 4级 | J30: 4级 | K30: 4级 | L30: 4级 | M30: 4级 | N30: 4级 | O30: 空 | P30: 空 | Q30: 6级 | R30: 6级 | S30: 6级 | T30: 6级 | U30: 6级 | V30: 6级 | W30: 营地 | X30: 6级 | Y30: 空 | Z30: 空 | AA30: 空 | AB30: 空 | AC30: 空 | AD30: 空 | AE30: 空 | AF30: 空 | AG30: =AH30+AI30+AJ30 -> 0 | AK30: 是 | AL30: =MIN(AL29+6,18)-COUNTIF(I30:P30,"<>空")+COUNTIF(I30:P30,"历练")+COUNTIF(I30:P30,"营地")*2 -> 12 | AM30: =MIN(AM29+6,18)-COUNTIF(Q30:X30,"<>空")+COUNTIF(Q30:X30,"历练")+COUNTIF(Q30:X30,"营地")*2 -> 12 | AN30: =MIN(AN29+6,18)-COUNTIF(Y30:AF30,"<>空")+COUNTIF(Y30:AF30,"历练")+COUNTIF(Y30:AF30,"营地")*2 -> 18 | BD30: =SUM(BD4:BD29)+AG2*10 -> 18743.987
A31: 45939 | B31: 1600 | D31: =(SUM(粮草!A31:X31)+AG31*10*IF(AK31="是",$BB$4,$BB$3)) -> 1824 | E31: =SUM($B$4:B31)+SUM($C$4:C31)-SUM($D$4:D31) -> 1000 | F31: =SUM(经验!A31:X31) -> 660 | G31: =SUM($F$4:F31)+SUM($H$4:H31) -> 21330 | H31: 0 | I31: 4级 | J31: 4级 | K31: 4级 | L31: 4级 | M31: 4级 | N31: 4级 | O31: 空 | P31: 空 | Q31: 6级 | R31: 6级 | S31: 6级 | T31: 6级 | U31: 6级 | V31: 6级 | W31: 空 | X31: 空 | Y31: 空 | Z31: 空 | AA31: 空 | AB31: 空 | AC31: 空 | AD31: 空 | AE31: 空 | AF31: 空 | AG31: =AH31+AI31+AJ31 -> 0 | AK31: 是 | AL31: =MIN(AL30+6,18)-COUNTIF(I31:P31,"<>空")+COUNTIF(I31:P31,"历练")+COUNTIF(I31:P31,"营地")*2 -> 12 | AM31: =MIN(AM30+6,18)-COUNTIF(Q31:X31,"<>空")+COUNTIF(Q31:X31,"历练")+COUNTIF(Q31:X31,"营地")*2 -> 12 | AN31: =MIN(AN30+6,18)-COUNTIF(Y31:AF31,"<>空")+COUNTIF(Y31:AF31,"历练")+COUNTIF(Y31:AF31,"营地")*2 -> 18
A32: 45940 | B32: 1600 | D32: =(SUM(粮草!A32:X32)+AG32*10*IF(AK32="是",$BB$4,$BB$3)) -> 1824 | E32: =SUM($B$4:B32)+SUM($C$4:C32)-SUM($D$4:D32) -> 776 | F32: =SUM(经验!A32:X32) -> 720 | G32: =SUM($F$4:F32)+SUM($H$4:H32) -> 22050 | H32: 0 | I32: 4级 | J32: 4级 | K32: 4级 | L32: 4级 | M32: 4级 | N32: 4级 | O32: 空 | P32: 空 | Q32: 6级 | R32: 营地 | S32: 6级 | T32: 6级 | U32: 6级 | V32: 6级 | W32: 6级 | X32: 6级 | Y32: 空 | Z32: 空 | AA32: 空 | AB32: 空 | AC32: 空 | AD32: 空 | AE32: 空 | AF32: 空 | AG32: =AH32+AI32+AJ32 -> 0 | AK32: 是 | AL32: =MIN(AL31+6,18)-COUNTIF(I32:P32,"<>空")+COUNTIF(I32:P32,"历练")+COUNTIF(I32:P32,"营地")*2 -> 12 | AM32: =MIN(AM31+6,18)-COUNTIF(Q32:X32,"<>空")+COUNTIF(Q32:X32,"历练")+COUNTIF(Q32:X32,"营地")*2 -> 12 | AN32: =MIN(AN31+6,18)-COUNTIF(Y32:AF32,"<>空")+COUNTIF(Y32:AF32,"历练")+COUNTIF(Y32:AF32,"营地")*2 -> 18 | AO32: 地块统计 | AP32: 应占领 | AQ32: 缺少 | AR32: 粮草 | AS32: 分数
A33: 45941 | B33: 1600 | D33: =(SUM(粮草!A33:X33)+AG33*10*IF(AK33="是",$BB$4,$BB$3)) -> 1000 | E33: =SUM($B$4:B33)+SUM($C$4:C33)-SUM($D$4:D33) -> 1376 | F33: =SUM(经验!A33:X33) -> 390 | G33: =SUM($F$4:F33)+SUM($H$4:H33) -> 22440 | H33: 0 | I33: 商人 | J33: 空 | K33: 空 | L33: 空 | M33: 空 | N33: 空 | O33: 空 | P33: 空 | Q33: 6级 | R33: 6级 | S33: 6级 | T33: 6级 | U33: 6级 | V33: 6级 | W33: 空 | X33: 空 | Y33: 空 | Z33: 空 | AA33: 空 | AB33: 空 | AC33: 空 | AD33: 空 | AE33: 空 | AF33: 空 | AG33: =AH33+AI33+AJ33 -> 0 | AK33: 是 | AL33: =MIN(AL32+6,18)-COUNTIF(I33:P33,"<>空")+COUNTIF(I33:P33,"历练")+COUNTIF(I33:P33,"营地")*2 -> 17 | AM33: =MIN(AM32+6,18)-COUNTIF(Q33:X33,"<>空")+COUNTIF(Q33:X33,"历练")+COUNTIF(Q33:X33,"营地")*2 -> 12 | AN33: =MIN(AN32+6,18)-COUNTIF(Y33:AF33,"<>空")+COUNTIF(Y33:AF33,"历练")+COUNTIF(Y33:AF33,"营地")*2 -> 18 | AO33: 3级 | AP33: 159 | AQ33: =AP33-AV6 -> 81 | AR33: =AQ33*AP6*0.8 -> 11016 | AS33: =AQ33*AQ6 -> 3645
A34: 45942 | B34: 1600 | D34: =(SUM(粮草!A34:X34)+AG34*10*IF(AK34="是",$BB$4,$BB$3)) -> 1824 | E34: =SUM($B$4:B34)+SUM($C$4:C34)-SUM($D$4:D34) -> 1152 | F34: =SUM(经验!A34:X34) -> 660 | G34: =SUM($F$4:F34)+SUM($H$4:H34) -> 23100 | H34: 0 | I34: 4级 | J34: 4级 | K34: 4级 | L34: 4级 | M34: 4级 | N34: 4级 | O34: 空 | P34: 空 | Q34: 6级 | R34: 6级 | S34: 6级 | T34: 6级 | U34: 6级 | V34: 6级 | W34: 空 | X34: 空 | Y34: 空 | Z34: 空 | AA34: 空 | AB34: 空 | AC34: 空 | AD34: 空 | AE34: 空 | AF34: 空 | AG34: =AH34+AI34+AJ34 -> 0 | AK34: 是 | AL34: =MIN(AL33+6,18)-COUNTIF(I34:P34,"<>空")+COUNTIF(I34:P34,"历练")+COUNTIF(I34:P34,"营地")*2 -> 12 | AM34: =MIN(AM33+6,18)-COUNTIF(Q34:X34,"<>空")+COUNTIF(Q34:X34,"历练")+COUNTIF(Q34:X34,"营地")*2 -> 12 | AN34: =MIN(AN33+6,18)-COUNTIF(Y34:AF34,"<>空")+COUNTIF(Y34:AF34,"历练")+COUNTIF(Y34:AF34,"营地")*2 -> 18 | AO34: 4级 | AP34: 270 | AQ34: =AP34-AV7 -> 135 | AR34: =AQ34*AP7*0.8 -> 19440 | AS34: =AQ34*AQ7 -> 6750
A35: 45943 | B35: 1600 | D35: =(SUM(粮草!A35:X35)+AG35*10*IF(AK35="是",$BB$4,$BB$3)) -> 1792 | E35: =SUM($B$4:B35)+SUM($C$4:C35)-SUM($D$4:D35) -> 960 | F35: =SUM(经验!A35:X35) -> 635 | G35: =SUM($F$4:F35)+SUM($H$4:H35) -> 23935 | H35: 200 | I35: 4级 | J35: 4级 | K35: 4级 | L35: 4级 | M35: 4级 | N35: 4级 | O35: 空 | P35: 空 | Q35: 6级 | R35: 5级 | S35: 5级 | T35: 5级 | U35: 5级 | V35: 5级 | W35: 空 | X35: 空 | Y35: 空 | Z35: 空 | AA35: 空 | AB35: 空 | AC35: 空 | AD35: 空 | AE35: 空 | AF35: 空 | AG35: =AH35+AI35+AJ35 -> 1 | AI35: 1 | AK35: 是 | AL35: =MIN(AL34+6,18)-COUNTIF(I35:P35,"<>空")+COUNTIF(I35:P35,"历练")+COUNTIF(I35:P35,"营地")*2 -> 12 | AM35: =MIN(AM34+6,18)-COUNTIF(Q35:X35,"<>空")+COUNTIF(Q35:X35,"历练")+COUNTIF(Q35:X35,"营地")*2 -> 12 | AN35: =MIN(AN34+6,18)-COUNTIF(Y35:AF35,"<>空")+COUNTIF(Y35:AF35,"历练")+COUNTIF(Y35:AF35,"营地")*2 -> 18 | AO35: 5级 | AP35: 234 | AQ35: =AP35-AV8 -> 151 | AR35: =AQ35*AP8*0.8 -> 22952 | AS35: =AQ35*AQ8 -> 8305
A36: 45944 | B36: 1600 | D36: =(SUM(粮草!A36:X36)+AG36*10*IF(AK36="是",$BB$4,$BB$3)) -> 1776 | E36: =SUM($B$4:B36)+SUM($C$4:C36)-SUM($D$4:D36) -> 784 | F36: =SUM(经验!A36:X36) -> 630 | G36: =SUM($F$4:F36)+SUM($H$4:H36) -> 24665 | H36: 100 | I36: 4级 | J36: 4级 | K36: 4级 | L36: 4级 | M36: 4级 | N36: 4级 | O36: 空 | P36: 空 | Q36: 5级 | R36: 5级 | S36: 5级 | T36: 5级 | U36: 5级 | V36: 5级 | W36: 空 | X36: 空 | Y36: 空 | Z36: 空 | AA36: 空 | AB36: 空 | AC36: 空 | AD36: 空 | AE36: 空 | AF36: 空 | AG36: =AH36+AI36+AJ36 -> 0 | AK36: 是 | AL36: =MIN(AL35+6,18)-COUNTIF(I36:P36,"<>空")+COUNTIF(I36:P36,"历练")+COUNTIF(I36:P36,"营地")*2 -> 12 | AM36: =MIN(AM35+6,18)-COUNTIF(Q36:X36,"<>空")+COUNTIF(Q36:X36,"历练")+COUNTIF(Q36:X36,"营地")*2 -> 12 | AN36: =MIN(AN35+6,18)-COUNTIF(Y36:AF36,"<>空")+COUNTIF(Y36:AF36,"历练")+COUNTIF(Y36:AF36,"营地")*2 -> 18 | AO36: 6级 | AP36: 192 | AQ36: =AP36-AV9 -> 127 | AR36: =AQ36*AP9*0.8 -> 20320 | AS36: =AQ36*AQ9 -> 7620
A37: 45945 | B37: 1600 | D37: =(SUM(粮草!A37:X37)+AG37*10*IF(AK37="是",$BB$4,$BB$3)) -> 1704 | E37: =SUM($B$4:B37)+SUM($C$4:C37)-SUM($D$4:D37) -> 680 | F37: =SUM(经验!A37:X37) -> 1050 | G37: =SUM($F$4:F37)+SUM($H$4:H37) -> 25915 | H37: 200 | I37: 4级 | J37: 4级 | K37: 4级 | L37: 塔2 | M37: 中boss | N37: 5级 | O37: 空 | P37: 空 | Q37: 5级 | R37: 商人 | S37: 5级 | T37: 5级 | U37: 5级 | V37: 5级 | W37: 空 | X37: 空 | Y37: 空 | Z37: 空 | AA37: 空 | AB37: 空 | AC37: 空 | AD37: 空 | AE37: 空 | AF37: 空 | AG37: =AH37+AI37+AJ37 -> 0 | AK37: 是 | AL37: =MIN(AL36+6,18)-COUNTIF(I37:P37,"<>空")+COUNTIF(I37:P37,"历练")+COUNTIF(I37:P37,"营地")*2 -> 12 | AM37: =MIN(AM36+6,18)-COUNTIF(Q37:X37,"<>空")+COUNTIF(Q37:X37,"历练")+COUNTIF(Q37:X37,"营地")*2 -> 12 | AN37: =MIN(AN36+6,18)-COUNTIF(Y37:AF37,"<>空")+COUNTIF(Y37:AF37,"历练")+COUNTIF(Y37:AF37,"营地")*2 -> 18 | AO37: 商人 | AP37: 38 | AQ37: =AP37-AV17 -> 12 | AR37: =AQ37*AP17*0.8 -> 480 | AS37: =AQ37*AQ17 -> 360
A38: 45946 | B38: 1600 | D38: =(SUM(粮草!A38:X38)+AG38*10*IF(AK38="是",$BB$4,$BB$3)) -> 712 | E38: =SUM($B$4:B38)+SUM($C$4:C38)-SUM($D$4:D38) -> 1568 | F38: =SUM(经验!A38:X38) -> 385 | G38: =SUM($F$4:F38)+SUM($H$4:H38) -> 26300 | H38: 0 | I38: 5级 | J38: 营地 | K38: 空 | L38: 空 | M38: 空 | N38: 空 | O38: 空 | P38: 空 | Q38: 5级 | R38: 5级 | S38: 塔5 | T38: 5级 | U38: 5级 | V38: 5级 | W38: 营地 | X38: 空 | Y38: 空 | Z38: 空 | AA38: 空 | AB38: 空 | AC38: 空 | AD38: 空 | AE38: 空 | AF38: 空 | AG38: =AH38+AI38+AJ38 -> 0 | AK38: 是 | AL38: =MIN(AL37+6,18)-COUNTIF(I38:P38,"<>空")+COUNTIF(I38:P38,"历练")+COUNTIF(I38:P38,"营地")*2 -> 18 | AM38: =MIN(AM37+6,18)-COUNTIF(Q38:X38,"<>空")+COUNTIF(Q38:X38,"历练")+COUNTIF(Q38:X38,"营地")*2 -> 13 | AN38: =MIN(AN37+6,18)-COUNTIF(Y38:AF38,"<>空")+COUNTIF(Y38:AF38,"历练")+COUNTIF(Y38:AF38,"营地")*2 -> 18 | AO38: 塔2 | AP38: 34 | AQ38: =AP38-AV11 -> 10 | AR38: =AQ38*AP11*0.8 -> 1200 | AS38: =AQ38*AQ11 -> 400
A39: 45947 | B39: 1600 | D39: =(SUM(粮草!A39:X39)+AG39*10*IF(AK39="是",$BB$4,$BB$3)) -> 880 | E39: =SUM($B$4:B39)+SUM($C$4:C39)-SUM($D$4:D39) -> 2288 | F39: =SUM(经验!A39:X39) -> 315 | G39: =SUM($F$4:F39)+SUM($H$4:H39) -> 26615 | H39: 0 | I39: 5级 | J39: 5级 | K39: 5级 | L39: 5级 | M39: 5级 | N39: 塔2 | O39: 空 | P39: 空 | Q39: 空 | R39: 空 | S39: 空 | T39: 空 | U39: 空 | V39: 空 | W39: 空 | X39: 空 | Y39: 空 | Z39: 空 | AA39: 空 | AB39: 空 | AC39: 空 | AD39: 空 | AE39: 空 | AF39: 空 | AG39: =AH39+AI39+AJ39 -> 0 | AK39: 是 | AL39: =MIN(AL38+6,18)-COUNTIF(I39:P39,"<>空")+COUNTIF(I39:P39,"历练")+COUNTIF(I39:P39,"营地")*2 -> 12 | AM39: =MIN(AM38+6,18)-COUNTIF(Q39:X39,"<>空")+COUNTIF(Q39:X39,"历练")+COUNTIF(Q39:X39,"营地")*2 -> 18 | AN39: =MIN(AN38+6,18)-COUNTIF(Y39:AF39,"<>空")+COUNTIF(Y39:AF39,"历练")+COUNTIF(Y39:AF39,"营地")*2 -> 18 | AO39: 塔3 | AP39: 6 | AQ39: =AP39-AV12 -> 4 | AR39: =AQ39*AP12*0.8 -> 480 | AS39: =AQ39*AQ12 -> 180
A40: 45948 | B40: 1600 | D40: =(SUM(粮草!A40:X40)+AG40*10*IF(AK40="是",$BB$4,$BB$3)) -> 816 | E40: =SUM($B$4:B40)+SUM($C$4:C40)-SUM($D$4:D40) -> 3072 | F40: =SUM(经验!A40:X40) -> 310 | G40: =SUM($F$4:F40)+SUM($H$4:H40) -> 26925 | H40: 0 | I40: 5级 | J40: 5级 | K40: 5级 | L40: 5级 | M40: 6级 | N40: 商人 | O40: 空 | P40: 空 | Q40: 空 | R40: 空 | S40: 空 | T40: 空 | U40: 空 | V40: 空 | W40: 空 | X40: 空 | Y40: 空 | Z40: 空 | AA40: 空 | AB40: 空 | AC40: 空 | AD40: 空 | AE40: 空 | AF40: 空 | AG40: =AH40+AI40+AJ40 -> 1 | AH40: 1 | AK40: 是 | AL40: =MIN(AL39+6,18)-COUNTIF(I40:P40,"<>空")+COUNTIF(I40:P40,"历练")+COUNTIF(I40:P40,"营地")*2 -> 12 | AM40: =MIN(AM39+6,18)-COUNTIF(Q40:X40,"<>空")+COUNTIF(Q40:X40,"历练")+COUNTIF(Q40:X40,"营地")*2 -> 18 | AN40: =MIN(AN39+6,18)-COUNTIF(Y40:AF40,"<>空")+COUNTIF(Y40:AF40,"历练")+COUNTIF(Y40:AF40,"营地")*2 -> 18 | AO40: 塔4 | AP40: 3 | AQ40: =AP40-AV13 -> 3 | AR40: =AQ40*AP13*0.8 -> 360 | AS40: =AQ40*AQ13 -> 150
A41: 45949 | B41: 1600 | D41: =(SUM(粮草!A41:X41)+AG41*10*IF(AK41="是",$BB$4,$BB$3)) -> 960 | E41: =SUM($B$4:B41)+SUM($C$4:C41)-SUM($D$4:D41) -> 3712 | F41: =SUM(经验!A41:X41) -> 855 | G41: =SUM($F$4:F41)+SUM($H$4:H41) -> 27780 | H41: 0 | I41: 5级 | J41: 5级 | K41: 6级 | L41: 5级 | M41: 5级 | N41: 5级 | O41: 历练 | P41: 空 | Q41: 空 | R41: 空 | S41: 空 | T41: 空 | U41: 空 | V41: 空 | W41: 空 | X41: 空 | Y41: 空 | Z41: 空 | AA41: 空 | AB41: 空 | AC41: 空 | AD41: 空 | AE41: 空 | AF41: 空 | AG41: =AH41+AI41+AJ41 -> 0 | AK41: 是 | AL41: =MIN(AL40+6,18)-COUNTIF(I41:P41,"<>空")+COUNTIF(I41:P41,"历练")+COUNTIF(I41:P41,"营地")*2 -> 12 | AM41: =MIN(AM40+6,18)-COUNTIF(Q41:X41,"<>空")+COUNTIF(Q41:X41,"历练")+COUNTIF(Q41:X41,"营地")*2 -> 18 | AN41: =MIN(AN40+6,18)-COUNTIF(Y41:AF41,"<>空")+COUNTIF(Y41:AF41,"历练")+COUNTIF(Y41:AF41,"营地")*2 -> 18 | AO41: 塔5 | AP41: 3 | AQ41: =AP41-AV14 -> 1 | AR41: =AQ41*AP14*0.8 -> 120 | AS41: =AQ41*AQ14 -> 55
A42: 45950 | B42: 1600 | D42: =(SUM(粮草!A42:X42)+AG42*10*IF(AK42="是",$BB$4,$BB$3)) -> 912 | E42: =SUM($B$4:B42)+SUM($C$4:C42)-SUM($D$4:D42) -> 4400 | F42: =SUM(经验!A42:X42) -> 330 | G42: =SUM($F$4:F42)+SUM($H$4:H42) -> 28410 | H42: 300 | I42: 5级 | J42: 5级 | K42: 5级 | L42: 5级 | M42: 5级 | N42: 5级 | O42: 空 | P42: 空 | Q42: 空 | R42: 空 | S42: 空 | T42: 空 | U42: 空 | V42: 空 | W42: 空 | X42: 空 | Y42: 空 | Z42: 空 | AA42: 空 | AB42: 空 | AC42: 空 | AD42: 空 | AE42: 空 | AF42: 空 | AG42: =AH42+AI42+AJ42 -> 0 | AK42: 是 | AL42: =MIN(AL41+6,18)-COUNTIF(I42:P42,"<>空")+COUNTIF(I42:P42,"历练")+COUNTIF(I42:P42,"营地")*2 -> 12 | AM42: =MIN(AM41+6,18)-COUNTIF(Q42:X42,"<>空")+COUNTIF(Q42:X42,"历练")+COUNTIF(Q42:X42,"营地")*2 -> 18 | AN42: =MIN(AN41+6,18)-COUNTIF(Y42:AF42,"<>空")+COUNTIF(Y42:AF42,"历练")+COUNTIF(Y42:AF42,"营地")*2 -> 18 | AO42: 塔6 | AP42: 1 | AQ42: =AP42-AV15 -> 1 | AR42: =AQ42*AP15*0.8 -> 120 | AS42: =AQ42*AQ15 -> 60
A43: 45951 | B43: 1600 | D43: =(SUM(粮草!A43:X43)+AG43*10*IF(AK43="是",$BB$4,$BB$3)) -> 936 | E43: =SUM($B$4:B43)+SUM($C$4:C43)-SUM($D$4:D43) -> 5064 | F43: =SUM(经验!A43:X43) -> 340 | G43: =SUM($F$4:F43)+SUM($H$4:H43) -> 28750 | H43: 0 | I43: 5级 | J43: 5级 | K43: 5级 | L43: 6级 | M43: 5级 | N43: 6级 | O43: 空 | P43: 空 | Q43: 空 | R43: 空 | S43: 空 | T43: 空 | U43: 空 | V43: 空 | W43: 空 | X43: 空 | Y43: 空 | Z43: 空 | AA43: 空 | AB43: 空 | AC43: 空 | AD43: 空 | AE43: 空 | AF43: 空 | AG43: =AH43+AI43+AJ43 -> 1 | AH43: 1 | AK43: 是 | AL43: =MIN(AL42+6,18)-COUNTIF(I43:P43,"<>空")+COUNTIF(I43:P43,"历练")+COUNTIF(I43:P43,"营地")*2 -> 12 | AM43: =MIN(AM42+6,18)-COUNTIF(Q43:X43,"<>空")+COUNTIF(Q43:X43,"历练")+COUNTIF(Q43:X43,"营地")*2 -> 18 | AN43: =MIN(AN42+6,18)-COUNTIF(Y43:AF43,"<>空")+COUNTIF(Y43:AF43,"历练")+COUNTIF(Y43:AF43,"营地")*2 -> 18 | AO43: 中boss | AP43: 2 | AQ43: =AP43-AV23 -> 1 | AR43: =AQ43*AP23*0.8 -> 200 | AS43: =AQ43*AQ23 -> 500
A44: 45952 | B44: 1600 | D44: =(SUM(粮草!A44:X44)+AG44*10*IF(AK44="是",$BB$4,$BB$3)) -> 888 | E44: =SUM($B$4:B44)+SUM($C$4:C44)-SUM($D$4:D44) -> 5776 | F44: =SUM(经验!A44:X44) -> 330 | G44: =SUM($F$4:F44)+SUM($H$4:H44) -> 29280 | H44: 200 | I44: 塔5 | J44: 5级 | K44: 5级 | L44: 5级 | M44: 5级 | N44: 5级 | O44: 空 | P44: 空 | Q44: 空 | R44: 空 | S44: 空 | T44: 空 | U44: 空 | V44: 空 | W44: 空 | X44: 空 | Y44: 空 | Z44: 空 | AA44: 空 | AB44: 空 | AC44: 空 | AD44: 空 | AE44: 空 | AF44: 空 | AG44: =AH44+AI44+AJ44 -> 1 | AH44: 1 | AK44: 是 | AL44: =MIN(AL43+6,18)-COUNTIF(I44:P44,"<>空")+COUNTIF(I44:P44,"历练")+COUNTIF(I44:P44,"营地")*2 -> 12 | AM44: =MIN(AM43+6,18)-COUNTIF(Q44:X44,"<>空")+COUNTIF(Q44:X44,"历练")+COUNTIF(Q44:X44,"营地")*2 -> 18 | AN44: =MIN(AN43+6,18)-COUNTIF(Y44:AF44,"<>空")+COUNTIF(Y44:AF44,"历练")+COUNTIF(Y44:AF44,"营地")*2 -> 18 | AO44: 历练 | AP44: 3 | AQ44: =AP44-AV29 -> 0 | AR44: =AQ44*AP29*0.8 -> 0 | AS44: =AQ44*AQ29 -> 0
A45: 45953 | B45: 1600 | D45: =(SUM(粮草!A45:X45)+AG45*10*IF(AK45="是",$BB$4,$BB$3)) -> 912 | E45: =SUM($B$4:B45)+SUM($C$4:C45)-SUM($D$4:D45) -> 6464 | F45: =SUM(经验!A45:X45) -> 330 | G45: =SUM($F$4:F45)+SUM($H$4:H45) -> 29610 | H45: 0 | I45: 5级 | J45: 5级 | K45: 5级 | L45: 5级 | M45: 5级 | N45: 5级 | O45: 空 | P45: 空 | Q45: 空 | R45: 空 | S45: 空 | T45: 空 | U45: 空 | V45: 空 | W45: 空 | X45: 空 | Y45: 空 | Z45: 空 | AA45: 空 | AB45: 空 | AC45: 空 | AD45: 空 | AE45: 空 | AF45: 空 | AG45: =AH45+AI45+AJ45 -> 0 | AK45: 是 | AL45: =MIN(AL44+6,18)-COUNTIF(I45:P45,"<>空")+COUNTIF(I45:P45,"历练")+COUNTIF(I45:P45,"营地")*2 -> 12 | AM45: =MIN(AM44+6,18)-COUNTIF(Q45:X45,"<>空")+COUNTIF(Q45:X45,"历练")+COUNTIF(Q45:X45,"营地")*2 -> 18 | AN45: =MIN(AN44+6,18)-COUNTIF(Y45:AF45,"<>空")+COUNTIF(Y45:AF45,"历练")+COUNTIF(Y45:AF45,"营地")*2 -> 18 | AO45: 大boss | AP45: 2 | AQ45: =AP45-AV22 -> 0 | AR45: =AQ45*AP22*0.8 -> 0 | AS45: =AQ45*AQ22 -> 0
A46: 45954 | B46: 1600 | D46: =(SUM(粮草!A46:X46)+AG46*10*IF(AK46="是",$BB$4,$BB$3)) -> 880 | E46: =SUM($B$4:B46)+SUM($C$4:C46)-SUM($D$4:D46) -> 7184 | F46: =SUM(经验!A46:X46) -> 315 | G46: =SUM($F$4:F46)+SUM($H$4:H46) -> 29925 | H46: 0 | I46: 5级 | J46: 5级 | K46: 5级 | L46: 5级 | M46: 塔2 | N46: 5级 | O46: 空 | P46: 空 | Q46: 空 | R46: 空 | S46: 空 | T46: 空 | U46: 空 | V46: 空 | W46: 空 | X46: 空 | Y46: 空 | Z46: 空 | AA46: 空 | AB46: 空 | AC46: 空 | AD46: 空 | AE46: 空 | AF46: 空 | AG46: =AH46+AI46+AJ46 -> 0 | AK46: 是 | AL46: =MIN(AL45+6,18)-COUNTIF(I46:P46,"<>空")+COUNTIF(I46:P46,"历练")+COUNTIF(I46:P46,"营地")*2 -> 12 | AM46: =MIN(AM45+6,18)-COUNTIF(Q46:X46,"<>空")+COUNTIF(Q46:X46,"历练")+COUNTIF(Q46:X46,"营地")*2 -> 18 | AN46: =MIN(AN45+6,18)-COUNTIF(Y46:AF46,"<>空")+COUNTIF(Y46:AF46,"历练")+COUNTIF(Y46:AF46,"营地")*2 -> 18 | AO46: 总 | AQ46: =SUM(AQ33:AQ43) -> 526 | AR46: =SUM(AR33:AR45) -> 76688 | AS46: =SUM(AS33:AS45) -> 28025
A47: 45955 | B47: 1600 | D47: =(SUM(粮草!A47:X47)+AG47*10*IF(AK47="是",$BB$4,$BB$3)) -> 808 | E47: =SUM($B$4:B47)+SUM($C$4:C47)-SUM($D$4:D47) -> 7976 | F47: =SUM(经验!A47:X47) -> 800 | G47: =SUM($F$4:F47)+SUM($H$4:H47) -> 30725 | H47: 0 | I47: 5级 | J47: 历练 | K47: 5级 | L47: 5级 | M47: 5级 | N47: 6级 | O47: 空 | P47: 空 | Q47: 空 | R47: 空 | S47: 空 | T47: 空 | U47: 空 | V47: 空 | W47: 空 | X47: 空 | Y47: 空 | Z47: 空 | AA47: 空 | AB47: 空 | AC47: 空 | AD47: 空 | AE47: 空 | AF47: 空 | AG47: =AH47+AI47+AJ47 -> 0 | AK47: 是 | AL47: =MIN(AL46+6,18)-COUNTIF(I47:P47,"<>空")+COUNTIF(I47:P47,"历练")+COUNTIF(I47:P47,"营地")*2 -> 13 | AM47: =MIN(AM46+6,18)-COUNTIF(Q47:X47,"<>空")+COUNTIF(Q47:X47,"历练")+COUNTIF(Q47:X47,"营地")*2 -> 18 | AN47: =MIN(AN46+6,18)-COUNTIF(Y47:AF47,"<>空")+COUNTIF(Y47:AF47,"历练")+COUNTIF(Y47:AF47,"营地")*2 -> 18 | AQ47: 最终 | AR47: =E93-AR46 -> 16 | AS47: =AS46+G93 -> 63965
A48: 45956 | B48: 1600 | C48: 40 | D48: =(SUM(粮草!A48:X48)+AG48*10*IF(AK48="是",$BB$4,$BB$3)) -> 920 | E48: =SUM($B$4:B48)+SUM($C$4:C48)-SUM($D$4:D48) -> 8696 | F48: =SUM(经验!A48:X48) -> 330 | G48: =SUM($F$4:F48)+SUM($H$4:H48) -> 31055 | H48: 0 | I48: 5级 | J48: 5级 | K48: 5级 | L48: 5级 | M48: 5级 | N48: 5级 | O48: 空 | P48: 空 | Q48: 空 | R48: 空 | S48: 空 | T48: 空 | U48: 空 | V48: 空 | W48: 空 | X48: 空 | Y48: 空 | Z48: 空 | AA48: 空 | AB48: 空 | AC48: 空 | AD48: 空 | AE48: 空 | AF48: 空 | AG48: =AH48+AI48+AJ48 -> 1 | AH48: 1 | AK48: 是 | AL48: =MIN(AL47+6,18)-COUNTIF(I48:P48,"<>空")+COUNTIF(I48:P48,"历练")+COUNTIF(I48:P48,"营地")*2 -> 12 | AM48: =MIN(AM47+6,18)-COUNTIF(Q48:X48,"<>空")+COUNTIF(Q48:X48,"历练")+COUNTIF(Q48:X48,"营地")*2 -> 18 | AN48: =MIN(AN47+6,18)-COUNTIF(Y48:AF48,"<>空")+COUNTIF(Y48:AF48,"历练")+COUNTIF(Y48:AF48,"营地")*2 -> 18 | AQ48: 净获得
A49: 45957 | B49: 1600 | D49: =(SUM(粮草!A49:X49)+AG49*10*IF(AK49="是",$BB$4,$BB$3)) -> 960 | E49: =SUM($B$4:B49)+SUM($C$4:C49)-SUM($D$4:D49) -> 9336 | F49: =SUM(经验!A49:X49) -> 365 | G49: =SUM($F$4:F49)+SUM($H$4:H49) -> 31620 | H49: 200 | I49: 5级 | J49: 5级 | K49: 商人 | L49: 5级 | M49: 5级 | N49: 5级 | O49: 6级 | P49: 空 | Q49: 空 | R49: 空 | S49: 空 | T49: 空 | U49: 空 | V49: 空 | W49: 空 | X49: 空 | Y49: 空 | Z49: 空 | AA49: 空 | AB49: 空 | AC49: 空 | AD49: 空 | AE49: 空 | AF49: 空 | AG49: =AH49+AI49+AJ49 -> 0 | AK49: 是 | AL49: =MIN(AL48+6,18)-COUNTIF(I49:P49,"<>空")+COUNTIF(I49:P49,"历练")+COUNTIF(I49:P49,"营地")*2 -> 11 | AM49: =MIN(AM48+6,18)-COUNTIF(Q49:X49,"<>空")+COUNTIF(Q49:X49,"历练")+COUNTIF(Q49:X49,"营地")*2 -> 18 | AN49: =MIN(AN48+6,18)-COUNTIF(Y49:AF49,"<>空")+COUNTIF(Y49:AF49,"历练")+COUNTIF(Y49:AF49,"营地")*2 -> 18 | AO49: 阶段 | AP49: 奖励粮草 | AQ49: 八卦前 | AR49: 八卦后 | AS49: 帐篷个数
A50: 45958 | B50: 1600 | D50: =(SUM(粮草!A50:X50)+AG50*10*IF(AK50="是",$BB$4,$BB$3)) -> 0 | E50: =SUM($B$4:B50)+SUM($C$4:C50)-SUM($D$4:D50) -> 10936 | F50: =SUM(经验!A50:X50) -> 0 | G50: =SUM($F$4:F50)+SUM($H$4:H50) -> 31720 | H50: 100 | I50: 空 | J50: 空 | K50: 空 | L50: 空 | M50: 空 | N50: 空 | O50: 空 | P50: 空 | Q50: 空 | R50: 空 | S50: 空 | T50: 空 | U50: 空 | V50: 空 | W50: 空 | X50: 空 | Y50: 空 | Z50: 空 | AA50: 空 | AB50: 空 | AC50: 空 | AD50: 空 | AE50: 空 | AF50: 空 | AG50: =AH50+AI50+AJ50 -> 0 | AK50: 是 | AL50: =MIN(AL49+6,18)-COUNTIF(I50:P50,"<>空")+COUNTIF(I50:P50,"历练")+COUNTIF(I50:P50,"营地")*2 -> 17 | AM50: =MIN(AM49+6,18)-COUNTIF(Q50:X50,"<>空")+COUNTIF(Q50:X50,"历练")+COUNTIF(Q50:X50,"营地")*2 -> 18 | AN50: =MIN(AN49+6,18)-COUNTIF(Y50:AF50,"<>空")+COUNTIF(Y50:AF50,"历练")+COUNTIF(Y50:AF50,"营地")*2 -> 18 | AO50: 1 | AP50: 300 | AQ50: =AP50-50 -> 250 | AR50: =AP50-40 -> 260 | AS50: =COUNTIF(I4:AF13,$AO$18) -> 2 | AT50: =AP50*AS50 -> 600 | AV50: 9 | AW50: 260 | AX50: =AV50*AW50 -> 2340 | AY50: 10 | AZ50: 210 | BA50: =AZ50*AY50 -> 2100
A51: 45959 | B51: 1600 | D51: =(SUM(粮草!A51:X51)+AG51*10*IF(AK51="是",$BB$4,$BB$3)) -> 0 | E51: =SUM($B$4:B51)+SUM($C$4:C51)-SUM($D$4:D51) -> 12536 | F51: =SUM(经验!A51:X51) -> 0 | G51: =SUM($F$4:F51)+SUM($H$4:H51) -> 31920 | H51: 200 | I51: 空 | J51: 空 | K51: 空 | L51: 空 | M51: 空 | N51: 空 | O51: 空 | P51: 空 | Q51: 空 | R51: 空 | S51: 空 | T51: 空 | U51: 空 | V51: 空 | W51: 空 | X51: 空 | Y51: 空 | Z51: 空 | AA51: 空 | AB51: 空 | AC51: 空 | AD51: 空 | AE51: 空 | AF51: 空 | AG51: =AH51+AI51+AJ51 -> 0 | AK51: 是 | AL51: =MIN(AL50+6,18)-COUNTIF(I51:P51,"<>空")+COUNTIF(I51:P51,"历练")+COUNTIF(I51:P51,"营地")*2 -> 18 | AM51: =MIN(AM50+6,18)-COUNTIF(Q51:X51,"<>空")+COUNTIF(Q51:X51,"历练")+COUNTIF(Q51:X51,"营地")*2 -> 18 | AN51: =MIN(AN50+6,18)-COUNTIF(Y51:AF51,"<>空")+COUNTIF(Y51:AF51,"历练")+COUNTIF(Y51:AF51,"营地")*2 -> 18 | AO51: 2 | AP51: 250 | AQ51: =AP51-50 -> 200 | AR51: =AP51-40 -> 210 | AS51: =COUNTIF(I14:AF24,$AO$18) -> 9 | AT51: =AP51*AS51 -> 2250 | AV51: 1 | AW51: 160
A52: 45960 | B52: 1600 | D52: =(SUM(粮草!A52:X52)+AG52*10*IF(AK52="是",$BB$4,$BB$3)) -> 0 | E52: =SUM($B$4:B52)+SUM($C$4:C52)-SUM($D$4:D52) -> 14136 | F52: =SUM(经验!A52:X52) -> 0 | G52: =SUM($F$4:F52)+SUM($H$4:H52) -> 31920 | H52: 0 | I52: 空 | J52: 空 | K52: 空 | L52: 空 | M52: 空 | N52: 空 | O52: 空 | P52: 空 | Q52: 空 | R52: 空 | S52: 空 | T52: 空 | U52: 空 | V52: 空 | W52: 空 | X52: 空 | Y52: 空 | Z52: 空 | AA52: 空 | AB52: 空 | AC52: 空 | AD52: 空 | AE52: 空 | AF52: 空 | AG52: =AH52+AI52+AJ52 -> 0 | AK52: 是 | AL52: =MIN(AL51+6,18)-COUNTIF(I52:P52,"<>空")+COUNTIF(I52:P52,"历练")+COUNTIF(I52:P52,"营地")*2 -> 18 | AM52: =MIN(AM51+6,18)-COUNTIF(Q52:X52,"<>空")+COUNTIF(Q52:X52,"历练")+COUNTIF(Q52:X52,"营地")*2 -> 18 | AN52: =MIN(AN51+6,18)-COUNTIF(Y52:AF52,"<>空")+COUNTIF(Y52:AF52,"历练")+COUNTIF(Y52:AF52,"营地")*2 -> 18 | AO52: 3 | AP52: 200 | AQ52: =AP52-50 -> 150 | AR52: =AP52-40 -> 160 | AS52: =COUNTIF(I25:AF38,$AO$18) -> 4 | AT52: =AP52*AS52 -> 800
A53: 45961 | B53: 1600 | D53: =(SUM(粮草!A53:X53)+AG53*10*IF(AK53="是",$BB$4,$BB$3)) -> 0 | E53: =SUM($B$4:B53)+SUM($C$4:C53)-SUM($D$4:D53) -> 15736 | F53: =SUM(经验!A53:X53) -> 0 | G53: =SUM($F$4:F53)+SUM($H$4:H53) -> 31920 | H53: 0 | I53: 空 | J53: 空 | K53: 空 | L53: 空 | M53: 空 | N53: 空 | O53: 空 | P53: 空 | Q53: 空 | R53: 空 | S53: 空 | T53: 空 | U53: 空 | V53: 空 | W53: 空 | X53: 空 | Y53: 空 | Z53: 空 | AA53: 空 | AB53: 空 | AC53: 空 | AD53: 空 | AE53: 空 | AF53: 空 | AG53: =AH53+AI53+AJ53 -> 0 | AK53: 是 | AL53: =MIN(AL52+6,18)-COUNTIF(I53:P53,"<>空")+COUNTIF(I53:P53,"历练")+COUNTIF(I53:P53,"营地")*2 -> 18 | AM53: =MIN(AM52+6,18)-COUNTIF(Q53:X53,"<>空")+COUNTIF(Q53:X53,"历练")+COUNTIF(Q53:X53,"营地")*2 -> 18 | AN53: =MIN(AN52+6,18)-COUNTIF(Y53:AF53,"<>空")+COUNTIF(Y53:AF53,"历练")+COUNTIF(Y53:AF53,"营地")*2 -> 18 | AO53: 4 | AP53: 150 | AQ53: =AP53-50 -> 100 | AR53: =AP53-40 -> 110 | AS53: =COUNTIF(I39:AF59,$AO$18) -> 0 | AT53: =AP53*AS53 -> 0
A54: 45962 | B54: 1600 | D54: =(SUM(粮草!A54:X54)+AG54*10*IF(AK54="是",$BB$4,$BB$3)) -> 0 | E54: =SUM($B$4:B54)+SUM($C$4:C54)-SUM($D$4:D54) -> 17336 | F54: =SUM(经验!A54:X54) -> 0 | G54: =SUM($F$4:F54)+SUM($H$4:H54) -> 31920 | H54: 0 | I54: 空 | J54: 空 | K54: 空 | L54: 空 | M54: 空 | N54: 空 | O54: 空 | P54: 空 | Q54: 空 | R54: 空 | S54: 空 | T54: 空 | U54: 空 | V54: 空 | W54: 空 | X54: 空 | Y54: 空 | Z54: 空 | AA54: 空 | AB54: 空 | AC54: 空 | AD54: 空 | AE54: 空 | AF54: 空 | AG54: =AH54+AI54+AJ54 -> 0 | AK54: 是 | AL54: =MIN(AL53+6,18)-COUNTIF(I54:P54,"<>空")+COUNTIF(I54:P54,"历练")+COUNTIF(I54:P54,"营地")*2 -> 18 | AM54: =MIN(AM53+6,18)-COUNTIF(Q54:X54,"<>空")+COUNTIF(Q54:X54,"历练")+COUNTIF(Q54:X54,"营地")*2 -> 18 | AN54: =MIN(AN53+6,18)-COUNTIF(Y54:AF54,"<>空")+COUNTIF(Y54:AF54,"历练")+COUNTIF(Y54:AF54,"营地")*2 -> 18 | AO54: 5 | AP54: 100 | AQ54: =AP54-50 -> 50 | AR54: =AP54-40 -> 60 | AS54: =COUNTIF(I60:AF93,$AO$18) -> 0 | AT54: =AP54*AS54 -> 0
A55: 45963 | B55: 1600 | D55: =(SUM(粮草!A55:X55)+AG55*10*IF(AK55="是",$BB$4,$BB$3)) -> 0 | E55: =SUM($B$4:B55)+SUM($C$4:C55)-SUM($D$4:D55) -> 18936 | F55: =SUM(经验!A55:X55) -> 0 | G55: =SUM($F$4:F55)+SUM($H$4:H55) -> 31920 | H55: 0 | I55: 空 | J55: 空 | K55: 空 | L55: 空 | M55: 空 | N55: 空 | O55: 空 | P55: 空 | Q55: 空 | R55: 空 | S55: 空 | T55: 空 | U55: 空 | V55: 空 | W55: 空 | X55: 空 | Y55: 空 | Z55: 空 | AA55: 空 | AB55: 空 | AC55: 空 | AD55: 空 | AE55: 空 | AF55: 空 | AG55: =AH55+AI55+AJ55 -> 0 | AK55: 是 | AL55: =MIN(AL54+6,18)-COUNTIF(I55:P55,"<>空")+COUNTIF(I55:P55,"历练")+COUNTIF(I55:P55,"营地")*2 -> 18 | AM55: =MIN(AM54+6,18)-COUNTIF(Q55:X55,"<>空")+COUNTIF(Q55:X55,"历练")+COUNTIF(Q55:X55,"营地")*2 -> 18 | AN55: =MIN(AN54+6,18)-COUNTIF(Y55:AF55,"<>空")+COUNTIF(Y55:AF55,"历练")+COUNTIF(Y55:AF55,"营地")*2 -> 18 | AT55: =SUM(AT50:AT54) -> 3650
A56: 45964 | B56: 1600 | D56: =(SUM(粮草!A56:X56)+AG56*10*IF(AK56="是",$BB$4,$BB$3)) -> 0 | E56: =SUM($B$4:B56)+SUM($C$4:C56)-SUM($D$4:D56) -> 20536 | F56: =SUM(经验!A56:X56) -> 0 | G56: =SUM($F$4:F56)+SUM($H$4:H56) -> 32220 | H56: 300 | I56: 空 | J56: 空 | K56: 空 | L56: 空 | M56: 空 | N56: 空 | O56: 空 | P56: 空 | Q56: 空 | R56: 空 | S56: 空 | T56: 空 | U56: 空 | V56: 空 | W56: 空 | X56: 空 | Y56: 空 | Z56: 空 | AA56: 空 | AB56: 空 | AC56: 空 | AD56: 空 | AE56: 空 | AF56: 空 | AG56: =AH56+AI56+AJ56 -> 0 | AK56: 是 | AL56: =MIN(AL55+6,18)-COUNTIF(I56:P56,"<>空")+COUNTIF(I56:P56,"历练")+COUNTIF(I56:P56,"营地")*2 -> 18 | AM56: =MIN(AM55+6,18)-COUNTIF(Q56:X56,"<>空")+COUNTIF(Q56:X56,"历练")+COUNTIF(Q56:X56,"营地")*2 -> 18 | AN56: =MIN(AN55+6,18)-COUNTIF(Y56:AF56,"<>空")+COUNTIF(Y56:AF56,"历练")+COUNTIF(Y56:AF56,"营地")*2 -> 18
A57: 45965 | B57: 1600 | D57: =(SUM(粮草!A57:X57)+AG57*10*IF(AK57="是",$BB$4,$BB$3)) -> 0 | E57: =SUM($B$4:B57)+SUM($C$4:C57)-SUM($D$4:D57) -> 22136 | F57: =SUM(经验!A57:X57) -> 0 | G57: =SUM($F$4:F57)+SUM($H$4:H57) -> 32220 | H57: 0 | I57: 空 | J57: 空 | K57: 空 | L57: 空 | M57: 空 | N57: 空 | O57: 空 | P57: 空 | Q57: 空 | R57: 空 | S57: 空 | T57: 空 | U57: 空 | V57: 空 | W57: 空 | X57: 空 | Y57: 空 | Z57: 空 | AA57: 空 | AB57: 空 | AC57: 空 | AD57: 空 | AE57: 空 | AF57: 空 | AG57: =AH57+AI57+AJ57 -> 0 | AK57: 是 | AL57: =MIN(AL56+6,18)-COUNTIF(I57:P57,"<>空")+COUNTIF(I57:P57,"历练")+COUNTIF(I57:P57,"营地")*2 -> 18 | AM57: =MIN(AM56+6,18)-COUNTIF(Q57:X57,"<>空")+COUNTIF(Q57:X57,"历练")+COUNTIF(Q57:X57,"营地")*2 -> 18 | AN57: =MIN(AN56+6,18)-COUNTIF(Y57:AF57,"<>空")+COUNTIF(Y57:AF57,"历练")+COUNTIF(Y57:AF57,"营地")*2 -> 18
A58: 45966 | B58: 1600 | D58: =(SUM(粮草!A58:X58)+AG58*10*IF(AK58="是",$BB$4,$BB$3)) -> 0 | E58: =SUM($B$4:B58)+SUM($C$4:C58)-SUM($D$4:D58) -> 23736 | F58: =SUM(经验!A58:X58) -> 0 | G58: =SUM($F$4:F58)+SUM($H$4:H58) -> 32420 | H58: 200 | I58: 空 | J58: 空 | K58: 空 | L58: 空 | M58: 空 | N58: 空 | O58: 空 | P58: 空 | Q58: 空 | R58: 空 | S58: 空 | T58: 空 | U58: 空 | V58: 空 | W58: 空 | X58: 空 | Y58: 空 | Z58: 空 | AA58: 空 | AB58: 空 | AC58: 空 | AD58: 空 | AE58: 空 | AF58: 空 | AG58: =AH58+AI58+AJ58 -> 0 | AK58: 是 | AL58: =MIN(AL57+6,18)-COUNTIF(I58:P58,"<>空")+COUNTIF(I58:P58,"历练")+COUNTIF(I58:P58,"营地")*2 -> 18 | AM58: =MIN(AM57+6,18)-COUNTIF(Q58:X58,"<>空")+COUNTIF(Q58:X58,"历练")+COUNTIF(Q58:X58,"营地")*2 -> 18 | AN58: =MIN(AN57+6,18)-COUNTIF(Y58:AF58,"<>空")+COUNTIF(Y58:AF58,"历练")+COUNTIF(Y58:AF58,"营地")*2 -> 18
A59: 45967 | B59: 1600 | D59: =(SUM(粮草!A59:X59)+AG59*10*IF(AK59="是",$BB$4,$BB$3)) -> 0 | E59: =SUM($B$4:B59)+SUM($C$4:C59)-SUM($D$4:D59) -> 25336 | F59: =SUM(经验!A59:X59) -> 0 | G59: =SUM($F$4:F59)+SUM($H$4:H59) -> 32420 | H59: 0 | I59: 空 | J59: 空 | K59: 空 | L59: 空 | M59: 空 | N59: 空 | O59: 空 | P59: 空 | Q59: 空 | R59: 空 | S59: 空 | T59: 空 | U59: 空 | V59: 空 | W59: 空 | X59: 空 | Y59: 空 | Z59: 空 | AA59: 空 | AB59: 空 | AC59: 空 | AD59: 空 | AE59: 空 | AF59: 空 | AG59: =AH59+AI59+AJ59 -> 0 | AK59: 是 | AL59: =MIN(AL58+6,18)-COUNTIF(I59:P59,"<>空")+COUNTIF(I59:P59,"历练")+COUNTIF(I59:P59,"营地")*2 -> 18 | AM59: =MIN(AM58+6,18)-COUNTIF(Q59:X59,"<>空")+COUNTIF(Q59:X59,"历练")+COUNTIF(Q59:X59,"营地")*2 -> 18 | AN59: =MIN(AN58+6,18)-COUNTIF(Y59:AF59,"<>空")+COUNTIF(Y59:AF59,"历练")+COUNTIF(Y59:AF59,"营地")*2 -> 18
A60: 45968 | B60: 1600 | D60: =(SUM(粮草!A60:X60)+AG60*10*IF(AK60="是",$BB$4,$BB$3)) -> 0 | E60: =SUM($B$4:B60)+SUM($C$4:C60)-SUM($D$4:D60) -> 26936 | F60: =SUM(经验!A60:X60) -> 0 | G60: =SUM($F$4:F60)+SUM($H$4:H60) -> 32420 | H60: 0 | I60: 空 | J60: 空 | K60: 空 | L60: 空 | M60: 空 | N60: 空 | O60: 空 | P60: 空 | Q60: 空 | R60: 空 | S60: 空 | T60: 空 | U60: 空 | V60: 空 | W60: 空 | X60: 空 | Y60: 空 | Z60: 空 | AA60: 空 | AB60: 空 | AC60: 空 | AD60: 空 | AE60: 空 | AF60: 空 | AG60: =AH60+AI60+AJ60 -> 0 | AK60: 是 | AL60: =MIN(AL59+6,18)-COUNTIF(I60:P60,"<>空")+COUNTIF(I60:P60,"历练")+COUNTIF(I60:P60,"营地")*2 -> 18 | AM60: =MIN(AM59+6,18)-COUNTIF(Q60:X60,"<>空")+COUNTIF(Q60:X60,"历练")+COUNTIF(Q60:X60,"营地")*2 -> 18 | AN60: =MIN(AN59+6,18)-COUNTIF(Y60:AF60,"<>空")+COUNTIF(Y60:AF60,"历练")+COUNTIF(Y60:AF60,"营地")*2 -> 18
A61: 45969 | B61: 1600 | D61: =(SUM(粮草!A61:X61)+AG61*10*IF(AK61="是",$BB$4,$BB$3)) -> 0 | E61: =SUM($B$4:B61)+SUM($C$4:C61)-SUM($D$4:D61) -> 28536 | F61: =SUM(经验!A61:X61) -> 0 | G61: =SUM($F$4:F61)+SUM($H$4:H61) -> 32420 | H61: 0 | I61: 空 | J61: 空 | K61: 空 | L61: 空 | M61: 空 | N61: 空 | O61: 空 | P61: 空 | Q61: 空 | R61: 空 | S61: 空 | T61: 空 | U61: 空 | V61: 空 | W61: 空 | X61: 空 | Y61: 空 | Z61: 空 | AA61: 空 | AB61: 空 | AC61: 空 | AD61: 空 | AE61: 空 | AF61: 空 | AG61: =AH61+AI61+AJ61 -> 0 | AK61: 是 | AL61: =MIN(AL60+6,18)-COUNTIF(I61:P61,"<>空")+COUNTIF(I61:P61,"历练")+COUNTIF(I61:P61,"营地")*2 -> 18 | AM61: =MIN(AM60+6,18)-COUNTIF(Q61:X61,"<>空")+COUNTIF(Q61:X61,"历练")+COUNTIF(Q61:X61,"营地")*2 -> 18 | AN61: =MIN(AN60+6,18)-COUNTIF(Y61:AF61,"<>空")+COUNTIF(Y61:AF61,"历练")+COUNTIF(Y61:AF61,"营地")*2 -> 18
A62: 45970 | B62: 1600 | D62: =(SUM(粮草!A62:X62)+AG62*10*IF(AK62="是",$BB$4,$BB$3)) -> 0 | E62: =SUM($B$4:B62)+SUM($C$4:C62)-SUM($D$4:D62) -> 30136 | F62: =SUM(经验!A62:X62) -> 0 | G62: =SUM($F$4:F62)+SUM($H$4:H62) -> 32420 | H62: 0 | I62: 空 | J62: 空 | K62: 空 | L62: 空 | M62: 空 | N62: 空 | O62: 空 | P62: 空 | Q62: 空 | R62: 空 | S62: 空 | T62: 空 | U62: 空 | V62: 空 | W62: 空 | X62: 空 | Y62: 空 | Z62: 空 | AA62: 空 | AB62: 空 | AC62: 空 | AD62: 空 | AE62: 空 | AF62: 空 | AG62: =AH62+AI62+AJ62 -> 0 | AK62: 是 | AL62: =MIN(AL61+6,18)-COUNTIF(I62:P62,"<>空")+COUNTIF(I62:P62,"历练")+COUNTIF(I62:P62,"营地")*2 -> 18 | AM62: =MIN(AM61+6,18)-COUNTIF(Q62:X62,"<>空")+COUNTIF(Q62:X62,"历练")+COUNTIF(Q62:X62,"营地")*2 -> 18 | AN62: =MIN(AN61+6,18)-COUNTIF(Y62:AF62,"<>空")+COUNTIF(Y62:AF62,"历练")+COUNTIF(Y62:AF62,"营地")*2 -> 18
A63: 45971 | B63: 1600 | D63: =(SUM(粮草!A63:X63)+AG63*10*IF(AK63="是",$BB$4,$BB$3)) -> 0 | E63: =SUM($B$4:B63)+SUM($C$4:C63)-SUM($D$4:D63) -> 31736 | F63: =SUM(经验!A63:X63) -> 0 | G63: =SUM($F$4:F63)+SUM($H$4:H63) -> 32720 | H63: 300 | I63: 空 | J63: 空 | K63: 空 | L63: 空 | M63: 空 | N63: 空 | O63: 空 | P63: 空 | Q63: 空 | R63: 空 | S63: 空 | T63: 空 | U63: 空 | V63: 空 | W63: 空 | X63: 空 | Y63: 空 | Z63: 空 | AA63: 空 | AB63: 空 | AC63: 空 | AD63: 空 | AE63: 空 | AF63: 空 | AG63: =AH63+AI63+AJ63 -> 0 | AK63: 是 | AL63: =MIN(AL62+6,18)-COUNTIF(I63:P63,"<>空")+COUNTIF(I63:P63,"历练")+COUNTIF(I63:P63,"营地")*2 -> 18 | AM63: =MIN(AM62+6,18)-COUNTIF(Q63:X63,"<>空")+COUNTIF(Q63:X63,"历练")+COUNTIF(Q63:X63,"营地")*2 -> 18 | AN63: =MIN(AN62+6,18)-COUNTIF(Y63:AF63,"<>空")+COUNTIF(Y63:AF63,"历练")+COUNTIF(Y63:AF63,"营地")*2 -> 18
A64: 45972 | B64: 1600 | D64: =(SUM(粮草!A64:X64)+AG64*10*IF(AK64="是",$BB$4,$BB$3)) -> 0 | E64: =SUM($B$4:B64)+SUM($C$4:C64)-SUM($D$4:D64) -> 33336 | F64: =SUM(经验!A64:X64) -> 0 | G64: =SUM($F$4:F64)+SUM($H$4:H64) -> 32720 | H64: 0 | I64: 空 | J64: 空 | K64: 空 | L64: 空 | M64: 空 | N64: 空 | O64: 空 | P64: 空 | Q64: 空 | R64: 空 | S64: 空 | T64: 空 | U64: 空 | V64: 空 | W64: 空 | X64: 空 | Y64: 空 | Z64: 空 | AA64: 空 | AB64: 空 | AC64: 空 | AD64: 空 | AE64: 空 | AF64: 空 | AG64: =AH64+AI64+AJ64 -> 0 | AK64: 是 | AL64: =MIN(AL63+6,18)-COUNTIF(I64:P64,"<>空")+COUNTIF(I64:P64,"历练")+COUNTIF(I64:P64,"营地")*2 -> 18 | AM64: =MIN(AM63+6,18)-COUNTIF(Q64:X64,"<>空")+COUNTIF(Q64:X64,"历练")+COUNTIF(Q64:X64,"营地")*2 -> 18 | AN64: =MIN(AN63+6,18)-COUNTIF(Y64:AF64,"<>空")+COUNTIF(Y64:AF64,"历练")+COUNTIF(Y64:AF64,"营地")*2 -> 18
A65: 45973 | B65: 1600 | D65: =(SUM(粮草!A65:X65)+AG65*10*IF(AK65="是",$BB$4,$BB$3)) -> 0 | E65: =SUM($B$4:B65)+SUM($C$4:C65)-SUM($D$4:D65) -> 34936 | F65: =SUM(经验!A65:X65) -> 0 | G65: =SUM($F$4:F65)+SUM($H$4:H65) -> 32920 | H65: 200 | I65: 空 | J65: 空 | K65: 空 | L65: 空 | M65: 空 | N65: 空 | O65: 空 | P65: 空 | Q65: 空 | R65: 空 | S65: 空 | T65: 空 | U65: 空 | V65: 空 | W65: 空 | X65: 空 | Y65: 空 | Z65: 空 | AA65: 空 | AB65: 空 | AC65: 空 | AD65: 空 | AE65: 空 | AF65: 空 | AG65: =AH65+AI65+AJ65 -> 0 | AK65: 是 | AL65: =MIN(AL64+6,18)-COUNTIF(I65:P65,"<>空")+COUNTIF(I65:P65,"历练")+COUNTIF(I65:P65,"营地")*2 -> 18 | AM65: =MIN(AM64+6,18)-COUNTIF(Q65:X65,"<>空")+COUNTIF(Q65:X65,"历练")+COUNTIF(Q65:X65,"营地")*2 -> 18 | AN65: =MIN(AN64+6,18)-COUNTIF(Y65:AF65,"<>空")+COUNTIF(Y65:AF65,"历练")+COUNTIF(Y65:AF65,"营地")*2 -> 18
A66: 45974 | B66: 1600 | D66: =(SUM(粮草!A66:X66)+AG66*10*IF(AK66="是",$BB$4,$BB$3)) -> 0 | E66: =SUM($B$4:B66)+SUM($C$4:C66)-SUM($D$4:D66) -> 36536 | F66: =SUM(经验!A66:X66) -> 0 | G66: =SUM($F$4:F66)+SUM($H$4:H66) -> 32920 | H66: 0 | I66: 空 | J66: 空 | K66: 空 | L66: 空 | M66: 空 | N66: 空 | O66: 空 | P66: 空 | Q66: 空 | R66: 空 | S66: 空 | T66: 空 | U66: 空 | V66: 空 | W66: 空 | X66: 空 | Y66: 空 | Z66: 空 | AA66: 空 | AB66: 空 | AC66: 空 | AD66: 空 | AE66: 空 | AF66: 空 | AG66: =AH66+AI66+AJ66 -> 0 | AK66: 是 | AL66: =MIN(AL65+6,18)-COUNTIF(I66:P66,"<>空")+COUNTIF(I66:P66,"历练")+COUNTIF(I66:P66,"营地")*2 -> 18 | AM66: =MIN(AM65+6,18)-COUNTIF(Q66:X66,"<>空")+COUNTIF(Q66:X66,"历练")+COUNTIF(Q66:X66,"营地")*2 -> 18 | AN66: =MIN(AN65+6,18)-COUNTIF(Y66:AF66,"<>空")+COUNTIF(Y66:AF66,"历练")+COUNTIF(Y66:AF66,"营地")*2 -> 18
A67: 45975 | B67: 1600 | D67: =(SUM(粮草!A67:X67)+AG67*10*IF(AK67="是",$BB$4,$BB$3)) -> 0 | E67: =SUM($B$4:B67)+SUM($C$4:C67)-SUM($D$4:D67) -> 38136 | F67: =SUM(经验!A67:X67) -> 0 | G67: =SUM($F$4:F67)+SUM($H$4:H67) -> 32920 | H67: 0 | I67: 空 | J67: 空 | K67: 空 | L67: 空 | M67: 空 | N67: 空 | O67: 空 | P67: 空 | Q67: 空 | R67: 空 | S67: 空 | T67: 空 | U67: 空 | V67: 空 | W67: 空 | X67: 空 | Y67: 空 | Z67: 空 | AA67: 空 | AB67: 空 | AC67: 空 | AD67: 空 | AE67: 空 | AF67: 空 | AG67: =AH67+AI67+AJ67 -> 0 | AK67: 是 | AL67: =MIN(AL66+6,18)-COUNTIF(I67:P67,"<>空")+COUNTIF(I67:P67,"历练")+COUNTIF(I67:P67,"营地")*2 -> 18 | AM67: =MIN(AM66+6,18)-COUNTIF(Q67:X67,"<>空")+COUNTIF(Q67:X67,"历练")+COUNTIF(Q67:X67,"营地")*2 -> 18 | AN67: =MIN(AN66+6,18)-COUNTIF(Y67:AF67,"<>空")+COUNTIF(Y67:AF67,"历练")+COUNTIF(Y67:AF67,"营地")*2 -> 18
... A89: 45997 | B89: 1600 | D89: =(SUM(粮草!A89:X89)+AG89*10*IF(AK89="是",$BB$4,$BB$3)) -> 672 | E89: =SUM($B$4:B89)+SUM($C$4:C89)-SUM($D$4:D89) -> 71400 | F89: =SUM(经验!A89:X89) -> 230 | G89: =SUM($F$4:F89)+SUM($H$4:H89) -> 35100 | H89: 0 | I89: 空 | J89: 空 | K89: 空 | L89: 空 | M89: 空 | N89: 空 | O89: 空 | P89: 空 | Q89: 空 | R89: 空 | S89: 空 | T89: 空 | U89: 空 | V89: 空 | W89: 空 | X89: 空 | Y89: 2级 | Z89: 2级 | AA89: 塔2 | AB89: 2级 | AC89: 商人 | AD89: 2级 | AE89: 空 | AF89: 空 | AG89: =AH89+AI89+AJ89 -> 0 | AK89: 是 | AL89: =MIN(AL88+6,18)-COUNTIF(I89:P89,"<>空")+COUNTIF(I89:P89,"历练")+COUNTIF(I89:P89,"营地")*2 -> 18 | AM89: =MIN(AM88+6,18)-COUNTIF(Q89:X89,"<>空")+COUNTIF(Q89:X89,"历练")+COUNTIF(Q89:X89,"营地")*2 -> 18 | AN89: =MIN(AN88+6,18)-COUNTIF(Y89:AF89,"<>空")+COUNTIF(Y89:AF89,"历练")+COUNTIF(Y89:AF89,"营地")*2 -> 12
A90: 45998 | B90: 1600 | D90: =(SUM(粮草!A90:X90)+AG90*10*IF(AK90="是",$BB$4,$BB$3)) -> 680 | E90: =SUM($B$4:B90)+SUM($C$4:C90)-SUM($D$4:D90) -> 72320 | F90: =SUM(经验!A90:X90) -> 230 | G90: =SUM($F$4:F90)+SUM($H$4:H90) -> 35330 | H90: 0 | I90: 空 | J90: 空 | K90: 空 | L90: 空 | M90: 空 | N90: 空 | O90: 空 | P90: 空 | Q90: 空 | R90: 空 | S90: 空 | T90: 空 | U90: 空 | V90: 空 | W90: 空 | X90: 空 | Y90: 塔2 | Z90: 2级 | AA90: 2级 | AB90: 2级 | AC90: 商人 | AD90: 2级 | AE90: 空 | AF90: 空 | AG90: =AH90+AI90+AJ90 -> 1 | AJ90: 1 | AK90: 是 | AL90: =MIN(AL89+6,18)-COUNTIF(I90:P90,"<>空")+COUNTIF(I90:P90,"历练")+COUNTIF(I90:P90,"营地")*2 -> 18 | AM90: =MIN(AM89+6,18)-COUNTIF(Q90:X90,"<>空")+COUNTIF(Q90:X90,"历练")+COUNTIF(Q90:X90,"营地")*2 -> 18 | AN90: =MIN(AN89+6,18)-COUNTIF(Y90:AF90,"<>空")+COUNTIF(Y90:AF90,"历练")+COUNTIF(Y90:AF90,"营地")*2 -> 12
A91: 45999 | B91: 1600 | D91: =(SUM(粮草!A91:X91)+AG91*10*IF(AK91="是",$BB$4,$BB$3)) -> 296 | E91: =SUM($B$4:B91)+SUM($C$4:C91)-SUM($D$4:D91) -> 73624 | F91: =SUM(经验!A91:X91) -> 110 | G91: =SUM($F$4:F91)+SUM($H$4:H91) -> 35640 | H91: 200 | I91: 空 | J91: 空 | K91: 空 | L91: 空 | M91: 空 | N91: 空 | O91: 空 | P91: 空 | Q91: 空 | R91: 空 | S91: 空 | T91: 空 | U91: 空 | V91: 空 | W91: 空 | X91: 空 | Y91: 2级 | Z91: 2级 | AA91: 商人 | AB91: 空 | AC91: 空 | AD91: 空 | AE91: 空 | AF91: 空 | AG91: =AH91+AI91+AJ91 -> 0 | AK91: 是 | AL91: =MIN(AL90+6,18)-COUNTIF(I91:P91,"<>空")+COUNTIF(I91:P91,"历练")+COUNTIF(I91:P91,"营地")*2 -> 18 | AM91: =MIN(AM90+6,18)-COUNTIF(Q91:X91,"<>空")+COUNTIF(Q91:X91,"历练")+COUNTIF(Q91:X91,"营地")*2 -> 18 | AN91: =MIN(AN90+6,18)-COUNTIF(Y91:AF91,"<>空")+COUNTIF(Y91:AF91,"历练")+COUNTIF(Y91:AF91,"营地")*2 -> 15
A92: 46000 | B92: 1600 | D92: =(SUM(粮草!A92:X92)+AG92*10*IF(AK92="是",$BB$4,$BB$3)) -> 0 | E92: =SUM($B$4:B92)+SUM($C$4:C92)-SUM($D$4:D92) -> 75224 | F92: =SUM(经验!A92:X92) -> 0 | G92: =SUM($F$4:F92)+SUM($H$4:H92) -> 35740 | H92: 100 | I92: 空 | J92: 空 | K92: 空 | L92: 空 | M92: 空 | N92: 空 | O92: 空 | P92: 空 | Q92: 空 | R92: 空 | S92: 空 | T92: 空 | U92: 空 | V92: 空 | W92: 空 | X92: 空 | Y92: 空 | Z92: 空 | AA92: 空 | AB92: 空 | AC92: 空 | AD92: 空 | AE92: 空 | AF92: 空 | AG92: =AH92+AI92+AJ92 -> 0 | AK92: 是 | AL92: =MIN(AL91+6,18)-COUNTIF(I92:P92,"<>空")+COUNTIF(I92:P92,"历练")+COUNTIF(I92:P92,"营地")*2 -> 18 | AM92: =MIN(AM91+6,18)-COUNTIF(Q92:X92,"<>空")+COUNTIF(Q92:X92,"历练")+COUNTIF(Q92:X92,"营地")*2 -> 18 | AN92: =MIN(AN91+6,18)-COUNTIF(Y92:AF92,"<>空")+COUNTIF(Y92:AF92,"历练")+COUNTIF(Y92:AF92,"营地")*2 -> 18
A93: 46001 | B93: 1600 | D93: =(SUM(粮草!A93:X93)+AG93*10*IF(AK93="是",$BB$4,$BB$3)) -> 120 | E93: =SUM($B$4:B93)+SUM($C$4:C93)-SUM($D$4:D93) -> 76704 | F93: =SUM(经验!A93:X93) -> 0 | G93: =SUM($F$4:F93)+SUM($H$4:H93) -> 35940 | H93: 200 | I93: 空 | J93: 空 | K93: 空 | L93: 空 | M93: 空 | N93: 空 | O93: 空 | P93: 空 | Q93: 空 | R93: 空 | S93: 空 | T93: 空 | U93: 空 | V93: 空 | W93: 空 | X93: 空 | Y93: 空 | Z93: 空 | AA93: 空 | AB93: 空 | AC93: 空 | AD93: 空 | AE93: 空 | AF93: 空 | AG93: =AH93+AI93+AJ93 -> 15 | AH93: 14 | AI93: 1 | AK93: 是 | AL93: =MIN(AL92+6,18)-COUNTIF(I93:P93,"<>空")+COUNTIF(I93:P93,"历练")+COUNTIF(I93:P93,"营地")*2 -> 18 | AM93: =MIN(AM92+6,18)-COUNTIF(Q93:X93,"<>空")+COUNTIF(Q93:X93,"历练")+COUNTIF(Q93:X93,"营地")*2 -> 18 | AN93: =MIN(AN92+6,18)-COUNTIF(Y93:AF93,"<>空")+COUNTIF(Y93:AF93,"历练")+COUNTIF(Y93:AF93,"营地")*2 -> 18
D95: 负粮草 | E95: =COUNTIF(E4:E93,"<0") -> 0

Sheet 粮草
A2: 队伍一 风 | C2: 步数 | D2: =COUNTIF(A4:H94,"<>空") -> 728 | E2: (不算跳步和传送) | I2: 队伍二 雷 | K2: 步数 | L2: =COUNTIF(I4:P94,"<>空") -> 728 | M2: (不算跳步和传送) | Q2: 队伍三 | S2: 总步数 | T2: =COUNTIF(Q4:X94,"<>空") -> 728 | U2: (不算跳步和传送) | Y2: 粮草调整
A3: 1 | B3: 2 | C3: 3 | D3: 4 | E3: 5 | F3: 6 | G3: 7 | H3: 8 | I3: 1 | J3: 2 | K3: 3 | L3: 4 | M3: 5 | N3: 6 | O3: 7 | P3: 8 | Q3: 1 | R3: 2 | S3: 3 | T3: 4 | U3: 5 | V3: 6 | W3: 7 | X3: 8
A4: =IF(ISNUMBER(SEARCH("营",'21.04.01'!I4)),(-$Y4+50*IF('21.04.01'!$AK4="是",'21.04.01'!$BB$4,'21.04.01'!$BB$3)),(VLOOKUP('21.04.01'!I4,'21.04.01'!$AO$4:$AQ$55,2,FALSE))*IF('21.04.01'!$AK4="是",'21.04.01'!$BB$4,'21.04.01'!$BB$3)) -> 150 | B4: =IF(ISNUMBER(SEARCH("营",'21.04.01'!J4)),(-$Y4+50*IF('21.04.01'!$AK4="是",'21.04.01'!$BB$4,'21.04.01'!$BB$3)),(VLOOKUP('21.04.01'!J4,'21.04.01'!$AO$4:$AQ$55,2,FALSE))*IF('21.04.01'!$AK4="是",'21.04.01'!$BB$4,'21.04.01'!$BB$3)) -> 150 | C4: =IF(ISNUMBER(SEARCH("营",'21.04.01'!K4)),(-$Y4+50*IF('21.04.01'!$AK4="是",'21.04.01'!$BB$4,'21.04.01'!$BB$3)),(VLOOKUP('21.04.01'!K4,'21.04.01'!$AO$4:$AQ$55,2,FALSE))*IF('21.04.01'!$AK4="是",'21.04.01'!$BB$4,'21.04.01'!$BB$3)) -> 150 | D4: =IF(ISNUMBER(SEARCH("营",'21.04.01'!L4)),(-$Y4+50*IF('21.04.01'!$AK4="是",'21.04.01'!$BB$4,'21.04.01'!$BB$3)),(VLOOKUP('21.04.01'!L4,'21.04.01'!$AO$4:$AQ$55,2,FALSE))*IF('21.04.01'!$AK4="是",'21.04.01'!$BB$4,'21.04.01'!$BB$3)) -> 150 | E4: =IF(ISNUMBER(SEARCH("营",'21.04.01'!M4)),(-$Y4+50*IF('21.04.01'!$AK4="是",'21.04.01'!$BB$4,'21.04.01'!$BB$3)),(VLOOKUP('21.04.01'!M4,'21.04.01'!$AO$4:$AQ$55,2,FALSE))*IF('21.04.01'!$AK4="是",'21.04.01'!$BB$4,'21.04.01'!$BB$3)) -> 150 | F4: =IF(ISNUMBER(SEARCH("营",'21.04.01'!N4)),(-$Y4+50*IF('21.04.01'!$AK4="是",'21.04.01'!$BB$4,'21.04.01'!$BB$3)),(VLOOKUP('21.04.01'!N4,'21.04.01'!$AO$4:$AQ$55,2,FALSE))*IF('21.04.01'!$AK4="是",'21.04.01'!$BB$4,'21.04.01'!$BB$3)) -> 50 | G4: =IF(ISNUMBER(SEARCH("营",'21.04.01'!O4)),(-$Y4+50*IF('21.04.01'!$AK4="是",'21.04.01'!$BB$4,'21.04.01'!$BB$3)),(VLOOKUP('21.04.01'!O4,'21.04.01'!$AO$4:$AQ$55,2,FALSE))*IF('21.04.01'!$AK4="是",'21.04.01'!$BB$4,'21.04.01'!$BB$3)) -> 0 | H4: =IF(ISNUMBER(SEARCH("营",'21.04.01'!P4)),(-$Y4+50*IF('21.04.01'!$AK4="是",'21.04.01'!$BB$4,'21.04.01'!$BB$3)),(VLOOKUP('21.04.01'!P4,'21.04.01'!$AO$4:$AQ$55,2,FALSE))*IF('21.04.01'!$AK4="是",'21.04.01'!$BB$4,'21.04.01'!$BB$3)) -> 0 | ... X4: =IF(ISNUMBER(SEARCH("营",'21.04.01'!AF4)),(-$Y4+50*IF('21.04.01'!$AK4="是",'21.04.01'!$BB$4,'21.04.01'!$BB$3)),(VLOOKUP('21.04.01'!AF4,'21.04.01'!$AO$4:$AQ$55,2,FALSE))*IF('21.04.01'!$AK4="是",'21.04.01'!$BB$4,'21.04.01'!$BB$3)) -> 0 | Y4: 300 | Z4: 45912
A5: =IF(ISNUMBER(SEARCH("营",'21.04.01'!I5)),(-$Y5+50*IF('21.04.01'!$AK5="是",'21.04.01'!$BB$4,'21.04.01'!$BB$3)),(VLOOKUP('21.04.01'!I5,'21.04.01'!$AO$4:$AQ$55,2,FALSE))*IF('21.04.01'!$AK5="是",'21.04.01'!$BB$4,'21.04.01'!$BB$3)) -> 0 | B5: =IF(ISNUMBER(SEARCH("营",'21.04.01'!J5)),(-$Y5+50*IF('21.04.01'!$AK5="是",'21.04.01'!$BB$4,'21.04.01'!$BB$3)),(VLOOKUP('21.04.01'!J5,'21.04.01'!$AO$4:$AQ$55,2,FALSE))*IF('21.04.01'!$AK5="是",'21.04.01'!$BB$4,'21.04.01'!$BB$3)) -> 0 | C5: =IF(ISNUMBER(SEARCH("营",'21.04.01'!K5)),(-$Y5+50*IF('21.04.01'!$AK5="是",'21.04.01'!$BB$4,'21.04.01'!$BB$3)),(VLOOKUP('21.04.01'!K5,'21.04.01'!$AO$4:$AQ$55,2,FALSE))*IF('21.04.01'!$AK5="是",'21.04.01'!$BB$4,'21.04.01'!$BB$3)) -> 0 | D5: =IF(ISNUMBER(SEARCH("营",'21.04.01'!L5)),(-$Y5+50*IF('21.04.01'!$AK5="是",'21.04.01'!$BB$4,'21.04.01'!$BB$3)),(VLOOKUP('21.04.01'!L5,'21.04.01'!$AO$4:$AQ$55,2,FALSE))*IF('21.04.01'!$AK5="是",'21.04.01'!$BB$4,'21.04.01'!$BB$3)) -> 0 | E5: =IF(ISNUMBER(SEARCH("营",'21.04.01'!M5)),(-$Y5+50*IF('21.04.01'!$AK5="是",'21.04.01'!$BB$4,'21.04.01'!$BB$3)),(VLOOKUP('21.04.01'!M5,'21.04.01'!$AO$4:$AQ$55,2,FALSE))*IF('21.04.01'!$AK5="是",'21.04.01'!$BB$4,'21.04.01'!$BB$3)) -> 0 | F5: =IF(ISNUMBER(SEARCH("营",'21.04.01'!N5)),(-$Y5+50*IF('21.04.01'!$AK5="是",'21.04.01'!$BB$4,'21.04.01'!$BB$3)),(VLOOKUP('21.04.01'!N5,'21.04.01'!$AO$4:$AQ$55,2,FALSE))*IF('21.04.01'!$AK5="是",'21.04.01'!$BB$4,'21.04.01'!$BB$3)) -> 0 | G5: =IF(ISNUMBER(SEARCH("营",'21.04.01'!O5)),(-$Y5+50*IF('21.04.01'!$AK5="是",'21.04.01'!$BB$4,'21.04.01'!$BB$3)),(VLOOKUP('21.04.01'!O5,'21.04.01'!$AO$4:$AQ$55,2,FALSE))*IF('21.04.01'!$AK5="是",'21.04.01'!$BB$4,'21.04.01'!$BB$3)) -> 0 | H5: =IF(ISNUMBER(SEARCH("营",'21.04.01'!P5)),(-$Y5+50*IF('21.04.01'!$AK5="是",'21.04.01'!$BB$4,'21.04.01'!$BB$3)),(VLOOKUP('21.04.01'!P5,'21.04.01'!$AO$4:$AQ$55,2,FALSE))*IF('21.04.01'!$AK5="是",'21.04.01'!$BB$4,'21.04.01'!$BB$3)) -> 0 | ... X5: =IF(ISNUMBER(SEARCH("营",'21.04.01'!AF5)),(-$Y5+50*IF('21.04.01'!$AK5="是",'21.04.01'!$BB$4,'21.04.01'!$BB$3)),(VLOOKUP('21.04.01'!AF5,'21.04.01'!$AO$4:$AQ$55,2,FALSE))*IF('21.04.01'!$AK5="是",'21.04.01'!$BB$4,'21.04.01'!$BB$3)) -> 0 | Y5: 300 | Z5: 45913
A6: =IF(ISNUMBER(SEARCH("营",'21.04.01'!I6)),(-$Y6+50*IF('21.04.01'!$AK6="是",'21.04.01'!$BB$4,'21.04.01'!$BB$3)),(VLOOKUP('21.04.01'!I6,'21.04.01'!$AO$4:$AQ$55,2,FALSE))*IF('21.04.01'!$AK6="是",'21.04.01'!$BB$4,'21.04.01'!$BB$3)) -> 0 | B6: =IF(ISNUMBER(SEARCH("营",'21.04.01'!J6)),(-$Y6+50*IF('21.04.01'!$AK6="是",'21.04.01'!$BB$4,'21.04.01'!$BB$3)),(VLOOKUP('21.04.01'!J6,'21.04.01'!$AO$4:$AQ$55,2,FALSE))*IF('21.04.01'!$AK6="是",'21.04.01'!$BB$4,'21.04.01'!$BB$3)) -> 0 | C6: =IF(ISNUMBER(SEARCH("营",'21.04.01'!K6)),(-$Y6+50*IF('21.04.01'!$AK6="是",'21.04.01'!$BB$4,'21.04.01'!$BB$3)),(VLOOKUP('21.04.01'!K6,'21.04.01'!$AO$4:$AQ$55,2,FALSE))*IF('21.04.01'!$AK6="是",'21.04.01'!$BB$4,'21.04.01'!$BB$3)) -> 0 | D6: =IF(ISNUMBER(SEARCH("营",'21.04.01'!L6)),(-$Y6+50*IF('21.04.01'!$AK6="是",'21.04.01'!$BB$4,'21.04.01'!$BB$3)),(VLOOKUP('21.04.01'!L6,'21.04.01'!$AO$4:$AQ$55,2,FALSE))*IF('21.04.01'!$AK6="是",'21.04.01'!$BB$4,'21.04.01'!$BB$3)) -> 0 | E6: =IF(ISNUMBER(SEARCH("营",'21.04.01'!M6)),(-$Y6+50*IF('21.04.01'!$AK6="是",'21.04.01'!$BB$4,'21.04.01'!$BB$3)),(VLOOKUP('21.04.01'!M6,'21.04.01'!$AO$4:$AQ$55,2,FALSE))*IF('21.04.01'!$AK6="是",'21.04.01'!$BB$4,'21.04.01'!$BB$3)) -> 0 | F6: =IF(ISNUMBER(SEARCH("营",'21.04.01'!N6)),(-$Y6+50*IF('21.04.01'!$AK6="是",'21.04.01'!$BB$4,'21.04.01'!$BB$3)),(VLOOKUP('21.04.01'!N6,'21.04.01'!$AO$4:$AQ$55,2,FALSE))*IF('21.04.01'!$AK6="是",'21.04.01'!$BB$4,'21.04.01'!$BB$3)) -> 0 | G6: =IF(ISNUMBER(SEARCH("营",'21.04.01'!O6)),(-$Y6+50*IF('21.04.01'!$AK6="是",'21.04.01'!$BB$4,'21.04.01'!$BB$3)),(VLOOKUP('21.04.01'!O6,'21.04.01'!$AO$4:$AQ$55,2,FALSE))*IF('21.04.01'!$AK6="是",'21.04.01'!$BB$4,'21.04.01'!$BB$3)) -> 0 | H6: =IF(ISNUMBER(SEARCH("营",'21.04.01'!P6)),(-$Y6+50*IF('21.04.01'!$AK6="是",'21.04.01'!$BB$4,'21.04.01'!$BB$3)),(VLOOKUP('21.04.01'!P6,'21.04.01'!$AO$4:$AQ$55,2,FALSE))*IF('21.04.01'!$AK6="是",'21.04.01'!$BB$4,'21.04.01'!$BB$3)) -> 0 | ... X6: =IF(ISNUMBER(SEARCH("营",'21.04.01'!AF6)),(-$Y6+50*IF('21.04.01'!$AK6="是",'21.04.01'!$BB$4,'21.04.01'!$BB$3)),(VLOOKUP('21.04.01'!AF6,'21.04.01'!$AO$4:$AQ$55,2,FALSE))*IF('21.04.01'!$AK6="是",'21.04.01'!$BB$4,'21.04.01'!$BB$3)) -> 0 | Y6: 300 | Z6: 45914
A7: =IF(ISNUMBER(SEARCH("营",'21.04.01'!I7)),(-$Y7+50*IF('21.04.01'!$AK7="是",'21.04.01'!$BB$4,'21.04.01'!$BB$3)),(VLOOKUP('21.04.01'!I7,'21.04.01'!$AO$4:$AQ$55,2,FALSE))*IF('21.04.01'!$AK7="是",'21.04.01'!$BB$4,'21.04.01'!$BB$3)) -> 0 | B7: =IF(ISNUMBER(SEARCH("营",'21.04.01'!J7)),(-$Y7+50*IF('21.04.01'!$AK7="是",'21.04.01'!$BB$4,'21.04.01'!$BB$3)),(VLOOKUP('21.04.01'!J7,'21.04.01'!$AO$4:$AQ$55,2,FALSE))*IF('21.04.01'!$AK7="是",'21.04.01'!$BB$4,'21.04.01'!$BB$3)) -> 0 | C7: =IF(ISNUMBER(SEARCH("营",'21.04.01'!K7)),(-$Y7+50*IF('21.04.01'!$AK7="是",'21.04.01'!$BB$4,'21.04.01'!$BB$3)),(VLOOKUP('21.04.01'!K7,'21.04.01'!$AO$4:$AQ$55,2,FALSE))*IF('21.04.01'!$AK7="是",'21.04.01'!$BB$4,'21.04.01'!$BB$3)) -> 0 | D7: =IF(ISNUMBER(SEARCH("营",'21.04.01'!L7)),(-$Y7+50*IF('21.04.01'!$AK7="是",'21.04.01'!$BB$4,'21.04.01'!$BB$3)),(VLOOKUP('21.04.01'!L7,'21.04.01'!$AO$4:$AQ$55,2,FALSE))*IF('21.04.01'!$AK7="是",'21.04.01'!$BB$4,'21.04.01'!$BB$3)) -> 0 | E7: =IF(ISNUMBER(SEARCH("营",'21.04.01'!M7)),(-$Y7+50*IF('21.04.01'!$AK7="是",'21.04.01'!$BB$4,'21.04.01'!$BB$3)),(VLOOKUP('21.04.01'!M7,'21.04.01'!$AO$4:$AQ$55,2,FALSE))*IF('21.04.01'!$AK7="是",'21.04.01'!$BB$4,'21.04.01'!$BB$3)) -> 0 | F7: =IF(ISNUMBER(SEARCH("营",'21.04.01'!N7)),(-$Y7+50*IF('21.04.01'!$AK7="是",'21.04.01'!$BB$4,'21.04.01'!$BB$3)),(VLOOKUP('21.04.01'!N7,'21.04.01'!$AO$4:$AQ$55,2,FALSE))*IF('21.04.01'!$AK7="是",'21.04.01'!$BB$4,'21.04.01'!$BB$3)) -> 0 | G7: =IF(ISNUMBER(SEARCH("营",'21.04.01'!O7)),(-$Y7+50*IF('21.04.01'!$AK7="是",'21.04.01'!$BB$4,'21.04.01'!$BB$3)),(VLOOKUP('21.04.01'!O7,'21.04.01'!$AO$4:$AQ$55,2,FALSE))*IF('21.04.01'!$AK7="是",'21.04.01'!$BB$4,'21.04.01'!$BB$3)) -> 0 | H7: =IF(ISNUMBER(SEARCH("营",'21.04.01'!P7)),(-$Y7+50*IF('21.04.01'!$AK7="是",'21.04.01'!$BB$4,'21.04.01'!$BB$3)),(VLOOKUP('21.04.01'!P7,'21.04.01'!$AO$4:$AQ$55,2,FALSE))*IF('21.04.01'!$AK7="是",'21.04.01'!$BB$4,'21.04.01'!$BB$3)) -> 0 | ... X7: =IF(ISNUMBER(SEARCH("营",'21.04.01'!AF7)),(-$Y7+50*IF('21.04.01'!$AK7="是",'21.04.01'!$BB$4,'21.04.01'!$BB$3)),(VLOOKUP('21.04.01'!AF7,'21.04.01'!$AO$4:$AQ$55,2,FALSE))*IF('21.04.01'!$AK7="是",'21.04.01'!$BB$4,'21.04.01'!$BB$3)) -> 0 | Y7: 300 | Z7: 45915
A8: =IF(ISNUMBER(SEARCH("营",'21.04.01'!I8)),(-$Y8+50*IF('21.04.01'!$AK8="是",'21.04.01'!$BB$4,'21.04.01'!$BB$3)),(VLOOKUP('21.04.01'!I8,'21.04.01'!$AO$4:$AQ$55,2,FALSE))*IF('21.04.01'!$AK8="是",'21.04.01'!$BB$4,'21.04.01'!$BB$3)) -> 0 | B8: =IF(ISNUMBER(SEARCH("营",'21.04.01'!J8)),(-$Y8+50*IF('21.04.01'!$AK8="是",'21.04.01'!$BB$4,'21.04.01'!$BB$3)),(VLOOKUP('21.04.01'!J8,'21.04.01'!$AO$4:$AQ$55,2,FALSE))*IF('21.04.01'!$AK8="是",'21.04.01'!$BB$4,'21.04.01'!$BB$3)) -> 0 | C8: =IF(ISNUMBER(SEARCH("营",'21.04.01'!K8)),(-$Y8+50*IF('21.04.01'!$AK8="是",'21.04.01'!$BB$4,'21.04.01'!$BB$3)),(VLOOKUP('21.04.01'!K8,'21.04.01'!$AO$4:$AQ$55,2,FALSE))*IF('21.04.01'!$AK8="是",'21.04.01'!$BB$4,'21.04.01'!$BB$3)) -> 0 | D8: =IF(ISNUMBER(SEARCH("营",'21.04.01'!L8)),(-$Y8+50*IF('21.04.01'!$AK8="是",'21.04.01'!$BB$4,'21.04.01'!$BB$3)),(VLOOKUP('21.04.01'!L8,'21.04.01'!$AO$4:$AQ$55,2,FALSE))*IF('21.04.01'!$AK8="是",'21.04.01'!$BB$4,'21.04.01'!$BB$3)) -> 0 | E8: =IF(ISNUMBER(SEARCH("营",'21.04.01'!M8)),(-$Y8+50*IF('21.04.01'!$AK8="是",'21.04.01'!$BB$4,'21.04.01'!$BB$3)),(VLOOKUP('21.04.01'!M8,'21.04.01'!$AO$4:$AQ$55,2,FALSE))*IF('21.04.01'!$AK8="是",'21.04.01'!$BB$4,'21.04.01'!$BB$3)) -> 0 | F8: =IF(ISNUMBER(SEARCH("营",'21.04.01'!N8)),(-$Y8+50*IF('21.04.01'!$AK8="是",'21.04.01'!$BB$4,'21.04.01'!$BB$3)),(VLOOKUP('21.04.01'!N8,'21.04.01'!$AO$4:$AQ$55,2,FALSE))*IF('21.04.01'!$AK8="是",'21.04.01'!$BB$4,'21.04.01'!$BB$3)) -> 0 | G8: =IF(ISNUMBER(SEARCH("营",'21.04.01'!O8)),(-$Y8+50*IF('21.04.01'!$AK8="是",'21.04.01'!$BB$4,'21.04.01'!$BB$3)),(VLOOKUP('21.04.01'!O8,'21.04.01'!$AO$4:$AQ$55,2,FALSE))*IF('21.04.01'!$AK8="是",'21.04.01'!$BB$4,'21.04.01'!$BB$3)) -> 0 | H8: =IF(ISNUMBER(SEARCH("营",'21.04.01'!P8)),(-$Y8+50*IF('21.04.01'!$AK8="是",'21.04.01'!$BB$4,'21.04.01'!$BB$3)),(VLOOKUP('21.04.01'!P8,'21.04.01'!$AO$4:$AQ$55,2,FALSE))*IF('21.04.01'!$AK8="是",'21.04.01'!$BB$4,'21.04.01'!$BB$3)) -> 0 | ... X8: =IF(ISNUMBER(SEARCH("营",'21.04.01'!AF8)),(-$Y8+50*IF('21.04.01'!$AK8="是",'21.04.01'!$BB$4,'21.04.01'!$BB$3)),(VLOOKUP('21.04.01'!AF8,'21.04.01'!$AO$4:$AQ$55,2,FALSE))*IF('21.04.01'!$AK8="是",'21.04.01'!$BB$4,'21.04.01'!$BB$3)) -> 0 | Y8: 300 | Z8: 45916
A9: =IF(ISNUMBER(SEARCH("营",'21.04.01'!I9)),(-$Y9+50*IF('21.04.01'!$AK9="是",'21.04.01'!$BB$4,'21.04.01'!$BB$3)),(VLOOKUP('21.04.01'!I9,'21.04.01'!$AO$4:$AQ$55,2,FALSE))*IF('21.04.01'!$AK9="是",'21.04.01'!$BB$4,'21.04.01'!$BB$3)) -> 160 | B9: =IF(ISNUMBER(SEARCH("营",'21.04.01'!J9)),(-$Y9+50*IF('21.04.01'!$AK9="是",'21.04.01'!$BB$4,'21.04.01'!$BB$3)),(VLOOKUP('21.04.01'!J9,'21.04.01'!$AO$4:$AQ$55,2,FALSE))*IF('21.04.01'!$AK9="是",'21.04.01'!$BB$4,'21.04.01'!$BB$3)) -> 170 | C9: =IF(ISNUMBER(SEARCH("营",'21.04.01'!K9)),(-$Y9+50*IF('21.04.01'!$AK9="是",'21.04.01'!$BB$4,'21.04.01'!$BB$3)),(VLOOKUP('21.04.01'!K9,'21.04.01'!$AO$4:$AQ$55,2,FALSE))*IF('21.04.01'!$AK9="是",'21.04.01'!$BB$4,'21.04.01'!$BB$3)) -> 150 | D9: =IF(ISNUMBER(SEARCH("营",'21.04.01'!L9)),(-$Y9+50*IF('21.04.01'!$AK9="是",'21.04.01'!$BB$4,'21.04.01'!$BB$3)),(VLOOKUP('21.04.01'!L9,'21.04.01'!$AO$4:$AQ$55,2,FALSE))*IF('21.04.01'!$AK9="是",'21.04.01'!$BB$4,'21.04.01'!$BB$3)) -> 170 | E9: =IF(ISNUMBER(SEARCH("营",'21.04.01'!M9)),(-$Y9+50*IF('21.04.01'!$AK9="是",'21.04.01'!$BB$4,'21.04.01'!$BB$3)),(VLOOKUP('21.04.01'!M9,'21.04.01'!$AO$4:$AQ$55,2,FALSE))*IF('21.04.01'!$AK9="是",'21.04.01'!$BB$4,'21.04.01'!$BB$3)) -> 170 | F9: =IF(ISNUMBER(SEARCH("营",'21.04.01'!N9)),(-$Y9+50*IF('21.04.01'!$AK9="是",'21.04.01'!$BB$4,'21.04.01'!$BB$3)),(VLOOKUP('21.04.01'!N9,'21.04.01'!$AO$4:$AQ$55,2,FALSE))*IF('21.04.01'!$AK9="是",'21.04.01'!$BB$4,'21.04.01'!$BB$3)) -> 250 | G9: =IF(ISNUMBER(SEARCH("营",'21.04.01'!O9)),(-$Y9+50*IF('21.04.01'!$AK9="是",'21.04.01'!$BB$4,'21.04.01'!$BB$3)),(VLOOKUP('21.04.01'!O9,'21.04.01'!$AO$4:$AQ$55,2,FALSE))*IF('21.04.01'!$AK9="是",'21.04.01'!$BB$4,'21.04.01'!$BB$3)) -> 170 | H9: =IF(ISNUMBER(SEARCH("营",'21.04.01'!P9)),(-$Y9+50*IF('21.04.01'!$AK9="是",'21.04.01'!$BB$4,'21.04.01'!$BB$3)),(VLOOKUP('21.04.01'!P9,'21.04.01'!$AO$4:$AQ$55,2,FALSE))*IF('21.04.01'!$AK9="是",'21.04.01'!$BB$4,'21.04.01'!$BB$3)) -> 0 | ... X9: =IF(ISNUMBER(SEARCH("营",'21.04.01'!AF9)),(-$Y9+50*IF('21.04.01'!$AK9="是",'21.04.01'!$BB$4,'21.04.01'!$BB$3)),(VLOOKUP('21.04.01'!AF9,'21.04.01'!$AO$4:$AQ$55,2,FALSE))*IF('21.04.01'!$AK9="是",'21.04.01'!$BB$4,'21.04.01'!$BB$3)) -> 160 | Y9: 300 | Z9: 45917
A10: =IF(ISNUMBER(SEARCH("营",'21.04.01'!I10)),(-$Y10+50*IF('21.04.01'!$AK10="是",'21.04.01'!$BB$4,'21.04.01'!$BB$3)),(VLOOKUP('21.04.01'!I10,'21.04.01'!$AO$4:$AQ$55,2,FALSE))*IF('21.04.01'!$AK10="是",'21.04.01'!$BB$4,'21.04.01'!$BB$3)) -> 170 | B10: =IF(ISNUMBER(SEARCH("营",'21.04.01'!J10)),(-$Y10+50*IF('21.04.01'!$AK10="是",'21.04.01'!$BB$4,'21.04.01'!$BB$3)),(VLOOKUP('21.04.01'!J10,'21.04.01'!$AO$4:$AQ$55,2,FALSE))*IF('21.04.01'!$AK10="是",'21.04.01'!$BB$4,'21.04.01'!$BB$3)) -> 150 | C10: =IF(ISNUMBER(SEARCH("营",'21.04.01'!K10)),(-$Y10+50*IF('21.04.01'!$AK10="是",'21.04.01'!$BB$4,'21.04.01'!$BB$3)),(VLOOKUP('21.04.01'!K10,'21.04.01'!$AO$4:$AQ$55,2,FALSE))*IF('21.04.01'!$AK10="是",'21.04.01'!$BB$4,'21.04.01'!$BB$3)) -> 170 | D10: =IF(ISNUMBER(SEARCH("营",'21.04.01'!L10)),(-$Y10+50*IF('21.04.01'!$AK10="是",'21.04.01'!$BB$4,'21.04.01'!$BB$3)),(VLOOKUP('21.04.01'!L10,'21.04.01'!$AO$4:$AQ$55,2,FALSE))*IF('21.04.01'!$AK10="是",'21.04.01'!$BB$4,'21.04.01'!$BB$3)) -> 170 | E10: =IF(ISNUMBER(SEARCH("营",'21.04.01'!M10)),(-$Y10+50*IF('21.04.01'!$AK10="是",'21.04.01'!$BB$4,'21.04.01'!$BB$3)),(VLOOKUP('21.04.01'!M10,'21.04.01'!$AO$4:$AQ$55,2,FALSE))*IF('21.04.01'!$AK10="是",'21.04.01'!$BB$4,'21.04.01'!$BB$3)) -> 180 | F10: =IF(ISNUMBER(SEARCH("营",'21.04.01'!N10)),(-$Y10+50*IF('21.04.01'!$AK10="是",'21.04.01'!$BB$4,'21.04.01'!$BB$3)),(VLOOKUP('21.04.01'!N10,'21.04.01'!$AO$4:$AQ$55,2,FALSE))*IF('21.04.01'!$AK10="是",'21.04.01'!$BB$4,'21.04.01'!$BB$3)) -> 180 | G10: =IF(ISNUMBER(SEARCH("营",'21.04.01'!O10)),(-$Y10+50*IF('21.04.01'!$AK10="是",'21.04.01'!$BB$4,'21.04.01'!$BB$3)),(VLOOKUP('21.04.01'!O10,'21.04.01'!$AO$4:$AQ$55,2,FALSE))*IF('21.04.01'!$AK10="是",'21.04.01'!$BB$4,'21.04.01'!$BB$3)) -> 0 | H10: =IF(ISNUMBER(SEARCH("营",'21.04.01'!P10)),(-$Y10+50*IF('21.04.01'!$AK10="是",'21.04.01'!$BB$4,'21.04.01'!$BB$3)),(VLOOKUP('21.04.01'!P10,'21.04.01'!$AO$4:$AQ$55,2,FALSE))*IF('21.04.01'!$AK10="是",'21.04.01'!$BB$4,'21.04.01'!$BB$3)) -> 0 | ... X10: =IF(ISNUMBER(SEARCH("营",'21.04.01'!AF10)),(-$Y10+50*IF('21.04.01'!$AK10="是",'21.04.01'!$BB$4,'21.04.01'!$BB$3)),(VLOOKUP('21.04.01'!AF10,'21.04.01'!$AO$4:$AQ$55,2,FALSE))*IF('21.04.01'!$AK10="是",'21.04.01'!$BB$4,'21.04.01'!$BB$3)) -> 0 | Y10: 300 | Z10: 45918
A11: =IF(ISNUMBER(SEARCH("营",'21.04.01'!I11)),(-$Y11+50*IF('21.04.01'!$AK11="是",'21.04.01'!$BB$4,'21.04.01'!$BB$3)),(VLOOKUP('21.04.01'!I11,'21.04.01'!$AO$4:$AQ$55,2,FALSE))*IF('21.04.01'!$AK11="是",'21.04.01'!$BB$4,'21.04.01'!$BB$3)) -> 180 | B11: =IF(ISNUMBER(SEARCH("营",'21.04.01'!J11)),(-$Y11+50*IF('21.04.01'!$AK11="是",'21.04.01'!$BB$4,'21.04.01'!$BB$3)),(VLOOKUP('21.04.01'!J11,'21.04.01'!$AO$4:$AQ$55,2,FALSE))*IF('21.04.01'!$AK11="是",'21.04.01'!$BB$4,'21.04.01'!$BB$3)) -> 180 | C11: =IF(ISNUMBER(SEARCH("营",'21.04.01'!K11)),(-$Y11+50*IF('21.04.01'!$AK11="是",'21.04.01'!$BB$4,'21.04.01'!$BB$3)),(VLOOKUP('21.04.01'!K11,'21.04.01'!$AO$4:$AQ$55,2,FALSE))*IF('21.04.01'!$AK11="是",'21.04.01'!$BB$4,'21.04.01'!$BB$3)) -> 180 | D11: =IF(ISNUMBER(SEARCH("营",'21.04.01'!L11)),(-$Y11+50*IF('21.04.01'!$AK11="是",'21.04.01'!$BB$4,'21.04.01'!$BB$3)),(VLOOKUP('21.04.01'!L11,'21.04.01'!$AO$4:$AQ$55,2,FALSE))*IF('21.04.01'!$AK11="是",'21.04.01'!$BB$4,'21.04.01'!$BB$3)) -> 180 | E11: =IF(ISNUMBER(SEARCH("营",'21.04.01'!M11)),(-$Y11+50*IF('21.04.01'!$AK11="是",'21.04.01'!$BB$4,'21.04.01'!$BB$3)),(VLOOKUP('21.04.01'!M11,'21.04.01'!$AO$4:$AQ$55,2,FALSE))*IF('21.04.01'!$AK11="是",'21.04.01'!$BB$4,'21.04.01'!$BB$3)) -> 170 | F11: =IF(ISNUMBER(SEARCH("营",'21.04.01'!N11)),(-$Y11+50*IF('21.04.01'!$AK11="是",'21.04.01'!$BB$4,'21.04.01'!$BB$3)),(VLOOKUP('21.04.01'!N11,'21.04.01'!$AO$4:$AQ$55,2,FALSE))*IF('21.04.01'!$AK11="是",'21.04.01'!$BB$4,'21.04.01'!$BB$3)) -> 170 | G11: =IF(ISNUMBER(SEARCH("营",'21.04.01'!O11)),(-$Y11+50*IF('21.04.01'!$AK11="是",'21.04.01'!$BB$4,'21.04.01'!$BB$3)),(VLOOKUP('21.04.01'!O11,'21.04.01'!$AO$4:$AQ$55,2,FALSE))*IF('21.04.01'!$AK11="是",'21.04.01'!$BB$4,'21.04.01'!$BB$3)) -> 0 | H11: =IF(ISNUMBER(SEARCH("营",'21.04.01'!P11)),(-$Y11+50*IF('21.04.01'!$AK11="是",'21.04.01'!$BB$4,'21.04.01'!$BB$3)),(VLOOKUP('21.04.01'!P11,'21.04.01'!$AO$4:$AQ$55,2,FALSE))*IF('21.04.01'!$AK11="是",'21.04.01'!$BB$4,'21.04.01'!$BB$3)) -> 0 | ... X11: =IF(ISNUMBER(SEARCH("营",'21.04.01'!AF11)),(-$Y11+50*IF('21.04.01'!$AK11="是",'21.04.01'!$BB$4,'21.04.01'!$BB$3)),(VLOOKUP('21.04.01'!AF11,'21.04.01'!$AO$4:$AQ$55,2,FALSE))*IF('21.04.01'!$AK11="是",'21.04.01'!$BB$4,'21.04.01'!$BB$3)) -> 0 | Y11: 300 | Z11: 45919
A12: =IF(ISNUMBER(SEARCH("营",'21.04.01'!I12)),(-$Y12+50*IF('21.04.01'!$AK12="是",'21.04.01'!$BB$4,'21.04.01'!$BB$3)),(VLOOKUP('21.04.01'!I12,'21.04.01'!$AO$4:$AQ$55,2,FALSE))*IF('21.04.01'!$AK12="是",'21.04.01'!$BB$4,'21.04.01'!$BB$3)) -> 170 | B12: =IF(ISNUMBER(SEARCH("营",'21.04.01'!J12)),(-$Y12+50*IF('21.04.01'!$AK12="是",'21.04.01'!$BB$4,'21.04.01'!$BB$3)),(VLOOKUP('21.04.01'!J12,'21.04.01'!$AO$4:$AQ$55,2,FALSE))*IF('21.04.01'!$AK12="是",'21.04.01'!$BB$4,'21.04.01'!$BB$3)) -> 170 | C12: =IF(ISNUMBER(SEARCH("营",'21.04.01'!K12)),(-$Y12+50*IF('21.04.01'!$AK12="是",'21.04.01'!$BB$4,'21.04.01'!$BB$3)),(VLOOKUP('21.04.01'!K12,'21.04.01'!$AO$4:$AQ$55,2,FALSE))*IF('21.04.01'!$AK12="是",'21.04.01'!$BB$4,'21.04.01'!$BB$3)) -> 150 | D12: =IF(ISNUMBER(SEARCH("营",'21.04.01'!L12)),(-$Y12+50*IF('21.04.01'!$AK12="是",'21.04.01'!$BB$4,'21.04.01'!$BB$3)),(VLOOKUP('21.04.01'!L12,'21.04.01'!$AO$4:$AQ$55,2,FALSE))*IF('21.04.01'!$AK12="是",'21.04.01'!$BB$4,'21.04.01'!$BB$3)) -> 170 | E12: =IF(ISNUMBER(SEARCH("营",'21.04.01'!M12)),(-$Y12+50*IF('21.04.01'!$AK12="是",'21.04.01'!$BB$4,'21.04.01'!$BB$3)),(VLOOKUP('21.04.01'!M12,'21.04.01'!$AO$4:$AQ$55,2,FALSE))*IF('21.04.01'!$AK12="是",'21.04.01'!$BB$4,'21.04.01'!$BB$3)) -> 170 | F12: =IF(ISNUMBER(SEARCH("营",'21.04.01'!N12)),(-$Y12+50*IF('21.04.01'!$AK12="是",'21.04.01'!$BB$4,'21.04.01'!$BB$3)),(VLOOKUP('21.04.01'!N12,'21.04.01'!$AO$4:$AQ$55,2,FALSE))*IF('21.04.01'!$AK12="是",'21.04.01'!$BB$4,'21.04.01'!$BB$3)) -> 170 | G12: =IF(ISNUMBER(SEARCH("营",'21.04.01'!O12)),(-$Y12+50*IF('21.04.01'!$AK12="是",'21.04.01'!$BB$4,'21.04.01'!$BB$3)),(VLOOKUP('21.04.01'!O12,'21.04.01'!$AO$4:$AQ$55,2,FALSE))*IF('21.04.01'!$AK12="是",'21.04.01'!$BB$4,'21.04.01'!$BB$3)) -> 0 | H12: =IF(ISNUMBER(SEARCH("营",'21.04.01'!P12)),(-$Y12+50*IF('21.04.01'!$AK12="是",'21.04.01'!$BB$4,'21.04.01'!$BB$3)),(VLOOKUP('21.04.01'!P12,'21.04.01'!$AO$4:$AQ$55,2,FALSE))*IF('21.04.01'!$AK12="是",'21.04.01'!$BB$4,'21.04.01'!$BB$3)) -> 0 | ... X12: =IF(ISNUMBER(SEARCH("营",'21.04.01'!AF12)),(-$Y12+50*IF('21.04.01'!$AK12="是",'21.04.01'!$BB$4,'21.04.01'!$BB$3)),(VLOOKUP('21.04.01'!AF12,'21.04.01'!$AO$4:$AQ$55,2,FALSE))*IF('21.04.01'!$AK12="是",'21.04.01'!$BB$4,'21.04.01'!$BB$3)) -> 160 | Y12: 300 | Z12: 45920
A13: =IF(ISNUMBER(SEARCH("营",'21.04.01'!I13)),(-$Y13+50*IF('21.04.01'!$AK13="是",'21.04.01'!$BB$4,'21.04.01'!$BB$3)),(VLOOKUP('21.04.01'!I13,'21.04.01'!$AO$4:$AQ$55,2,FALSE))*IF('21.04.01'!$AK13="是",'21.04.01'!$BB$4,'21.04.01'!$BB$3)) -> 180 | B13: =IF(ISNUMBER(SEARCH("营",'21.04.01'!J13)),(-$Y13+50*IF('21.04.01'!$AK13="是",'21.04.01'!$BB$4,'21.04.01'!$BB$3)),(VLOOKUP('21.04.01'!J13,'21.04.01'!$AO$4:$AQ$55,2,FALSE))*IF('21.04.01'!$AK13="是",'21.04.01'!$BB$4,'21.04.01'!$BB$3)) -> 180 | C13: =IF(ISNUMBER(SEARCH("营",'21.04.01'!K13)),(-$Y13+50*IF('21.04.01'!$AK13="是",'21.04.01'!$BB$4,'21.04.01'!$BB$3)),(VLOOKUP('21.04.01'!K13,'21.04.01'!$AO$4:$AQ$55,2,FALSE))*IF('21.04.01'!$AK13="是",'21.04.01'!$BB$4,'21.04.01'!$BB$3)) -> 180 | D13: =IF(ISNUMBER(SEARCH("营",'21.04.01'!L13)),(-$Y13+50*IF('21.04.01'!$AK13="是",'21.04.01'!$BB$4,'21.04.01'!$BB$3)),(VLOOKUP('21.04.01'!L13,'21.04.01'!$AO$4:$AQ$55,2,FALSE))*IF('21.04.01'!$AK13="是",'21.04.01'!$BB$4,'21.04.01'!$BB$3)) -> 170 | E13: =IF(ISNUMBER(SEARCH("营",'21.04.01'!M13)),(-$Y13+50*IF('21.04.01'!$AK13="是",'21.04.01'!$BB$4,'21.04.01'!$BB$3)),(VLOOKUP('21.04.01'!M13,'21.04.01'!$AO$4:$AQ$55,2,FALSE))*IF('21.04.01'!$AK13="是",'21.04.01'!$BB$4,'21.04.01'!$BB$3)) -> 50 | F13: =IF(ISNUMBER(SEARCH("营",'21.04.01'!N13)),(-$Y13+50*IF('21.04.01'!$AK13="是",'21.04.01'!$BB$4,'21.04.01'!$BB$3)),(VLOOKUP('21.04.01'!N13,'21.04.01'!$AO$4:$AQ$55,2,FALSE))*IF('21.04.01'!$AK13="是",'21.04.01'!$BB$4,'21.04.01'!$BB$3)) -> 0 | G13: =IF(ISNUMBER(SEARCH("营",'21.04.01'!O13)),(-$Y13+50*IF('21.04.01'!$AK13="是",'21.04.01'!$BB$4,'21.04.01'!$BB$3)),(VLOOKUP('21.04.01'!O13,'21.04.01'!$AO$4:$AQ$55,2,FALSE))*IF('21.04.01'!$AK13="是",'21.04.01'!$BB$4,'21.04.01'!$BB$3)) -> 0 | H13: =IF(ISNUMBER(SEARCH("营",'21.04.01'!P13)),(-$Y13+50*IF('21.04.01'!$AK13="是",'21.04.01'!$BB$4,'21.04.01'!$BB$3)),(VLOOKUP('21.04.01'!P13,'21.04.01'!$AO$4:$AQ$55,2,FALSE))*IF('21.04.01'!$AK13="是",'21.04.01'!$BB$4,'21.04.01'!$BB$3)) -> 0 | ... X13: =IF(ISNUMBER(SEARCH("营",'21.04.01'!AF13)),(-$Y13+50*IF('21.04.01'!$AK13="是",'21.04.01'!$BB$4,'21.04.01'!$BB$3)),(VLOOKUP('21.04.01'!AF13,'21.04.01'!$AO$4:$AQ$55,2,FALSE))*IF('21.04.01'!$AK13="是",'21.04.01'!$BB$4,'21.04.01'!$BB$3)) -> 0 | Y13: 300 | Z13: 45921
A14: =IF(ISNUMBER(SEARCH("营",'21.04.01'!I14)),(-$Y14+50*IF('21.04.01'!$AK14="是",'21.04.01'!$BB$4,'21.04.01'!$BB$3)),(VLOOKUP('21.04.01'!I14,'21.04.01'!$AO$4:$AQ$55,2,FALSE))*IF('21.04.01'!$AK14="是",'21.04.01'!$BB$4,'21.04.01'!$BB$3)) -> 170 | B14: =IF(ISNUMBER(SEARCH("营",'21.04.01'!J14)),(-$Y14+50*IF('21.04.01'!$AK14="是",'21.04.01'!$BB$4,'21.04.01'!$BB$3)),(VLOOKUP('21.04.01'!J14,'21.04.01'!$AO$4:$AQ$55,2,FALSE))*IF('21.04.01'!$AK14="是",'21.04.01'!$BB$4,'21.04.01'!$BB$3)) -> 170 | C14: =IF(ISNUMBER(SEARCH("营",'21.04.01'!K14)),(-$Y14+50*IF('21.04.01'!$AK14="是",'21.04.01'!$BB$4,'21.04.01'!$BB$3)),(VLOOKUP('21.04.01'!K14,'21.04.01'!$AO$4:$AQ$55,2,FALSE))*IF('21.04.01'!$AK14="是",'21.04.01'!$BB$4,'21.04.01'!$BB$3)) -> 170 | D14: =IF(ISNUMBER(SEARCH("营",'21.04.01'!L14)),(-$Y14+50*IF('21.04.01'!$AK14="是",'21.04.01'!$BB$4,'21.04.01'!$BB$3)),(VLOOKUP('21.04.01'!L14,'21.04.01'!$AO$4:$AQ$55,2,FALSE))*IF('21.04.01'!$AK14="是",'21.04.01'!$BB$4,'21.04.01'!$BB$3)) -> 170 | E14: =IF(ISNUMBER(SEARCH("营",'21.04.01'!M14)),(-$Y14+50*IF('21.04.01'!$AK14="是",'21.04.01'!$BB$4,'21.04.01'!$BB$3)),(VLOOKUP('21.04.01'!M14,'21.04.01'!$AO$4:$AQ$55,2,FALSE))*IF('21.04.01'!$AK14="是",'21.04.01'!$BB$4,'21.04.01'!$BB$3)) -> 170 | F14: =IF(ISNUMBER(SEARCH("营",'21.04.01'!N14)),(-$Y14+50*IF('21.04.01'!$AK14="是",'21.04.01'!$BB$4,'21.04.01'!$BB$3)),(VLOOKUP('21.04.01'!N14,'21.04.01'!$AO$4:$AQ$55,2,FALSE))*IF('21.04.01'!$AK14="是",'21.04.01'!$BB$4,'21.04.01'!$BB$3)) -> 150 | G14: =IF(ISNUMBER(SEARCH("营",'21.04.01'!O14)),(-$Y14+50*IF('21.04.01'!$AK14="是",'21.04.01'!$BB$4,'21.04.01'!$BB$3)),(VLOOKUP('21.04.01'!O14,'21.04.01'!$AO$4:$AQ$55,2,FALSE))*IF('21.04.01'!$AK14="是",'21.04.01'!$BB$4,'21.04.01'!$BB$3)) -> 0 | H14: =IF(ISNUMBER(SEARCH("营",'21.04.01'!P14)),(-$Y14+50*IF('21.04.01'!$AK14="是",'21.04.01'!$BB$4,'21.04.01'!$BB$3)),(VLOOKUP('21.04.01'!P14,'21.04.01'!$AO$4:$AQ$55,2,FALSE))*IF('21.04.01'!$AK14="是",'21.04.01'!$BB$4,'21.04.01'!$BB$3)) -> 0 | ... X14: =IF(ISNUMBER(SEARCH("营",'21.04.01'!AF14)),(-$Y14+50*IF('21.04.01'!$AK14="是",'21.04.01'!$BB$4,'21.04.01'!$BB$3)),(VLOOKUP('21.04.01'!AF14,'21.04.01'!$AO$4:$AQ$55,2,FALSE))*IF('21.04.01'!$AK14="是",'21.04.01'!$BB$4,'21.04.01'!$BB$3)) -> 0 | Y14: 250 | Z14: 45922
A15: =IF(ISNUMBER(SEARCH("营",'21.04.01'!I15)),(-$Y15+50*IF('21.04.01'!$AK15="是",'21.04.01'!$BB$4,'21.04.01'!$BB$3)),(VLOOKUP('21.04.01'!I15,'21.04.01'!$AO$4:$AQ$55,2,FALSE))*IF('21.04.01'!$AK15="是",'21.04.01'!$BB$4,'21.04.01'!$BB$3)) -> 180 | B15: =IF(ISNUMBER(SEARCH("营",'21.04.01'!J15)),(-$Y15+50*IF('21.04.01'!$AK15="是",'21.04.01'!$BB$4,'21.04.01'!$BB$3)),(VLOOKUP('21.04.01'!J15,'21.04.01'!$AO$4:$AQ$55,2,FALSE))*IF('21.04.01'!$AK15="是",'21.04.01'!$BB$4,'21.04.01'!$BB$3)) -> 180 | C15: =IF(ISNUMBER(SEARCH("营",'21.04.01'!K15)),(-$Y15+50*IF('21.04.01'!$AK15="是",'21.04.01'!$BB$4,'21.04.01'!$BB$3)),(VLOOKUP('21.04.01'!K15,'21.04.01'!$AO$4:$AQ$55,2,FALSE))*IF('21.04.01'!$AK15="是",'21.04.01'!$BB$4,'21.04.01'!$BB$3)) -> 50 | D15: =IF(ISNUMBER(SEARCH("营",'21.04.01'!L15)),(-$Y15+50*IF('21.04.01'!$AK15="是",'21.04.01'!$BB$4,'21.04.01'!$BB$3)),(VLOOKUP('21.04.01'!L15,'21.04.01'!$AO$4:$AQ$55,2,FALSE))*IF('21.04.01'!$AK15="是",'21.04.01'!$BB$4,'21.04.01'!$BB$3)) -> 180 | E15: =IF(ISNUMBER(SEARCH("营",'21.04.01'!M15)),(-$Y15+50*IF('21.04.01'!$AK15="是",'21.04.01'!$BB$4,'21.04.01'!$BB$3)),(VLOOKUP('21.04.01'!M15,'21.04.01'!$AO$4:$AQ$55,2,FALSE))*IF('21.04.01'!$AK15="是",'21.04.01'!$BB$4,'21.04.01'!$BB$3)) -> 150 | F15: =IF(ISNUMBER(SEARCH("营",'21.04.01'!N15)),(-$Y15+50*IF('21.04.01'!$AK15="是",'21.04.01'!$BB$4,'21.04.01'!$BB$3)),(VLOOKUP('21.04.01'!N15,'21.04.01'!$AO$4:$AQ$55,2,FALSE))*IF('21.04.01'!$AK15="是",'21.04.01'!$BB$4,'21.04.01'!$BB$3)) -> 170 | G15: =IF(ISNUMBER(SEARCH("营",'21.04.01'!O15)),(-$Y15+50*IF('21.04.01'!$AK15="是",'21.04.01'!$BB$4,'21.04.01'!$BB$3)),(VLOOKUP('21.04.01'!O15,'21.04.01'!$AO$4:$AQ$55,2,FALSE))*IF('21.04.01'!$AK15="是",'21.04.01'!$BB$4,'21.04.01'!$BB$3)) -> 0 | H15: =IF(ISNUMBER(SEARCH("营",'21.04.01'!P15)),(-$Y15+50*IF('21.04.01'!$AK15="是",'21.04.01'!$BB$4,'21.04.01'!$BB$3)),(VLOOKUP('21.04.01'!P15,'21.04.01'!$AO$4:$AQ$55,2,FALSE))*IF('21.04.01'!$AK15="是",'21.04.01'!$BB$4,'21.04.01'!$BB$3)) -> 0 | ... X15: =IF(ISNUMBER(SEARCH("营",'21.04.01'!AF15)),(-$Y15+50*IF('21.04.01'!$AK15="是",'21.04.01'!$BB$4,'21.04.01'!$BB$3)),(VLOOKUP('21.04.01'!AF15,'21.04.01'!$AO$4:$AQ$55,2,FALSE))*IF('21.04.01'!$AK15="是",'21.04.01'!$BB$4,'21.04.01'!$BB$3)) -> 0 | Y15: 250 | Z15: 45923
... A93: =IF(ISNUMBER(SEARCH("营",'21.04.01'!I93)),(-$Y93+50*IF('21.04.01'!$AK93="是",'21.04.01'!$BB$4,'21.04.01'!$BB$3)),(VLOOKUP('21.04.01'!I93,'21.04.01'!$AO$4:$AQ$55,2,FALSE))*IF('21.04.01'!$AK93="是",'21.04.01'!$BB$4,'21.04.01'!$BB$3)) -> 0 | B93: =IF(ISNUMBER(SEARCH("营",'21.04.01'!J93)),(-$Y93+50*IF('21.04.01'!$AK93="是",'21.04.01'!$BB$4,'21.04.01'!$BB$3)),(VLOOKUP('21.04.01'!J93,'21.04.01'!$AO$4:$AQ$55,2,FALSE))*IF('21.04.01'!$AK93="是",'21.04.01'!$BB$4,'21.04.01'!$BB$3)) -> 0 | C93: =IF(ISNUMBER(SEARCH("营",'21.04.01'!K93)),(-$Y93+50*IF('21.04.01'!$AK93="是",'21.04.01'!$BB$4,'21.04.01'!$BB$3)),(VLOOKUP('21.04.01'!K93,'21.04.01'!$AO$4:$AQ$55,2,FALSE))*IF('21.04.01'!$AK93="是",'21.04.01'!$BB$4,'21.04.01'!$BB$3)) -> 0 | D93: =IF(ISNUMBER(SEARCH("营",'21.04.01'!L93)),(-$Y93+50*IF('21.04.01'!$AK93="是",'21.04.01'!$BB$4,'21.04.01'!$BB$3)),(VLOOKUP('21.04.01'!L93,'21.04.01'!$AO$4:$AQ$55,2,FALSE))*IF('21.04.01'!$AK93="是",'21.04.01'!$BB$4,'21.04.01'!$BB$3)) -> 0 | E93: =IF(ISNUMBER(SEARCH("营",'21.04.01'!M93)),(-$Y93+50*IF('21.04.01'!$AK93="是",'21.04.01'!$BB$4,'21.04.01'!$BB$3)),(VLOOKUP('21.04.01'!M93,'21.04.01'!$AO$4:$AQ$55,2,FALSE))*IF('21.04.01'!$AK93="是",'21.04.01'!$BB$4,'21.04.01'!$BB$3)) -> 0 | F93: =IF(ISNUMBER(SEARCH("营",'21.04.01'!N93)),(-$Y93+50*IF('21.04.01'!$AK93="是",'21.04.01'!$BB$4,'21.04.01'!$BB$3)),(VLOOKUP('21.04.01'!N93,'21.04.01'!$AO$4:$AQ$55,2,FALSE))*IF('21.04.01'!$AK93="是",'21.04.01'!$BB$4,'21.04.01'!$BB$3)) -> 0 | G93: =IF(ISNUMBER(SEARCH("营",'21.04.01'!O93)),(-$Y93+50*IF('21.04.01'!$AK93="是",'21.04.01'!$BB$4,'21.04.01'!$BB$3)),(VLOOKUP('21.04.01'!O93,'21.04.01'!$AO$4:$AQ$55,2,FALSE))*IF('21.04.01'!$AK93="是",'21.04.01'!$BB$4,'21.04.01'!$BB$3)) -> 0 | H93: =IF(ISNUMBER(SEARCH("营",'21.04.01'!P93)),(-$Y93+50*IF('21.04.01'!$AK93="是",'21.04.01'!$BB$4,'21.04.01'!$BB$3)),(VLOOKUP('21.04.01'!P93,'21.04.01'!$AO$4:$AQ$55,2,FALSE))*IF('21.04.01'!$AK93="是",'21.04.01'!$BB$4,'21.04.01'!$BB$3)) -> 0 | ... X93: =IF(ISNUMBER(SEARCH("营",'21.04.01'!AF93)),(-$Y93+50*IF('21.04.01'!$AK93="是",'21.04.01'!$BB$4,'21.04.01'!$BB$3)),(VLOOKUP('21.04.01'!AF93,'21.04.01'!$AO$4:$AQ$55,2,FALSE))*IF('21.04.01'!$AK93="是",'21.04.01'!$BB$4,'21.04.01'!$BB$3)) -> 0 | Y93: 100 | Z93: 46001

Sheet 经验
A2: 队伍一 风 | C2: 步数 | D2: =COUNTIF(A4:H94,"<>空") -> 728 | E2: (不算跳步和传送) | I2: 队伍二 雷 | K2: 步数 | L2: =COUNTIF(I4:P94,"<>空") -> 728 | M2: (不算跳步和传送) | Q2: 队伍三 | S2: 总步数 | T2: =COUNTIF(Q4:X94,"<>空") -> 728 | U2: (不算跳步和传送)
A3: 1 | B3: 2 | C3: 3 | D3: 4 | E3: 5 | F3: 6 | G3: 7 | H3: 8 | I3: 1 | J3: 2 | K3: 3 | L3: 4 | M3: 5 | N3: 6 | O3: 7 | P3: 8 | Q3: 1 | R3: 2 | S3: 3 | T3: 4 | U3: 5 | V3: 6 | W3: 7 | X3: 8
A4: =(VLOOKUP('21.04.01'!I4,'21.04.01'!$AO$4:$AQ$55,3,FALSE)) -> 35 | B4: =(VLOOKUP('21.04.01'!J4,'21.04.01'!$AO$4:$AQ$55,3,FALSE)) -> 35 | C4: =(VLOOKUP('21.04.01'!K4,'21.04.01'!$AO$4:$AQ$55,3,FALSE)) -> 35 | D4: =(VLOOKUP('21.04.01'!L4,'21.04.01'!$AO$4:$AQ$55,3,FALSE)) -> 35 | E4: =(VLOOKUP('21.04.01'!M4,'21.04.01'!$AO$4:$AQ$55,3,FALSE)) -> 35 | F4: =(VLOOKUP('21.04.01'!N4,'21.04.01'!$AO$4:$AQ$55,3,FALSE)) -> 30 | G4: =(VLOOKUP('21.04.01'!O4,'21.04.01'!$AO$4:$AQ$55,3,FALSE)) -> 0 | H4: =(VLOOKUP('21.04.01'!P4,'21.04.01'!$AO$4:$AQ$55,3,FALSE)) -> 0 | ... X4: =(VLOOKUP('21.04.01'!AF4,'21.04.01'!$AO$4:$AQ$55,3,FALSE)) -> 0
A5: =(VLOOKUP('21.04.01'!I5,'21.04.01'!$AO$4:$AQ$55,3,FALSE)) -> 0 | B5: =(VLOOKUP('21.04.01'!J5,'21.04.01'!$AO$4:$AQ$55,3,FALSE)) -> 0 | C5: =(VLOOKUP('21.04.01'!K5,'21.04.01'!$AO$4:$AQ$55,3,FALSE)) -> 0 | D5: =(VLOOKUP('21.04.01'!L5,'21.04.01'!$AO$4:$AQ$55,3,FALSE)) -> 0 | E5: =(VLOOKUP('21.04.01'!M5,'21.04.01'!$AO$4:$AQ$55,3,FALSE)) -> 0 | F5: =(VLOOKUP('21.04.01'!N5,'21.04.01'!$AO$4:$AQ$55,3,FALSE)) -> 0 | G5: =(VLOOKUP('21.04.01'!O5,'21.04.01'!$AO$4:$AQ$55,3,FALSE)) -> 0 | H5: =(VLOOKUP('21.04.01'!P5,'21.04.01'!$AO$4:$AQ$55,3,FALSE)) -> 0 | ... X5: =(VLOOKUP('21.04.01'!AF5,'21.04.01'!$AO$4:$AQ$55,3,FALSE)) -> 0
A6: =(VLOOKUP('21.04.01'!I6,'21.04.01'!$AO$4:$AQ$55,3,FALSE)) -> 0 | B6: =(VLOOKUP('21.04.01'!J6,'21.04.01'!$AO$4:$AQ$55,3,FALSE)) -> 0 | C6: =(VLOOKUP('21.04.01'!K6,'21.04.01'!$AO$4:$AQ$55,3,FALSE)) -> 0 | D6: =(VLOOKUP('21.04.01'!L6,'21.04.01'!$AO$4:$AQ$55,3,FALSE)) -> 0 | E6: =(VLOOKUP('21.04.01'!M6,'21.04.01'!$AO$4:$AQ$55,3,FALSE)) -> 0 | F6: =(VLOOKUP('21.04.01'!N6,'21.04.01'!$AO$4:$AQ$55,3,FALSE)) -> 0 | G6: =(VLOOKUP('21.04.01'!O6,'21.04.01'!$AO$4:$AQ$55,3,FALSE)) -> 0 | H6: =(VLOOKUP('21.04.01'!P6,'21.04.01'!$AO$4:$AQ$55,3,FALSE)) -> 0 | ... X6: =(VLOOKUP('21.04.01'!AF6,'21.04.01'!$AO$4:$AQ$55,3,FALSE)) -> 0
A7: =(VLOOKUP('21.04.01'!I7,'21.04.01'!$AO$4:$AQ$55,3,FALSE)) -> 0 | B7: =(VLOOKUP('21.04.01'!J7,'21.04.01'!$AO$4:$AQ$55,3,FALSE)) -> 0 | C7: =(VLOOKUP('21.04.01'!K7,'21.04.01'!$AO$4:$AQ$55,3,FALSE)) -> 0 | D7: =(VLOOKUP('21.04.01'!L7,'21.04.01'!$AO$4:$AQ$55,3,FALSE)) -> 0 | E7: =(VLOOKUP('21.04.01'!M7,'21.04.01'!$AO$4:$AQ$55,3,FALSE)) -> 0 | F7: =(VLOOKUP('21.04.01'!N7,'21.04.01'!$AO$4:$AQ$55,3,FALSE)) -> 0 | G7: =(VLOOKUP('21.04.01'!O7,'21.04.01'!$AO$4:$AQ$55,3,FALSE)) -> 0 | H7: =(VLOOKUP('21.04.01'!P7,'21.04.01'!$AO$4:$AQ$55,3,FALSE)) -> 0 | ... X7: =(VLOOKUP('21.04.01'!AF7,'21.04.01'!$AO$4:$AQ$55,3,FALSE)) -> 0
A8: =(VLOOKUP('21.04.01'!I8,'21.04.01'!$AO$4:$AQ$55,3,FALSE)) -> 0 | B8: =(VLOOKUP('21.04.01'!J8,'21.04.01'!$AO$4:$AQ$55,3,FALSE)) -> 0 | C8: =(VLOOKUP('21.04.01'!K8,'21.04.01'!$AO$4:$AQ$55,3,FALSE)) -> 0 | D8: =(VLOOKUP('21.04.01'!L8,'21.04.01'!$AO$4:$AQ$55,3,FALSE)) -> 0 | E8: =(VLOOKUP('21.04.01'!M8,'21.04.01'!$AO$4:$AQ$55,3,FALSE)) -> 0 | F8: =(VLOOKUP('21.04.01'!N8,'21.04.01'!$AO$4:$AQ$55,3,FALSE)) -> 0 | G8: =(VLOOKUP('21.04.01'!O8,'21.04.01'!$AO$4:$AQ$55,3,FALSE)) -> 0 | H8: =(VLOOKUP('21.04.01'!P8,'21.04.01'!$AO$4:$AQ$55,3,FALSE)) -> 0 | ... X8: =(VLOOKUP('21.04.01'!AF8,'21.04.01'!$AO$4:$AQ$55,3,FALSE)) -> 0
A9: =(VLOOKUP('21.04.01'!I9,'21.04.01'!$AO$4:$AQ$55,3,FALSE)) -> 40 | B9: =(VLOOKUP('21.04.01'!J9,'21.04.01'!$AO$4:$AQ$55,3,FALSE)) -> 45 | C9: =(VLOOKUP('21.04.01'!K9,'21.04.01'!$AO$4:$AQ$55,3,FALSE)) -> 40 | D9: =(VLOOKUP('21.04.01'!L9,'21.04.01'!$AO$4:$AQ$55,3,FALSE)) -> 45 | E9: =(VLOOKUP('21.04.01'!M9,'21.04.01'!$AO$4:$AQ$55,3,FALSE)) -> 45 | F9: =(VLOOKUP('21.04.01'!N9,'21.04.01'!$AO$4:$AQ$55,3,FALSE)) -> 300 | G9: =(VLOOKUP('21.04.01'!O9,'21.04.01'!$AO$4:$AQ$55,3,FALSE)) -> 45 | H9: =(VLOOKUP('21.04.01'!P9,'21.04.01'!$AO$4:$AQ$55,3,FALSE)) -> 0 | ... X9: =(VLOOKUP('21.04.01'!AF9,'21.04.01'!$AO$4:$AQ$55,3,FALSE)) -> 40
A10: =(VLOOKUP('21.04.01'!I10,'21.04.01'!$AO$4:$AQ$55,3,FALSE)) -> 45 | B10: =(VLOOKUP('21.04.01'!J10,'21.04.01'!$AO$4:$AQ$55,3,FALSE)) -> 40 | C10: =(VLOOKUP('21.04.01'!K10,'21.04.01'!$AO$4:$AQ$55,3,FALSE)) -> 45 | D10: =(VLOOKUP('21.04.01'!L10,'21.04.01'!$AO$4:$AQ$55,3,FALSE)) -> 45 | E10: =(VLOOKUP('21.04.01'!M10,'21.04.01'!$AO$4:$AQ$55,3,FALSE)) -> 50 | F10: =(VLOOKUP('21.04.01'!N10,'21.04.01'!$AO$4:$AQ$55,3,FALSE)) -> 50 | G10: =(VLOOKUP('21.04.01'!O10,'21.04.01'!$AO$4:$AQ$55,3,FALSE)) -> 0 | H10: =(VLOOKUP('21.04.01'!P10,'21.04.01'!$AO$4:$AQ$55,3,FALSE)) -> 0 | ... X10: =(VLOOKUP('21.04.01'!AF10,'21.04.01'!$AO$4:$AQ$55,3,FALSE)) -> 0
A11: =(VLOOKUP('21.04.01'!I11,'21.04.01'!$AO$4:$AQ$55,3,FALSE)) -> 50 | B11: =(VLOOKUP('21.04.01'!J11,'21.04.01'!$AO$4:$AQ$55,3,FALSE)) -> 50 | C11: =(VLOOKUP('21.04.01'!K11,'21.04.01'!$AO$4:$AQ$55,3,FALSE)) -> 50 | D11: =(VLOOKUP('21.04.01'!L11,'21.04.01'!$AO$4:$AQ$55,3,FALSE)) -> 50 | E11: =(VLOOKUP('21.04.01'!M11,'21.04.01'!$AO$4:$AQ$55,3,FALSE)) -> 45 | F11: =(VLOOKUP('21.04.01'!N11,'21.04.01'!$AO$4:$AQ$55,3,FALSE)) -> 45 | G11: =(VLOOKUP('21.04.01'!O11,'21.04.01'!$AO$4:$AQ$55,3,FALSE)) -> 0 | H11: =(VLOOKUP('21.04.01'!P11,'21.04.01'!$AO$4:$AQ$55,3,FALSE)) -> 0 | ... X11: =(VLOOKUP('21.04.01'!AF11,'21.04.01'!$AO$4:$AQ$55,3,FALSE)) -> 0
A12: =(VLOOKUP('21.04.01'!I12,'21.04.01'!$AO$4:$AQ$55,3,FALSE)) -> 45 | B12: =(VLOOKUP('21.04.01'!J12,'21.04.01'!$AO$4:$AQ$55,3,FALSE)) -> 45 | C12: =(VLOOKUP('21.04.01'!K12,'21.04.01'!$AO$4:$AQ$55,3,FALSE)) -> 40 | D12: =(VLOOKUP('21.04.01'!L12,'21.04.01'!$AO$4:$AQ$55,3,FALSE)) -> 45 | E12: =(VLOOKUP('21.04.01'!M12,'21.04.01'!$AO$4:$AQ$55,3,FALSE)) -> 45 | F12: =(VLOOKUP('21.04.01'!N12,'21.04.01'!$AO$4:$AQ$55,3,FALSE)) -> 45 | G12: =(VLOOKUP('21.04.01'!O12,'21.04.01'!$AO$4:$AQ$55,3,FALSE)) -> 0 | H12: =(VLOOKUP('21.04.01'!P12,'21.04.01'!$AO$4:$AQ$55,3,FALSE)) -> 0 | ... X12: =(VLOOKUP('21.04.01'!AF12,'21.04.01'!$AO$4:$AQ$55,3,FALSE)) -> 40
A13: =(VLOOKUP('21.04.01'!I13,'21.04.01'!$AO$4:$AQ$55,3,FALSE)) -> 50 | B13: =(VLOOKUP('21.04.01'!J13,'21.04.01'!$AO$4:$AQ$55,3,FALSE)) -> 50 | C13: =(VLOOKUP('21.04.01'!K13,'21.04.01'!$AO$4:$AQ$55,3,FALSE)) -> 50 | D13: =(VLOOKUP('21.04.01'!L13,'21.04.01'!$AO$4:$AQ$55,3,FALSE)) -> 45 | E13: =(VLOOKUP('21.04.01'!M13,'21.04.01'!$AO$4:$AQ$55,3,FALSE)) -> 30 | F13: =(VLOOKUP('21.04.01'!N13,'21.04.01'!$AO$4:$AQ$55,3,FALSE)) -> 0 | G13: =(VLOOKUP('21.04.01'!O13,'21.04.01'!$AO$4:$AQ$55,3,FALSE)) -> 0 | H13: =(VLOOKUP('21.04.01'!P13,'21.04.01'!$AO$4:$AQ$55,3,FALSE)) -> 0 | ... X13: =(VLOOKUP('21.04.01'!AF13,'21.04.01'!$AO$4:$AQ$55,3,FALSE)) -> 0
A14: =(VLOOKUP('21.04.01'!I14,'21.04.01'!$AO$4:$AQ$55,3,FALSE)) -> 45 | B14: =(VLOOKUP('21.04.01'!J14,'21.04.01'!$AO$4:$AQ$55,3,FALSE)) -> 45 | C14: =(VLOOKUP('21.04.01'!K14,'21.04.01'!$AO$4:$AQ$55,3,FALSE)) -> 45 | D14: =(VLOOKUP('21.04.01'!L14,'21.04.01'!$AO$4:$AQ$55,3,FALSE)) -> 45 | E14: =(VLOOKUP('21.04.01'!M14,'21.04.01'!$AO$4:$AQ$55,3,FALSE)) -> 45 | F14: =(VLOOKUP('21.04.01'!N14,'21.04.01'!$AO$4:$AQ$55,3,FALSE)) -> 45 | G14: =(VLOOKUP('21.04.01'!O14,'21.04.01'!$AO$4:$AQ$55,3,FALSE)) -> 0 | H14: =(VLOOKUP('21.04.01'!P14,'21.04.01'!$AO$4:$AQ$55,3,FALSE)) -> 0 | ... X14: =(VLOOKUP('21.04.01'!AF14,'21.04.01'!$AO$4:$AQ$55,3,FALSE)) -> 0
A15: =(VLOOKUP('21.04.01'!I15,'21.04.01'!$AO$4:$AQ$55,3,FALSE)) -> 50 | B15: =(VLOOKUP('21.04.01'!J15,'21.04.01'!$AO$4:$AQ$55,3,FALSE)) -> 50 | C15: =(VLOOKUP('21.04.01'!K15,'21.04.01'!$AO$4:$AQ$55,3,FALSE)) -> 30 | D15: =(VLOOKUP('21.04.01'!L15,'21.04.01'!$AO$4:$AQ$55,3,FALSE)) -> 50 | E15: =(VLOOKUP('21.04.01'!M15,'21.04.01'!$AO$4:$AQ$55,3,FALSE)) -> 40 | F15: =(VLOOKUP('21.04.01'!N15,'21.04.01'!$AO$4:$AQ$55,3,FALSE)) -> 45 | G15: =(VLOOKUP('21.04.01'!O15,'21.04.01'!$AO$4:$AQ$55,3,FALSE)) -> 0 | H15: =(VLOOKUP('21.04.01'!P15,'21.04.01'!$AO$4:$AQ$55,3,FALSE)) -> 0 | ... X15: =(VLOOKUP('21.04.01'!AF15,'21.04.01'!$AO$4:$AQ$55,3,FALSE)) -> 0
... A93: =(VLOOKUP('21.04.01'!I93,'21.04.01'!$AO$4:$AQ$55,3,FALSE)) -> 0 | B93: =(VLOOKUP('21.04.01'!J93,'21.04.01'!$AO$4:$AQ$55,3,FALSE)) -> 0 | C93: =(VLOOKUP('21.04.01'!K93,'21.04.01'!$AO$4:$AQ$55,3,FALSE)) -> 0 | D93: =(VLOOKUP('21.04.01'!L93,'21.04.01'!$AO$4:$AQ$55,3,FALSE)) -> 0 | E93: =(VLOOKUP('21.04.01'!M93,'21.04.01'!$AO$4:$AQ$55,3,FALSE)) -> 0 | F93: =(VLOOKUP('21.04.01'!N93,'21.04.01'!$AO$4:$AQ$55,3,FALSE)) -> 0 | G93: =(VLOOKUP('21.04.01'!O93,'21.04.01'!$AO$4:$AQ$55,3,FALSE)) -> 0 | H93: =(VLOOKUP('21.04.01'!P93,'21.04.01'!$AO$4:$AQ$55,3,FALSE)) -> 0 | ... X93: =(VLOOKUP('21.04.01'!AF93,'21.04.01'!$AO$4:$AQ$55,3,FALSE)) -> 0

Sheet 亏损
A2: 队伍一 风 | C2: 步数 | D2: =COUNTIF(A4:H94,"<>空") -> 728 | E2: (不算跳步和传送) | I2: 队伍二 雷 | K2: 步数 | L2: =COUNTIF(I4:P94,"<>空") -> 728 | M2: (不算跳步和传送) | Q2: 队伍三 | S2: 总步数 | T2: =COUNTIF(Q4:X94,"<>空") -> 728 | U2: (不算跳步和传送)
A3: 1 | B3: 2 | C3: 3 | D3: 4 | E3: 5 | F3: 6 | G3: 7 | H3: 8 | I3: 1 | J3: 2 | K3: 3 | L3: 4 | M3: 5 | N3: 6 | O3: 7 | P3: 8 | Q3: 1 | R3: 2 | S3: 3 | T3: 4 | U3: 5 | V3: 6 | W3: 7 | X3: 8
A4: =(VLOOKUP('21.04.01'!I4,'21.04.01'!$AO$4:$AR$55,4,FALSE)) -> 44.222109 | B4: =(VLOOKUP('21.04.01'!J4,'21.04.01'!$AO$4:$AR$55,4,FALSE)) -> 44.222109 | C4: =(VLOOKUP('21.04.01'!K4,'21.04.01'!$AO$4:$AR$55,4,FALSE)) -> 44.222109 | D4: =(VLOOKUP('21.04.01'!L4,'21.04.01'!$AO$4:$AR$55,4,FALSE)) -> 44.222109 | E4: =(VLOOKUP('21.04.01'!M4,'21.04.01'!$AO$4:$AR$55,4,FALSE)) -> 44.222109 | F4: =(VLOOKUP('21.04.01'!N4,'21.04.01'!$AO$4:$AR$55,4,FALSE)) -> 10 | G4: =(VLOOKUP('21.04.01'!O4,'21.04.01'!$AO$4:$AR$55,4,FALSE)) -> 0 | H4: =(VLOOKUP('21.04.01'!P4,'21.04.01'!$AO$4:$AR$55,4,FALSE)) -> 0 | ... X4: =(VLOOKUP('21.04.01'!AF4,'21.04.01'!$AO$4:$AR$55,4,FALSE)) -> 0
A5: =(VLOOKUP('21.04.01'!I5,'21.04.01'!$AO$4:$AR$55,4,FALSE)) -> 0 | B5: =(VLOOKUP('21.04.01'!J5,'21.04.01'!$AO$4:$AR$55,4,FALSE)) -> 0 | C5: =(VLOOKUP('21.04.01'!K5,'21.04.01'!$AO$4:$AR$55,4,FALSE)) -> 0 | D5: =(VLOOKUP('21.04.01'!L5,'21.04.01'!$AO$4:$AR$55,4,FALSE)) -> 0 | E5: =(VLOOKUP('21.04.01'!M5,'21.04.01'!$AO$4:$AR$55,4,FALSE)) -> 0 | F5: =(VLOOKUP('21.04.01'!N5,'21.04.01'!$AO$4:$AR$55,4,FALSE)) -> 0 | G5: =(VLOOKUP('21.04.01'!O5,'21.04.01'!$AO$4:$AR$55,4,FALSE)) -> 0 | H5: =(VLOOKUP('21.04.01'!P5,'21.04.01'!$AO$4:$AR$55,4,FALSE)) -> 0 | ... X5: =(VLOOKUP('21.04.01'!AF5,'21.04.01'!$AO$4:$AR$55,4,FALSE)) -> 0
A6: =(VLOOKUP('21.04.01'!I6,'21.04.01'!$AO$4:$AR$55,4,FALSE)) -> 0 | B6: =(VLOOKUP('21.04.01'!J6,'21.04.01'!$AO$4:$AR$55,4,FALSE)) -> 0 | C6: =(VLOOKUP('21.04.01'!K6,'21.04.01'!$AO$4:$AR$55,4,FALSE)) -> 0 | D6: =(VLOOKUP('21.04.01'!L6,'21.04.01'!$AO$4:$AR$55,4,FALSE)) -> 0 | E6: =(VLOOKUP('21.04.01'!M6,'21.04.01'!$AO$4:$AR$55,4,FALSE)) -> 0 | F6: =(VLOOKUP('21.04.01'!N6,'21.04.01'!$AO$4:$AR$55,4,FALSE)) -> 0 | G6: =(VLOOKUP('21.04.01'!O6,'21.04.01'!$AO$4:$AR$55,4,FALSE)) -> 0 | H6: =(VLOOKUP('21.04.01'!P6,'21.04.01'!$AO$4:$AR$55,4,FALSE)) -> 0 | ... X6: =(VLOOKUP('21.04.01'!AF6,'21.04.01'!$AO$4:$AR$55,4,FALSE)) -> 0
A7: =(VLOOKUP('21.04.01'!I7,'21.04.01'!$AO$4:$AR$55,4,FALSE)) -> 0 | B7: =(VLOOKUP('21.04.01'!J7,'21.04.01'!$AO$4:$AR$55,4,FALSE)) -> 0 | C7: =(VLOOKUP('21.04.01'!K7,'21.04.01'!$AO$4:$AR$55,4,FALSE)) -> 0 | D7: =(VLOOKUP('21.04.01'!L7,'21.04.01'!$AO$4:$AR$55,4,FALSE)) -> 0 | E7: =(VLOOKUP('21.04.01'!M7,'21.04.01'!$AO$4:$AR$55,4,FALSE)) -> 0 | F7: =(VLOOKUP('21.04.01'!N7,'21.04.01'!$AO$4:$AR$55,4,FALSE)) -> 0 | G7: =(VLOOKUP('21.04.01'!O7,'21.04.01'!$AO$4:$AR$55,4,FALSE)) -> 0 | H7: =(VLOOKUP('21.04.01'!P7,'21.04.01'!$AO$4:$AR$55,4,FALSE)) -> 0 | ... X7: =(VLOOKUP('21.04.01'!AF7,'21.04.01'!$AO$4:$AR$55,4,FALSE)) -> 0
A8: =(VLOOKUP('21.04.01'!I8,'21.04.01'!$AO$4:$AR$55,4,FALSE)) -> 0 | B8: =(VLOOKUP('21.04.01'!J8,'21.04.01'!$AO$4:$AR$55,4,FALSE)) -> 0 | C8: =(VLOOKUP('21.04.01'!K8,'21.04.01'!$AO$4:$AR$55,4,FALSE)) -> 0 | D8: =(VLOOKUP('21.04.01'!L8,'21.04.01'!$AO$4:$AR$55,4,FALSE)) -> 0 | E8: =(VLOOKUP('21.04.01'!M8,'21.04.01'!$AO$4:$AR$55,4,FALSE)) -> 0 | F8: =(VLOOKUP('21.04.01'!N8,'21.04.01'!$AO$4:$AR$55,4,FALSE)) -> 0 | G8: =(VLOOKUP('21.04.01'!O8,'21.04.01'!$AO$4:$AR$55,4,FALSE)) -> 0 | H8: =(VLOOKUP('21.04.01'!P8,'21.04.01'!$AO$4:$AR$55,4,FALSE)) -> 0 | ... X8: =(VLOOKUP('21.04.01'!AF8,'21.04.01'!$AO$4:$AR$55,4,FALSE)) -> 0
A9: =(VLOOKUP('21.04.01'!I9,'21.04.01'!$AO$4:$AR$55,4,FALSE)) -> 39.110982 | B9: =(VLOOKUP('21.04.01'!J9,'21.04.01'!$AO$4:$AR$55,4,FALSE)) -> 34 | C9: =(VLOOKUP('21.04.01'!K9,'21.04.01'!$AO$4:$AR$55,4,FALSE)) -> 29.110982 | D9: =(VLOOKUP('21.04.01'!L9,'21.04.01'!$AO$4:$AR$55,4,FALSE)) -> 34 | E9: =(VLOOKUP('21.04.01'!M9,'21.04.01'!$AO$4:$AR$55,4,FALSE)) -> 34 | F9: =(VLOOKUP('21.04.01'!N9,'21.04.01'!$AO$4:$AR$55,4,FALSE)) -> 0 | G9: =(VLOOKUP('21.04.01'!O9,'21.04.01'!$AO$4:$AR$55,4,FALSE)) -> 34 | H9: =(VLOOKUP('21.04.01'!P9,'21.04.01'!$AO$4:$AR$55,4,FALSE)) -> 0 | ... X9: =(VLOOKUP('21.04.01'!AF9,'21.04.01'!$AO$4:$AR$55,4,FALSE)) -> 39.110982
A10: =(VLOOKUP('21.04.01'!I10,'21.04.01'!$AO$4:$AR$55,4,FALSE)) -> 34 | B10: =(VLOOKUP('21.04.01'!J10,'21.04.01'!$AO$4:$AR$55,4,FALSE)) -> 29.110982 | C10: =(VLOOKUP('21.04.01'!K10,'21.04.01'!$AO$4:$AR$55,4,FALSE)) -> 34 | D10: =(VLOOKUP('21.04.01'!L10,'21.04.01'!$AO$4:$AR$55,4,FALSE)) -> 34 | E10: =(VLOOKUP('21.04.01'!M10,'21.04.01'!$AO$4:$AR$55,4,FALSE)) -> 36 | F10: =(VLOOKUP('21.04.01'!N10,'21.04.01'!$AO$4:$AR$55,4,FALSE)) -> 36 | G10: =(VLOOKUP('21.04.01'!O10,'21.04.01'!$AO$4:$AR$55,4,FALSE)) -> 0 | H10: =(VLOOKUP('21.04.01'!P10,'21.04.01'!$AO$4:$AR$55,4,FALSE)) -> 0 | ... X10: =(VLOOKUP('21.04.01'!AF10,'21.04.01'!$AO$4:$AR$55,4,FALSE)) -> 0
A11: =(VLOOKUP('21.04.01'!I11,'21.04.01'!$AO$4:$AR$55,4,FALSE)) -> 36 | B11: =(VLOOKUP('21.04.01'!J11,'21.04.01'!$AO$4:$AR$55,4,FALSE)) -> 36 | C11: =(VLOOKUP('21.04.01'!K11,'21.04.01'!$AO$4:$AR$55,4,FALSE)) -> 36 | D11: =(VLOOKUP('21.04.01'!L11,'21.04.01'!$AO$4:$AR$55,4,FALSE)) -> 36 | E11: =(VLOOKUP('21.04.01'!M11,'21.04.01'!$AO$4:$AR$55,4,FALSE)) -> 34 | F11: =(VLOOKUP('21.04.01'!N11,'21.04.01'!$AO$4:$AR$55,4,FALSE)) -> 34 | G11: =(VLOOKUP('21.04.01'!O11,'21.04.01'!$AO$4:$AR$55,4,FALSE)) -> 0 | H11: =(VLOOKUP('21.04.01'!P11,'21.04.01'!$AO$4:$AR$55,4,FALSE)) -> 0 | ... X11: =(VLOOKUP('21.04.01'!AF11,'21.04.01'!$AO$4:$AR$55,4,FALSE)) -> 0
A12: =(VLOOKUP('21.04.01'!I12,'21.04.01'!$AO$4:$AR$55,4,FALSE)) -> 34 | B12: =(VLOOKUP('21.04.01'!J12,'21.04.01'!$AO$4:$AR$55,4,FALSE)) -> 34 | C12: =(VLOOKUP('21.04.01'!K12,'21.04.01'!$AO$4:$AR$55,4,FALSE)) -> 29.110982 | D12: =(VLOOKUP('21.04.01'!L12,'21.04.01'!$AO$4:$AR$55,4,FALSE)) -> 34 | E12: =(VLOOKUP('21.04.01'!M12,'21.04.01'!$AO$4:$AR$55,4,FALSE)) -> 34 | F12: =(VLOOKUP('21.04.01'!N12,'21.04.01'!$AO$4:$AR$55,4,FALSE)) -> 0 | G12: =(VLOOKUP('21.04.01'!O12,'21.04.01'!$AO$4:$AR$55,4,FALSE)) -> 0 | H12: =(VLOOKUP('21.04.01'!P12,'21.04.01'!$AO$4:$AR$55,4,FALSE)) -> 0 | ... X12: =(VLOOKUP('21.04.01'!AF12,'21.04.01'!$AO$4:$AR$55,4,FALSE)) -> 39.110982
A13: =(VLOOKUP('21.04.01'!I13,'21.04.01'!$AO$4:$AR$55,4,FALSE)) -> 36 | B13: =(VLOOKUP('21.04.01'!J13,'21.04.01'!$AO$4:$AR$55,4,FALSE)) -> 36 | C13: =(VLOOKUP('21.04.01'!K13,'21.04.01'!$AO$4:$AR$55,4,FALSE)) -> 36 | D13: =(VLOOKUP('21.04.01'!L13,'21.04.01'!$AO$4:$AR$55,4,FALSE)) -> 34 | E13: =(VLOOKUP('21.04.01'!M13,'21.04.01'!$AO$4:$AR$55,4,FALSE)) -> 10 | F13: =(VLOOKUP('21.04.01'!N13,'21.04.01'!$AO$4:$AR$55,4,FALSE)) -> 0 | G13: =(VLOOKUP('21.04.01'!O13,'21.04.01'!$AO$4:$AR$55,4,FALSE)) -> 0 | H13: =(VLOOKUP('21.04.01'!P13,'21.04.01'!$AO$4:$AR$55,4,FALSE)) -> 0 | ... X13: =(VLOOKUP('21.04.01'!AF13,'21.04.01'!$AO$4:$AR$55,4,FALSE)) -> 0
A14: =(VLOOKUP('21.04.01'!I14,'21.04.01'!$AO$4:$AR$55,4,FALSE)) -> 34 | B14: =(VLOOKUP('21.04.01'!J14,'21.04.01'!$AO$4:$AR$55,4,FALSE)) -> 34 | C14: =(VLOOKUP('21.04.01'!K14,'21.04.01'!$AO$4:$AR$55,4,FALSE)) -> 0 | D14: =(VLOOKUP('21.04.01'!L14,'21.04.01'!$AO$4:$AR$55,4,FALSE)) -> 34 | E14: =(VLOOKUP('21.04.01'!M14,'21.04.01'!$AO$4:$AR$55,4,FALSE)) -> 34 | F14: =(VLOOKUP('21.04.01'!N14,'21.04.01'!$AO$4:$AR$55,4,FALSE)) -> 13.999855 | G14: =(VLOOKUP('21.04.01'!O14,'21.04.01'!$AO$4:$AR$55,4,FALSE)) -> 0 | H14: =(VLOOKUP('21.04.01'!P14,'21.04.01'!$AO$4:$AR$55,4,FALSE)) -> 0 | ... X14: =(VLOOKUP('21.04.01'!AF14,'21.04.01'!$AO$4:$AR$55,4,FALSE)) -> 0
A15: =(VLOOKUP('21.04.01'!I15,'21.04.01'!$AO$4:$AR$55,4,FALSE)) -> 36 | B15: =(VLOOKUP('21.04.01'!J15,'21.04.01'!$AO$4:$AR$55,4,FALSE)) -> 36 | C15: =(VLOOKUP('21.04.01'!K15,'21.04.01'!$AO$4:$AR$55,4,FALSE)) -> 10 | D15: =(VLOOKUP('21.04.01'!L15,'21.04.01'!$AO$4:$AR$55,4,FALSE)) -> 36 | E15: =(VLOOKUP('21.04.01'!M15,'21.04.01'!$AO$4:$AR$55,4,FALSE)) -> 29.110982 | F15: =(VLOOKUP('21.04.01'!N15,'21.04.01'!$AO$4:$AR$55,4,FALSE)) -> 34 | G15: =(VLOOKUP('21.04.01'!O15,'21.04.01'!$AO$4:$AR$55,4,FALSE)) -> 0 | H15: =(VLOOKUP('21.04.01'!P15,'21.04.01'!$AO$4:$AR$55,4,FALSE)) -> 0 | ... X15: =(VLOOKUP('21.04.01'!AF15,'21.04.01'!$AO$4:$AR$55,4,FALSE)) -> 0
... A93: =(VLOOKUP('21.04.01'!I93,'21.04.01'!$AO$4:$AR$55,4,FALSE)) -> 0 | B93: =(VLOOKUP('21.04.01'!J93,'21.04.01'!$AO$4:$AR$55,4,FALSE)) -> 0 | C93: =(VLOOKUP('21.04.01'!K93,'21.04.01'!$AO$4:$AR$55,4,FALSE)) -> 0 | D93: =(VLOOKUP('21.04.01'!L93,'21.04.01'!$AO$4:$AR$55,4,FALSE)) -> 0 | E93: =(VLOOKUP('21.04.01'!M93,'21.04.01'!$AO$4:$AR$55,4,FALSE)) -> 0 | F93: =(VLOOKUP('21.04.01'!N93,'21.04.01'!$AO$4:$AR$55,4,FALSE)) -> 0 | G93: =(VLOOKUP('21.04.01'!O93,'21.04.01'!$AO$4:$AR$55,4,FALSE)) -> 0 | H93: =(VLOOKUP('21.04.01'!P93,'21.04.01'!$AO$4:$AR$55,4,FALSE)) -> 0 | ... X93: =(VLOOKUP('21.04.01'!AF93,'21.04.01'!$AO$4:$AR$55,4,FALSE)) -> 0
