Workbook

Sheet 14.05
A1: =(_xlfn.DAYS(TODAY(),A4)+2)/((_xlfn.DAYS(A93,A4))+1) -> 1 | I1: 工作区 | AM1: 使用方法：按自己规划的路线，将下表中的地块名复制粘贴至工作区。初次使用传送门，当天跳步次数+5。重复使用传送门，当天跳步次数+1
A2: 14.05 | B2: 八卦前亏 | C2: =SUM(亏损!A4:X94)+SUM(AG4:AG14)*10 -> #REF! | D2: 合计经验 | F2: =SUM(F4:F93)+SUM(H4:H93) -> 64920 | I2: 队伍一 火 | K2: 步数 | L2: =COUNTIF(I4:P93,"<>空") -> 374 | M2: (不算跳步和传送) | Q2: 队伍二 雷 | S2: 步数 | T2: =COUNTIF(Q4:X93,"<>空") -> 315 | U2: (不算跳步和传送) | Y2: 队伍三 | AA2: 总步数 | AB2: =COUNTIF(Y4:AF93,"<>空") -> 375 | AC2: (不算跳步和传送) | AG2: =SUM(AG4:AG93) -> 32 | AH2: =SUM(AH4:AH93) -> 7 | AI2: =SUM(AI4:AI93) -> 4 | AJ2: =SUM(AJ4:AJ93) -> 21 | AK2: 八卦全开 | AS2: 总地块 | AT2: =SUM(AT4:AT29) -> 1064 | AV2: 总经验 | AW2: =SUM(AU4:AW29)+7000 -> 64920 | AY2: 粮草系数
A3: 日期 | B3: 获得粮草 | C3: 粮草调整 | D3: 消耗粮草 | E3: 剩余粮草 | F3: 获得经验 | G3: 累计经验 | H3: 任务经验 | I3: 1 | J3: 2 | K3: 3 | L3: 4 | M3: 5 | N3: 6 | O3: 7 | P3: 8 | Q3: 1 | R3: 2 | S3: 3 | T3: 4 | U3: 5 | V3: 6 | W3: 7 | X3: 8 | Y3: 1 | Z3: 2 | AA3: 3 | AB3: 4 | AC3: 5 | AD3: 6 | AE3: 7 | AF3: 8 | AG3: 跳步次数 | AH3: 1队跳步 | AI3: 2队跳步 | AJ3: 3队跳步 | AM3: 地块 | AN3: 粮草 | AO3: 经验 | AP3: 八卦前亏损 | AQ3: 一队地块 | AR3: 二队地块 | AS3: 三队地块 | AT3: 总地块 | AU3: 一队经验 | AV3: 二队经验 | AW3: 三队经验 | AX3: 八卦前 | AY3: 1
A4: 45275 | B4: 800 | C4: 4800 | D4: =(SUM(粮草!A4:X4)+AG4*10)*IF(AK4="是",$AY$4,$AY$3) -> 1760 | E4: =SUM($B$4:B4)+SUM($C$4:C4)-SUM($D$4:D4) -> 3840 | F4: =SUM(经验!A4:X4) -> 450 | G4: =SUM($F$4:F4)+SUM($H$4:H4) -> 950 | H4: 500 | I4: 1级 | J4: 1级 | K4: 1级 | L4: 空 | M4: 空 | N4: 空 | O4: 空 | P4: 空 | Q4: 1级 | R4: 商人 | S4: 1级 | T4: 2级 | U4: 空 | V4: 空 | W4: 空 | X4: 空 | Y4: 2级 | Z4: 2级 | AA4: 2级 | AB4: 塔2 | AC4: 3级 | AD4: 空 | AE4: 空 | AF4: 空 | AG4: =AH4+AI4+AJ4 -> 0 | AK4: 否 | AM4: 1级 | AN4: 150 | AO4: 35 | AP4: 44.222109 | AQ4: =COUNTIF($I$4:$P$93,AM4) -> 8 | AR4: =COUNTIF($Q$4:$X$93,AM4) -> 3 | AS4: =COUNTIF($Y$4:$AF$93,AM4) -> 3 | AT4: =AQ4+AR4+AS4 -> 14 | AU4: =AQ4*$AO4 -> 280 | AV4: =AR4*$AO4 -> 105 | AW4: =AS4*$AO4 -> 105 | AX4: 八卦后 | AY4: 0.8 | BA4: =AN4*0.8 -> 120
A5: 45276 | B5: 1600 | C5: 1200 | D5: =(SUM(粮草!A5:X5)+AG5*10)*IF(AK5="是",$AY$4,$AY$3) -> 1750 | E5: =SUM($B$4:B5)+SUM($C$4:C5)-SUM($D$4:D5) -> 4890 | F5: =SUM(经验!A5:X5) -> 510 | G5: =SUM($F$4:F5)+SUM($H$4:H5) -> 1460 | H5: 0 | I5: 1级 | J5: 1级 | K5: 商人 | L5: 1级 | M5: 1级 | N5: 2级 | O5: 空 | P5: 空 | Q5: 空 | R5: 空 | S5: 空 | T5: 空 | U5: 空 | V5: 空 | W5: 空 | X5: 空 | Y5: 3级 | Z5: 3级 | AA5: 小卦 | AB5: 商人 | AC5: 3级 | AD5: 营地 | AE5: 3级 | AF5: 3级 | AG5: =AH5+AI5+AJ5 -> 2 | AJ5: 2 | AK5: 否 | AM5: 2级 | AN5: 160 | AO5: 40 | AP5: 39.110982 | AQ5: =COUNTIF($I$4:$P$93,AM5) -> 12 | AR5: =COUNTIF($Q$4:$X$93,AM5) -> 7 | AS5: =COUNTIF($Y$4:$AF$93,AM5) -> 13 | AT5: =AQ5+AR5+AS5 -> 32 | AU5: =AQ5*$AO5 -> 480 | AV5: =AR5*$AO5 -> 280 | AW5: =AS5*$AO5 -> 520 | AX5: Note：开完八卦当天可能需要手动计算粮草 | BA5: =AN5*0.8 -> 128
A6: 45277 | B6: 1600 | D6: =(SUM(粮草!A6:X6)+AG6*10)*IF(AK6="是",$AY$4,$AY$3) -> 1960 | E6: =SUM($B$4:B6)+SUM($C$4:C6)-SUM($D$4:D6) -> 4530 | F6: =SUM(经验!A6:X6) -> 555 | G6: =SUM($F$4:F6)+SUM($H$4:H6) -> 2015 | H6: 0 | I6: 2级 | J6: 商人 | K6: 2级 | L6: 2级 | M6: 营地 | N6: 3级 | O6: 3级 | P6: 3级 | Q6: 空 | R6: 空 | S6: 空 | T6: 空 | U6: 空 | V6: 空 | W6: 空 | X6: 空 | Y6: 小卦 | Z6: 3级 | AA6: 3级 | AB6: 3级 | AC6: 3级 | AD6: 3级 | AE6: 空 | AF6: 空 | AG6: =AH6+AI6+AJ6 -> 5 | AJ6: 5 | AK6: 否 | AM6: 3级 | AN6: 170 | AO6: 45 | AP6: 34 | AQ6: =COUNTIF($I$4:$P$93,AM6) -> 82 | AR6: =COUNTIF($Q$4:$X$93,AM6) -> 57 | AS6: =COUNTIF($Y$4:$AF$93,AM6) -> 94 | AT6: =AQ6+AR6+AS6 -> 233 | AU6: =AQ6*$AO6 -> 3690 | AV6: =AR6*$AO6 -> 2565 | AW6: =AS6*$AO6 -> 4230 | BA6: =AN6*0.8 -> 136
A7: 45278 | B7: 1600 | D7: =(SUM(粮草!A7:X7)+AG7*10)*IF(AK7="是",$AY$4,$AY$3) -> 2060 | E7: =SUM($B$4:B7)+SUM($C$4:C7)-SUM($D$4:D7) -> 4070 | F7: =SUM(经验!A7:X7) -> 1035 | G7: =SUM($F$4:F7)+SUM($H$4:H7) -> 3250 | H7: 200 | I7: 3级 | J7: 大卦 | K7: 3级 | L7: 3级 | M7: 塔3 | N7: 3级 | O7: 空 | P7: 空 | Q7: 空 | R7: 空 | S7: 空 | T7: 空 | U7: 空 | V7: 空 | W7: 空 | X7: 空 | Y7: 商人 | Z7: 3级 | AA7: 3级 | AB7: 3级 | AC7: 大卦 | AD7: 3级 | AE7: 空 | AF7: 空 | AG7: =AH7+AI7+AJ7 -> 0 | AK7: 否 | AM7: 4级 | AN7: 180 | AO7: 50 | AP7: 36 | AQ7: =COUNTIF($I$4:$P$93,AM7) -> 97 | AR7: =COUNTIF($Q$4:$X$93,AM7) -> 90 | AS7: =COUNTIF($Y$4:$AF$93,AM7) -> 89 | AT7: =AQ7+AR7+AS7 -> 276 | AU7: =AQ7*$AO7 -> 4850 | AV7: =AR7*$AO7 -> 4500 | AW7: =AS7*$AO7 -> 4450 | BA7: =AN7*0.8 -> 144
A8: 45279 | B8: 1600 | D8: =(SUM(粮草!A8:X8)+AG8*10)*IF(AK8="是",$AY$4,$AY$3) -> 2120 | E8: =SUM($B$4:B8)+SUM($C$4:C8)-SUM($D$4:D8) -> 3550 | F8: =SUM(经验!A8:X8) -> 540 | G8: =SUM($F$4:F8)+SUM($H$4:H8) -> 3890 | H8: 100 | I8: 3级 | J8: 3级 | K8: 3级 | L8: 3级 | M8: 3级 | N8: 3级 | O8: 空 | P8: 空 | Q8: 空 | R8: 空 | S8: 空 | T8: 空 | U8: 空 | V8: 空 | W8: 空 | X8: 空 | Y8: 3级 | Z8: 塔3 | AA8: 3级 | AB8: 3级 | AC8: 3级 | AD8: 3级 | AE8: 空 | AF8: 空 | AG8: =AH8+AI8+AJ8 -> 10 | AH8: 5 | AJ8: 5 | AK8: 否 | AM8: 5级 | AN8: 190 | AO8: 55 | AP8: 38 | AQ8: =COUNTIF($I$4:$P$93,AM8) -> 87 | AR8: =COUNTIF($Q$4:$X$93,AM8) -> 77 | AS8: =COUNTIF($Y$4:$AF$93,AM8) -> 73 | AT8: =AQ8+AR8+AS8 -> 237 | AU8: =AQ8*$AO8 -> 4785 | AV8: =AR8*$AO8 -> 4235 | AW8: =AS8*$AO8 -> 4015 | BA8: =AN8*0.8 -> 152
A9: 45280 | B9: 1600 | D9: =(SUM(粮草!A9:X9)+AG9*10)*IF(AK9="是",$AY$4,$AY$3) -> 1150 | E9: =SUM($B$4:B9)+SUM($C$4:C9)-SUM($D$4:D9) -> 4000 | F9: =SUM(经验!A9:X9) -> 555 | G9: =SUM($F$4:F9)+SUM($H$4:H9) -> 4645 | H9: 200 | I9: 小卦 | J9: 空 | K9: 空 | L9: 空 | M9: 空 | N9: 空 | O9: 空 | P9: 空 | Q9: 空 | R9: 空 | S9: 空 | T9: 空 | U9: 空 | V9: 空 | W9: 空 | X9: 空 | Y9: 3级 | Z9: 商人 | AA9: 3级 | AB9: 3级 | AC9: 3级 | AD9: 大卦 | AE9: 空 | AF9: 空 | AG9: =AH9+AI9+AJ9 -> 0 | AK9: 否 | AM9: 6级 | AN9: 200 | AO9: 60 | AQ9: =COUNTIF($I$4:$P$93,AM9) -> 59 | AR9: =COUNTIF($Q$4:$X$93,AM9) -> 61 | AS9: =COUNTIF($Y$4:$AF$93,AM9) -> 67 | AT9: =AQ9+AR9+AS9 -> 187 | AU9: =AQ9*$AO9 -> 3540 | AV9: =AR9*$AO9 -> 3660 | AW9: =AS9*$AO9 -> 4020 | BA9: =AN9*0.8 -> 160
A10: 45281 | B10: 1600 | D10: =(SUM(粮草!A10:X10)+AG10*10)*IF(AK10="是",$AY$4,$AY$3) -> 1090 | E10: =SUM($B$4:B10)+SUM($C$4:C10)-SUM($D$4:D10) -> 4510 | F10: =SUM(经验!A10:X10) -> 315 | G10: =SUM($F$4:F10)+SUM($H$4:H10) -> 4960 | H10: 0 | I10: 空 | J10: 空 | K10: 空 | L10: 空 | M10: 空 | N10: 空 | O10: 空 | P10: 空 | Q10: 空 | R10: 空 | S10: 空 | T10: 空 | U10: 空 | V10: 空 | W10: 空 | X10: 空 | Y10: 3级 | Z10: 营地 | AA10: 3级 | AB10: 3级 | AC10: 3级 | AD10: 3级 | AE10: 3级 | AF10: 3级 | AG10: =AH10+AI10+AJ10 -> 5 | AJ10: 5 | AK10: 否 | AM10: 塔1 | AN10: 150 | AO10: 35 | AP10: 44.222109 | AQ10: =COUNTIF($I$4:$P$93,AM10) -> 0 | AR10: =COUNTIF($Q$4:$X$93,AM10) -> 0 | AS10: =COUNTIF($Y$4:$AF$93,AM10) -> 0 | AT10: =AQ10+AR10+AS10 -> 0 | AU10: =AQ10*$AO10 -> 0 | AV10: =AR10*$AO10 -> 0 | AW10: =AS10*$AO10 -> 0 | BA10: =AN10*0.8 -> 120
A11: 45282 | B11: 1600 | D11: =(SUM(粮草!A11:X11)+AG11*10)*IF(AK11="是",$AY$4,$AY$3) -> 900 | E11: =SUM($B$4:B11)+SUM($C$4:C11)-SUM($D$4:D11) -> 5210 | F11: =SUM(经验!A11:X11) -> 255 | G11: =SUM($F$4:F11)+SUM($H$4:H11) -> 5215 | H11: 0 | I11: 空 | J11: 空 | K11: 空 | L11: 空 | M11: 空 | N11: 空 | O11: 空 | P11: 空 | Q11: 空 | R11: 空 | S11: 空 | T11: 空 | U11: 空 | V11: 空 | W11: 空 | X11: 空 | Y11: 小卦 | Z11: 3级 | AA11: 商人 | AB11: 3级 | AC11: 3级 | AD11: 3级 | AE11: 空 | AF11: 空 | AG11: =AH11+AI11+AJ11 -> 0 | AK11: 否 | AM11: 塔2 | AN11: 150 | AO11: 40 | AP11: 29.110982 | AQ11: =COUNTIF($I$4:$P$93,AM11) -> 1 | AR11: =COUNTIF($Q$4:$X$93,AM11) -> 0 | AS11: =COUNTIF($Y$4:$AF$93,AM11) -> 1 | AT11: =AQ11+AR11+AS11 -> 2 | AU11: =AQ11*$AO11 -> 40 | AV11: =AR11*$AO11 -> 0 | AW11: =AS11*$AO11 -> 40 | BA11: =AN11*0.8 -> 120
A12: 45283 | B12: 1600 | D12: =(SUM(粮草!A12:X12)+AG12*10)*IF(AK12="是",$AY$4,$AY$3) -> 170 | E12: =SUM($B$4:B12)+SUM($C$4:C12)-SUM($D$4:D12) -> 6640 | F12: =SUM(经验!A12:X12) -> 45 | G12: =SUM($F$4:F12)+SUM($H$4:H12) -> 5260 | H12: 0 | I12: 空 | J12: 空 | K12: 空 | L12: 空 | M12: 空 | N12: 空 | O12: 空 | P12: 空 | Q12: 空 | R12: 空 | S12: 空 | T12: 空 | U12: 空 | V12: 空 | W12: 空 | X12: 空 | Y12: 小卦 | Z12: 空 | AA12: 空 | AB12: 空 | AC12: 空 | AD12: 空 | AE12: 空 | AF12: 空 | AG12: =AH12+AI12+AJ12 -> 0 | AK12: 否 | AM12: 塔3 | AN12: 150 | AO12: 45 | AP12: 13.999855 | AQ12: =COUNTIF($I$4:$P$93,AM12) -> 2 | AR12: =COUNTIF($Q$4:$X$93,AM12) -> 2 | AS12: =COUNTIF($Y$4:$AF$93,AM12) -> 2 | AT12: =AQ12+AR12+AS12 -> 6 | AU12: =AQ12*$AO12 -> 90 | AV12: =AR12*$AO12 -> 90 | AW12: =AS12*$AO12 -> 90 | BA12: =AN12*0.8 -> 120
A13: 45284 | B13: 1600 | C13: 40 | D13: =(SUM(粮草!A13:X13)+AG13*10)*IF(AK13="是",$AY$4,$AY$3) -> 1816 | E13: =SUM($B$4:B13)+SUM($C$4:C13)-SUM($D$4:D13) -> 6464 | F13: =SUM(经验!A13:X13) -> 645 | G13: =SUM($F$4:F13)+SUM($H$4:H13) -> 5905 | H13: 0 | I13: 3级 | J13: 塔3 | K13: 3级 | L13: 3级 | M13: 商人 | N13: 3级 | O13: 空 | P13: 空 | Q13: 商人 | R13: 3级 | S13: 3级 | T13: 3级 | U13: 3级 | V13: 3级 | W13: 空 | X13: 空 | Y13: 3级 | Z13: 3级 | AA13: 塔3 | AB13: 空 | AC13: 空 | AD13: 空 | AE13: 空 | AF13: 空 | AG13: =AH13+AI13+AJ13 -> 0 | AK13: 是 | AM13: 塔4 | AN13: 150 | AO13: 50 | AQ13: =COUNTIF($I$4:$P$93,AM13) -> 1 | AR13: =COUNTIF($Q$4:$X$93,AM13) -> 0 | AS13: =COUNTIF($Y$4:$AF$93,AM13) -> 2 | AT13: =AQ13+AR13+AS13 -> 3 | AU13: =AQ13*$AO13 -> 50 | AV13: =AR13*$AO13 -> 0 | AW13: =AS13*$AO13 -> 100 | BA13: =AN13*0.8 -> 120
A14: 45285 | B14: 1600 | D14: =(SUM(粮草!A14:X14)+AG14*10)*IF(AK14="是",$AY$4,$AY$3) -> 2352 | E14: =SUM($B$4:B14)+SUM($C$4:C14)-SUM($D$4:D14) -> 5712 | F14: =SUM(经验!A14:X14) -> 840 | G14: =SUM($F$4:F14)+SUM($H$4:H14) -> 7045 | H14: 300 | I14: 4级 | J14: 4级 | K14: 4级 | L14: 4级 | M14: 4级 | N14: 4级 | O14: 空 | P14: 空 | Q14: 商人 | R14: 3级 | S14: 3级 | T14: 3级 | U14: 商人 | V14: 3级 | W14: 空 | X14: 空 | Y14: 4级 | Z14: 4级 | AA14: 4级 | AB14: 4级 | AC14: 4级 | AD14: 4级 | AE14: 空 | AF14: 空 | AG14: =AH14+AI14+AJ14 -> 0 | AK14: 是 | AM14: 塔5 | AN14: 150 | AO14: 55 | AQ14: =COUNTIF($I$4:$P$93,AM14) -> 1 | AR14: =COUNTIF($Q$4:$X$93,AM14) -> 1 | AS14: =COUNTIF($Y$4:$AF$93,AM14) -> 1 | AT14: =AQ14+AR14+AS14 -> 3 | AU14: =AQ14*$AO14 -> 55 | AV14: =AR14*$AO14 -> 55 | AW14: =AS14*$AO14 -> 55 | BA14: =AN14*0.8 -> 120
A15: 45286 | B15: 1600 | D15: =(SUM(粮草!A15:X15)+AG15*10)*IF(AK15="是",$AY$4,$AY$3) -> 2552 | E15: =SUM($B$4:B15)+SUM($C$4:C15)-SUM($D$4:D15) -> 4760 | F15: =SUM(经验!A15:X15) -> 870 | G15: =SUM($F$4:F15)+SUM($H$4:H15) -> 7915 | H15: 0 | I15: 4级 | J15: 4级 | K15: 4级 | L15: 4级 | M15: 4级 | N15: 4级 | O15: 空 | P15: 空 | Q15: 3级 | R15: 3级 | S15: 3级 | T15: 3级 | U15: 3级 | V15: 3级 | W15: 空 | X15: 空 | Y15: 4级 | Z15: 4级 | AA15: 4级 | AB15: 4级 | AC15: 4级 | AD15: 4级 | AE15: 空 | AF15: 空 | AG15: =AH15+AI15+AJ15 -> 1 | AI15: 1 | AK15: 是 | AM15: 塔6 | AN15: 150 | AO15: 60 | AQ15: =COUNTIF($I$4:$P$93,AM15) -> 1 | AR15: =COUNTIF($Q$4:$X$93,AM15) -> 0 | AS15: =COUNTIF($Y$4:$AF$93,AM15) -> 0 | AT15: =AQ15+AR15+AS15 -> 1 | AU15: =AQ15*$AO15 -> 60 | AV15: =AR15*$AO15 -> 0 | AW15: =AS15*$AO15 -> 0 | BA15: =AN15*0.8 -> 120
A16: 45287 | B16: 1600 | D16: =(SUM(粮草!A16:X16)+AG16*10)*IF(AK16="是",$AY$4,$AY$3) -> 2520 | E16: =SUM($B$4:B16)+SUM($C$4:C16)-SUM($D$4:D16) -> 3840 | F16: =SUM(经验!A16:X16) -> 870 | G16: =SUM($F$4:F16)+SUM($H$4:H16) -> 8985 | H16: 200 | I16: 4级 | J16: 4级 | K16: 4级 | L16: 4级 | M16: 4级 | N16: 4级 | O16: 空 | P16: 空 | Q16: 3级 | R16: 3级 | S16: 3级 | T16: 3级 | U16: 3级 | V16: 3级 | W16: 空 | X16: 空 | Y16: 4级 | Z16: 塔4 | AA16: 4级 | AB16: 4级 | AC16: 4级 | AD16: 4级 | AE16: 空 | AF16: 空 | AG16: =AH16+AI16+AJ16 -> 0 | AK16: 是 | AM16: 遗迹 | AN16: 150 | AO16: 35 | AP16: 44.222109 | AQ16: =COUNTIF($I$4:$P$93,AM16) -> 0 | AR16: =COUNTIF($Q$4:$X$93,AM16) -> 0 | AS16: =COUNTIF($Y$4:$AF$93,AM16) -> 0 | AT16: =AQ16+AR16+AS16 -> 0 | AU16: =AQ16*$AO16 -> 0 | AV16: =AR16*$AO16 -> 0 | AW16: =AS16*$AO16 -> 0 | BA16: =AN16*0.8 -> 120
A17: 45288 | B17: 1600 | D17: =(SUM(粮草!A17:X17)+AG17*10)*IF(AK17="是",$AY$4,$AY$3) -> 2120 | E17: =SUM($B$4:B17)+SUM($C$4:C17)-SUM($D$4:D17) -> 3320 | F17: =SUM(经验!A17:X17) -> 735 | G17: =SUM($F$4:F17)+SUM($H$4:H17) -> 9720 | H17: 0 | I17: 4级 | J17: 4级 | K17: 4级 | L17: 4级 | M17: 4级 | N17: 4级 | O17: 空 | P17: 空 | Q17: 塔3 | R17: 3级 | S17: 3级 | T17: 空 | U17: 空 | V17: 空 | W17: 空 | X17: 空 | Y17: 4级 | Z17: 4级 | AA17: 4级 | AB17: 4级 | AC17: 4级 | AD17: 4级 | AE17: 空 | AF17: 空 | AG17: =AH17+AI17+AJ17 -> 0 | AK17: 是 | AM17: 商人 | AN17: 50 | AO17: 30 | AP17: 10 | AQ17: =COUNTIF($I$4:$P$93,AM17) -> 13 | AR17: =COUNTIF($Q$4:$X$93,AM17) -> 11 | AS17: =COUNTIF($Y$4:$AF$93,AM17) -> 16 | AT17: =AQ17+AR17+AS17 -> 40 | AU17: =AQ17*$AO17 -> 390 | AV17: =AR17*$AO17 -> 330 | AW17: =AS17*$AO17 -> 480 | BA17: =AN17*0.8 -> 40
A18: 45289 | B18: 1600 | D18: =(SUM(粮草!A18:X18)+AG18*10)*IF(AK18="是",$AY$4,$AY$3) -> 1760 | E18: =SUM($B$4:B18)+SUM($C$4:C18)-SUM($D$4:D18) -> 3160 | F18: =SUM(经验!A18:X18) -> 620 | G18: =SUM($F$4:F18)+SUM($H$4:H18) -> 10340 | H18: 0 | I18: 4级 | J18: 4级 | K18: 4级 | L18: 4级 | M18: 4级 | N18: 5级 | O18: 空 | P18: 空 | Q18: 空 | R18: 空 | S18: 空 | T18: 空 | U18: 空 | V18: 空 | W18: 空 | X18: 空 | Y18: 4级 | Z18: 4级 | AA18: 4级 | AB18: 5级 | AC18: 5级 | AD18: 5级 | AE18: 空 | AF18: 空 | AG18: =AH18+AI18+AJ18 -> 0 | AK18: 是 | AL18: 八卦前 | AM18: 营地 | AN18: -150 | AO18: 0 | AP18: 10 | AQ18: =COUNTIF($I$4:$P$93,AM18) -> 1 | AR18: =COUNTIF($Q$4:$X$93,AM18) -> 0 | AS18: =COUNTIF($Y$4:$AF$93,AM18) -> 2 | AT18: =AQ18+AR18+AS18 -> 3 | AU18: =AQ18*$AO18 -> 0 | AV18: =AR18*$AO18 -> 0 | AW18: =AS18*$AO18 -> 0 | BA18: =AN18*0.8 -> -120
A19: 45290 | B19: 1600 | D19: =(SUM(粮草!A19:X19)+AG19*10)*IF(AK19="是",$AY$4,$AY$3) -> 1824 | E19: =SUM($B$4:B19)+SUM($C$4:C19)-SUM($D$4:D19) -> 2936 | F19: =SUM(经验!A19:X19) -> 660 | G19: =SUM($F$4:F19)+SUM($H$4:H19) -> 11000 | H19: 0 | I19: 5级 | J19: 5级 | K19: 5级 | L19: 5级 | M19: 5级 | N19: 5级 | O19: 空 | P19: 空 | Q19: 空 | R19: 空 | S19: 空 | T19: 空 | U19: 空 | V19: 空 | W19: 空 | X19: 空 | Y19: 5级 | Z19: 5级 | AA19: 5级 | AB19: 5级 | AC19: 5级 | AD19: 5级 | AE19: 空 | AF19: 空 | AG19: =AH19+AI19+AJ19 -> 0 | AK19: 是 | AM19: 大卦 | AN19: 250 | AO19: 300 | AQ19: =COUNTIF($I$4:$P$93,AM19) -> 1 | AR19: =COUNTIF($Q$4:$X$93,AM19) -> 0 | AS19: =COUNTIF($Y$4:$AF$93,AM19) -> 2 | AT19: =AQ19+AR19+AS19 -> 3 | AU19: =AQ19*$AO19 -> 300 | AV19: =AR19*$AO19 -> 0 | AW19: =AS19*$AO19 -> 600 | BA19: =AN19*0.8 -> 200
A20: 45291 | B20: 1600 | D20: =(SUM(粮草!A20:X20)+AG20*10)*IF(AK20="是",$AY$4,$AY$3) -> 1584 | E20: =SUM($B$4:B20)+SUM($C$4:C20)-SUM($D$4:D20) -> 2952 | F20: =SUM(经验!A20:X20) -> 620 | G20: =SUM($F$4:F20)+SUM($H$4:H20) -> 11620 | H20: 0 | I20: 商人 | J20: 5级 | K20: 5级 | L20: 5级 | M20: 塔5 | N20: 5级 | O20: 空 | P20: 空 | Q20: 空 | R20: 空 | S20: 空 | T20: 空 | U20: 空 | V20: 空 | W20: 空 | X20: 空 | Y20: 5级 | Z20: 5级 | AA20: 商人 | AB20: 5级 | AC20: 6级 | AD20: 6级 | AE20: 空 | AF20: 空 | AG20: =AH20+AI20+AJ20 -> 0 | AK20: 是 | AM20: 小卦 | AN20: 170 | AO20: 45 | AQ20: =COUNTIF($I$4:$P$93,AM20) -> 1 | AR20: =COUNTIF($Q$4:$X$93,AM20) -> 0 | AS20: =COUNTIF($Y$4:$AF$93,AM20) -> 4 | AT20: =AQ20+AR20+AS20 -> 5 | AU20: =AQ20*$AO20 -> 45 | AV20: =AR20*$AO20 -> 0 | AW20: =AS20*$AO20 -> 180 | BA20: =AN20*0.8 -> 136
A21: 45292 | B21: 1600 | D21: =(SUM(粮草!A21:X21)+AG21*10)*IF(AK21="是",$AY$4,$AY$3) -> 2440 | E21: =SUM($B$4:B21)+SUM($C$4:C21)-SUM($D$4:D21) -> 2112 | F21: =SUM(经验!A21:X21) -> 945 | G21: =SUM($F$4:F21)+SUM($H$4:H21) -> 12765 | H21: 200 | I21: 5级 | J21: 5级 | K21: 6级 | L21: 6级 | M21: 6级 | N21: 6级 | O21: 空 | P21: 空 | Q21: 4级 | R21: 4级 | S21: 4级 | T21: 4级 | U21: 4级 | V21: 3级 | W21: 空 | X21: 空 | Y21: 6级 | Z21: 6级 | AA21: 6级 | AB21: 6级 | AC21: 6级 | AD21: 营地+ | AE21: 空 | AF21: 空 | AG21: =AH21+AI21+AJ21 -> 0 | AK21: 是 | AM21: 小boss | AN21: 250 | AO21: 200 | AQ21: =COUNTIF($I$4:$P$93,AM21) -> 0 | AR21: =COUNTIF($Q$4:$X$93,AM21) -> 0 | AS21: =COUNTIF($Y$4:$AF$93,AM21) -> 0 | AT21: =AQ21+AR21+AS21 -> 0 | AU21: =AQ21*$AO21 -> 0 | AV21: =AR21*$AO21 -> 0 | AW21: =AS21*$AO21 -> 0 | BA21: =AN21*0.8 -> 200
A22: 45293 | B22: 1600 | D22: =(SUM(粮草!A22:X22)+AG22*10)*IF(AK22="是",$AY$4,$AY$3) -> 1920 | E22: =SUM($B$4:B22)+SUM($C$4:C22)-SUM($D$4:D22) -> 1792 | F22: =SUM(经验!A22:X22) -> 720 | G22: =SUM($F$4:F22)+SUM($H$4:H22) -> 13585 | H22: 100 | I22: 6级 | J22: 6级 | K22: 6级 | L22: 6级 | M22: 6级 | N22: 6级 | O22: 空 | P22: 空 | Q22: 空 | R22: 空 | S22: 空 | T22: 空 | U22: 空 | V22: 空 | W22: 空 | X22: 空 | Y22: 6级 | Z22: 6级 | AA22: 6级 | AB22: 6级 | AC22: 6级 | AD22: 6级 | AE22: 空 | AF22: 空 | AG22: =AH22+AI22+AJ22 -> 0 | AK22: 是 | AM22: 大boss | AN22: 250 | AO22: 1000 | AQ22: =COUNTIF($I$4:$P$93,AM22) -> 0 | AR22: =COUNTIF($Q$4:$X$93,AM22) -> 1 | AS22: =COUNTIF($Y$4:$AF$93,AM22) -> 1 | AT22: =AQ22+AR22+AS22 -> 2 | AU22: =AQ22*$AO22 -> 0 | AV22: =AR22*$AO22 -> 1000 | AW22: =AS22*$AO22 -> 1000 | BA22: =AN22*0.8 -> 200
A23: 45294 | B23: 1600 | D23: =(SUM(粮草!A23:X23)+AG23*10)*IF(AK23="是",$AY$4,$AY$3) -> 1888 | E23: =SUM($B$4:B23)+SUM($C$4:C23)-SUM($D$4:D23) -> 1504 | F23: =SUM(经验!A23:X23) -> 1640 | G23: =SUM($F$4:F23)+SUM($H$4:H23) -> 15425 | H23: 200 | I23: 6级 | J23: 6级 | K23: 6级 | L23: 6级 | M23: 6级 | N23: 塔6 | O23: 空 | P23: 空 | Q23: 空 | R23: 空 | S23: 空 | T23: 空 | U23: 空 | V23: 空 | W23: 空 | X23: 空 | Y23: 5级 | Z23: 5级 | AA23: 5级 | AB23: 5级 | AC23: 6级 | AD23: 大boss | AE23: 空 | AF23: 空 | AG23: =AH23+AI23+AJ23 -> 0 | AK23: 是 | AM23: 中boss | AN23: 250 | AO23: 500 | AQ23: =COUNTIF($I$4:$P$93,AM23) -> 2 | AR23: =COUNTIF($Q$4:$X$93,AM23) -> 0 | AS23: =COUNTIF($Y$4:$AF$93,AM23) -> 0 | AT23: =AQ23+AR23+AS23 -> 2 | AU23: =AQ23*$AO23 -> 1000 | AV23: =AR23*$AO23 -> 0 | AW23: =AS23*$AO23 -> 0 | BA23: =AN23*0.8 -> 200
A24: 45295 | B24: 1600 | D24: =(SUM(粮草!A24:X24)+AG24*10)*IF(AK24="是",$AY$4,$AY$3) -> 1920 | E24: =SUM($B$4:B24)+SUM($C$4:C24)-SUM($D$4:D24) -> 1184 | F24: =SUM(经验!A24:X24) -> 720 | G24: =SUM($F$4:F24)+SUM($H$4:H24) -> 16145 | H24: 0 | I24: 6级 | J24: 6级 | K24: 6级 | L24: 6级 | M24: 6级 | N24: 6级 | O24: 空 | P24: 空 | Q24: 空 | R24: 空 | S24: 空 | T24: 空 | U24: 空 | V24: 空 | W24: 空 | X24: 空 | Y24: 6级 | Z24: 6级 | AA24: 6级 | AB24: 6级 | AC24: 6级 | AD24: 6级 | AE24: 空 | AF24: 空 | AG24: =AH24+AI24+AJ24 -> 0 | AK24: 是 | AM24: 奈良 | AN24: 160 | AO24: 40 | AP24: 39.110982 | AQ24: =COUNTIF($I$4:$P$93,AM24) -> 0 | AR24: =COUNTIF($Q$4:$X$93,AM24) -> 0 | AS24: =COUNTIF($Y$4:$AF$93,AM24) -> 0 | AT24: =AQ24+AR24+AS24 -> 0 | AU24: =AQ24*$AO24 -> 0 | AV24: =AR24*$AO24 -> 0 | AW24: =AS24*$AO24 -> 0 | BA24: =AN24*0.8 -> 128
A25: 45296 | B25: 1600 | D25: =(SUM(粮草!A25:X25)+AG25*10)*IF(AK25="是",$AY$4,$AY$3) -> 1880 | E25: =SUM($B$4:B25)+SUM($C$4:C25)-SUM($D$4:D25) -> 904 | F25: =SUM(经验!A25:X25) -> 695 | G25: =SUM($F$4:F25)+SUM($H$4:H25) -> 16840 | H25: 0 | I25: 6级 | J25: 6级 | K25: 6级 | L25: 6级 | M25: 6级 | N25: 5级 | O25: 空 | P25: 空 | Q25: 空 | R25: 空 | S25: 空 | T25: 空 | U25: 空 | V25: 空 | W25: 空 | X25: 空 | Y25: 5级 | Z25: 5级 | AA25: 5级 | AB25: 5级 | AC25: 6级 | AD25: 6级 | AE25: 空 | AF25: 空 | AG25: =AH25+AI25+AJ25 -> 0 | AK25: 是 | AM25: 山中 | AN25: 160 | AO25: 40 | AP25: 39.110982 | AQ25: =COUNTIF($I$4:$P$93,AM25) -> 0 | AR25: =COUNTIF($Q$4:$X$93,AM25) -> 0 | AS25: =COUNTIF($Y$4:$AF$93,AM25) -> 0 | AT25: =AQ25+AR25+AS25 -> 0 | AU25: =AQ25*$AO25 -> 0 | AV25: =AR25*$AO25 -> 0 | AW25: =AS25*$AO25 -> 0 | BA25: =AN25*0.8 -> 128
A26: 45297 | B26: 1600 | D26: =(SUM(粮草!A26:X26)+AG26*10)*IF(AK26="是",$AY$4,$AY$3) -> 1864 | E26: =SUM($B$4:B26)+SUM($C$4:C26)-SUM($D$4:D26) -> 640 | F26: =SUM(经验!A26:X26) -> 685 | G26: =SUM($F$4:F26)+SUM($H$4:H26) -> 17525 | H26: 0 | I26: 5级 | J26: 5级 | K26: 5级 | L26: 5级 | M26: 5级 | N26: 5级 | O26: 空 | P26: 空 | Q26: 空 | R26: 空 | S26: 空 | T26: 空 | U26: 空 | V26: 空 | W26: 空 | X26: 空 | Y26: 6级 | Z26: 6级 | AA26: 6级 | AB26: 6级 | AC26: 6级 | AD26: 5级 | AE26: 空 | AF26: 空 | AG26: =AH26+AI26+AJ26 -> 0 | AK26: 是 | AM26: 秋道 | AN26: 150 | AO26: 35 | AP26: 44.222109 | AQ26: =COUNTIF($I$4:$P$93,AM26) -> 0 | AR26: =COUNTIF($Q$4:$X$93,AM26) -> 0 | AS26: =COUNTIF($Y$4:$AF$93,AM26) -> 0 | AT26: =AQ26+AR26+AS26 -> 0 | AU26: =AQ26*$AO26 -> 0 | AV26: =AR26*$AO26 -> 0 | AW26: =AS26*$AO26 -> 0 | BA26: =AN26*0.8 -> 120
A27: 45298 | B27: 1600 | D27: =(SUM(粮草!A27:X27)+AG27*10)*IF(AK27="是",$AY$4,$AY$3) -> 1400 | E27: =SUM($B$4:B27)+SUM($C$4:C27)-SUM($D$4:D27) -> 840 | F27: =SUM(经验!A27:X27) -> 1070 | G27: =SUM($F$4:F27)+SUM($H$4:H27) -> 18595 | H27: 0 | I27: 5级 | J27: 5级 | K27: 营地+ | L27: 5级 | M27: 5级 | N27: 5级 | O27: 空 | P27: 空 | Q27: 空 | R27: 空 | S27: 空 | T27: 空 | U27: 空 | V27: 空 | W27: 空 | X27: 空 | Y27: 5级 | Z27: 历练 | AA27: 5级 | AB27: 5级 | AC27: 5级 | AD27: 5级 | AE27: 空 | AF27: 空 | AG27: =AH27+AI27+AJ27 -> 0 | AK27: 是 | AM27: 空 | AN27: 0 | AO27: 0 | AP27: 0 | AU27: =AQ27*$AO27 -> 0 | AV27: =AR27*$AO27 -> 0 | AW27: =AS27*$AO27 -> 0 | BA27: =AN27*0.8 -> 0
A28: 45299 | B28: 1600 | D28: =(SUM(粮草!A28:X28)+AG28*10)*IF(AK28="是",$AY$4,$AY$3) -> 1872 | E28: =SUM($B$4:B28)+SUM($C$4:C28)-SUM($D$4:D28) -> 568 | F28: =SUM(经验!A28:X28) -> 1105 | G28: =SUM($F$4:F28)+SUM($H$4:H28) -> 19900 | H28: 200 | I28: 5级 | J28: 5级 | K28: 5级 | L28: 中boss | M28: 5级 | N28: 5级 | O28: 空 | P28: 空 | Q28: 空 | R28: 空 | S28: 空 | T28: 空 | U28: 空 | V28: 空 | W28: 空 | X28: 空 | Y28: 5级 | Z28: 5级 | AA28: 5级 | AB28: 5级 | AC28: 5级 | AD28: 5级 | AE28: 空 | AF28: 空 | AG28: =AH28+AI28+AJ28 -> 0 | AK28: 是 | AL28: 八卦后 | AM28: 营地+ | AN28: -200 | AO28: 0 | AQ28: =COUNTIF($I$4:$P$93,AM28) -> 4 | AR28: =COUNTIF($Q$4:$X$93,AM28) -> 4 | AS28: =COUNTIF($Y$4:$AF$93,AM28) -> 4 | AT28: =AQ28+AR28+AS28 -> 12 | AU28: =AQ28*$AO28 -> 0 | AV28: =AR28*$AO28 -> 0 | AW28: =AS28*$AO28 -> 0 | BA28: =AN28*0.8 -> -160
A29: 45300 | B29: 1600 | D29: =(SUM(粮草!A29:X29)+AG29*10)*IF(AK29="是",$AY$4,$AY$3) -> 1480 | E29: =SUM($B$4:B29)+SUM($C$4:C29)-SUM($D$4:D29) -> 688 | F29: =SUM(经验!A29:X29) -> 585 | G29: =SUM($F$4:F29)+SUM($H$4:H29) -> 20585 | H29: 100 | I29: 5级 | J29: 5级 | K29: 5级 | L29: 5级 | M29: 5级 | N29: 5级 | O29: 空 | P29: 空 | Q29: 空 | R29: 空 | S29: 空 | T29: 空 | U29: 空 | V29: 空 | W29: 空 | X29: 空 | Y29: 5级 | Z29: 4级 | AA29: 营地+ | AB29: 4级 | AC29: 4级 | AD29: 4级 | AE29: 空 | AF29: 空 | AG29: =AH29+AI29+AJ29 -> 0 | AK29: 是 | AM29: 历练 | AN29: 50 | AO29: 520 | AQ29: =COUNTIF($I$4:$P$93,AM29) -> 1 | AR29: =COUNTIF($Q$4:$X$93,AM29) -> 1 | AS29: =COUNTIF($Y$4:$AF$93,AM29) -> 1 | AT29: =AQ29+AR29+AS29 -> 3 | AU29: =AQ29*$AO29 -> 520 | AV29: =AR29*$AO29 -> 520 | AW29: =AS29*$AO29 -> 520 | BA29: =AN29*0.8 -> 40
A30: 45301 | B30: 1600 | D30: =(SUM(粮草!A30:X30)+AG30*10)*IF(AK30="是",$AY$4,$AY$3) -> 1752 | E30: =SUM($B$4:B30)+SUM($C$4:C30)-SUM($D$4:D30) -> 536 | F30: =SUM(经验!A30:X30) -> 615 | G30: =SUM($F$4:F30)+SUM($H$4:H30) -> 21400 | H30: 200 | I30: 5级 | J30: 5级 | K30: 5级 | L30: 4级 | M30: 4级 | N30: 4级 | O30: 空 | P30: 空 | Q30: 空 | R30: 空 | S30: 空 | T30: 空 | U30: 空 | V30: 空 | W30: 空 | X30: 空 | Y30: 4级 | Z30: 4级 | AA30: 4级 | AB30: 4级 | AC30: 4级 | AD30: 4级 | AE30: 空 | AF30: 空 | AG30: =AH30+AI30+AJ30 -> 0 | AK30: 是
A31: 45302 | B31: 1600 | D31: =(SUM(粮草!A31:X31)+AG31*10)*IF(AK31="是",$AY$4,$AY$3) -> 1640 | E31: =SUM($B$4:B31)+SUM($C$4:C31)-SUM($D$4:D31) -> 496 | F31: =SUM(经验!A31:X31) -> 590 | G31: =SUM($F$4:F31)+SUM($H$4:H31) -> 21990 | H31: 0 | I31: 4级 | J31: 4级 | K31: 4级 | L31: 4级 | M31: 5级 | N31: 5级 | O31: 空 | P31: 空 | Q31: 空 | R31: 空 | S31: 空 | T31: 空 | U31: 空 | V31: 空 | W31: 空 | X31: 空 | Y31: 4级 | Z31: 商人 | AA31: 4级 | AB31: 4级 | AC31: 4级 | AD31: 4级 | AE31: 空 | AF31: 空 | AG31: =AH31+AI31+AJ31 -> 0 | AK31: 是
A32: 45303 | B32: 1600 | D32: =(SUM(粮草!A32:X32)+AG32*10)*IF(AK32="是",$AY$4,$AY$3) -> 1464 | E32: =SUM($B$4:B32)+SUM($C$4:C32)-SUM($D$4:D32) -> 632 | F32: =SUM(经验!A32:X32) -> 515 | G32: =SUM($F$4:F32)+SUM($H$4:H32) -> 22505 | H32: 0 | I32: 5级 | J32: 5级 | K32: 5级 | L32: 4级 | M32: 4级 | N32: 4级 | O32: 空 | P32: 空 | Q32: 空 | R32: 空 | S32: 空 | T32: 空 | U32: 空 | V32: 空 | W32: 空 | X32: 空 | Y32: 4级 | Z32: 4级 | AA32: 4级 | AB32: 4级 | AC32: 空 | AD32: 空 | AE32: 空 | AF32: 空 | AG32: =AH32+AI32+AJ32 -> 0 | AK32: 是
A33: 45304 | B33: 1600 | D33: =(SUM(粮草!A33:X33)+AG33*10)*IF(AK33="是",$AY$4,$AY$3) -> 1576 | E33: =SUM($B$4:B33)+SUM($C$4:C33)-SUM($D$4:D33) -> 656 | F33: =SUM(经验!A33:X33) -> 550 | G33: =SUM($F$4:F33)+SUM($H$4:H33) -> 23055 | H33: 0 | I33: 商人 | J33: 4级 | K33: 4级 | L33: 4级 | M33: 4级 | N33: 4级 | O33: 空 | P33: 空 | Q33: 空 | R33: 空 | S33: 空 | T33: 空 | U33: 空 | V33: 空 | W33: 空 | X33: 空 | Y33: 3级 | Z33: 3级 | AA33: 3级 | AB33: 3级 | AC33: 3级 | AD33: 3级 | AE33: 空 | AF33: 空 | AG33: =AH33+AI33+AJ33 -> 0 | AK33: 是
A34: 45305 | B34: 1600 | D34: =(SUM(粮草!A34:X34)+AG34*10)*IF(AK34="是",$AY$4,$AY$3) -> 1536 | E34: =SUM($B$4:B34)+SUM($C$4:C34)-SUM($D$4:D34) -> 720 | F34: =SUM(经验!A34:X34) -> 520 | G34: =SUM($F$4:F34)+SUM($H$4:H34) -> 23575 | H34: 0 | I34: 4级 | J34: 4级 | K34: 4级 | L34: 4级 | M34: 4级 | N34: 空 | O34: 空 | P34: 空 | Q34: 空 | R34: 空 | S34: 空 | T34: 空 | U34: 空 | V34: 空 | W34: 空 | X34: 空 | Y34: 3级 | Z34: 3级 | AA34: 3级 | AB34: 3级 | AC34: 3级 | AD34: 3级 | AE34: 空 | AF34: 空 | AG34: =AH34+AI34+AJ34 -> 0 | AK34: 是
A35: 45306 | B35: 1600 | D35: =(SUM(粮草!A35:X35)+AG35*10)*IF(AK35="是",$AY$4,$AY$3) -> 1536 | E35: =SUM($B$4:B35)+SUM($C$4:C35)-SUM($D$4:D35) -> 784 | F35: =SUM(经验!A35:X35) -> 525 | G35: =SUM($F$4:F35)+SUM($H$4:H35) -> 24300 | H35: 200 | I35: 3级 | J35: 3级 | K35: 3级 | L35: 3级 | M35: 3级 | N35: 3级 | O35: 空 | P35: 空 | Q35: 空 | R35: 空 | S35: 空 | T35: 空 | U35: 空 | V35: 空 | W35: 空 | X35: 空 | Y35: 商人 | Z35: 3级 | AA35: 3级 | AB35: 3级 | AC35: 3级 | AD35: 3级 | AE35: 空 | AF35: 空 | AG35: =AH35+AI35+AJ35 -> 0 | AK35: 是
A36: 45307 | B36: 1600 | D36: =(SUM(粮草!A36:X36)+AG36*10)*IF(AK36="是",$AY$4,$AY$3) -> 1632 | E36: =SUM($B$4:B36)+SUM($C$4:C36)-SUM($D$4:D36) -> 752 | F36: =SUM(经验!A36:X36) -> 540 | G36: =SUM($F$4:F36)+SUM($H$4:H36) -> 24940 | H36: 100 | I36: 3级 | J36: 3级 | K36: 3级 | L36: 3级 | M36: 3级 | N36: 3级 | O36: 空 | P36: 空 | Q36: 空 | R36: 空 | S36: 空 | T36: 空 | U36: 空 | V36: 空 | W36: 空 | X36: 空 | Y36: 3级 | Z36: 3级 | AA36: 3级 | AB36: 3级 | AC36: 3级 | AD36: 3级 | AE36: 空 | AF36: 空 | AG36: =AH36+AI36+AJ36 -> 0 | AK36: 是
A37: 45308 | B37: 1600 | D37: =(SUM(粮草!A37:X37)+AG37*10)*IF(AK37="是",$AY$4,$AY$3) -> 1384 | E37: =SUM($B$4:B37)+SUM($C$4:C37)-SUM($D$4:D37) -> 968 | F37: =SUM(经验!A37:X37) -> 525 | G37: =SUM($F$4:F37)+SUM($H$4:H37) -> 25665 | H37: 200 | I37: 3级 | J37: 3级 | K37: 3级 | L37: 3级 | M37: 3级 | N37: 3级 | O37: 空 | P37: 空 | Q37: 空 | R37: 空 | S37: 空 | T37: 空 | U37: 空 | V37: 空 | W37: 空 | X37: 空 | Y37: 3级 | Z37: 3级 | AA37: 3级 | AB37: 3级 | AC37: 商人 | AD37: 3级 | AE37: 营地+ | AF37: 空 | AG37: =AH37+AI37+AJ37 -> 1 | AJ37: 1 | AK37: 是
A38: 45309 | B38: 1600 | D38: =(SUM(粮草!A38:X38)+AG38*10)*IF(AK38="是",$AY$4,$AY$3) -> 2080 | E38: =SUM($B$4:B38)+SUM($C$4:C38)-SUM($D$4:D38) -> 488 | F38: =SUM(经验!A38:X38) -> 760 | G38: =SUM($F$4:F38)+SUM($H$4:H38) -> 26425 | H38: 0 | I38: 3级 | J38: 2级 | K38: 商人 | L38: 3级 | M38: 营地+ | N38: 3级 | O38: 空 | P38: 空 | Q38: 3级 | R38: 4级 | S38: 4级 | T38: 4级 | U38: 4级 | V38: 4级 | W38: 空 | X38: 空 | Y38: 2级 | Z38: 3级 | AA38: 3级 | AB38: 3级 | AC38: 3级 | AD38: 2级 | AE38: 空 | AF38: 空 | AG38: =AH38+AI38+AJ38 -> 1 | AH38: 1 | AK38: 是
A39: 45310 | B39: 1600 | D39: =(SUM(粮草!A39:X39)+AG39*10)*IF(AK39="是",$AY$4,$AY$3) -> 2024 | E39: =SUM($B$4:B39)+SUM($C$4:C39)-SUM($D$4:D39) -> 64 | F39: =SUM(经验!A39:X39) -> 720 | G39: =SUM($F$4:F39)+SUM($H$4:H39) -> 27145 | H39: 0 | I39: 3级 | J39: 3级 | K39: 商人 | L39: 3级 | M39: 3级 | N39: 3级 | O39: 空 | P39: 空 | Q39: 4级 | R39: 4级 | S39: 4级 | T39: 4级 | U39: 4级 | V39: 空 | W39: 空 | X39: 空 | Y39: 商人 | Z39: 2级 | AA39: 2级 | AB39: 2级 | AC39: 1级 | AD39: 商人 | AE39: 空 | AF39: 空 | AG39: =AH39+AI39+AJ39 -> 0 | AK39: 是 | AM39: 2级194
A40: 45311 | B40: 1600 | D40: =(SUM(粮草!A40:X40)+AG40*10)*IF(AK40="是",$AY$4,$AY$3) -> 1384 | E40: =SUM($B$4:B40)+SUM($C$4:C40)-SUM($D$4:D40) -> 280 | F40: =SUM(经验!A40:X40) -> 1070 | G40: =SUM($F$4:F40)+SUM($H$4:H40) -> 28215 | H40: 0 | I40: 3级 | J40: 2级 | K40: 2级 | L40: 商人 | M40: 2级 | N40: 历练 | O40: 空 | P40: 空 | Q40: 4级 | R40: 商人 | S40: 5级 | T40: 5级 | U40: 5级 | V40: 营地+ | W40: 5级 | X40: 5级 | Y40: 空 | Z40: 空 | AA40: 空 | AB40: 空 | AC40: 空 | AD40: 空 | AE40: 空 | AF40: 空 | AG40: =AH40+AI40+AJ40 -> 0 | AK40: 是 | AM40: 3级349
A41: 45312 | B41: 1600 | C41: 40 | D41: =(SUM(粮草!A41:X41)+AG41*10)*IF(AK41="是",$AY$4,$AY$3) -> 1592 | E41: =SUM($B$4:B41)+SUM($C$4:C41)-SUM($D$4:D41) -> 328 | F41: =SUM(经验!A41:X41) -> 560 | G41: =SUM($F$4:F41)+SUM($H$4:H41) -> 28775 | H41: 0 | I41: 2级 | J41: 2级 | K41: 2级 | L41: 1级 | M41: 商人 | N41: 3级 | O41: 空 | P41: 空 | Q41: 5级 | R41: 5级 | S41: 5级 | T41: 5级 | U41: 5级 | V41: 5级 | W41: 空 | X41: 空 | Y41: 空 | Z41: 空 | AA41: 空 | AB41: 空 | AC41: 空 | AD41: 空 | AE41: 空 | AF41: 空 | AG41: =AH41+AI41+AJ41 -> 0 | AK41: 是 | AM41: 4级263
A42: 45313 | B42: 1600 | D42: =(SUM(粮草!A42:X42)+AG42*10)*IF(AK42="是",$AY$4,$AY$3) -> 1600 | E42: =SUM($B$4:B42)+SUM($C$4:C42)-SUM($D$4:D42) -> 328 | F42: =SUM(经验!A42:X42) -> 555 | G42: =SUM($F$4:F42)+SUM($H$4:H42) -> 29630 | H42: 300 | I42: 3级 | J42: 3级 | K42: 3级 | L42: 3级 | M42: 3级 | N42: 3级 | O42: 空 | P42: 空 | Q42: 5级 | R42: 5级 | S42: 5级 | T42: 6级 | U42: 6级 | V42: 空 | W42: 空 | X42: 空 | Y42: 空 | Z42: 空 | AA42: 空 | AB42: 空 | AC42: 空 | AD42: 空 | AE42: 空 | AF42: 空 | AG42: =AH42+AI42+AJ42 -> 1 | AH42: 1 | AK42: 是 | AM42: 5级239
A43: 45314 | B43: 1600 | D43: =(SUM(粮草!A43:X43)+AG43*10)*IF(AK43="是",$AY$4,$AY$3) -> 1616 | E43: =SUM($B$4:B43)+SUM($C$4:C43)-SUM($D$4:D43) -> 312 | F43: =SUM(经验!A43:X43) -> 570 | G43: =SUM($F$4:F43)+SUM($H$4:H43) -> 30200 | H43: 0 | I43: 3级 | J43: 3级 | K43: 3级 | L43: 3级 | M43: 3级 | N43: 3级 | O43: 空 | P43: 空 | Q43: 6级 | R43: 6级 | S43: 6级 | T43: 6级 | U43: 6级 | V43: 空 | W43: 空 | X43: 空 | Y43: 空 | Z43: 空 | AA43: 空 | AB43: 空 | AC43: 空 | AD43: 空 | AE43: 空 | AF43: 空 | AG43: =AH43+AI43+AJ43 -> 0 | AK43: 是 | AM43: 6级194
A44: 45315 | B44: 1600 | D44: =(SUM(粮草!A44:X44)+AG44*10)*IF(AK44="是",$AY$4,$AY$3) -> 1616 | E44: =SUM($B$4:B44)+SUM($C$4:C44)-SUM($D$4:D44) -> 296 | F44: =SUM(经验!A44:X44) -> 570 | G44: =SUM($F$4:F44)+SUM($H$4:H44) -> 30970 | H44: 200 | I44: 3级 | J44: 3级 | K44: 3级 | L44: 3级 | M44: 3级 | N44: 3级 | O44: 空 | P44: 空 | Q44: 6级 | R44: 6级 | S44: 6级 | T44: 6级 | U44: 6级 | V44: 空 | W44: 空 | X44: 空 | Y44: 空 | Z44: 空 | AA44: 空 | AB44: 空 | AC44: 空 | AD44: 空 | AE44: 空 | AF44: 空 | AG44: =AH44+AI44+AJ44 -> 0 | AK44: 是
A45: 45316 | B45: 1600 | C45: 40 | D45: =(SUM(粮草!A45:X45)+AG45*10)*IF(AK45="是",$AY$4,$AY$3) -> 1448 | E45: =SUM($B$4:B45)+SUM($C$4:C45)-SUM($D$4:D45) -> 488 | F45: =SUM(经验!A45:X45) -> 1465 | G45: =SUM($F$4:F45)+SUM($H$4:H45) -> 32435 | H45: 0 | I45: 3级 | J45: 商人 | K45: 3级 | L45: 空 | M45: 空 | N45: 空 | O45: 空 | P45: 空 | Q45: 6级 | R45: 6级 | S45: 6级 | T45: 6级 | U45: 6级 | V45: 大boss | W45: 空 | X45: 空 | Y45: 3级 | Z45: 空 | AA45: 空 | AB45: 空 | AC45: 空 | AD45: 空 | AE45: 空 | AF45: 空 | AG45: =AH45+AI45+AJ45 -> 0 | AK45: 是
A46: 45317 | B46: 1600 | D46: =(SUM(粮草!A46:X46)+AG46*10)*IF(AK46="是",$AY$4,$AY$3) -> 1824 | E46: =SUM($B$4:B46)+SUM($C$4:C46)-SUM($D$4:D46) -> 264 | F46: =SUM(经验!A46:X46) -> 660 | G46: =SUM($F$4:F46)+SUM($H$4:H46) -> 33095 | H46: 0 | I46: 4级 | J46: 4级 | K46: 4级 | L46: 4级 | M46: 4级 | N46: 4级 | O46: 空 | P46: 空 | Q46: 6级 | R46: 6级 | S46: 6级 | T46: 6级 | U46: 6级 | V46: 6级 | W46: 空 | X46: 空 | Y46: 空 | Z46: 空 | AA46: 空 | AB46: 空 | AC46: 空 | AD46: 空 | AE46: 空 | AF46: 空 | AG46: =AH46+AI46+AJ46 -> 0 | AK46: 是
A47: 45318 | B47: 1600 | D47: =(SUM(粮草!A47:X47)+AG47*10)*IF(AK47="是",$AY$4,$AY$3) -> 1680 | E47: =SUM($B$4:B47)+SUM($C$4:C47)-SUM($D$4:D47) -> 184 | F47: =SUM(经验!A47:X47) -> 615 | G47: =SUM($F$4:F47)+SUM($H$4:H47) -> 33710 | H47: 0 | I47: 商人 | J47: 4级 | K47: 4级 | L47: 4级 | M47: 4级 | N47: 4级 | O47: 空 | P47: 空 | Q47: 6级 | R47: 5级 | S47: 5级 | T47: 5级 | U47: 5级 | V47: 5级 | W47: 空 | X47: 空 | Y47: 空 | Z47: 空 | AA47: 空 | AB47: 空 | AC47: 空 | AD47: 空 | AE47: 空 | AF47: 空 | AG47: =AH47+AI47+AJ47 -> 0 | AK47: 是
A48: 45319 | B48: 1600 | D48: =(SUM(粮草!A48:X48)+AG48*10)*IF(AK48="是",$AY$4,$AY$3) -> 1664 | E48: =SUM($B$4:B48)+SUM($C$4:C48)-SUM($D$4:D48) -> 120 | F48: =SUM(经验!A48:X48) -> 1095 | G48: =SUM($F$4:F48)+SUM($H$4:H48) -> 34805 | H48: 0 | I48: 4级 | J48: 4级 | K48: 4级 | L48: 4级 | M48: 4级 | N48: 4级 | O48: 空 | P48: 空 | Q48: 5级 | R48: 5级 | S48: 5级 | T48: 5级 | U48: 历练 | V48: 5级 | W48: 空 | X48: 空 | Y48: 空 | Z48: 空 | AA48: 空 | AB48: 空 | AC48: 空 | AD48: 空 | AE48: 空 | AF48: 空 | AG48: =AH48+AI48+AJ48 -> 0 | AK48: 是
A49: 45320 | B49: 1600 | D49: =(SUM(粮草!A49:X49)+AG49*10)*IF(AK49="是",$AY$4,$AY$3) -> 1472 | E49: =SUM($B$4:B49)+SUM($C$4:C49)-SUM($D$4:D49) -> 248 | F49: =SUM(经验!A49:X49) -> 520 | G49: =SUM($F$4:F49)+SUM($H$4:H49) -> 35525 | H49: 200 | I49: 4级 | J49: 4级 | K49: 4级 | L49: 4级 | M49: 4级 | N49: 4级 | O49: 空 | P49: 空 | Q49: 5级 | R49: 5级 | S49: 5级 | T49: 5级 | U49: 空 | V49: 空 | W49: 空 | X49: 空 | Y49: 空 | Z49: 空 | AA49: 空 | AB49: 空 | AC49: 空 | AD49: 空 | AE49: 空 | AF49: 空 | AG49: =AH49+AI49+AJ49 -> 0 | AK49: 是
A50: 45321 | B50: 1600 | D50: =(SUM(粮草!A50:X50)+AG50*10)*IF(AK50="是",$AY$4,$AY$3) -> 1440 | E50: =SUM($B$4:B50)+SUM($C$4:C50)-SUM($D$4:D50) -> 408 | F50: =SUM(经验!A50:X50) -> 580 | G50: =SUM($F$4:F50)+SUM($H$4:H50) -> 36205 | H50: 100 | I50: 4级 | J50: 4级 | K50: 营地+ | L50: 4级 | M50: 4级 | N50: 4级 | O50: 空 | P50: 空 | Q50: 5级 | R50: 5级 | S50: 5级 | T50: 塔5 | U50: 5级 | V50: 5级 | W50: 空 | X50: 空 | Y50: 空 | Z50: 空 | AA50: 空 | AB50: 空 | AC50: 空 | AD50: 空 | AE50: 空 | AF50: 空 | AG50: =AH50+AI50+AJ50 -> 0 | AK50: 是
A51: 45322 | B51: 1600 | D51: =(SUM(粮草!A51:X51)+AG51*10)*IF(AK51="是",$AY$4,$AY$3) -> 1824 | E51: =SUM($B$4:B51)+SUM($C$4:C51)-SUM($D$4:D51) -> 184 | F51: =SUM(经验!A51:X51) -> 660 | G51: =SUM($F$4:F51)+SUM($H$4:H51) -> 37065 | H51: 200 | I51: 5级 | J51: 5级 | K51: 5级 | L51: 5级 | M51: 5级 | N51: 5级 | O51: 空 | P51: 空 | Q51: 5级 | R51: 5级 | S51: 5级 | T51: 5级 | U51: 5级 | V51: 5级 | W51: 空 | X51: 空 | Y51: 空 | Z51: 空 | AA51: 空 | AB51: 空 | AC51: 空 | AD51: 空 | AE51: 空 | AF51: 空 | AG51: =AH51+AI51+AJ51 -> 0 | AK51: 是 | AQ51: 不老情（不加500） | AR51: 明月
A52: 45323 | B52: 1600 | D52: =(SUM(粮草!A52:X52)+AG52*10)*IF(AK52="是",$AY$4,$AY$3) -> 1672 | E52: =SUM($B$4:B52)+SUM($C$4:C52)-SUM($D$4:D52) -> 112 | F52: =SUM(经验!A52:X52) -> 605 | G52: =SUM($F$4:F52)+SUM($H$4:H52) -> 37670 | H52: 0 | I52: 5级 | J52: 5级 | K52: 5级 | L52: 5级 | M52: 5级 | N52: 5级 | O52: 空 | P52: 空 | Q52: 5级 | R52: 5级 | S52: 5级 | T52: 5级 | U52: 5级 | V52: 空 | W52: 空 | X52: 空 | Y52: 空 | Z52: 空 | AA52: 空 | AB52: 空 | AC52: 空 | AD52: 空 | AE52: 空 | AF52: 空 | AG52: =AH52+AI52+AJ52 -> 0 | AK52: 是 | AQ52: 26080 | AR52: 26065
A53: 45324 | B53: 1600 | D53: =(SUM(粮草!A53:X53)+AG53*10)*IF(AK53="是",$AY$4,$AY$3) -> 1496 | E53: =SUM($B$4:B53)+SUM($C$4:C53)-SUM($D$4:D53) -> 216 | F53: =SUM(经验!A53:X53) -> 535 | G53: =SUM($F$4:F53)+SUM($H$4:H53) -> 38205 | H53: 0 | I53: 5级 | J53: 5级 | K53: 5级 | L53: 5级 | M53: 5级 | N53: 5级 | O53: 空 | P53: 空 | Q53: 5级 | R53: 4级 | S53: 4级 | T53: 4级 | U53: 空 | V53: 空 | W53: 空 | X53: 空 | Y53: 空 | Z53: 空 | AA53: 空 | AB53: 空 | AC53: 空 | AD53: 空 | AE53: 空 | AF53: 空 | AG53: =AH53+AI53+AJ53 -> 0 | AK53: 是 | AQ53: 26595 | AR53: 26740
A54: 45325 | B54: 1600 | D54: =(SUM(粮草!A54:X54)+AG54*10)*IF(AK54="是",$AY$4,$AY$3) -> 1624 | E54: =SUM($B$4:B54)+SUM($C$4:C54)-SUM($D$4:D54) -> 192 | F54: =SUM(经验!A54:X54) -> 575 | G54: =SUM($F$4:F54)+SUM($H$4:H54) -> 38780 | H54: 0 | I54: 5级 | J54: 5级 | K54: 5级 | L54: 5级 | M54: 5级 | N54: 5级 | O54: 空 | P54: 空 | Q54: 4级 | R54: 4级 | S54: 4级 | T54: 4级 | U54: 3级 | V54: 空 | W54: 空 | X54: 空 | Y54: 空 | Z54: 空 | AA54: 空 | AB54: 空 | AC54: 空 | AD54: 空 | AE54: 空 | AF54: 空 | AG54: =AH54+AI54+AJ54 -> 0 | AK54: 是 | AQ54: 27305
A55: 45326 | B55: 1600 | D55: =(SUM(粮草!A55:X55)+AG55*10)*IF(AK55="是",$AY$4,$AY$3) -> 1640 | E55: =SUM($B$4:B55)+SUM($C$4:C55)-SUM($D$4:D55) -> 152 | F55: =SUM(经验!A55:X55) -> 595 | G55: =SUM($F$4:F55)+SUM($H$4:H55) -> 39375 | H55: 0 | I55: 6级 | J55: 6级 | K55: 6级 | L55: 6级 | M55: 6级 | N55: 6级 | O55: 空 | P55: 空 | Q55: 塔3 | R55: 3级 | S55: 3级 | T55: 4级 | U55: 4级 | V55: 空 | W55: 空 | X55: 空 | Y55: 空 | Z55: 空 | AA55: 空 | AB55: 空 | AC55: 空 | AD55: 空 | AE55: 空 | AF55: 空 | AG55: =AH55+AI55+AJ55 -> 0 | AK55: 是
A56: 45327 | B56: 1600 | D56: =(SUM(粮草!A56:X56)+AG56*10)*IF(AK56="是",$AY$4,$AY$3) -> 1536 | E56: =SUM($B$4:B56)+SUM($C$4:C56)-SUM($D$4:D56) -> 216 | F56: =SUM(经验!A56:X56) -> 560 | G56: =SUM($F$4:F56)+SUM($H$4:H56) -> 40235 | H56: 300 | I56: 6级 | J56: 6级 | K56: 6级 | L56: 6级 | M56: 6级 | N56: 6级 | O56: 空 | P56: 空 | Q56: 4级 | R56: 4级 | S56: 4级 | T56: 4级 | U56: 空 | V56: 空 | W56: 空 | X56: 空 | Y56: 空 | Z56: 空 | AA56: 空 | AB56: 空 | AC56: 空 | AD56: 空 | AE56: 空 | AF56: 空 | AG56: =AH56+AI56+AJ56 -> 0 | AK56: 是
A57: 45328 | B57: 1600 | D57: =(SUM(粮草!A57:X57)+AG57*10)*IF(AK57="是",$AY$4,$AY$3) -> 1504 | E57: =SUM($B$4:B57)+SUM($C$4:C57)-SUM($D$4:D57) -> 312 | F57: =SUM(经验!A57:X57) -> 600 | G57: =SUM($F$4:F57)+SUM($H$4:H57) -> 40835 | H57: 0 | I57: 6级 | J57: 6级 | K57: 6级 | L57: 6级 | M57: 6级 | N57: 营地+ | O57: 空 | P57: 空 | Q57: 4级 | R57: 4级 | S57: 4级 | T57: 4级 | U57: 4级 | V57: 4级 | W57: 空 | X57: 空 | Y57: 空 | Z57: 空 | AA57: 空 | AB57: 空 | AC57: 空 | AD57: 空 | AE57: 空 | AF57: 空 | AG57: =AH57+AI57+AJ57 -> 0 | AK57: 是
A58: 45329 | B58: 1600 | D58: =(SUM(粮草!A58:X58)+AG58*10)*IF(AK58="是",$AY$4,$AY$3) -> 1680 | E58: =SUM($B$4:B58)+SUM($C$4:C58)-SUM($D$4:D58) -> 232 | F58: =SUM(经验!A58:X58) -> 610 | G58: =SUM($F$4:F58)+SUM($H$4:H58) -> 41645 | H58: 200 | I58: 6级 | J58: 6级 | K58: 6级 | L58: 6级 | M58: 6级 | N58: 6级 | O58: 空 | P58: 空 | Q58: 4级 | R58: 4级 | S58: 4级 | T58: 4级 | U58: 4级 | V58: 空 | W58: 空 | X58: 空 | Y58: 空 | Z58: 空 | AA58: 空 | AB58: 空 | AC58: 空 | AD58: 空 | AE58: 空 | AF58: 空 | AG58: =AH58+AI58+AJ58 -> 0 | AK58: 是
A59: 45330 | B59: 1600 | D59: =(SUM(粮草!A59:X59)+AG59*10)*IF(AK59="是",$AY$4,$AY$3) -> 1680 | E59: =SUM($B$4:B59)+SUM($C$4:C59)-SUM($D$4:D59) -> 152 | F59: =SUM(经验!A59:X59) -> 610 | G59: =SUM($F$4:F59)+SUM($H$4:H59) -> 42255 | H59: 0 | I59: 6级 | J59: 6级 | K59: 6级 | L59: 6级 | M59: 6级 | N59: 6级 | O59: 空 | P59: 空 | Q59: 4级 | R59: 4级 | S59: 4级 | T59: 4级 | U59: 4级 | V59: 空 | W59: 空 | X59: 空 | Y59: 空 | Z59: 空 | AA59: 空 | AB59: 空 | AC59: 空 | AD59: 空 | AE59: 空 | AF59: 空 | AG59: =AH59+AI59+AJ59 -> 0 | AK59: 是
A60: 45331 | B60: 1600 | D60: =(SUM(粮草!A60:X60)+AG60*10)*IF(AK60="是",$AY$4,$AY$3) -> 1512 | E60: =SUM($B$4:B60)+SUM($C$4:C60)-SUM($D$4:D60) -> 240 | F60: =SUM(经验!A60:X60) -> 545 | G60: =SUM($F$4:F60)+SUM($H$4:H60) -> 42800 | H60: 0 | I60: 6级 | J60: 6级 | K60: 6级 | L60: 6级 | M60: 5级 | N60: 5级 | O60: 空 | P60: 空 | Q60: 4级 | R60: 4级 | S60: 4级 | T60: 3级 | U60: 空 | V60: 空 | W60: 空 | X60: 空 | Y60: 空 | Z60: 空 | AA60: 空 | AB60: 空 | AC60: 空 | AD60: 空 | AE60: 空 | AF60: 空 | AG60: =AH60+AI60+AJ60 -> 0 | AK60: 是
A61: 45332 | B61: 1600 | D61: =(SUM(粮草!A61:X61)+AG61*10)*IF(AK61="是",$AY$4,$AY$3) -> 1656 | E61: =SUM($B$4:B61)+SUM($C$4:C61)-SUM($D$4:D61) -> 184 | F61: =SUM(经验!A61:X61) -> 1000 | G61: =SUM($F$4:F61)+SUM($H$4:H61) -> 43800 | H61: 0 | I61: 5级 | J61: 5级 | K61: 中boss | L61: 5级 | M61: 5级 | N61: 5级 | O61: 空 | P61: 空 | Q61: 3级 | R61: 3级 | S61: 3级 | T61: 3级 | U61: 3级 | V61: 空 | W61: 空 | X61: 空 | Y61: 空 | Z61: 空 | AA61: 空 | AB61: 空 | AC61: 空 | AD61: 空 | AE61: 空 | AF61: 空 | AG61: =AH61+AI61+AJ61 -> 2 | AI61: 2 | AK61: 是
A62: 45333 | B62: 1600 | D62: =(SUM(粮草!A62:X62)+AG62*10)*IF(AK62="是",$AY$4,$AY$3) -> 1344 | E62: =SUM($B$4:B62)+SUM($C$4:C62)-SUM($D$4:D62) -> 440 | F62: =SUM(经验!A62:X62) -> 485 | G62: =SUM($F$4:F62)+SUM($H$4:H62) -> 44285 | H62: 0 | I62: 5级 | J62: 商人 | K62: 5级 | L62: 5级 | M62: 5级 | N62: 5级 | O62: 空 | P62: 空 | Q62: 3级 | R62: 3级 | S62: 3级 | T62: 3级 | U62: 空 | V62: 空 | W62: 空 | X62: 空 | Y62: 空 | Z62: 空 | AA62: 空 | AB62: 空 | AC62: 空 | AD62: 空 | AE62: 空 | AF62: 空 | AG62: =AH62+AI62+AJ62 -> 0 | AK62: 是
A63: 45334 | B63: 1600 | D63: =(SUM(粮草!A63:X63)+AG63*10)*IF(AK63="是",$AY$4,$AY$3) -> 888 | E63: =SUM($B$4:B63)+SUM($C$4:C63)-SUM($D$4:D63) -> 1152 | F63: =SUM(经验!A63:X63) -> 315 | G63: =SUM($F$4:F63)+SUM($H$4:H63) -> 44900 | H63: 300 | I63: 5级 | J63: 5级 | K63: 4级 | L63: 4级 | M63: 4级 | N63: 5级 | O63: 空 | P63: 空 | Q63: 空 | R63: 空 | S63: 空 | T63: 空 | U63: 空 | V63: 空 | W63: 空 | X63: 空 | Y63: 空 | Z63: 空 | AA63: 空 | AB63: 空 | AC63: 空 | AD63: 空 | AE63: 空 | AF63: 空 | AG63: =AH63+AI63+AJ63 -> 0 | AK63: 是
A64: 45335 | B64: 1600 | D64: =(SUM(粮草!A64:X64)+AG64*10)*IF(AK64="是",$AY$4,$AY$3) -> 896 | E64: =SUM($B$4:B64)+SUM($C$4:C64)-SUM($D$4:D64) -> 1856 | F64: =SUM(经验!A64:X64) -> 320 | G64: =SUM($F$4:F64)+SUM($H$4:H64) -> 45220 | H64: 0 | I64: 5级 | J64: 5级 | K64: 5级 | L64: 5级 | M64: 4级 | N64: 4级 | O64: 空 | P64: 空 | Q64: 空 | R64: 空 | S64: 空 | T64: 空 | U64: 空 | V64: 空 | W64: 空 | X64: 空 | Y64: 空 | Z64: 空 | AA64: 空 | AB64: 空 | AC64: 空 | AD64: 空 | AE64: 空 | AF64: 空 | AG64: =AH64+AI64+AJ64 -> 0 | AK64: 是
A65: 45336 | B65: 1600 | D65: =(SUM(粮草!A65:X65)+AG65*10)*IF(AK65="是",$AY$4,$AY$3) -> 840 | E65: =SUM($B$4:B65)+SUM($C$4:C65)-SUM($D$4:D65) -> 2616 | F65: =SUM(经验!A65:X65) -> 300 | G65: =SUM($F$4:F65)+SUM($H$4:H65) -> 45720 | H65: 200 | I65: 4级 | J65: 4级 | K65: 4级 | L65: 塔4 | M65: 4级 | N65: 4级 | O65: 空 | P65: 空 | Q65: 空 | R65: 空 | S65: 空 | T65: 空 | U65: 空 | V65: 空 | W65: 空 | X65: 空 | Y65: 空 | Z65: 空 | AA65: 空 | AB65: 空 | AC65: 空 | AD65: 空 | AE65: 空 | AF65: 空 | AG65: =AH65+AI65+AJ65 -> 0 | AK65: 是
A66: 45337 | B66: 1600 | D66: =(SUM(粮草!A66:X66)+AG66*10)*IF(AK66="是",$AY$4,$AY$3) -> 1712 | E66: =SUM($B$4:B66)+SUM($C$4:C66)-SUM($D$4:D66) -> 2504 | F66: =SUM(经验!A66:X66) -> 580 | G66: =SUM($F$4:F66)+SUM($H$4:H66) -> 46300 | H66: 0 | I66: 4级 | J66: 4级 | K66: 4级 | L66: 4级 | M66: 4级 | N66: 4级 | O66: 空 | P66: 空 | Q66: 空 | R66: 空 | S66: 空 | T66: 空 | U66: 空 | V66: 空 | W66: 空 | X66: 空 | Y66: 3级 | Z66: 3级 | AA66: 3级 | AB66: 3级 | AC66: 4级 | AD66: 4级 | AE66: 空 | AF66: 空 | AG66: =AH66+AI66+AJ66 -> 2 | AJ66: 2 | AK66: 是
A67: 45338 | B67: 1600 | D67: =(SUM(粮草!A67:X67)+AG67*10)*IF(AK67="是",$AY$4,$AY$3) -> 1440 | E67: =SUM($B$4:B67)+SUM($C$4:C67)-SUM($D$4:D67) -> 2664 | F67: =SUM(经验!A67:X67) -> 500 | G67: =SUM($F$4:F67)+SUM($H$4:H67) -> 46800 | H67: 0 | I67: 4级 | J67: 4级 | K67: 4级 | L67: 4级 | M67: 空 | N67: 空 | O67: 空 | P67: 空 | Q67: 空 | R67: 空 | S67: 空 | T67: 空 | U67: 空 | V67: 空 | W67: 空 | X67: 空 | Y67: 4级 | Z67: 4级 | AA67: 4级 | AB67: 4级 | AC67: 4级 | AD67: 4级 | AE67: 空 | AF67: 空 | AG67: =AH67+AI67+AJ67 -> 0 | AK67: 是
A68: 45339 | B68: 1600 | D68: =(SUM(粮草!A68:X68)+AG68*10)*IF(AK68="是",$AY$4,$AY$3) -> 904 | E68: =SUM($B$4:B68)+SUM($C$4:C68)-SUM($D$4:D68) -> 3360 | F68: =SUM(经验!A68:X68) -> 325 | G68: =SUM($F$4:F68)+SUM($H$4:H68) -> 47125 | H68: 0 | I68: 空 | J68: 空 | K68: 空 | L68: 空 | M68: 空 | N68: 空 | O68: 空 | P68: 空 | Q68: 空 | R68: 空 | S68: 空 | T68: 空 | U68: 空 | V68: 空 | W68: 空 | X68: 空 | Y68: 4级 | Z68: 5级 | AA68: 5级 | AB68: 5级 | AC68: 5级 | AD68: 5级 | AE68: 空 | AF68: 空 | AG68: =AH68+AI68+AJ68 -> 0 | AK68: 是
A69: 45340 | B69: 1600 | D69: =(SUM(粮草!A69:X69)+AG69*10)*IF(AK69="是",$AY$4,$AY$3) -> 1744 | E69: =SUM($B$4:B69)+SUM($C$4:C69)-SUM($D$4:D69) -> 3216 | F69: =SUM(经验!A69:X69) -> 630 | G69: =SUM($F$4:F69)+SUM($H$4:H69) -> 47755 | H69: 0 | I69: 空 | J69: 空 | K69: 空 | L69: 空 | M69: 空 | N69: 空 | O69: 空 | P69: 空 | Q69: 4级 | R69: 4级 | S69: 4级 | T69: 4级 | U69: 4级 | V69: 4级 | W69: 空 | X69: 空 | Y69: 5级 | Z69: 5级 | AA69: 5级 | AB69: 5级 | AC69: 5级 | AD69: 塔5 | AE69: 空 | AF69: 空 | AG69: =AH69+AI69+AJ69 -> 0 | AK69: 是
A70: 45341 | B70: 1600 | D70: =(SUM(粮草!A70:X70)+AG70*10)*IF(AK70="是",$AY$4,$AY$3) -> 1784 | E70: =SUM($B$4:B70)+SUM($C$4:C70)-SUM($D$4:D70) -> 3032 | F70: =SUM(经验!A70:X70) -> 635 | G70: =SUM($F$4:F70)+SUM($H$4:H70) -> 48690 | H70: 300 | I70: 空 | J70: 空 | K70: 空 | L70: 空 | M70: 空 | N70: 空 | O70: 空 | P70: 空 | Q70: 4级 | R70: 4级 | S70: 4级 | T70: 4级 | U70: 4级 | V70: 4级 | W70: 空 | X70: 空 | Y70: 5级 | Z70: 5级 | AA70: 5级 | AB70: 5级 | AC70: 5级 | AD70: 6级 | AE70: 空 | AF70: 空 | AG70: =AH70+AI70+AJ70 -> 0 | AK70: 是
A71: 45342 | B71: 1600 | D71: =(SUM(粮草!A71:X71)+AG71*10)*IF(AK71="是",$AY$4,$AY$3) -> 1720 | E71: =SUM($B$4:B71)+SUM($C$4:C71)-SUM($D$4:D71) -> 2912 | F71: =SUM(经验!A71:X71) -> 640 | G71: =SUM($F$4:F71)+SUM($H$4:H71) -> 49330 | H71: 0 | I71: 空 | J71: 空 | K71: 空 | L71: 空 | M71: 空 | N71: 空 | O71: 空 | P71: 空 | Q71: 商人 | R71: 4级 | S71: 4级 | T71: 4级 | U71: 4级 | V71: 4级 | W71: 空 | X71: 空 | Y71: 6级 | Z71: 6级 | AA71: 6级 | AB71: 6级 | AC71: 6级 | AD71: 6级 | AE71: 空 | AF71: 空 | AG71: =AH71+AI71+AJ71 -> 0 | AK71: 是
A72: 45343 | B72: 1600 | D72: =(SUM(粮草!A72:X72)+AG72*10)*IF(AK72="是",$AY$4,$AY$3) -> 1856 | E72: =SUM($B$4:B72)+SUM($C$4:C72)-SUM($D$4:D72) -> 2656 | F72: =SUM(经验!A72:X72) -> 680 | G72: =SUM($F$4:F72)+SUM($H$4:H72) -> 50210 | H72: 200 | I72: 空 | J72: 空 | K72: 空 | L72: 空 | M72: 空 | N72: 空 | O72: 空 | P72: 空 | Q72: 4级 | R72: 4级 | S72: 5级 | T72: 5级 | U72: 5级 | V72: 5级 | W72: 空 | X72: 空 | Y72: 6级 | Z72: 6级 | AA72: 6级 | AB72: 6级 | AC72: 6级 | AD72: 6级 | AE72: 空 | AF72: 空 | AG72: =AH72+AI72+AJ72 -> 0 | AK72: 是
A73: 45344 | B73: 1600 | D73: =(SUM(粮草!A73:X73)+AG73*10)*IF(AK73="是",$AY$4,$AY$3) -> 1872 | E73: =SUM($B$4:B73)+SUM($C$4:C73)-SUM($D$4:D73) -> 2384 | F73: =SUM(经验!A73:X73) -> 690 | G73: =SUM($F$4:F73)+SUM($H$4:H73) -> 50900 | H73: 0 | I73: 空 | J73: 空 | K73: 空 | L73: 空 | M73: 空 | N73: 空 | O73: 空 | P73: 空 | Q73: 5级 | R73: 5级 | S73: 5级 | T73: 5级 | U73: 5级 | V73: 5级 | W73: 空 | X73: 空 | Y73: 6级 | Z73: 6级 | AA73: 6级 | AB73: 6级 | AC73: 6级 | AD73: 6级 | AE73: 空 | AF73: 空 | AG73: =AH73+AI73+AJ73 -> 0 | AK73: 是
A74: 45345 | B74: 1600 | D74: =(SUM(粮草!A74:X74)+AG74*10)*IF(AK74="是",$AY$4,$AY$3) -> 1872 | E74: =SUM($B$4:B74)+SUM($C$4:C74)-SUM($D$4:D74) -> 2112 | F74: =SUM(经验!A74:X74) -> 690 | G74: =SUM($F$4:F74)+SUM($H$4:H74) -> 51590 | H74: 0 | I74: 空 | J74: 空 | K74: 空 | L74: 空 | M74: 空 | N74: 空 | O74: 空 | P74: 空 | Q74: 5级 | R74: 5级 | S74: 5级 | T74: 5级 | U74: 5级 | V74: 5级 | W74: 空 | X74: 空 | Y74: 6级 | Z74: 6级 | AA74: 6级 | AB74: 6级 | AC74: 6级 | AD74: 6级 | AE74: 空 | AF74: 空 | AG74: =AH74+AI74+AJ74 -> 0 | AK74: 是
A75: 45346 | B75: 1600 | D75: =(SUM(粮草!A75:X75)+AG75*10)*IF(AK75="是",$AY$4,$AY$3) -> 1800 | E75: =SUM($B$4:B75)+SUM($C$4:C75)-SUM($D$4:D75) -> 1912 | F75: =SUM(经验!A75:X75) -> 690 | G75: =SUM($F$4:F75)+SUM($H$4:H75) -> 52280 | H75: 0 | I75: 空 | J75: 空 | K75: 空 | L75: 空 | M75: 空 | N75: 空 | O75: 空 | P75: 空 | Q75: 6级 | R75: 6级 | S75: 6级 | T75: 6级 | U75: 6级 | V75: 6级 | W75: 空 | X75: 空 | Y75: 6级 | Z75: 6级 | AA75: 6级 | AB75: 6级 | AC75: 6级 | AD75: 商人 | AE75: 空 | AF75: 空 | AG75: =AH75+AI75+AJ75 -> 0 | AK75: 是
A76: 45347 | B76: 1600 | D76: =(SUM(粮草!A76:X76)+AG76*10)*IF(AK76="是",$AY$4,$AY$3) -> 1920 | E76: =SUM($B$4:B76)+SUM($C$4:C76)-SUM($D$4:D76) -> 1592 | F76: =SUM(经验!A76:X76) -> 720 | G76: =SUM($F$4:F76)+SUM($H$4:H76) -> 53000 | H76: 0 | I76: 空 | J76: 空 | K76: 空 | L76: 空 | M76: 空 | N76: 空 | O76: 空 | P76: 空 | Q76: 6级 | R76: 6级 | S76: 6级 | T76: 6级 | U76: 6级 | V76: 6级 | W76: 空 | X76: 空 | Y76: 6级 | Z76: 6级 | AA76: 6级 | AB76: 6级 | AC76: 6级 | AD76: 6级 | AE76: 空 | AF76: 空 | AG76: =AH76+AI76+AJ76 -> 0 | AK76: 是
A77: 45348 | B77: 1600 | D77: =(SUM(粮草!A77:X77)+AG77*10)*IF(AK77="是",$AY$4,$AY$3) -> 1904 | E77: =SUM($B$4:B77)+SUM($C$4:C77)-SUM($D$4:D77) -> 1288 | F77: =SUM(经验!A77:X77) -> 710 | G77: =SUM($F$4:F77)+SUM($H$4:H77) -> 54010 | H77: 300 | I77: 空 | J77: 空 | K77: 空 | L77: 空 | M77: 空 | N77: 空 | O77: 空 | P77: 空 | Q77: 6级 | R77: 6级 | S77: 6级 | T77: 6级 | U77: 6级 | V77: 6级 | W77: 空 | X77: 空 | Y77: 6级 | Z77: 6级 | AA77: 6级 | AB77: 6级 | AC77: 5级 | AD77: 5级 | AE77: 空 | AF77: 空 | AG77: =AH77+AI77+AJ77 -> 0 | AK77: 是
A78: 45349 | B78: 1600 | D78: =(SUM(粮草!A78:X78)+AG78*10)*IF(AK78="是",$AY$4,$AY$3) -> 1552 | E78: =SUM($B$4:B78)+SUM($C$4:C78)-SUM($D$4:D78) -> 1336 | F78: =SUM(经验!A78:X78) -> 630 | G78: =SUM($F$4:F78)+SUM($H$4:H78) -> 54640 | H78: 0 | I78: 空 | J78: 空 | K78: 空 | L78: 空 | M78: 空 | N78: 空 | O78: 空 | P78: 空 | Q78: 营地+ | R78: 6级 | S78: 6级 | T78: 6级 | U78: 6级 | V78: 6级 | W78: 空 | X78: 空 | Y78: 5级 | Z78: 5级 | AA78: 5级 | AB78: 5级 | AC78: 5级 | AD78: 5级 | AE78: 空 | AF78: 空 | AG78: =AH78+AI78+AJ78 -> 0 | AK78: 是
... A89: 45360 | B89: 1600 | D89: =(SUM(粮草!A89:X89)+AG89*10)*IF(AK89="是",$AY$4,$AY$3) -> 1392 | E89: =SUM($B$4:B89)+SUM($C$4:C89)-SUM($D$4:D89) -> 728 | F89: =SUM(经验!A89:X89) -> 470 | G89: =SUM($F$4:F89)+SUM($H$4:H89) -> 61905 | H89: 0 | I89: 空 | J89: 空 | K89: 空 | L89: 空 | M89: 空 | N89: 空 | O89: 空 | P89: 空 | Q89: 3级 | R89: 3级 | S89: 3级 | T89: 3级 | U89: 3级 | V89: 3级 | W89: 空 | X89: 空 | Y89: 4级 | Z89: 4级 | AA89: 4级 | AB89: 4级 | AC89: 空 | AD89: 空 | AE89: 空 | AF89: 空 | AG89: =AH89+AI89+AJ89 -> 0 | AK89: 是
A90: 45361 | B90: 1600 | D90: =(SUM(粮草!A90:X90)+AG90*10)*IF(AK90="是",$AY$4,$AY$3) -> 2232 | E90: =SUM($B$4:B90)+SUM($C$4:C90)-SUM($D$4:D90) -> 96 | F90: =SUM(经验!A90:X90) -> 750 | G90: =SUM($F$4:F90)+SUM($H$4:H90) -> 62655 | H90: 0 | I90: 3级 | J90: 3级 | K90: 3级 | L90: 3级 | M90: 3级 | N90: 3级 | O90: 空 | P90: 空 | Q90: 3级 | R90: 3级 | S90: 3级 | T90: 3级 | U90: 3级 | V90: 空 | W90: 空 | X90: 空 | Y90: 3级 | Z90: 商人 | AA90: 3级 | AB90: 3级 | AC90: 3级 | AD90: 3级 | AE90: 空 | AF90: 空 | AG90: =AH90+AI90+AJ90 -> 2 | AI90: 1 | AJ90: 1 | AK90: 是
A91: 45362 | B91: 1600 | D91: =(SUM(粮草!A91:X91)+AG91*10)*IF(AK91="是",$AY$4,$AY$3) -> 1672 | E91: =SUM($B$4:B91)+SUM($C$4:C91)-SUM($D$4:D91) -> 24 | F91: =SUM(经验!A91:X91) -> 570 | G91: =SUM($F$4:F91)+SUM($H$4:H91) -> 63425 | H91: 200 | I91: 3级 | J91: 3级 | K91: 3级 | L91: 3级 | M91: 3级 | N91: 3级 | O91: 空 | P91: 空 | Q91: 空 | R91: 空 | S91: 3级 | T91: 3级 | U91: 3级 | V91: 商人 | W91: 空 | X91: 空 | Y91: 3级 | Z91: 3级 | AA91: 3级 | AB91: 空 | AC91: 空 | AD91: 空 | AE91: 空 | AF91: 空 | AG91: =AH91+AI91+AJ91 -> 0 | AK91: 是
A92: 45363 | B92: 1600 | D92: =(SUM(粮草!A92:X92)+AG92*10)*IF(AK92="是",$AY$4,$AY$3) -> 1552 | E92: =SUM($B$4:B92)+SUM($C$4:C92)-SUM($D$4:D92) -> 72 | F92: =SUM(经验!A92:X92) -> 610 | G92: =SUM($F$4:F92)+SUM($H$4:H92) -> 64135 | H92: 100 | I92: 3级 | J92: 3级 | K92: 商人 | L92: 3级 | M92: 3级 | N92: 3级 | O92: 塔2 | P92: 2级 | Q92: 2级 | R92: 营地+ | S92: 空 | T92: 商人 | U92: 空 | V92: 空 | W92: 空 | X92: 空 | Y92: 3级 | Z92: 3级 | AA92: 3级 | AB92: 2级 | AC92: 商人 | AD92: 空 | AE92: 空 | AF92: 空 | AG92: =AH92+AI92+AJ92 -> 0 | AK92: 是
A93: 45364 | B93: 1600 | D93: =(SUM(粮草!A93:X93)+AG93*10)*IF(AK93="是",$AY$4,$AY$3) -> 1672 | E93: =SUM($B$4:B93)+SUM($C$4:C93)-SUM($D$4:D93) -> 0 | F93: =SUM(经验!A93:X93) -> 585 | G93: =SUM($F$4:F93)+SUM($H$4:H93) -> 64920 | H93: 200 | I93: 空 | J93: 空 | K93: 空 | L93: 空 | M93: 空 | N93: 空 | O93: 空 | P93: 空 | Q93: 2级 | R93: 2级 | S93: 2级 | T93: 2级 | U93: 商人 | V93: 2级 | W93: 1级 | X93: 商人 | Y93: 2级 | Z93: 2级 | AA93: 2级 | AB93: 商人 | AC93: 2级 | AD93: 1级 | AE93: 1级 | AF93: 商人 | AG93: =AH93+AI93+AJ93 -> 0 | AK93: 是
D95: 负粮草 | E95: =COUNTIF(E4:E93,"<0") -> 0

Sheet 粮草
A2: 队伍一 风 | C2: 步数 | D2: =COUNTIF(A4:H94,"<>空") -> 728 | E2: (不算跳步和传送) | I2: 队伍二 雷 | K2: 步数 | L2: =COUNTIF(I4:P94,"<>空") -> 728 | M2: (不算跳步和传送) | Q2: 队伍三 | S2: 总步数 | T2: =COUNTIF(Q4:X94,"<>空") -> 728 | U2: (不算跳步和传送)
A3: 1 | B3: 2 | C3: 3 | D3: 4 | E3: 5 | F3: 6 | G3: 7 | H3: 8 | I3: 1 | J3: 2 | K3: 3 | L3: 4 | M3: 5 | N3: 6 | O3: 7 | P3: 8 | Q3: 1 | R3: 2 | S3: 3 | T3: 4 | U3: 5 | V3: 6 | W3: 7 | X3: 8
A4: =(VLOOKUP('14.05'!I4,'14.05'!$AM$4:$AO$55,2,FALSE))*IF('14.05'!AK$4="是",'14.05'!$AY$4,'14.05'!$AY$3) -> 150 | B4: =(VLOOKUP('14.05'!J4,'14.05'!$AM$4:$AO$55,2,FALSE))*IF('14.05'!AL$4="是",'14.05'!$AY$4,'14.05'!$AY$3) -> 150 | C4: =(VLOOKUP('14.05'!K4,'14.05'!$AM$4:$AO$55,2,FALSE))*IF('14.05'!AM$4="是",'14.05'!$AY$4,'14.05'!$AY$3) -> 150 | D4: =(VLOOKUP('14.05'!L4,'14.05'!$AM$4:$AO$55,2,FALSE))*IF('14.05'!AN$4="是",'14.05'!$AY$4,'14.05'!$AY$3) -> 0 | E4: =(VLOOKUP('14.05'!M4,'14.05'!$AM$4:$AO$55,2,FALSE))*IF('14.05'!AO$4="是",'14.05'!$AY$4,'14.05'!$AY$3) -> 0 | F4: =(VLOOKUP('14.05'!N4,'14.05'!$AM$4:$AO$55,2,FALSE))*IF('14.05'!AQ$4="是",'14.05'!$AY$4,'14.05'!$AY$3) -> 0 | G4: =(VLOOKUP('14.05'!O4,'14.05'!$AM$4:$AO$55,2,FALSE))*IF('14.05'!AR$4="是",'14.05'!$AY$4,'14.05'!$AY$3) -> 0 | H4: =(VLOOKUP('14.05'!P4,'14.05'!$AM$4:$AO$55,2,FALSE))*IF('14.05'!AS$4="是",'14.05'!$AY$4,'14.05'!$AY$3) -> 0 | I4: =(VLOOKUP('14.05'!Q4,'14.05'!$AM$4:$AO$55,2,FALSE))*IF('14.05'!AT$4="是",'14.05'!$AY$4,'14.05'!$AY$3) -> 150 | J4: =(VLOOKUP('14.05'!R4,'14.05'!$AM$4:$AO$55,2,FALSE))*IF('14.05'!AU$4="是",'14.05'!$AY$4,'14.05'!$AY$3) -> 50 | K4: =(VLOOKUP('14.05'!S4,'14.05'!$AM$4:$AO$55,2,FALSE))*IF('14.05'!AV$4="是",'14.05'!$AY$4,'14.05'!$AY$3) -> 150 | L4: =(VLOOKUP('14.05'!T4,'14.05'!$AM$4:$AO$55,2,FALSE))*IF('14.05'!AW$4="是",'14.05'!$AY$4,'14.05'!$AY$3) -> 160 | M4: =(VLOOKUP('14.05'!U4,'14.05'!$AM$4:$AO$55,2,FALSE))*IF('14.05'!AX$4="是",'14.05'!$AY$4,'14.05'!$AY$3) -> 0 | ... X4: =(VLOOKUP('14.05'!AF4,'14.05'!$AM$4:$AO$55,2,FALSE))*IF('14.05'!BI$4="是",'14.05'!$AY$4,'14.05'!$AY$3) -> 0
A5: =(VLOOKUP('14.05'!I5,'14.05'!$AM$4:$AO$55,2,FALSE))*IF('14.05'!AK$4="是",'14.05'!$AY$4,'14.05'!$AY$3) -> 150 | B5: =(VLOOKUP('14.05'!J5,'14.05'!$AM$4:$AO$55,2,FALSE))*IF('14.05'!AL$4="是",'14.05'!$AY$4,'14.05'!$AY$3) -> 150 | C5: =(VLOOKUP('14.05'!K5,'14.05'!$AM$4:$AO$55,2,FALSE))*IF('14.05'!AM$4="是",'14.05'!$AY$4,'14.05'!$AY$3) -> 50 | D5: =(VLOOKUP('14.05'!L5,'14.05'!$AM$4:$AO$55,2,FALSE))*IF('14.05'!AN$4="是",'14.05'!$AY$4,'14.05'!$AY$3) -> 150 | E5: =(VLOOKUP('14.05'!M5,'14.05'!$AM$4:$AO$55,2,FALSE))*IF('14.05'!AO$4="是",'14.05'!$AY$4,'14.05'!$AY$3) -> 150 | F5: =(VLOOKUP('14.05'!N5,'14.05'!$AM$4:$AO$55,2,FALSE))*IF('14.05'!AQ$4="是",'14.05'!$AY$4,'14.05'!$AY$3) -> 160 | G5: =(VLOOKUP('14.05'!O5,'14.05'!$AM$4:$AO$55,2,FALSE))*IF('14.05'!AR$4="是",'14.05'!$AY$4,'14.05'!$AY$3) -> 0 | H5: =(VLOOKUP('14.05'!P5,'14.05'!$AM$4:$AO$55,2,FALSE))*IF('14.05'!AS$4="是",'14.05'!$AY$4,'14.05'!$AY$3) -> 0 | I5: =(VLOOKUP('14.05'!Q5,'14.05'!$AM$4:$AO$55,2,FALSE))*IF('14.05'!AT$4="是",'14.05'!$AY$4,'14.05'!$AY$3) -> 0 | J5: =(VLOOKUP('14.05'!R5,'14.05'!$AM$4:$AO$55,2,FALSE))*IF('14.05'!AU$4="是",'14.05'!$AY$4,'14.05'!$AY$3) -> 0 | K5: =(VLOOKUP('14.05'!S5,'14.05'!$AM$4:$AO$55,2,FALSE))*IF('14.05'!AV$4="是",'14.05'!$AY$4,'14.05'!$AY$3) -> 0 | L5: =(VLOOKUP('14.05'!T5,'14.05'!$AM$4:$AO$55,2,FALSE))*IF('14.05'!AW$4="是",'14.05'!$AY$4,'14.05'!$AY$3) -> 0 | M5: =(VLOOKUP('14.05'!U5,'14.05'!$AM$4:$AO$55,2,FALSE))*IF('14.05'!AX$4="是",'14.05'!$AY$4,'14.05'!$AY$3) -> 0 | ... X5: =(VLOOKUP('14.05'!AF5,'14.05'!$AM$4:$AO$55,2,FALSE))*IF('14.05'!BI$4="是",'14.05'!$AY$4,'14.05'!$AY$3) -> 170
A6: =(VLOOKUP('14.05'!I6,'14.05'!$AM$4:$AO$55,2,FALSE))*IF('14.05'!AK$4="是",'14.05'!$AY$4,'14.05'!$AY$3) -> 160 | B6: =(VLOOKUP('14.05'!J6,'14.05'!$AM$4:$AO$55,2,FALSE))*IF('14.05'!AL$4="是",'14.05'!$AY$4,'14.05'!$AY$3) -> 50 | C6: =(VLOOKUP('14.05'!K6,'14.05'!$AM$4:$AO$55,2,FALSE))*IF('14.05'!AM$4="是",'14.05'!$AY$4,'14.05'!$AY$3) -> 160 | D6: =(VLOOKUP('14.05'!L6,'14.05'!$AM$4:$AO$55,2,FALSE))*IF('14.05'!AN$4="是",'14.05'!$AY$4,'14.05'!$AY$3) -> 160 | E6: =(VLOOKUP('14.05'!M6,'14.05'!$AM$4:$AO$55,2,FALSE))*IF('14.05'!AO$4="是",'14.05'!$AY$4,'14.05'!$AY$3) -> -150 | F6: =(VLOOKUP('14.05'!N6,'14.05'!$AM$4:$AO$55,2,FALSE))*IF('14.05'!AQ$4="是",'14.05'!$AY$4,'14.05'!$AY$3) -> 170 | G6: =(VLOOKUP('14.05'!O6,'14.05'!$AM$4:$AO$55,2,FALSE))*IF('14.05'!AR$4="是",'14.05'!$AY$4,'14.05'!$AY$3) -> 170 | H6: =(VLOOKUP('14.05'!P6,'14.05'!$AM$4:$AO$55,2,FALSE))*IF('14.05'!AS$4="是",'14.05'!$AY$4,'14.05'!$AY$3) -> 170 | I6: =(VLOOKUP('14.05'!Q6,'14.05'!$AM$4:$AO$55,2,FALSE))*IF('14.05'!AT$4="是",'14.05'!$AY$4,'14.05'!$AY$3) -> 0 | J6: =(VLOOKUP('14.05'!R6,'14.05'!$AM$4:$AO$55,2,FALSE))*IF('14.05'!AU$4="是",'14.05'!$AY$4,'14.05'!$AY$3) -> 0 | K6: =(VLOOKUP('14.05'!S6,'14.05'!$AM$4:$AO$55,2,FALSE))*IF('14.05'!AV$4="是",'14.05'!$AY$4,'14.05'!$AY$3) -> 0 | L6: =(VLOOKUP('14.05'!T6,'14.05'!$AM$4:$AO$55,2,FALSE))*IF('14.05'!AW$4="是",'14.05'!$AY$4,'14.05'!$AY$3) -> 0 | M6: =(VLOOKUP('14.05'!U6,'14.05'!$AM$4:$AO$55,2,FALSE))*IF('14.05'!AX$4="是",'14.05'!$AY$4,'14.05'!$AY$3) -> 0 | ... X6: =(VLOOKUP('14.05'!AF6,'14.05'!$AM$4:$AO$55,2,FALSE))*IF('14.05'!BI$4="是",'14.05'!$AY$4,'14.05'!$AY$3) -> 0
A7: =(VLOOKUP('14.05'!I7,'14.05'!$AM$4:$AO$55,2,FALSE))*IF('14.05'!AK$4="是",'14.05'!$AY$4,'14.05'!$AY$3) -> 170 | B7: =(VLOOKUP('14.05'!J7,'14.05'!$AM$4:$AO$55,2,FALSE))*IF('14.05'!AL$4="是",'14.05'!$AY$4,'14.05'!$AY$3) -> 250 | C7: =(VLOOKUP('14.05'!K7,'14.05'!$AM$4:$AO$55,2,FALSE))*IF('14.05'!AM$4="是",'14.05'!$AY$4,'14.05'!$AY$3) -> 170 | D7: =(VLOOKUP('14.05'!L7,'14.05'!$AM$4:$AO$55,2,FALSE))*IF('14.05'!AN$4="是",'14.05'!$AY$4,'14.05'!$AY$3) -> 170 | E7: =(VLOOKUP('14.05'!M7,'14.05'!$AM$4:$AO$55,2,FALSE))*IF('14.05'!AO$4="是",'14.05'!$AY$4,'14.05'!$AY$3) -> 150 | F7: =(VLOOKUP('14.05'!N7,'14.05'!$AM$4:$AO$55,2,FALSE))*IF('14.05'!AQ$4="是",'14.05'!$AY$4,'14.05'!$AY$3) -> 170 | G7: =(VLOOKUP('14.05'!O7,'14.05'!$AM$4:$AO$55,2,FALSE))*IF('14.05'!AR$4="是",'14.05'!$AY$4,'14.05'!$AY$3) -> 0 | H7: =(VLOOKUP('14.05'!P7,'14.05'!$AM$4:$AO$55,2,FALSE))*IF('14.05'!AS$4="是",'14.05'!$AY$4,'14.05'!$AY$3) -> 0 | I7: =(VLOOKUP('14.05'!Q7,'14.05'!$AM$4:$AO$55,2,FALSE))*IF('14.05'!AT$4="是",'14.05'!$AY$4,'14.05'!$AY$3) -> 0 | J7: =(VLOOKUP('14.05'!R7,'14.05'!$AM$4:$AO$55,2,FALSE))*IF('14.05'!AU$4="是",'14.05'!$AY$4,'14.05'!$AY$3) -> 0 | K7: =(VLOOKUP('14.05'!S7,'14.05'!$AM$4:$AO$55,2,FALSE))*IF('14.05'!AV$4="是",'14.05'!$AY$4,'14.05'!$AY$3) -> 0 | L7: =(VLOOKUP('14.05'!T7,'14.05'!$AM$4:$AO$55,2,FALSE))*IF('14.05'!AW$4="是",'14.05'!$AY$4,'14.05'!$AY$3) -> 0 | M7: =(VLOOKUP('14.05'!U7,'14.05'!$AM$4:$AO$55,2,FALSE))*IF('14.05'!AX$4="是",'14.05'!$AY$4,'14.05'!$AY$3) -> 0 | ... X7: =(VLOOKUP('14.05'!AF7,'14.05'!$AM$4:$AO$55,2,FALSE))*IF('14.05'!BI$4="是",'14.05'!$AY$4,'14.05'!$AY$3) -> 0
A8: =(VLOOKUP('14.05'!I8,'14.05'!$AM$4:$AO$55,2,FALSE))*IF('14.05'!AK$4="是",'14.05'!$AY$4,'14.05'!$AY$3) -> 170 | B8: =(VLOOKUP('14.05'!J8,'14.05'!$AM$4:$AO$55,2,FALSE))*IF('14.05'!AL$4="是",'14.05'!$AY$4,'14.05'!$AY$3) -> 170 | C8: =(VLOOKUP('14.05'!K8,'14.05'!$AM$4:$AO$55,2,FALSE))*IF('14.05'!AM$4="是",'14.05'!$AY$4,'14.05'!$AY$3) -> 170 | D8: =(VLOOKUP('14.05'!L8,'14.05'!$AM$4:$AO$55,2,FALSE))*IF('14.05'!AN$4="是",'14.05'!$AY$4,'14.05'!$AY$3) -> 170 | E8: =(VLOOKUP('14.05'!M8,'14.05'!$AM$4:$AO$55,2,FALSE))*IF('14.05'!AO$4="是",'14.05'!$AY$4,'14.05'!$AY$3) -> 170 | F8: =(VLOOKUP('14.05'!N8,'14.05'!$AM$4:$AO$55,2,FALSE))*IF('14.05'!AQ$4="是",'14.05'!$AY$4,'14.05'!$AY$3) -> 170 | G8: =(VLOOKUP('14.05'!O8,'14.05'!$AM$4:$AO$55,2,FALSE))*IF('14.05'!AR$4="是",'14.05'!$AY$4,'14.05'!$AY$3) -> 0 | H8: =(VLOOKUP('14.05'!P8,'14.05'!$AM$4:$AO$55,2,FALSE))*IF('14.05'!AS$4="是",'14.05'!$AY$4,'14.05'!$AY$3) -> 0 | I8: =(VLOOKUP('14.05'!Q8,'14.05'!$AM$4:$AO$55,2,FALSE))*IF('14.05'!AT$4="是",'14.05'!$AY$4,'14.05'!$AY$3) -> 0 | J8: =(VLOOKUP('14.05'!R8,'14.05'!$AM$4:$AO$55,2,FALSE))*IF('14.05'!AU$4="是",'14.05'!$AY$4,'14.05'!$AY$3) -> 0 | K8: =(VLOOKUP('14.05'!S8,'14.05'!$AM$4:$AO$55,2,FALSE))*IF('14.05'!AV$4="是",'14.05'!$AY$4,'14.05'!$AY$3) -> 0 | L8: =(VLOOKUP('14.05'!T8,'14.05'!$AM$4:$AO$55,2,FALSE))*IF('14.05'!AW$4="是",'14.05'!$AY$4,'14.05'!$AY$3) -> 0 | M8: =(VLOOKUP('14.05'!U8,'14.05'!$AM$4:$AO$55,2,FALSE))*IF('14.05'!AX$4="是",'14.05'!$AY$4,'14.05'!$AY$3) -> 0 | ... X8: =(VLOOKUP('14.05'!AF8,'14.05'!$AM$4:$AO$55,2,FALSE))*IF('14.05'!BI$4="是",'14.05'!$AY$4,'14.05'!$AY$3) -> 0
A9: =(VLOOKUP('14.05'!I9,'14.05'!$AM$4:$AO$55,2,FALSE))*IF('14.05'!AK$4="是",'14.05'!$AY$4,'14.05'!$AY$3) -> 170 | B9: =(VLOOKUP('14.05'!J9,'14.05'!$AM$4:$AO$55,2,FALSE))*IF('14.05'!AL$4="是",'14.05'!$AY$4,'14.05'!$AY$3) -> 0 | C9: =(VLOOKUP('14.05'!K9,'14.05'!$AM$4:$AO$55,2,FALSE))*IF('14.05'!AM$4="是",'14.05'!$AY$4,'14.05'!$AY$3) -> 0 | D9: =(VLOOKUP('14.05'!L9,'14.05'!$AM$4:$AO$55,2,FALSE))*IF('14.05'!AN$4="是",'14.05'!$AY$4,'14.05'!$AY$3) -> 0 | E9: =(VLOOKUP('14.05'!M9,'14.05'!$AM$4:$AO$55,2,FALSE))*IF('14.05'!AO$4="是",'14.05'!$AY$4,'14.05'!$AY$3) -> 0 | F9: =(VLOOKUP('14.05'!N9,'14.05'!$AM$4:$AO$55,2,FALSE))*IF('14.05'!AQ$4="是",'14.05'!$AY$4,'14.05'!$AY$3) -> 0 | G9: =(VLOOKUP('14.05'!O9,'14.05'!$AM$4:$AO$55,2,FALSE))*IF('14.05'!AR$4="是",'14.05'!$AY$4,'14.05'!$AY$3) -> 0 | H9: =(VLOOKUP('14.05'!P9,'14.05'!$AM$4:$AO$55,2,FALSE))*IF('14.05'!AS$4="是",'14.05'!$AY$4,'14.05'!$AY$3) -> 0 | I9: =(VLOOKUP('14.05'!Q9,'14.05'!$AM$4:$AO$55,2,FALSE))*IF('14.05'!AT$4="是",'14.05'!$AY$4,'14.05'!$AY$3) -> 0 | J9: =(VLOOKUP('14.05'!R9,'14.05'!$AM$4:$AO$55,2,FALSE))*IF('14.05'!AU$4="是",'14.05'!$AY$4,'14.05'!$AY$3) -> 0 | K9: =(VLOOKUP('14.05'!S9,'14.05'!$AM$4:$AO$55,2,FALSE))*IF('14.05'!AV$4="是",'14.05'!$AY$4,'14.05'!$AY$3) -> 0 | L9: =(VLOOKUP('14.05'!T9,'14.05'!$AM$4:$AO$55,2,FALSE))*IF('14.05'!AW$4="是",'14.05'!$AY$4,'14.05'!$AY$3) -> 0 | M9: =(VLOOKUP('14.05'!U9,'14.05'!$AM$4:$AO$55,2,FALSE))*IF('14.05'!AX$4="是",'14.05'!$AY$4,'14.05'!$AY$3) -> 0 | ... X9: =(VLOOKUP('14.05'!AF9,'14.05'!$AM$4:$AO$55,2,FALSE))*IF('14.05'!BI$4="是",'14.05'!$AY$4,'14.05'!$AY$3) -> 0
A10: =(VLOOKUP('14.05'!I10,'14.05'!$AM$4:$AO$55,2,FALSE))*IF('14.05'!AK$4="是",'14.05'!$AY$4,'14.05'!$AY$3) -> 0 | B10: =(VLOOKUP('14.05'!J10,'14.05'!$AM$4:$AO$55,2,FALSE))*IF('14.05'!AL$4="是",'14.05'!$AY$4,'14.05'!$AY$3) -> 0 | C10: =(VLOOKUP('14.05'!K10,'14.05'!$AM$4:$AO$55,2,FALSE))*IF('14.05'!AM$4="是",'14.05'!$AY$4,'14.05'!$AY$3) -> 0 | D10: =(VLOOKUP('14.05'!L10,'14.05'!$AM$4:$AO$55,2,FALSE))*IF('14.05'!AN$4="是",'14.05'!$AY$4,'14.05'!$AY$3) -> 0 | E10: =(VLOOKUP('14.05'!M10,'14.05'!$AM$4:$AO$55,2,FALSE))*IF('14.05'!AO$4="是",'14.05'!$AY$4,'14.05'!$AY$3) -> 0 | F10: =(VLOOKUP('14.05'!N10,'14.05'!$AM$4:$AO$55,2,FALSE))*IF('14.05'!AQ$4="是",'14.05'!$AY$4,'14.05'!$AY$3) -> 0 | G10: =(VLOOKUP('14.05'!O10,'14.05'!$AM$4:$AO$55,2,FALSE))*IF('14.05'!AR$4="是",'14.05'!$AY$4,'14.05'!$AY$3) -> 0 | H10: =(VLOOKUP('14.05'!P10,'14.05'!$AM$4:$AO$55,2,FALSE))*IF('14.05'!AS$4="是",'14.05'!$AY$4,'14.05'!$AY$3) -> 0 | I10: =(VLOOKUP('14.05'!Q10,'14.05'!$AM$4:$AO$55,2,FALSE))*IF('14.05'!AT$4="是",'14.05'!$AY$4,'14.05'!$AY$3) -> 0 | J10: =(VLOOKUP('14.05'!R10,'14.05'!$AM$4:$AO$55,2,FALSE))*IF('14.05'!AU$4="是",'14.05'!$AY$4,'14.05'!$AY$3) -> 0 | K10: =(VLOOKUP('14.05'!S10,'14.05'!$AM$4:$AO$55,2,FALSE))*IF('14.05'!AV$4="是",'14.05'!$AY$4,'14.05'!$AY$3) -> 0 | L10: =(VLOOKUP('14.05'!T10,'14.05'!$AM$4:$AO$55,2,FALSE))*IF('14.05'!AW$4="是",'14.05'!$AY$4,'14.05'!$AY$3) -> 0 | M10: =(VLOOKUP('14.05'!U10,'14.05'!$AM$4:$AO$55,2,FALSE))*IF('14.05'!AX$4="是",'14.05'!$AY$4,'14.05'!$AY$3) -> 0 | ... X10: =(VLOOKUP('14.05'!AF10,'14.05'!$AM$4:$AO$55,2,FALSE))*IF('14.05'!BI$4="是",'14.05'!$AY$4,'14.05'!$AY$3) -> 170
A11: =(VLOOKUP('14.05'!I11,'14.05'!$AM$4:$AO$55,2,FALSE))*IF('14.05'!AK$4="是",'14.05'!$AY$4,'14.05'!$AY$3) -> 0 | B11: =(VLOOKUP('14.05'!J11,'14.05'!$AM$4:$AO$55,2,FALSE))*IF('14.05'!AL$4="是",'14.05'!$AY$4,'14.05'!$AY$3) -> 0 | C11: =(VLOOKUP('14.05'!K11,'14.05'!$AM$4:$AO$55,2,FALSE))*IF('14.05'!AM$4="是",'14.05'!$AY$4,'14.05'!$AY$3) -> 0 | D11: =(VLOOKUP('14.05'!L11,'14.05'!$AM$4:$AO$55,2,FALSE))*IF('14.05'!AN$4="是",'14.05'!$AY$4,'14.05'!$AY$3) -> 0 | E11: =(VLOOKUP('14.05'!M11,'14.05'!$AM$4:$AO$55,2,FALSE))*IF('14.05'!AO$4="是",'14.05'!$AY$4,'14.05'!$AY$3) -> 0 | F11: =(VLOOKUP('14.05'!N11,'14.05'!$AM$4:$AO$55,2,FALSE))*IF('14.05'!AQ$4="是",'14.05'!$AY$4,'14.05'!$AY$3) -> 0 | G11: =(VLOOKUP('14.05'!O11,'14.05'!$AM$4:$AO$55,2,FALSE))*IF('14.05'!AR$4="是",'14.05'!$AY$4,'14.05'!$AY$3) -> 0 | H11: =(VLOOKUP('14.05'!P11,'14.05'!$AM$4:$AO$55,2,FALSE))*IF('14.05'!AS$4="是",'14.05'!$AY$4,'14.05'!$AY$3) -> 0 | I11: =(VLOOKUP('14.05'!Q11,'14.05'!$AM$4:$AO$55,2,FALSE))*IF('14.05'!AT$4="是",'14.05'!$AY$4,'14.05'!$AY$3) -> 0 | J11: =(VLOOKUP('14.05'!R11,'14.05'!$AM$4:$AO$55,2,FALSE))*IF('14.05'!AU$4="是",'14.05'!$AY$4,'14.05'!$AY$3) -> 0 | K11: =(VLOOKUP('14.05'!S11,'14.05'!$AM$4:$AO$55,2,FALSE))*IF('14.05'!AV$4="是",'14.05'!$AY$4,'14.05'!$AY$3) -> 0 | L11: =(VLOOKUP('14.05'!T11,'14.05'!$AM$4:$AO$55,2,FALSE))*IF('14.05'!AW$4="是",'14.05'!$AY$4,'14.05'!$AY$3) -> 0 | M11: =(VLOOKUP('14.05'!U11,'14.05'!$AM$4:$AO$55,2,FALSE))*IF('14.05'!AX$4="是",'14.05'!$AY$4,'14.05'!$AY$3) -> 0 | ... X11: =(VLOOKUP('14.05'!AF11,'14.05'!$AM$4:$AO$55,2,FALSE))*IF('14.05'!BI$4="是",'14.05'!$AY$4,'14.05'!$AY$3) -> 0
A12: =(VLOOKUP('14.05'!I12,'14.05'!$AM$4:$AO$55,2,FALSE))*IF('14.05'!AK$4="是",'14.05'!$AY$4,'14.05'!$AY$3) -> 0 | B12: =(VLOOKUP('14.05'!J12,'14.05'!$AM$4:$AO$55,2,FALSE))*IF('14.05'!AL$4="是",'14.05'!$AY$4,'14.05'!$AY$3) -> 0 | C12: =(VLOOKUP('14.05'!K12,'14.05'!$AM$4:$AO$55,2,FALSE))*IF('14.05'!AM$4="是",'14.05'!$AY$4,'14.05'!$AY$3) -> 0 | D12: =(VLOOKUP('14.05'!L12,'14.05'!$AM$4:$AO$55,2,FALSE))*IF('14.05'!AN$4="是",'14.05'!$AY$4,'14.05'!$AY$3) -> 0 | E12: =(VLOOKUP('14.05'!M12,'14.05'!$AM$4:$AO$55,2,FALSE))*IF('14.05'!AO$4="是",'14.05'!$AY$4,'14.05'!$AY$3) -> 0 | F12: =(VLOOKUP('14.05'!N12,'14.05'!$AM$4:$AO$55,2,FALSE))*IF('14.05'!AQ$4="是",'14.05'!$AY$4,'14.05'!$AY$3) -> 0 | G12: =(VLOOKUP('14.05'!O12,'14.05'!$AM$4:$AO$55,2,FALSE))*IF('14.05'!AR$4="是",'14.05'!$AY$4,'14.05'!$AY$3) -> 0 | H12: =(VLOOKUP('14.05'!P12,'14.05'!$AM$4:$AO$55,2,FALSE))*IF('14.05'!AS$4="是",'14.05'!$AY$4,'14.05'!$AY$3) -> 0 | I12: =(VLOOKUP('14.05'!Q12,'14.05'!$AM$4:$AO$55,2,FALSE))*IF('14.05'!AT$4="是",'14.05'!$AY$4,'14.05'!$AY$3) -> 0 | J12: =(VLOOKUP('14.05'!R12,'14.05'!$AM$4:$AO$55,2,FALSE))*IF('14.05'!AU$4="是",'14.05'!$AY$4,'14.05'!$AY$3) -> 0 | K12: =(VLOOKUP('14.05'!S12,'14.05'!$AM$4:$AO$55,2,FALSE))*IF('14.05'!AV$4="是",'14.05'!$AY$4,'14.05'!$AY$3) -> 0 | L12: =(VLOOKUP('14.05'!T12,'14.05'!$AM$4:$AO$55,2,FALSE))*IF('14.05'!AW$4="是",'14.05'!$AY$4,'14.05'!$AY$3) -> 0 | M12: =(VLOOKUP('14.05'!U12,'14.05'!$AM$4:$AO$55,2,FALSE))*IF('14.05'!AX$4="是",'14.05'!$AY$4,'14.05'!$AY$3) -> 0 | ... X12: =(VLOOKUP('14.05'!AF12,'14.05'!$AM$4:$AO$55,2,FALSE))*IF('14.05'!BI$4="是",'14.05'!$AY$4,'14.05'!$AY$3) -> 0
A13: =(VLOOKUP('14.05'!I13,'14.05'!$AM$4:$AO$55,2,FALSE))*IF('14.05'!AK$4="是",'14.05'!$AY$4,'14.05'!$AY$3) -> 170 | B13: =(VLOOKUP('14.05'!J13,'14.05'!$AM$4:$AO$55,2,FALSE))*IF('14.05'!AL$4="是",'14.05'!$AY$4,'14.05'!$AY$3) -> 150 | C13: =(VLOOKUP('14.05'!K13,'14.05'!$AM$4:$AO$55,2,FALSE))*IF('14.05'!AM$4="是",'14.05'!$AY$4,'14.05'!$AY$3) -> 170 | D13: =(VLOOKUP('14.05'!L13,'14.05'!$AM$4:$AO$55,2,FALSE))*IF('14.05'!AN$4="是",'14.05'!$AY$4,'14.05'!$AY$3) -> 170 | E13: =(VLOOKUP('14.05'!M13,'14.05'!$AM$4:$AO$55,2,FALSE))*IF('14.05'!AO$4="是",'14.05'!$AY$4,'14.05'!$AY$3) -> 50 | F13: =(VLOOKUP('14.05'!N13,'14.05'!$AM$4:$AO$55,2,FALSE))*IF('14.05'!AQ$4="是",'14.05'!$AY$4,'14.05'!$AY$3) -> 170 | G13: =(VLOOKUP('14.05'!O13,'14.05'!$AM$4:$AO$55,2,FALSE))*IF('14.05'!AR$4="是",'14.05'!$AY$4,'14.05'!$AY$3) -> 0 | H13: =(VLOOKUP('14.05'!P13,'14.05'!$AM$4:$AO$55,2,FALSE))*IF('14.05'!AS$4="是",'14.05'!$AY$4,'14.05'!$AY$3) -> 0 | I13: =(VLOOKUP('14.05'!Q13,'14.05'!$AM$4:$AO$55,2,FALSE))*IF('14.05'!AT$4="是",'14.05'!$AY$4,'14.05'!$AY$3) -> 50 | J13: =(VLOOKUP('14.05'!R13,'14.05'!$AM$4:$AO$55,2,FALSE))*IF('14.05'!AU$4="是",'14.05'!$AY$4,'14.05'!$AY$3) -> 170 | K13: =(VLOOKUP('14.05'!S13,'14.05'!$AM$4:$AO$55,2,FALSE))*IF('14.05'!AV$4="是",'14.05'!$AY$4,'14.05'!$AY$3) -> 170 | L13: =(VLOOKUP('14.05'!T13,'14.05'!$AM$4:$AO$55,2,FALSE))*IF('14.05'!AW$4="是",'14.05'!$AY$4,'14.05'!$AY$3) -> 170 | M13: =(VLOOKUP('14.05'!U13,'14.05'!$AM$4:$AO$55,2,FALSE))*IF('14.05'!AX$4="是",'14.05'!$AY$4,'14.05'!$AY$3) -> 170 | ... X13: =(VLOOKUP('14.05'!AF13,'14.05'!$AM$4:$AO$55,2,FALSE))*IF('14.05'!BI$4="是",'14.05'!$AY$4,'14.05'!$AY$3) -> 0
A14: =(VLOOKUP('14.05'!I14,'14.05'!$AM$4:$AO$55,2,FALSE))*IF('14.05'!AK$4="是",'14.05'!$AY$4,'14.05'!$AY$3) -> 180 | B14: =(VLOOKUP('14.05'!J14,'14.05'!$AM$4:$AO$55,2,FALSE))*IF('14.05'!AL$4="是",'14.05'!$AY$4,'14.05'!$AY$3) -> 180 | C14: =(VLOOKUP('14.05'!K14,'14.05'!$AM$4:$AO$55,2,FALSE))*IF('14.05'!AM$4="是",'14.05'!$AY$4,'14.05'!$AY$3) -> 180 | D14: =(VLOOKUP('14.05'!L14,'14.05'!$AM$4:$AO$55,2,FALSE))*IF('14.05'!AN$4="是",'14.05'!$AY$4,'14.05'!$AY$3) -> 180 | E14: =(VLOOKUP('14.05'!M14,'14.05'!$AM$4:$AO$55,2,FALSE))*IF('14.05'!AO$4="是",'14.05'!$AY$4,'14.05'!$AY$3) -> 180 | F14: =(VLOOKUP('14.05'!N14,'14.05'!$AM$4:$AO$55,2,FALSE))*IF('14.05'!AQ$4="是",'14.05'!$AY$4,'14.05'!$AY$3) -> 180 | G14: =(VLOOKUP('14.05'!O14,'14.05'!$AM$4:$AO$55,2,FALSE))*IF('14.05'!AR$4="是",'14.05'!$AY$4,'14.05'!$AY$3) -> 0 | H14: =(VLOOKUP('14.05'!P14,'14.05'!$AM$4:$AO$55,2,FALSE))*IF('14.05'!AS$4="是",'14.05'!$AY$4,'14.05'!$AY$3) -> 0 | I14: =(VLOOKUP('14.05'!Q14,'14.05'!$AM$4:$AO$55,2,FALSE))*IF('14.05'!AT$4="是",'14.05'!$AY$4,'14.05'!$AY$3) -> 50 | J14: =(VLOOKUP('14.05'!R14,'14.05'!$AM$4:$AO$55,2,FALSE))*IF('14.05'!AU$4="是",'14.05'!$AY$4,'14.05'!$AY$3) -> 170 | K14: =(VLOOKUP('14.05'!S14,'14.05'!$AM$4:$AO$55,2,FALSE))*IF('14.05'!AV$4="是",'14.05'!$AY$4,'14.05'!$AY$3) -> 170 | L14: =(VLOOKUP('14.05'!T14,'14.05'!$AM$4:$AO$55,2,FALSE))*IF('14.05'!AW$4="是",'14.05'!$AY$4,'14.05'!$AY$3) -> 170 | M14: =(VLOOKUP('14.05'!U14,'14.05'!$AM$4:$AO$55,2,FALSE))*IF('14.05'!AX$4="是",'14.05'!$AY$4,'14.05'!$AY$3) -> 50 | ... X14: =(VLOOKUP('14.05'!AF14,'14.05'!$AM$4:$AO$55,2,FALSE))*IF('14.05'!BI$4="是",'14.05'!$AY$4,'14.05'!$AY$3) -> 0
A15: =(VLOOKUP('14.05'!I15,'14.05'!$AM$4:$AO$55,2,FALSE))*IF('14.05'!AK$4="是",'14.05'!$AY$4,'14.05'!$AY$3) -> 180 | B15: =(VLOOKUP('14.05'!J15,'14.05'!$AM$4:$AO$55,2,FALSE))*IF('14.05'!AL$4="是",'14.05'!$AY$4,'14.05'!$AY$3) -> 180 | C15: =(VLOOKUP('14.05'!K15,'14.05'!$AM$4:$AO$55,2,FALSE))*IF('14.05'!AM$4="是",'14.05'!$AY$4,'14.05'!$AY$3) -> 180 | D15: =(VLOOKUP('14.05'!L15,'14.05'!$AM$4:$AO$55,2,FALSE))*IF('14.05'!AN$4="是",'14.05'!$AY$4,'14.05'!$AY$3) -> 180 | E15: =(VLOOKUP('14.05'!M15,'14.05'!$AM$4:$AO$55,2,FALSE))*IF('14.05'!AO$4="是",'14.05'!$AY$4,'14.05'!$AY$3) -> 180 | F15: =(VLOOKUP('14.05'!N15,'14.05'!$AM$4:$AO$55,2,FALSE))*IF('14.05'!AQ$4="是",'14.05'!$AY$4,'14.05'!$AY$3) -> 180 | G15: =(VLOOKUP('14.05'!O15,'14.05'!$AM$4:$AO$55,2,FALSE))*IF('14.05'!AR$4="是",'14.05'!$AY$4,'14.05'!$AY$3) -> 0 | H15: =(VLOOKUP('14.05'!P15,'14.05'!$AM$4:$AO$55,2,FALSE))*IF('14.05'!AS$4="是",'14.05'!$AY$4,'14.05'!$AY$3) -> 0 | I15: =(VLOOKUP('14.05'!Q15,'14.05'!$AM$4:$AO$55,2,FALSE))*IF('14.05'!AT$4="是",'14.05'!$AY$4,'14.05'!$AY$3) -> 170 | J15: =(VLOOKUP('14.05'!R15,'14.05'!$AM$4:$AO$55,2,FALSE))*IF('14.05'!AU$4="是",'14.05'!$AY$4,'14.05'!$AY$3) -> 170 | K15: =(VLOOKUP('14.05'!S15,'14.05'!$AM$4:$AO$55,2,FALSE))*IF('14.05'!AV$4="是",'14.05'!$AY$4,'14.05'!$AY$3) -> 170 | L15: =(VLOOKUP('14.05'!T15,'14.05'!$AM$4:$AO$55,2,FALSE))*IF('14.05'!AW$4="是",'14.05'!$AY$4,'14.05'!$AY$3) -> 170 | M15: =(VLOOKUP('14.05'!U15,'14.05'!$AM$4:$AO$55,2,FALSE))*IF('14.05'!AX$4="是",'14.05'!$AY$4,'14.05'!$AY$3) -> 170 | ... X15: =(VLOOKUP('14.05'!AF15,'14.05'!$AM$4:$AO$55,2,FALSE))*IF('14.05'!BI$4="是",'14.05'!$AY$4,'14.05'!$AY$3) -> 0
... A93: =(VLOOKUP('14.05'!I93,'14.05'!$AM$4:$AO$55,2,FALSE))*IF('14.05'!AK$4="是",'14.05'!$AY$4,'14.05'!$AY$3) -> 0 | B93: =(VLOOKUP('14.05'!J93,'14.05'!$AM$4:$AO$55,2,FALSE))*IF('14.05'!AL$4="是",'14.05'!$AY$4,'14.05'!$AY$3) -> 0 | C93: =(VLOOKUP('14.05'!K93,'14.05'!$AM$4:$AO$55,2,FALSE))*IF('14.05'!AM$4="是",'14.05'!$AY$4,'14.05'!$AY$3) -> 0 | D93: =(VLOOKUP('14.05'!L93,'14.05'!$AM$4:$AO$55,2,FALSE))*IF('14.05'!AN$4="是",'14.05'!$AY$4,'14.05'!$AY$3) -> 0 | E93: =(VLOOKUP('14.05'!M93,'14.05'!$AM$4:$AO$55,2,FALSE))*IF('14.05'!AO$4="是",'14.05'!$AY$4,'14.05'!$AY$3) -> 0 | F93: =(VLOOKUP('14.05'!N93,'14.05'!$AM$4:$AO$55,2,FALSE))*IF('14.05'!AQ$4="是",'14.05'!$AY$4,'14.05'!$AY$3) -> 0 | G93: =(VLOOKUP('14.05'!O93,'14.05'!$AM$4:$AO$55,2,FALSE))*IF('14.05'!AR$4="是",'14.05'!$AY$4,'14.05'!$AY$3) -> 0 | H93: =(VLOOKUP('14.05'!P93,'14.05'!$AM$4:$AO$55,2,FALSE))*IF('14.05'!AS$4="是",'14.05'!$AY$4,'14.05'!$AY$3) -> 0 | I93: =(VLOOKUP('14.05'!Q93,'14.05'!$AM$4:$AO$55,2,FALSE))*IF('14.05'!AT$4="是",'14.05'!$AY$4,'14.05'!$AY$3) -> 160 | J93: =(VLOOKUP('14.05'!R93,'14.05'!$AM$4:$AO$55,2,FALSE))*IF('14.05'!AU$4="是",'14.05'!$AY$4,'14.05'!$AY$3) -> 160 | K93: =(VLOOKUP('14.05'!S93,'14.05'!$AM$4:$AO$55,2,FALSE))*IF('14.05'!AV$4="是",'14.05'!$AY$4,'14.05'!$AY$3) -> 160 | L93: =(VLOOKUP('14.05'!T93,'14.05'!$AM$4:$AO$55,2,FALSE))*IF('14.05'!AW$4="是",'14.05'!$AY$4,'14.05'!$AY$3) -> 160 | M93: =(VLOOKUP('14.05'!U93,'14.05'!$AM$4:$AO$55,2,FALSE))*IF('14.05'!AX$4="是",'14.05'!$AY$4,'14.05'!$AY$3) -> 50 | ... X93: =(VLOOKUP('14.05'!AF93,'14.05'!$AM$4:$AO$55,2,FALSE))*IF('14.05'!BI$4="是",'14.05'!$AY$4,'14.05'!$AY$3) -> 50
A94: =(VLOOKUP('14.05'!#REF!,'14.05'!$AM$4:$AO$55,2,FALSE))*IF('14.05'!AK$4="是",'14.05'!$AY$4,'14.05'!$AY$3) -> #REF! | B94: =(VLOOKUP('14.05'!#REF!,'14.05'!$AM$4:$AO$55,2,FALSE))*IF('14.05'!AL$4="是",'14.05'!$AY$4,'14.05'!$AY$3) -> #REF! | C94: =(VLOOKUP('14.05'!#REF!,'14.05'!$AM$4:$AO$55,2,FALSE))*IF('14.05'!AM$4="是",'14.05'!$AY$4,'14.05'!$AY$3) -> #REF! | D94: =(VLOOKUP('14.05'!#REF!,'14.05'!$AM$4:$AO$55,2,FALSE))*IF('14.05'!AN$4="是",'14.05'!$AY$4,'14.05'!$AY$3) -> #REF! | E94: =(VLOOKUP('14.05'!#REF!,'14.05'!$AM$4:$AO$55,2,FALSE))*IF('14.05'!AO$4="是",'14.05'!$AY$4,'14.05'!$AY$3) -> #REF! | F94: =(VLOOKUP('14.05'!#REF!,'14.05'!$AM$4:$AO$55,2,FALSE))*IF('14.05'!AQ$4="是",'14.05'!$AY$4,'14.05'!$AY$3) -> #REF! | G94: =(VLOOKUP('14.05'!#REF!,'14.05'!$AM$4:$AO$55,2,FALSE))*IF('14.05'!AR$4="是",'14.05'!$AY$4,'14.05'!$AY$3) -> #REF! | H94: =(VLOOKUP('14.05'!#REF!,'14.05'!$AM$4:$AO$55,2,FALSE))*IF('14.05'!AS$4="是",'14.05'!$AY$4,'14.05'!$AY$3) -> #REF! | I94: =(VLOOKUP('14.05'!#REF!,'14.05'!$AM$4:$AO$55,2,FALSE))*IF('14.05'!AT$4="是",'14.05'!$AY$4,'14.05'!$AY$3) -> #REF! | J94: =(VLOOKUP('14.05'!#REF!,'14.05'!$AM$4:$AO$55,2,FALSE))*IF('14.05'!AU$4="是",'14.05'!$AY$4,'14.05'!$AY$3) -> #REF! | K94: =(VLOOKUP('14.05'!#REF!,'14.05'!$AM$4:$AO$55,2,FALSE))*IF('14.05'!AV$4="是",'14.05'!$AY$4,'14.05'!$AY$3) -> #REF! | L94: =(VLOOKUP('14.05'!#REF!,'14.05'!$AM$4:$AO$55,2,FALSE))*IF('14.05'!AW$4="是",'14.05'!$AY$4,'14.05'!$AY$3) -> #REF! | M94: =(VLOOKUP('14.05'!#REF!,'14.05'!$AM$4:$AO$55,2,FALSE))*IF('14.05'!AX$4="是",'14.05'!$AY$4,'14.05'!$AY$3) -> #REF! | ... X94: =(VLOOKUP('14.05'!#REF!,'14.05'!$AM$4:$AO$55,2,FALSE))*IF('14.05'!BI$4="是",'14.05'!$AY$4,'14.05'!$AY$3) -> #REF!

Sheet 经验
A2: 队伍一 风 | C2: 步数 | D2: =COUNTIF(A4:H94,"<>空") -> 728 | E2: (不算跳步和传送) | I2: 队伍二 雷 | K2: 步数 | L2: =COUNTIF(I4:P94,"<>空") -> 728 | M2: (不算跳步和传送) | Q2: 队伍三 | S2: 总步数 | T2: =COUNTIF(Q4:X94,"<>空") -> 728 | U2: (不算跳步和传送)
A3: 1 | B3: 2 | C3: 3 | D3: 4 | E3: 5 | F3: 6 | G3: 7 | H3: 8 | I3: 1 | J3: 2 | K3: 3 | L3: 4 | M3: 5 | N3: 6 | O3: 7 | P3: 8 | Q3: 1 | R3: 2 | S3: 3 | T3: 4 | U3: 5 | V3: 6 | W3: 7 | X3: 8
A4: =(VLOOKUP('14.05'!I4,'14.05'!$AM$4:$AO$55,3,FALSE)) -> 35 | B4: =(VLOOKUP('14.05'!J4,'14.05'!$AM$4:$AO$55,3,FALSE)) -> 35 | C4: =(VLOOKUP('14.05'!K4,'14.05'!$AM$4:$AO$55,3,FALSE)) -> 35 | D4: =(VLOOKUP('14.05'!L4,'14.05'!$AM$4:$AO$55,3,FALSE)) -> 0 | E4: =(VLOOKUP('14.05'!M4,'14.05'!$AM$4:$AO$55,3,FALSE)) -> 0 | F4: =(VLOOKUP('14.05'!N4,'14.05'!$AM$4:$AO$55,3,FALSE)) -> 0 | G4: =(VLOOKUP('14.05'!O4,'14.05'!$AM$4:$AO$55,3,FALSE)) -> 0 | H4: =(VLOOKUP('14.05'!P4,'14.05'!$AM$4:$AO$55,3,FALSE)) -> 0 | ... X4: =(VLOOKUP('14.05'!AF4,'14.05'!$AM$4:$AO$55,3,FALSE)) -> 0
A5: =(VLOOKUP('14.05'!I5,'14.05'!$AM$4:$AO$55,3,FALSE)) -> 35 | B5: =(VLOOKUP('14.05'!J5,'14.05'!$AM$4:$AO$55,3,FALSE)) -> 35 | C5: =(VLOOKUP('14.05'!K5,'14.05'!$AM$4:$AO$55,3,FALSE)) -> 30 | D5: =(VLOOKUP('14.05'!L5,'14.05'!$AM$4:$AO$55,3,FALSE)) -> 35 | E5: =(VLOOKUP('14.05'!M5,'14.05'!$AM$4:$AO$55,3,FALSE)) -> 35 | F5: =(VLOOKUP('14.05'!N5,'14.05'!$AM$4:$AO$55,3,FALSE)) -> 40 | G5: =(VLOOKUP('14.05'!O5,'14.05'!$AM$4:$AO$55,3,FALSE)) -> 0 | H5: =(VLOOKUP('14.05'!P5,'14.05'!$AM$4:$AO$55,3,FALSE)) -> 0 | ... X5: =(VLOOKUP('14.05'!AF5,'14.05'!$AM$4:$AO$55,3,FALSE)) -> 45
A6: =(VLOOKUP('14.05'!I6,'14.05'!$AM$4:$AO$55,3,FALSE)) -> 40 | B6: =(VLOOKUP('14.05'!J6,'14.05'!$AM$4:$AO$55,3,FALSE)) -> 30 | C6: =(VLOOKUP('14.05'!K6,'14.05'!$AM$4:$AO$55,3,FALSE)) -> 40 | D6: =(VLOOKUP('14.05'!L6,'14.05'!$AM$4:$AO$55,3,FALSE)) -> 40 | E6: =(VLOOKUP('14.05'!M6,'14.05'!$AM$4:$AO$55,3,FALSE)) -> 0 | F6: =(VLOOKUP('14.05'!N6,'14.05'!$AM$4:$AO$55,3,FALSE)) -> 45 | G6: =(VLOOKUP('14.05'!O6,'14.05'!$AM$4:$AO$55,3,FALSE)) -> 45 | H6: =(VLOOKUP('14.05'!P6,'14.05'!$AM$4:$AO$55,3,FALSE)) -> 45 | ... X6: =(VLOOKUP('14.05'!AF6,'14.05'!$AM$4:$AO$55,3,FALSE)) -> 0
A7: =(VLOOKUP('14.05'!I7,'14.05'!$AM$4:$AO$55,3,FALSE)) -> 45 | B7: =(VLOOKUP('14.05'!J7,'14.05'!$AM$4:$AO$55,3,FALSE)) -> 300 | C7: =(VLOOKUP('14.05'!K7,'14.05'!$AM$4:$AO$55,3,FALSE)) -> 45 | D7: =(VLOOKUP('14.05'!L7,'14.05'!$AM$4:$AO$55,3,FALSE)) -> 45 | E7: =(VLOOKUP('14.05'!M7,'14.05'!$AM$4:$AO$55,3,FALSE)) -> 45 | F7: =(VLOOKUP('14.05'!N7,'14.05'!$AM$4:$AO$55,3,FALSE)) -> 45 | G7: =(VLOOKUP('14.05'!O7,'14.05'!$AM$4:$AO$55,3,FALSE)) -> 0 | H7: =(VLOOKUP('14.05'!P7,'14.05'!$AM$4:$AO$55,3,FALSE)) -> 0 | ... X7: =(VLOOKUP('14.05'!AF7,'14.05'!$AM$4:$AO$55,3,FALSE)) -> 0
A8: =(VLOOKUP('14.05'!I8,'14.05'!$AM$4:$AO$55,3,FALSE)) -> 45 | B8: =(VLOOKUP('14.05'!J8,'14.05'!$AM$4:$AO$55,3,FALSE)) -> 45 | C8: =(VLOOKUP('14.05'!K8,'14.05'!$AM$4:$AO$55,3,FALSE)) -> 45 | D8: =(VLOOKUP('14.05'!L8,'14.05'!$AM$4:$AO$55,3,FALSE)) -> 45 | E8: =(VLOOKUP('14.05'!M8,'14.05'!$AM$4:$AO$55,3,FALSE)) -> 45 | F8: =(VLOOKUP('14.05'!N8,'14.05'!$AM$4:$AO$55,3,FALSE)) -> 45 | G8: =(VLOOKUP('14.05'!O8,'14.05'!$AM$4:$AO$55,3,FALSE)) -> 0 | H8: =(VLOOKUP('14.05'!P8,'14.05'!$AM$4:$AO$55,3,FALSE)) -> 0 | ... X8: =(VLOOKUP('14.05'!AF8,'14.05'!$AM$4:$AO$55,3,FALSE)) -> 0
A9: =(VLOOKUP('14.05'!I9,'14.05'!$AM$4:$AO$55,3,FALSE)) -> 45 | B9: =(VLOOKUP('14.05'!J9,'14.05'!$AM$4:$AO$55,3,FALSE)) -> 0 | C9: =(VLOOKUP('14.05'!K9,'14.05'!$AM$4:$AO$55,3,FALSE)) -> 0 | D9: =(VLOOKUP('14.05'!L9,'14.05'!$AM$4:$AO$55,3,FALSE)) -> 0 | E9: =(VLOOKUP('14.05'!M9,'14.05'!$AM$4:$AO$55,3,FALSE)) -> 0 | F9: =(VLOOKUP('14.05'!N9,'14.05'!$AM$4:$AO$55,3,FALSE)) -> 0 | G9: =(VLOOKUP('14.05'!O9,'14.05'!$AM$4:$AO$55,3,FALSE)) -> 0 | H9: =(VLOOKUP('14.05'!P9,'14.05'!$AM$4:$AO$55,3,FALSE)) -> 0 | ... X9: =(VLOOKUP('14.05'!AF9,'14.05'!$AM$4:$AO$55,3,FALSE)) -> 0
A10: =(VLOOKUP('14.05'!I10,'14.05'!$AM$4:$AO$55,3,FALSE)) -> 0 | B10: =(VLOOKUP('14.05'!J10,'14.05'!$AM$4:$AO$55,3,FALSE)) -> 0 | C10: =(VLOOKUP('14.05'!K10,'14.05'!$AM$4:$AO$55,3,FALSE)) -> 0 | D10: =(VLOOKUP('14.05'!L10,'14.05'!$AM$4:$AO$55,3,FALSE)) -> 0 | E10: =(VLOOKUP('14.05'!M10,'14.05'!$AM$4:$AO$55,3,FALSE)) -> 0 | F10: =(VLOOKUP('14.05'!N10,'14.05'!$AM$4:$AO$55,3,FALSE)) -> 0 | G10: =(VLOOKUP('14.05'!O10,'14.05'!$AM$4:$AO$55,3,FALSE)) -> 0 | H10: =(VLOOKUP('14.05'!P10,'14.05'!$AM$4:$AO$55,3,FALSE)) -> 0 | ... X10: =(VLOOKUP('14.05'!AF10,'14.05'!$AM$4:$AO$55,3,FALSE)) -> 45
A11: =(VLOOKUP('14.05'!I11,'14.05'!$AM$4:$AO$55,3,FALSE)) -> 0 | B11: =(VLOOKUP('14.05'!J11,'14.05'!$AM$4:$AO$55,3,FALSE)) -> 0 | C11: =(VLOOKUP('14.05'!K11,'14.05'!$AM$4:$AO$55,3,FALSE)) -> 0 | D11: =(VLOOKUP('14.05'!L11,'14.05'!$AM$4:$AO$55,3,FALSE)) -> 0 | E11: =(VLOOKUP('14.05'!M11,'14.05'!$AM$4:$AO$55,3,FALSE)) -> 0 | F11: =(VLOOKUP('14.05'!N11,'14.05'!$AM$4:$AO$55,3,FALSE)) -> 0 | G11: =(VLOOKUP('14.05'!O11,'14.05'!$AM$4:$AO$55,3,FALSE)) -> 0 | H11: =(VLOOKUP('14.05'!P11,'14.05'!$AM$4:$AO$55,3,FALSE)) -> 0 | ... X11: =(VLOOKUP('14.05'!AF11,'14.05'!$AM$4:$AO$55,3,FALSE)) -> 0
A12: =(VLOOKUP('14.05'!I12,'14.05'!$AM$4:$AO$55,3,FALSE)) -> 0 | B12: =(VLOOKUP('14.05'!J12,'14.05'!$AM$4:$AO$55,3,FALSE)) -> 0 | C12: =(VLOOKUP('14.05'!K12,'14.05'!$AM$4:$AO$55,3,FALSE)) -> 0 | D12: =(VLOOKUP('14.05'!L12,'14.05'!$AM$4:$AO$55,3,FALSE)) -> 0 | E12: =(VLOOKUP('14.05'!M12,'14.05'!$AM$4:$AO$55,3,FALSE)) -> 0 | F12: =(VLOOKUP('14.05'!N12,'14.05'!$AM$4:$AO$55,3,FALSE)) -> 0 | G12: =(VLOOKUP('14.05'!O12,'14.05'!$AM$4:$AO$55,3,FALSE)) -> 0 | H12: =(VLOOKUP('14.05'!P12,'14.05'!$AM$4:$AO$55,3,FALSE)) -> 0 | ... X12: =(VLOOKUP('14.05'!AF12,'14.05'!$AM$4:$AO$55,3,FALSE)) -> 0
A13: =(VLOOKUP('14.05'!I13,'14.05'!$AM$4:$AO$55,3,FALSE)) -> 45 | B13: =(VLOOKUP('14.05'!J13,'14.05'!$AM$4:$AO$55,3,FALSE)) -> 45 | C13: =(VLOOKUP('14.05'!K13,'14.05'!$AM$4:$AO$55,3,FALSE)) -> 45 | D13: =(VLOOKUP('14.05'!L13,'14.05'!$AM$4:$AO$55,3,FALSE)) -> 45 | E13: =(VLOOKUP('14.05'!M13,'14.05'!$AM$4:$AO$55,3,FALSE)) -> 30 | F13: =(VLOOKUP('14.05'!N13,'14.05'!$AM$4:$AO$55,3,FALSE)) -> 45 | G13: =(VLOOKUP('14.05'!O13,'14.05'!$AM$4:$AO$55,3,FALSE)) -> 0 | H13: =(VLOOKUP('14.05'!P13,'14.05'!$AM$4:$AO$55,3,FALSE)) -> 0 | ... X13: =(VLOOKUP('14.05'!AF13,'14.05'!$AM$4:$AO$55,3,FALSE)) -> 0
A14: =(VLOOKUP('14.05'!I14,'14.05'!$AM$4:$AO$55,3,FALSE)) -> 50 | B14: =(VLOOKUP('14.05'!J14,'14.05'!$AM$4:$AO$55,3,FALSE)) -> 50 | C14: =(VLOOKUP('14.05'!K14,'14.05'!$AM$4:$AO$55,3,FALSE)) -> 50 | D14: =(VLOOKUP('14.05'!L14,'14.05'!$AM$4:$AO$55,3,FALSE)) -> 50 | E14: =(VLOOKUP('14.05'!M14,'14.05'!$AM$4:$AO$55,3,FALSE)) -> 50 | F14: =(VLOOKUP('14.05'!N14,'14.05'!$AM$4:$AO$55,3,FALSE)) -> 50 | G14: =(VLOOKUP('14.05'!O14,'14.05'!$AM$4:$AO$55,3,FALSE)) -> 0 | H14: =(VLOOKUP('14.05'!P14,'14.05'!$AM$4:$AO$55,3,FALSE)) -> 0 | ... X14: =(VLOOKUP('14.05'!AF14,'14.05'!$AM$4:$AO$55,3,FALSE)) -> 0
A15: =(VLOOKUP('14.05'!I15,'14.05'!$AM$4:$AO$55,3,FALSE)) -> 50 | B15: =(VLOOKUP('14.05'!J15,'14.05'!$AM$4:$AO$55,3,FALSE)) -> 50 | C15: =(VLOOKUP('14.05'!K15,'14.05'!$AM$4:$AO$55,3,FALSE)) -> 50 | D15: =(VLOOKUP('14.05'!L15,'14.05'!$AM$4:$AO$55,3,FALSE)) -> 50 | E15: =(VLOOKUP('14.05'!M15,'14.05'!$AM$4:$AO$55,3,FALSE)) -> 50 | F15: =(VLOOKUP('14.05'!N15,'14.05'!$AM$4:$AO$55,3,FALSE)) -> 50 | G15: =(VLOOKUP('14.05'!O15,'14.05'!$AM$4:$AO$55,3,FALSE)) -> 0 | H15: =(VLOOKUP('14.05'!P15,'14.05'!$AM$4:$AO$55,3,FALSE)) -> 0 | ... X15: =(VLOOKUP('14.05'!AF15,'14.05'!$AM$4:$AO$55,3,FALSE)) -> 0
... A93: =(VLOOKUP('14.05'!I93,'14.05'!$AM$4:$AO$55,3,FALSE)) -> 0 | B93: =(VLOOKUP('14.05'!J93,'14.05'!$AM$4:$AO$55,3,FALSE)) -> 0 | C93: =(VLOOKUP('14.05'!K93,'14.05'!$AM$4:$AO$55,3,FALSE)) -> 0 | D93: =(VLOOKUP('14.05'!L93,'14.05'!$AM$4:$AO$55,3,FALSE)) -> 0 | E93: =(VLOOKUP('14.05'!M93,'14.05'!$AM$4:$AO$55,3,FALSE)) -> 0 | F93: =(VLOOKUP('14.05'!N93,'14.05'!$AM$4:$AO$55,3,FALSE)) -> 0 | G93: =(VLOOKUP('14.05'!O93,'14.05'!$AM$4:$AO$55,3,FALSE)) -> 0 | H93: =(VLOOKUP('14.05'!P93,'14.05'!$AM$4:$AO$55,3,FALSE)) -> 0 | ... X93: =(VLOOKUP('14.05'!AF93,'14.05'!$AM$4:$AO$55,3,FALSE)) -> 30
A94: =(VLOOKUP('14.05'!#REF!,'14.05'!$AM$4:$AO$55,3,FALSE)) -> #REF! | B94: =(VLOOKUP('14.05'!#REF!,'14.05'!$AM$4:$AO$55,3,FALSE)) -> #REF! | C94: =(VLOOKUP('14.05'!#REF!,'14.05'!$AM$4:$AO$55,3,FALSE)) -> #REF! | D94: =(VLOOKUP('14.05'!#REF!,'14.05'!$AM$4:$AO$55,3,FALSE)) -> #REF! | E94: =(VLOOKUP('14.05'!#REF!,'14.05'!$AM$4:$AO$55,3,FALSE)) -> #REF! | F94: =(VLOOKUP('14.05'!#REF!,'14.05'!$AM$4:$AO$55,3,FALSE)) -> #REF! | G94: =(VLOOKUP('14.05'!#REF!,'14.05'!$AM$4:$AO$55,3,FALSE)) -> #REF! | H94: =(VLOOKUP('14.05'!#REF!,'14.05'!$AM$4:$AO$55,3,FALSE)) -> #REF! | ... X94: =(VLOOKUP('14.05'!#REF!,'14.05'!$AM$4:$AO$55,3,FALSE)) -> #REF!

Sheet 亏损
A2: 队伍一 风 | C2: 步数 | D2: =COUNTIF(A4:H94,"<>空") -> 728 | E2: (不算跳步和传送) | I2: 队伍二 雷 | K2: 步数 | L2: =COUNTIF(I4:P94,"<>空") -> 728 | M2: (不算跳步和传送) | Q2: 队伍三 | S2: 总步数 | T2: =COUNTIF(Q4:X94,"<>空") -> 728 | U2: (不算跳步和传送)
A3: 1 | B3: 2 | C3: 3 | D3: 4 | E3: 5 | F3: 6 | G3: 7 | H3: 8 | I3: 1 | J3: 2 | K3: 3 | L3: 4 | M3: 5 | N3: 6 | O3: 7 | P3: 8 | Q3: 1 | R3: 2 | S3: 3 | T3: 4 | U3: 5 | V3: 6 | W3: 7 | X3: 8
A4: =(VLOOKUP('14.05'!I4,'14.05'!$AM$4:$AP$55,4,FALSE)) -> 44.222109 | B4: =(VLOOKUP('14.05'!J4,'14.05'!$AM$4:$AP$55,4,FALSE)) -> 44.222109 | C4: =(VLOOKUP('14.05'!K4,'14.05'!$AM$4:$AP$55,4,FALSE)) -> 44.222109 | D4: =(VLOOKUP('14.05'!L4,'14.05'!$AM$4:$AP$55,4,FALSE)) -> 0 | E4: =(VLOOKUP('14.05'!M4,'14.05'!$AM$4:$AP$55,4,FALSE)) -> 0 | F4: =(VLOOKUP('14.05'!N4,'14.05'!$AM$4:$AP$55,4,FALSE)) -> 0 | G4: =(VLOOKUP('14.05'!O4,'14.05'!$AM$4:$AP$55,4,FALSE)) -> 0 | H4: =(VLOOKUP('14.05'!P4,'14.05'!$AM$4:$AP$55,4,FALSE)) -> 0 | ... X4: =(VLOOKUP('14.05'!AF4,'14.05'!$AM$4:$AP$55,4,FALSE)) -> 0
A5: =(VLOOKUP('14.05'!I5,'14.05'!$AM$4:$AP$55,4,FALSE)) -> 44.222109 | B5: =(VLOOKUP('14.05'!J5,'14.05'!$AM$4:$AP$55,4,FALSE)) -> 44.222109 | C5: =(VLOOKUP('14.05'!K5,'14.05'!$AM$4:$AP$55,4,FALSE)) -> 10 | D5: =(VLOOKUP('14.05'!L5,'14.05'!$AM$4:$AP$55,4,FALSE)) -> 44.222109 | E5: =(VLOOKUP('14.05'!M5,'14.05'!$AM$4:$AP$55,4,FALSE)) -> 44.222109 | F5: =(VLOOKUP('14.05'!N5,'14.05'!$AM$4:$AP$55,4,FALSE)) -> 39.110982 | G5: =(VLOOKUP('14.05'!O5,'14.05'!$AM$4:$AP$55,4,FALSE)) -> 0 | H5: =(VLOOKUP('14.05'!P5,'14.05'!$AM$4:$AP$55,4,FALSE)) -> 0 | ... X5: =(VLOOKUP('14.05'!AF5,'14.05'!$AM$4:$AP$55,4,FALSE)) -> 34
A6: =(VLOOKUP('14.05'!I6,'14.05'!$AM$4:$AP$55,4,FALSE)) -> 39.110982 | B6: =(VLOOKUP('14.05'!J6,'14.05'!$AM$4:$AP$55,4,FALSE)) -> 10 | C6: =(VLOOKUP('14.05'!K6,'14.05'!$AM$4:$AP$55,4,FALSE)) -> 39.110982 | D6: =(VLOOKUP('14.05'!L6,'14.05'!$AM$4:$AP$55,4,FALSE)) -> 39.110982 | E6: =(VLOOKUP('14.05'!M6,'14.05'!$AM$4:$AP$55,4,FALSE)) -> 10 | F6: =(VLOOKUP('14.05'!N6,'14.05'!$AM$4:$AP$55,4,FALSE)) -> 34 | G6: =(VLOOKUP('14.05'!O6,'14.05'!$AM$4:$AP$55,4,FALSE)) -> 34 | H6: =(VLOOKUP('14.05'!P6,'14.05'!$AM$4:$AP$55,4,FALSE)) -> 34 | ... X6: =(VLOOKUP('14.05'!AF6,'14.05'!$AM$4:$AP$55,4,FALSE)) -> 0
A7: =(VLOOKUP('14.05'!I7,'14.05'!$AM$4:$AP$55,4,FALSE)) -> 34 | B7: =(VLOOKUP('14.05'!J7,'14.05'!$AM$4:$AP$55,4,FALSE)) -> 0 | C7: =(VLOOKUP('14.05'!K7,'14.05'!$AM$4:$AP$55,4,FALSE)) -> 34 | D7: =(VLOOKUP('14.05'!L7,'14.05'!$AM$4:$AP$55,4,FALSE)) -> 34 | E7: =(VLOOKUP('14.05'!M7,'14.05'!$AM$4:$AP$55,4,FALSE)) -> 13.999855 | F7: =(VLOOKUP('14.05'!N7,'14.05'!$AM$4:$AP$55,4,FALSE)) -> 34 | G7: =(VLOOKUP('14.05'!O7,'14.05'!$AM$4:$AP$55,4,FALSE)) -> 0 | H7: =(VLOOKUP('14.05'!P7,'14.05'!$AM$4:$AP$55,4,FALSE)) -> 0 | ... X7: =(VLOOKUP('14.05'!AF7,'14.05'!$AM$4:$AP$55,4,FALSE)) -> 0
A8: =(VLOOKUP('14.05'!I8,'14.05'!$AM$4:$AP$55,4,FALSE)) -> 34 | B8: =(VLOOKUP('14.05'!J8,'14.05'!$AM$4:$AP$55,4,FALSE)) -> 34 | C8: =(VLOOKUP('14.05'!K8,'14.05'!$AM$4:$AP$55,4,FALSE)) -> 34 | D8: =(VLOOKUP('14.05'!L8,'14.05'!$AM$4:$AP$55,4,FALSE)) -> 34 | E8: =(VLOOKUP('14.05'!M8,'14.05'!$AM$4:$AP$55,4,FALSE)) -> 34 | F8: =(VLOOKUP('14.05'!N8,'14.05'!$AM$4:$AP$55,4,FALSE)) -> 34 | G8: =(VLOOKUP('14.05'!O8,'14.05'!$AM$4:$AP$55,4,FALSE)) -> 0 | H8: =(VLOOKUP('14.05'!P8,'14.05'!$AM$4:$AP$55,4,FALSE)) -> 0 | ... X8: =(VLOOKUP('14.05'!AF8,'14.05'!$AM$4:$AP$55,4,FALSE)) -> 0
A9: =(VLOOKUP('14.05'!I9,'14.05'!$AM$4:$AP$55,4,FALSE)) -> 0 | B9: =(VLOOKUP('14.05'!J9,'14.05'!$AM$4:$AP$55,4,FALSE)) -> 0 | C9: =(VLOOKUP('14.05'!K9,'14.05'!$AM$4:$AP$55,4,FALSE)) -> 0 | D9: =(VLOOKUP('14.05'!L9,'14.05'!$AM$4:$AP$55,4,FALSE)) -> 0 | E9: =(VLOOKUP('14.05'!M9,'14.05'!$AM$4:$AP$55,4,FALSE)) -> 0 | F9: =(VLOOKUP('14.05'!N9,'14.05'!$AM$4:$AP$55,4,FALSE)) -> 0 | G9: =(VLOOKUP('14.05'!O9,'14.05'!$AM$4:$AP$55,4,FALSE)) -> 0 | H9: =(VLOOKUP('14.05'!P9,'14.05'!$AM$4:$AP$55,4,FALSE)) -> 0 | ... X9: =(VLOOKUP('14.05'!AF9,'14.05'!$AM$4:$AP$55,4,FALSE)) -> 0
A10: =(VLOOKUP('14.05'!I10,'14.05'!$AM$4:$AP$55,4,FALSE)) -> 0 | B10: =(VLOOKUP('14.05'!J10,'14.05'!$AM$4:$AP$55,4,FALSE)) -> 0 | C10: =(VLOOKUP('14.05'!K10,'14.05'!$AM$4:$AP$55,4,FALSE)) -> 0 | D10: =(VLOOKUP('14.05'!L10,'14.05'!$AM$4:$AP$55,4,FALSE)) -> 0 | E10: =(VLOOKUP('14.05'!M10,'14.05'!$AM$4:$AP$55,4,FALSE)) -> 0 | F10: =(VLOOKUP('14.05'!N10,'14.05'!$AM$4:$AP$55,4,FALSE)) -> 0 | G10: =(VLOOKUP('14.05'!O10,'14.05'!$AM$4:$AP$55,4,FALSE)) -> 0 | H10: =(VLOOKUP('14.05'!P10,'14.05'!$AM$4:$AP$55,4,FALSE)) -> 0 | ... X10: =(VLOOKUP('14.05'!AF10,'14.05'!$AM$4:$AP$55,4,FALSE)) -> 34
A11: =(VLOOKUP('14.05'!I11,'14.05'!$AM$4:$AP$55,4,FALSE)) -> 0 | B11: =(VLOOKUP('14.05'!J11,'14.05'!$AM$4:$AP$55,4,FALSE)) -> 0 | C11: =(VLOOKUP('14.05'!K11,'14.05'!$AM$4:$AP$55,4,FALSE)) -> 0 | D11: =(VLOOKUP('14.05'!L11,'14.05'!$AM$4:$AP$55,4,FALSE)) -> 0 | E11: =(VLOOKUP('14.05'!M11,'14.05'!$AM$4:$AP$55,4,FALSE)) -> 0 | F11: =(VLOOKUP('14.05'!N11,'14.05'!$AM$4:$AP$55,4,FALSE)) -> 0 | G11: =(VLOOKUP('14.05'!O11,'14.05'!$AM$4:$AP$55,4,FALSE)) -> 0 | H11: =(VLOOKUP('14.05'!P11,'14.05'!$AM$4:$AP$55,4,FALSE)) -> 0 | ... X11: =(VLOOKUP('14.05'!AF11,'14.05'!$AM$4:$AP$55,4,FALSE)) -> 0
A12: =(VLOOKUP('14.05'!I12,'14.05'!$AM$4:$AP$55,4,FALSE)) -> 0 | B12: =(VLOOKUP('14.05'!J12,'14.05'!$AM$4:$AP$55,4,FALSE)) -> 0 | C12: =(VLOOKUP('14.05'!K12,'14.05'!$AM$4:$AP$55,4,FALSE)) -> 0 | D12: =(VLOOKUP('14.05'!L12,'14.05'!$AM$4:$AP$55,4,FALSE)) -> 0 | E12: =(VLOOKUP('14.05'!M12,'14.05'!$AM$4:$AP$55,4,FALSE)) -> 0 | F12: =(VLOOKUP('14.05'!N12,'14.05'!$AM$4:$AP$55,4,FALSE)) -> 0 | G12: =(VLOOKUP('14.05'!O12,'14.05'!$AM$4:$AP$55,4,FALSE)) -> 0 | H12: =(VLOOKUP('14.05'!P12,'14.05'!$AM$4:$AP$55,4,FALSE)) -> 0 | ... X12: =(VLOOKUP('14.05'!AF12,'14.05'!$AM$4:$AP$55,4,FALSE)) -> 0
A13: =(VLOOKUP('14.05'!I13,'14.05'!$AM$4:$AP$55,4,FALSE)) -> 34 | B13: =(VLOOKUP('14.05'!J13,'14.05'!$AM$4:$AP$55,4,FALSE)) -> 13.999855 | C13: =(VLOOKUP('14.05'!K13,'14.05'!$AM$4:$AP$55,4,FALSE)) -> 34 | D13: =(VLOOKUP('14.05'!L13,'14.05'!$AM$4:$AP$55,4,FALSE)) -> 34 | E13: =(VLOOKUP('14.05'!M13,'14.05'!$AM$4:$AP$55,4,FALSE)) -> 10 | F13: =(VLOOKUP('14.05'!N13,'14.05'!$AM$4:$AP$55,4,FALSE)) -> 34 | G13: =(VLOOKUP('14.05'!O13,'14.05'!$AM$4:$AP$55,4,FALSE)) -> 0 | H13: =(VLOOKUP('14.05'!P13,'14.05'!$AM$4:$AP$55,4,FALSE)) -> 0 | ... X13: =(VLOOKUP('14.05'!AF13,'14.05'!$AM$4:$AP$55,4,FALSE)) -> 0
A14: =(VLOOKUP('14.05'!I14,'14.05'!$AM$4:$AP$55,4,FALSE)) -> 36 | B14: =(VLOOKUP('14.05'!J14,'14.05'!$AM$4:$AP$55,4,FALSE)) -> 36 | C14: =(VLOOKUP('14.05'!K14,'14.05'!$AM$4:$AP$55,4,FALSE)) -> 36 | D14: =(VLOOKUP('14.05'!L14,'14.05'!$AM$4:$AP$55,4,FALSE)) -> 36 | E14: =(VLOOKUP('14.05'!M14,'14.05'!$AM$4:$AP$55,4,FALSE)) -> 36 | F14: =(VLOOKUP('14.05'!N14,'14.05'!$AM$4:$AP$55,4,FALSE)) -> 36 | G14: =(VLOOKUP('14.05'!O14,'14.05'!$AM$4:$AP$55,4,FALSE)) -> 0 | H14: =(VLOOKUP('14.05'!P14,'14.05'!$AM$4:$AP$55,4,FALSE)) -> 0 | ... X14: =(VLOOKUP('14.05'!AF14,'14.05'!$AM$4:$AP$55,4,FALSE)) -> 0
A15: =(VLOOKUP('14.05'!I15,'14.05'!$AM$4:$AP$55,4,FALSE)) -> 36 | B15: =(VLOOKUP('14.05'!J15,'14.05'!$AM$4:$AP$55,4,FALSE)) -> 36 | C15: =(VLOOKUP('14.05'!K15,'14.05'!$AM$4:$AP$55,4,FALSE)) -> 36 | D15: =(VLOOKUP('14.05'!L15,'14.05'!$AM$4:$AP$55,4,FALSE)) -> 36 | E15: =(VLOOKUP('14.05'!M15,'14.05'!$AM$4:$AP$55,4,FALSE)) -> 36 | F15: =(VLOOKUP('14.05'!N15,'14.05'!$AM$4:$AP$55,4,FALSE)) -> 36 | G15: =(VLOOKUP('14.05'!O15,'14.05'!$AM$4:$AP$55,4,FALSE)) -> 0 | H15: =(VLOOKUP('14.05'!P15,'14.05'!$AM$4:$AP$55,4,FALSE)) -> 0 | ... X15: =(VLOOKUP('14.05'!AF15,'14.05'!$AM$4:$AP$55,4,FALSE)) -> 0
... A93: =(VLOOKUP('14.05'!I93,'14.05'!$AM$4:$AP$55,4,FALSE)) -> 0 | B93: =(VLOOKUP('14.05'!J93,'14.05'!$AM$4:$AP$55,4,FALSE)) -> 0 | C93: =(VLOOKUP('14.05'!K93,'14.05'!$AM$4:$AP$55,4,FALSE)) -> 0 | D93: =(VLOOKUP('14.05'!L93,'14.05'!$AM$4:$AP$55,4,FALSE)) -> 0 | E93: =(VLOOKUP('14.05'!M93,'14.05'!$AM$4:$AP$55,4,FALSE)) -> 0 | F93: =(VLOOKUP('14.05'!N93,'14.05'!$AM$4:$AP$55,4,FALSE)) -> 0 | G93: =(VLOOKUP('14.05'!O93,'14.05'!$AM$4:$AP$55,4,FALSE)) -> 0 | H93: =(VLOOKUP('14.05'!P93,'14.05'!$AM$4:$AP$55,4,FALSE)) -> 0 | ... X93: =(VLOOKUP('14.05'!AF93,'14.05'!$AM$4:$AP$55,4,FALSE)) -> 10
A94: =(VLOOKUP('14.05'!#REF!,'14.05'!$AM$4:$AP$55,4,FALSE)) -> #REF! | B94: =(VLOOKUP('14.05'!#REF!,'14.05'!$AM$4:$AP$55,4,FALSE)) -> #REF! | C94: =(VLOOKUP('14.05'!#REF!,'14.05'!$AM$4:$AP$55,4,FALSE)) -> #REF! | D94: =(VLOOKUP('14.05'!#REF!,'14.05'!$AM$4:$AP$55,4,FALSE)) -> #REF! | E94: =(VLOOKUP('14.05'!#REF!,'14.05'!$AM$4:$AP$55,4,FALSE)) -> #REF! | F94: =(VLOOKUP('14.05'!#REF!,'14.05'!$AM$4:$AP$55,4,FALSE)) -> #REF! | G94: =(VLOOKUP('14.05'!#REF!,'14.05'!$AM$4:$AP$55,4,FALSE)) -> #REF! | H94: =(VLOOKUP('14.05'!#REF!,'14.05'!$AM$4:$AP$55,4,FALSE)) -> #REF! | ... X94: =(VLOOKUP('14.05'!#REF!,'14.05'!$AM$4:$AP$55,4,FALSE)) -> #REF!
