Workbook

Sheet 102.5.1.05qq test
A1: =(_xlfn.DAYS(TODAY(),A4)+2)/((_xlfn.DAYS(A94,A4))+1) -> 5.978022 | H1: 工作区 | AL1: 使用方法：按自己规划的路线，将下表中的地块名复制粘贴至工作区。初次使用传送门，当天跳步次数+5。重复使用传送门，当天跳步次数+1
A2: version 5.1.05qq | C2: 合计经验 | E2: =SUM(E4:E94)+SUM(G4:G94) -> 61465 | H2: 队伍一 风 | J2: 步数 | K2: =COUNTIF(H4:O94,"<>空")-3 -> 553 | L2: (不算跳步和传送) | P2: 队伍二 雷 | R2: 步数 | S2: =COUNTIF(P4:W94,"<>空") -> 470 | T2: (不算跳步和传送) | X2: 队伍三 | Z2: 总步数 | AA2: =COUNTIF(X4:AE94,"<>空") -> 0 | AB2: (不算跳步和传送) | AF2: =SUM(AF4:AF94) -> 33 | AG2: =SUM(AG4:AG94) -> 14 | AH2: =SUM(AH4:AH94) -> 19 | AI2: =SUM(AI4:AI94) -> 0 | AJ2: 八卦全开 | AW2: 粮草系数
A3: 日期 | B3: 获得粮草 | C3: 消耗粮草 | D3: 剩余粮草 | E3: 获得经验 | F3: 累计经验 | G3: 任务经验 | H3: 1 | I3: 2 | J3: 3 | K3: 4 | L3: 5 | M3: 6 | N3: 7 | O3: 8 | P3: 1 | Q3: 2 | R3: 3 | S3: 4 | T3: 5 | U3: 6 | V3: 7 | W3: 8 | X3: 1 | Y3: 2 | Z3: 3 | AA3: 4 | AB3: 5 | AC3: 6 | AD3: 7 | AE3: 8 | AF3: 跳步次数 | AG3: 1队跳步 | AH3: 2队跳步 | AI3: 3队跳步 | AL3: 地块 | AM3: 粮草 | AN3: 经验 | AO3: 一队地块 | AP3: 二队地块 | AQ3: 三队地块 | AR3: 总地块 | AS3: 一队经验 | AT3: 二队经验 | AU3: 三队经验 | AV3: 八卦前 | AW3: 1
A4: 44456 | B4: 800 | C4: {=(SUM(VLOOKUP(H4:AE4,$AL$4:$AN$44,2,FALSE))+AF4*10)*IF(AJ4="是",$AW$4,$AW$3)} -> 750 | D4: =SUM($B$4:B4)-SUM($C$4:C4) -> 50 | E4: {=SUM(VLOOKUP(H4:AE4,$AL$4:$AN$44,3,FALSE))} -> 175 | F4: =SUM($E$4:E4)+SUM($G$4:G4) -> 175 | G4: 0 | H4: 1级 | I4: 1级 | J4: 1级 | K4: 1级 | L4: 1级 | M4: 空 | N4: 空 | O4: 空 | P4: 空 | Q4: 空 | R4: 空 | S4: 空 | T4: 空 | U4: 空 | V4: 空 | W4: 空 | X4: 空 | Y4: 空 | Z4: 空 | AA4: 空 | AB4: 空 | AC4: 空 | AD4: 空 | AE4: 空 | AF4: 0 | AJ4: 否 | AL4: 1级 | AM4: 150 | AN4: 35 | AO4: =COUNTIF($H$4:$O$94,AL4) -> 14 | AP4: =COUNTIF($P$4:$W$94,AL4) -> 10 | AQ4: =COUNTIF($X$4:$AE$94,AL4) -> 0 | AR4: =AO4+AP4+AQ4 -> 24 | AS4: =AO4*$AN4 -> 490 | AT4: =AP4*$AN4 -> 350 | AU4: =AQ4*$AN4 -> 0 | AV4: 八卦后 | AW4: 0.8 | AY4: =AM4*0.8 -> 120
A5: 44457 | B5: 1600 | C5: {=(SUM(VLOOKUP(H5:AE5,$AL$4:$AN$44,2,FALSE))+AF5*10)*IF(AJ5="是",$AW$4,$AW$3)} -> 900 | D5: =SUM($B$4:B5)-SUM($C$4:C5) -> 750 | E5: {=SUM(VLOOKUP(H5:AE5,$AL$4:$AN$44,3,FALSE))} -> 210 | F5: =SUM($E$4:E5)+SUM($G$4:G5) -> 885 | G5: 500 | H5: 1级 | I5: 1级 | J5: 1级 | K5: 1级 | L5: 1级 | M5: 1级 | N5: 空 | O5: 空 | P5: 空 | Q5: 空 | R5: 空 | S5: 空 | T5: 空 | U5: 空 | V5: 空 | W5: 空 | X5: 空 | Y5: 空 | Z5: 空 | AA5: 空 | AB5: 空 | AC5: 空 | AD5: 空 | AE5: 空 | AF5: 0 | AJ5: 否 | AL5: 2级 | AM5: 160 | AN5: 40 | AO5: =COUNTIF($H$4:$O$94,AL5) -> 20 | AP5: =COUNTIF($P$4:$W$94,AL5) -> 11 | AQ5: =COUNTIF($X$4:$AE$94,AL5) -> 0 | AR5: =AO5+AP5+AQ5 -> 31 | AS5: =AO5*$AN5 -> 800 | AT5: =AP5*$AN5 -> 440 | AU5: =AQ5*$AN5 -> 0 | AV5: Note：开完八卦当天可能需要手动计算粮草 | AY5: =AM5*0.8 -> 128
A6: 44458 | B6: 1600 | C6: {=(SUM(VLOOKUP(H6:AE6,$AL$4:$AN$44,2,FALSE))+AF6*10)*IF(AJ6="是",$AW$4,$AW$3)} -> 760 | D6: =SUM($B$4:B6)-SUM($C$4:C6) -> 1590 | E6: {=SUM(VLOOKUP(H6:AE6,$AL$4:$AN$44,3,FALSE))} -> 205 | F6: =SUM($E$4:E6)+SUM($G$4:G6) -> 1090 | G6: 0 | H6: 1级 | I6: 1级 | J6: 商人 | K6: 1级 | L6: 2级 | M6: 商人 | N6: 空 | O6: 空 | P6: 空 | Q6: 空 | R6: 空 | S6: 空 | T6: 空 | U6: 空 | V6: 空 | W6: 空 | X6: 空 | Y6: 空 | Z6: 空 | AA6: 空 | AB6: 空 | AC6: 空 | AD6: 空 | AE6: 空 | AF6: 5 | AG6: 5 | AJ6: 否 | AL6: 3级 | AM6: 170 | AN6: 45 | AO6: =COUNTIF($H$4:$O$94,AL6) -> 105 | AP6: =COUNTIF($P$4:$W$94,AL6) -> 84 | AQ6: =COUNTIF($X$4:$AE$94,AL6) -> 0 | AR6: =AO6+AP6+AQ6 -> 189 | AS6: =AO6*$AN6 -> 4725 | AT6: =AP6*$AN6 -> 3780 | AU6: =AQ6*$AN6 -> 0 | AY6: =AM6*0.8 -> 136
A7: 44459 | B7: 1600 | C7: {=(SUM(VLOOKUP(H7:AE7,$AL$4:$AN$44,2,FALSE))+AF7*10)*IF(AJ7="是",$AW$4,$AW$3)} -> 970 | D7: =SUM($B$4:B7)-SUM($C$4:C7) -> 2220 | E7: {=SUM(VLOOKUP(H7:AE7,$AL$4:$AN$44,3,FALSE))} -> 250 | F7: =SUM($E$4:E7)+SUM($G$4:G7) -> 1640 | G7: 300 | H7: 2级 | I7: 2级 | J7: 塔2 | K7: 2级 | L7: 3级 | M7: 3级 | N7: 空 | O7: 空 | P7: 空 | Q7: 空 | R7: 空 | S7: 空 | T7: 空 | U7: 空 | V7: 空 | W7: 空 | X7: 空 | Y7: 空 | Z7: 空 | AA7: 空 | AB7: 空 | AC7: 空 | AD7: 空 | AE7: 空 | AF7: 0 | AJ7: 否 | AL7: 4级 | AM7: 180 | AN7: 50 | AO7: =COUNTIF($H$4:$O$94,AL7) -> 137 | AP7: =COUNTIF($P$4:$W$94,AL7) -> 130 | AQ7: =COUNTIF($X$4:$AE$94,AL7) -> 0 | AR7: =AO7+AP7+AQ7 -> 267 | AS7: =AO7*$AN7 -> 6850 | AT7: =AP7*$AN7 -> 6500 | AU7: =AQ7*$AN7 -> 0 | AY7: =AM7*0.8 -> 144
A8: 44460 | B8: 1600 | C8: {=(SUM(VLOOKUP(H8:AE8,$AL$4:$AN$44,2,FALSE))+AF8*10)*IF(AJ8="是",$AW$4,$AW$3)} -> 1030 | D8: =SUM($B$4:B8)-SUM($C$4:C8) -> 2790 | E8: {=SUM(VLOOKUP(H8:AE8,$AL$4:$AN$44,3,FALSE))} -> 270 | F8: =SUM($E$4:E8)+SUM($G$4:G8) -> 1910 | G8: 0 | H8: 3级 | I8: 3级 | J8: 艮震巽坎乾 | K8: 3级 | L8: 3级 | M8: 3级 | N8: 空 | O8: 空 | P8: 空 | Q8: 空 | R8: 空 | S8: 空 | T8: 空 | U8: 空 | V8: 空 | W8: 空 | X8: 空 | Y8: 空 | Z8: 空 | AA8: 空 | AB8: 空 | AC8: 空 | AD8: 空 | AE8: 空 | AF8: 1 | AG8: 1 | AJ8: 否 | AL8: 5级 | AM8: 190 | AN8: 55 | AO8: =COUNTIF($H$4:$O$94,AL8) -> 116 | AP8: =COUNTIF($P$4:$W$94,AL8) -> 120 | AQ8: =COUNTIF($X$4:$AE$94,AL8) -> 0 | AR8: =AO8+AP8+AQ8 -> 236 | AS8: =AO8*$AN8 -> 6380 | AT8: =AP8*$AN8 -> 6600 | AU8: =AQ8*$AN8 -> 0 | AY8: =AM8*0.8 -> 152
A9: 44461 | B9: 1600 | C9: {=(SUM(VLOOKUP(H9:AE9,$AL$4:$AN$44,2,FALSE))+AF9*10)*IF(AJ9="是",$AW$4,$AW$3)} -> 1020 | D9: =SUM($B$4:B9)-SUM($C$4:C9) -> 3370 | E9: {=SUM(VLOOKUP(H9:AE9,$AL$4:$AN$44,3,FALSE))} -> 270 | F9: =SUM($E$4:E9)+SUM($G$4:G9) -> 2380 | G9: 200 | H9: 3级 | I9: 3级 | J9: 3级 | K9: 3级 | L9: 3级 | M9: 3级 | N9: 空 | O9: 空 | P9: 空 | Q9: 空 | R9: 空 | S9: 空 | T9: 空 | U9: 空 | V9: 空 | W9: 空 | X9: 空 | Y9: 空 | Z9: 空 | AA9: 空 | AB9: 空 | AC9: 空 | AD9: 空 | AE9: 空 | AF9: 0 | AJ9: 否 | AL9: 6级 | AM9: 200 | AN9: 60 | AO9: =COUNTIF($H$4:$O$94,AL9) -> 118 | AP9: =COUNTIF($P$4:$W$94,AL9) -> 76 | AQ9: =COUNTIF($X$4:$AE$94,AL9) -> 0 | AR9: =AO9+AP9+AQ9 -> 194 | AS9: =AO9*$AN9 -> 7080 | AT9: =AP9*$AN9 -> 4560 | AU9: =AQ9*$AN9 -> 0 | AY9: =AM9*0.8 -> 160
A10: 44462 | B10: 1600 | C10: {=(SUM(VLOOKUP(H10:AE10,$AL$4:$AN$44,2,FALSE))+AF10*10)*IF(AJ10="是",$AW$4,$AW$3)} -> 870 | D10: =SUM($B$4:B10)-SUM($C$4:C10) -> 4100 | E10: {=SUM(VLOOKUP(H10:AE10,$AL$4:$AN$44,3,FALSE))} -> 245 | F10: =SUM($E$4:E10)+SUM($G$4:G10) -> 2625 | G10: 0 | H10: 塔2 | I10: 2级 | J10: 3级 | K10: 3级 | L10: 商人 | M10: 3级 | N10: 空 | O10: 空 | P10: 空 | Q10: 空 | R10: 空 | S10: 空 | T10: 空 | U10: 空 | V10: 空 | W10: 空 | X10: 空 | Y10: 空 | Z10: 空 | AA10: 空 | AB10: 空 | AC10: 空 | AD10: 空 | AE10: 空 | AF10: 0 | AJ10: 否 | AL10: 塔1 | AM10: 150 | AN10: 35 | AO10: =COUNTIF($H$4:$O$94,AL10) -> 0 | AP10: =COUNTIF($P$4:$W$94,AL10) -> 0 | AQ10: =COUNTIF($X$4:$AE$94,AL10) -> 0 | AR10: =AO10+AP10+AQ10 -> 0 | AS10: =AO10*$AN10 -> 0 | AT10: =AP10*$AN10 -> 0 | AU10: =AQ10*$AN10 -> 0 | AY10: =AM10*0.8 -> 120
A11: 44463 | B11: 1600 | C11: {=(SUM(VLOOKUP(H11:AE11,$AL$4:$AN$44,2,FALSE))+AF11*10)*IF(AJ11="是",$AW$4,$AW$3)} -> 1170 | D11: =SUM($B$4:B11)-SUM($C$4:C11) -> 4530 | E11: {=SUM(VLOOKUP(H11:AE11,$AL$4:$AN$44,3,FALSE))} -> 470 | F11: =SUM($E$4:E11)+SUM($G$4:G11) -> 3095 | G11: 0 | H11: 艮震巽坎乾 | I11: 3级 | J11: 3级 | K11: 营地 | L11: 3级 | M11: 离兑坤 | N11: 3级 | O11: 3级 | P11: 空 | Q11: 空 | R11: 空 | S11: 空 | T11: 空 | U11: 空 | V11: 空 | W11: 空 | X11: 空 | Y11: 空 | Z11: 空 | AA11: 空 | AB11: 空 | AC11: 空 | AD11: 空 | AE11: 空 | AF11: 5 | AG11: 5 | AJ11: 否 | AL11: 塔2 | AM11: 150 | AN11: 40 | AO11: =COUNTIF($H$4:$O$94,AL11) -> 5 | AP11: =COUNTIF($P$4:$W$94,AL11) -> 1 | AQ11: =COUNTIF($X$4:$AE$94,AL11) -> 0 | AR11: =AO11+AP11+AQ11 -> 6 | AS11: =AO11*$AN11 -> 200 | AT11: =AP11*$AN11 -> 40 | AU11: =AQ11*$AN11 -> 0 | AY11: =AM11*0.8 -> 120
A12: 44464 | B12: 1600 | C12: {=(SUM(VLOOKUP(H12:AE12,$AL$4:$AN$44,2,FALSE))+AF12*10)*IF(AJ12="是",$AW$4,$AW$3)} -> 1020 | D12: =SUM($B$4:B12)-SUM($C$4:C12) -> 5110 | E12: {=SUM(VLOOKUP(H12:AE12,$AL$4:$AN$44,3,FALSE))} -> 270 | F12: =SUM($E$4:E12)+SUM($G$4:G12) -> 3365 | G12: 0 | H12: 3级 | I12: 3级 | J12: 3级 | K12: 3级 | L12: 3级 | M12: 3级 | N12: 空 | O12: 空 | P12: 空 | Q12: 空 | R12: 空 | S12: 空 | T12: 空 | U12: 空 | V12: 空 | W12: 空 | X12: 空 | Y12: 空 | Z12: 空 | AA12: 空 | AB12: 空 | AC12: 空 | AD12: 空 | AE12: 空 | AF12: 0 | AJ12: 否 | AL12: 塔3 | AM12: 150 | AN12: 45 | AO12: =COUNTIF($H$4:$O$94,AL12) -> 4 | AP12: =COUNTIF($P$4:$W$94,AL12) -> 2 | AQ12: =COUNTIF($X$4:$AE$94,AL12) -> 0 | AR12: =AO12+AP12+AQ12 -> 6 | AS12: =AO12*$AN12 -> 180 | AT12: =AP12*$AN12 -> 90 | AU12: =AQ12*$AN12 -> 0 | AY12: =AM12*0.8 -> 120
A13: 44465 | B13: 1600 | C13: {=(SUM(VLOOKUP(H13:AE13,$AL$4:$AN$44,2,FALSE))+AF13*10)*IF(AJ13="是",$AW$4,$AW$3)} -> 1100 | D13: =SUM($B$4:B13)-SUM($C$4:C13) -> 5610 | E13: {=SUM(VLOOKUP(H13:AE13,$AL$4:$AN$44,3,FALSE))} -> 425 | F13: =SUM($E$4:E13)+SUM($G$4:G13) -> 3790 | G13: 0 | H13: 艮震巽坎乾 | I13: 3级 | J13: 3级 | K13: 3级 | L13: 3级 | M13: 离兑坤 | N13: 空 | O13: 空 | P13: 空 | Q13: 空 | R13: 空 | S13: 空 | T13: 空 | U13: 空 | V13: 空 | W13: 空 | X13: 空 | Y13: 空 | Z13: 空 | AA13: 空 | AB13: 空 | AC13: 空 | AD13: 空 | AE13: 空 | AF13: 0 | AJ13: 否 | AL13: 塔4 | AM13: 150 | AN13: 50 | AO13: =COUNTIF($H$4:$O$94,AL13) -> 1 | AP13: =COUNTIF($P$4:$W$94,AL13) -> 3 | AQ13: =COUNTIF($X$4:$AE$94,AL13) -> 0 | AR13: =AO13+AP13+AQ13 -> 4 | AS13: =AO13*$AN13 -> 50 | AT13: =AP13*$AN13 -> 150 | AU13: =AQ13*$AN13 -> 0 | AY13: =AM13*0.8 -> 120
A14: 44466 | B14: 1600 | C14: {=(SUM(VLOOKUP(H14:AE14,$AL$4:$AN$44,2,FALSE))+AF14*10)*IF(AJ14="是",$AW$4,$AW$3)} -> 890 | D14: =SUM($B$4:B14)-SUM($C$4:C14) -> 6320 | E14: {=SUM(VLOOKUP(H14:AE14,$AL$4:$AN$44,3,FALSE))} -> 250 | F14: =SUM($E$4:E14)+SUM($G$4:G14) -> 4340 | G14: 300 | H14: 3级 | I14: 3级 | J14: 商人 | K14: 3级 | L14: 3级 | M14: 2级 | N14: 空 | O14: 空 | P14: 空 | Q14: 空 | R14: 空 | S14: 空 | T14: 空 | U14: 空 | V14: 空 | W14: 空 | X14: 空 | Y14: 空 | Z14: 空 | AA14: 空 | AB14: 空 | AC14: 空 | AD14: 空 | AE14: 空 | AF14: 0 | AJ14: 否 | AL14: 塔5 | AM14: 150 | AN14: 55 | AO14: =COUNTIF($H$4:$O$94,AL14) -> 1 | AP14: =COUNTIF($P$4:$W$94,AL14) -> 2 | AQ14: =COUNTIF($X$4:$AE$94,AL14) -> 0 | AR14: =AO14+AP14+AQ14 -> 3 | AS14: =AO14*$AN14 -> 55 | AT14: =AP14*$AN14 -> 110 | AU14: =AQ14*$AN14 -> 0 | AY14: =AM14*0.8 -> 120
A15: 44467 | B15: 1600 | C15: {=(SUM(VLOOKUP(H15:AE15,$AL$4:$AN$44,2,FALSE))+AF15*10)*IF(AJ15="是",$AW$4,$AW$3)} -> 970 | D15: =SUM($B$4:B15)-SUM($C$4:C15) -> 6950 | E15: {=SUM(VLOOKUP(H15:AE15,$AL$4:$AN$44,3,FALSE))} -> 250 | F15: =SUM($E$4:E15)+SUM($G$4:G15) -> 4590 | G15: 0 | H15: 2级 | I15: 2级 | J15: 2级 | K15: 塔2 | L15: 3级 | M15: 艮震巽坎乾 | N15: 空 | O15: 空 | P15: 空 | Q15: 空 | R15: 空 | S15: 空 | T15: 空 | U15: 空 | V15: 空 | W15: 空 | X15: 空 | Y15: 空 | Z15: 空 | AA15: 空 | AB15: 空 | AC15: 空 | AD15: 空 | AE15: 空 | AF15: 0 | AJ15: 否 | AL15: 塔6 | AM15: 150 | AN15: 60 | AO15: =COUNTIF($H$4:$O$94,AL15) -> 1 | AP15: =COUNTIF($P$4:$W$94,AL15) -> 0 | AQ15: =COUNTIF($X$4:$AE$94,AL15) -> 0 | AR15: =AO15+AP15+AQ15 -> 1 | AS15: =AO15*$AN15 -> 60 | AT15: =AP15*$AN15 -> 0 | AU15: =AQ15*$AN15 -> 0 | AY15: =AM15*0.8 -> 120
A16: 44468 | B16: 1600 | C16: {=(SUM(VLOOKUP(H16:AE16,$AL$4:$AN$44,2,FALSE))+AF16*10)*IF(AJ16="是",$AW$4,$AW$3)} -> 1000 | D16: =SUM($B$4:B16)-SUM($C$4:C16) -> 7550 | E16: {=SUM(VLOOKUP(H16:AE16,$AL$4:$AN$44,3,FALSE))} -> 270 | F16: =SUM($E$4:E16)+SUM($G$4:G16) -> 5060 | G16: 200 | H16: 3级 | I16: 3级 | J16: 3级 | K16: 塔3 | L16: 3级 | M16: 3级 | N16: 空 | O16: 空 | P16: 空 | Q16: 空 | R16: 空 | S16: 空 | T16: 空 | U16: 空 | V16: 空 | W16: 空 | X16: 空 | Y16: 空 | Z16: 空 | AA16: 空 | AB16: 空 | AC16: 空 | AD16: 空 | AE16: 空 | AF16: 0 | AJ16: 否 | AL16: 遗迹 | AM16: 150 | AN16: 35 | AO16: =COUNTIF($H$4:$O$94,AL16) -> 0 | AP16: =COUNTIF($P$4:$W$94,AL16) -> 2 | AQ16: =COUNTIF($X$4:$AE$94,AL16) -> 0 | AR16: =AO16+AP16+AQ16 -> 2 | AS16: =AO16*$AN16 -> 0 | AT16: =AP16*$AN16 -> 70 | AU16: =AQ16*$AN16 -> 0 | AY16: =AM16*0.8 -> 120
A17: 44469 | B17: 1600 | C17: {=(SUM(VLOOKUP(H17:AE17,$AL$4:$AN$44,2,FALSE))+AF17*10)*IF(AJ17="是",$AW$4,$AW$3)} -> 1110 | D17: =SUM($B$4:B17)-SUM($C$4:C17) -> 8040 | E17: {=SUM(VLOOKUP(H17:AE17,$AL$4:$AN$44,3,FALSE))} -> 425 | F17: =SUM($E$4:E17)+SUM($G$4:G17) -> 5485 | G17: 0 | H17: 离兑坤 | I17: 3级 | J17: 3级 | K17: 3级 | L17: 3级 | M17: 3级 | N17: 空 | O17: 空 | P17: 空 | Q17: 空 | R17: 空 | S17: 空 | T17: 空 | U17: 空 | V17: 空 | W17: 空 | X17: 空 | Y17: 空 | Z17: 空 | AA17: 空 | AB17: 空 | AC17: 空 | AD17: 空 | AE17: 空 | AF17: 1 | AG17: 1 | AJ17: 否 | AK17: 5470 | AL17: 商人 | AM17: 50 | AN17: 30 | AO17: =COUNTIF($H$4:$O$94,AL17) -> 18 | AP17: =COUNTIF($P$4:$W$94,AL17) -> 18 | AQ17: =COUNTIF($X$4:$AE$94,AL17) -> 0 | AR17: =AO17+AP17+AQ17 -> 36 | AS17: =AO17*$AN17 -> 540 | AT17: =AP17*$AN17 -> 540 | AU17: =AQ17*$AN17 -> 0 | AY17: =AM17*0.8 -> 40
A18: 44470 | B18: 1600 | C18: {=(SUM(VLOOKUP(H18:AE18,$AL$4:$AN$44,2,FALSE))+AF18*10)*IF(AJ18="是",$AW$4,$AW$3)-232} -> 1488 | D18: =SUM($B$4:B18)-SUM($C$4:C18) -> 8152 | E18: {=SUM(VLOOKUP(H18:AE18,$AL$4:$AN$44,3,FALSE))} -> 460 | F18: =SUM($E$4:E18)+SUM($G$4:G18) -> 5945 | G18: 0 | H18: 商人 | I18: 3级 | J18: 3级 | K18: 艮震巽坎乾 | L18: 3级 | M18: 3级 | N18: 空 | O18: 空 | P18: 遗迹 | Q18: 1级 | R18: 商人 | S18: 1级 | T18: 1级 | U18: 1级 | V18: 空 | W18: 空 | X18: 空 | Y18: 空 | Z18: 空 | AA18: 空 | AB18: 空 | AC18: 空 | AD18: 空 | AE18: 空 | AF18: 2 | AH18: 2 | AJ18: 否 | AK18: 5950 | AL18: 营地 | AM18: -150 | AN18: 0 | AO18: =COUNTIF($H$4:$O$94,AL18) -> 1 | AP18: =COUNTIF($P$4:$W$94,AL18) -> 0 | AQ18: =COUNTIF($X$4:$AE$94,AL18) -> 0 | AR18: =AO18+AP18+AQ18 -> 1 | AS18: =AO18*$AN18 -> 0 | AT18: =AP18*$AN18 -> 0 | AU18: =AQ18*$AN18 -> 0 | AY18: =AM18*0.8 -> -120
A19: 44471 | B19: 1600 | C19: {=(SUM(VLOOKUP(H19:AE19,$AL$4:$AN$44,2,FALSE))+AF19*10)*IF(AJ19="是",$AW$4,$AW$3)} -> 1304 | D19: =SUM($B$4:B19)-SUM($C$4:C19) -> 8448 | E19: {=SUM(VLOOKUP(H19:AE19,$AL$4:$AN$44,3,FALSE))} -> 490 | F19: =SUM($E$4:E19)+SUM($G$4:G19) -> 6435 | G19: 0 | H19: 3级 | I19: 塔2 | J19: 3级 | K19: 3级 | L19: 商人 | M19: 3级 | N19: 空 | O19: 空 | P19: 1级 | Q19: 1级 | R19: 1级 | S19: 商人 | T19: 1级 | U19: 营地+ | V19: 1级 | W19: 1级 | X19: 空 | Y19: 空 | Z19: 空 | AA19: 空 | AB19: 空 | AC19: 空 | AD19: 空 | AE19: 空 | AF19: 0 | AJ19: 是 | AL19: 离兑坤 | AM19: 250 | AN19: 200 | AO19: =COUNTIF($H$4:$O$94,AL19) -> 3 | AP19: =COUNTIF($P$4:$W$94,AL19) -> 0 | AQ19: =COUNTIF($X$4:$AE$94,AL19) -> 0 | AR19: =AO19+AP19+AQ19 -> 3 | AS19: =AO19*$AN19 -> 600 | AT19: =AP19*$AN19 -> 0 | AU19: =AQ19*$AN19 -> 0 | AY19: =AM19*0.8 -> 200
A20: 44472 | B20: 1600 | C20: {=(SUM(VLOOKUP(H20:AE20,$AL$4:$AN$44,2,FALSE))+AF20*10)*IF(AJ20="是",$AW$4,$AW$3)} -> 1536 | D20: =SUM($B$4:B20)-SUM($C$4:C20) -> 8512 | E20: {=SUM(VLOOKUP(H20:AE20,$AL$4:$AN$44,3,FALSE))} -> 500 | F20: =SUM($E$4:E20)+SUM($G$4:G20) -> 6935 | G20: 0 | H20: 3级 | I20: 3级 | J20: 3级 | K20: 3级 | L20: 3级 | M20: 3级 | N20: 空 | O20: 空 | P20: 2级 | Q20: 2级 | R20: 2级 | S20: 2级 | T20: 2级 | U20: 商人 | V20: 空 | W20: 空 | X20: 空 | Y20: 空 | Z20: 空 | AA20: 空 | AB20: 空 | AC20: 空 | AD20: 空 | AE20: 空 | AF20: 5 | AH20: 5 | AJ20: 是 | AL20: 艮震巽坎乾 | AM20: 170 | AN20: 45 | AO20: =COUNTIF($H$4:$O$94,AL20) -> 5 | AP20: =COUNTIF($P$4:$W$94,AL20) -> 0 | AQ20: =COUNTIF($X$4:$AE$94,AL20) -> 0 | AR20: =AO20+AP20+AQ20 -> 5 | AS20: =AO20*$AN20 -> 225 | AT20: =AP20*$AN20 -> 0 | AU20: =AQ20*$AN20 -> 0 | AY20: =AM20*0.8 -> 136
A21: 44473 | B21: 1600 | C21: {=(SUM(VLOOKUP(H21:AE21,$AL$4:$AN$44,2,FALSE))+AF21*10)*IF(AJ21="是",$AW$4,$AW$3)} -> 1552 | D21: =SUM($B$4:B21)-SUM($C$4:C21) -> 8560 | E21: {=SUM(VLOOKUP(H21:AE21,$AL$4:$AN$44,3,FALSE))} -> 505 | F21: =SUM($E$4:E21)+SUM($G$4:G21) -> 7640 | G21: 200 | H21: 塔3 | I21: 3级 | J21: 3级 | K21: 3级 | L21: 3级 | M21: 2级 | N21: 空 | O21: 空 | P21: 2级 | Q21: 2级 | R21: 2级 | S21: 塔2 | T21: 2级 | U21: 2级 | V21: 空 | W21: 空 | X21: 空 | Y21: 空 | Z21: 空 | AA21: 空 | AB21: 空 | AC21: 空 | AD21: 空 | AE21: 空 | AF21: 0 | AJ21: 是 | AL21: 小boss | AM21: 250 | AN21: 200 | AO21: =COUNTIF($H$4:$O$94,AL21) -> 0 | AP21: =COUNTIF($P$4:$W$94,AL21) -> 0 | AQ21: =COUNTIF($X$4:$AE$94,AL21) -> 0 | AR21: =AO21+AP21+AQ21 -> 0 | AS21: =AO21*$AN21 -> 0 | AT21: =AP21*$AN21 -> 0 | AU21: =AQ21*$AN21 -> 0 | AY21: =AM21*0.8 -> 200
A22: 44474 | B22: 1600 | C22: {=(SUM(VLOOKUP(H22:AE22,$AL$4:$AN$44,2,FALSE))+AF22*10)*IF(AJ22="是",$AW$4,$AW$3)} -> 1488 | D22: =SUM($B$4:B22)-SUM($C$4:C22) -> 8672 | E22: {=SUM(VLOOKUP(H22:AE22,$AL$4:$AN$44,3,FALSE))} -> 545 | F22: =SUM($E$4:E22)+SUM($G$4:G22) -> 8285 | G22: 100 | H22: 商人 | I22: 2级 | J22: 2级 | K22: 2级 | L22: 2级 | M22: 2级 | N22: 空 | O22: 空 | P22: 营地+ | Q22: 3级 | R22: 3级 | S22: 3级 | T22: 3级 | U22: 3级 | V22: 3级 | W22: 3级 | X22: 空 | Y22: 空 | Z22: 空 | AA22: 空 | AB22: 空 | AC22: 空 | AD22: 空 | AE22: 空 | AF22: 2 | AH22: 2 | AJ22: 是 | AL22: 大boss | AM22: 250 | AN22: 1000 | AO22: =COUNTIF($H$4:$O$94,AL22) -> 1 | AP22: =COUNTIF($P$4:$W$94,AL22) -> 1 | AQ22: =COUNTIF($X$4:$AE$94,AL22) -> 0 | AR22: =AO22+AP22+AQ22 -> 2 | AS22: =AO22*$AN22 -> 1000 | AT22: =AP22*$AN22 -> 1000 | AU22: =AQ22*$AN22 -> 0 | AY22: =AM22*0.8 -> 200
A23: 44475 | B23: 1600 | C23: {=(SUM(VLOOKUP(H23:AE23,$AL$4:$AN$44,2,FALSE))+AF23*10)*IF(AJ23="是",$AW$4,$AW$3)} -> 1392 | D23: =SUM($B$4:B23)-SUM($C$4:C23) -> 8880 | E23: {=SUM(VLOOKUP(H23:AE23,$AL$4:$AN$44,3,FALSE))} -> 485 | F23: =SUM($E$4:E23)+SUM($G$4:G23) -> 8970 | G23: 200 | H23: 商人 | I23: 2级 | J23: 塔2 | K23: 2级 | L23: 2级 | M23: 2级 | N23: 空 | O23: 空 | P23: 3级 | Q23: 3级 | R23: 3级 | S23: 商人 | T23: 3级 | U23: 3级 | V23: 空 | W23: 空 | X23: 空 | Y23: 空 | Z23: 空 | AA23: 空 | AB23: 空 | AC23: 空 | AD23: 空 | AE23: 空 | AF23: 0 | AJ23: 是 | AL23: 中boss | AM23: 250 | AN23: 500 | AO23: =COUNTIF($H$4:$O$94,AL23) -> 1 | AP23: =COUNTIF($P$4:$W$94,AL23) -> 1 | AQ23: =COUNTIF($X$4:$AE$94,AL23) -> 0 | AR23: =AO23+AP23+AQ23 -> 2 | AS23: =AO23*$AN23 -> 500 | AT23: =AP23*$AN23 -> 500 | AU23: =AQ23*$AN23 -> 0 | AY23: =AM23*0.8 -> 200
A24: 44476 | B24: 1600 | C24: {=(SUM(VLOOKUP(H24:AE24,$AL$4:$AN$44,2,FALSE))+AF24*10)*IF(AJ24="是",$AW$4,$AW$3)} -> 1552 | D24: =SUM($B$4:B24)-SUM($C$4:C24) -> 8928 | E24: {=SUM(VLOOKUP(H24:AE24,$AL$4:$AN$44,3,FALSE))} -> 530 | F24: =SUM($E$4:E24)+SUM($G$4:G24) -> 9500 | G24: 0 | H24: 商人 | I24: 2级 | J24: 3级 | K24: 3级 | L24: 3级 | M24: 3级 | N24: 空 | O24: 空 | P24: 3级 | Q24: 3级 | R24: 3级 | S24: 3级 | T24: 4级 | U24: 4级 | V24: 空 | W24: 空 | X24: 空 | Y24: 空 | Z24: 空 | AA24: 空 | AB24: 空 | AC24: 空 | AD24: 空 | AE24: 空 | AF24: 1 | AG24: 1 | AJ24: 是 | AL24: 奈良 | AM24: 160 | AN24: 40 | AO24: =COUNTIF($H$4:$O$94,AL24) -> 0 | AP24: =COUNTIF($P$4:$W$94,AL24) -> 0 | AQ24: =COUNTIF($X$4:$AE$94,AL24) -> 0 | AR24: =AO24+AP24+AQ24 -> 0 | AS24: =AO24*$AN24 -> 0 | AT24: =AP24*$AN24 -> 0 | AU24: =AQ24*$AN24 -> 0 | AY24: =AM24*0.8 -> 128
A25: 44477 | B25: 1600 | C25: {=(SUM(VLOOKUP(H25:AE25,$AL$4:$AN$44,2,FALSE))+AF25*10)*IF(AJ25="是",$AW$4,$AW$3)} -> 1568 | D25: =SUM($B$4:B25)-SUM($C$4:C25) -> 8960 | E25: {=SUM(VLOOKUP(H25:AE25,$AL$4:$AN$44,3,FALSE))} -> 605 | F25: =SUM($E$4:E25)+SUM($G$4:G25) -> 10105 | G25: 0 | H25: 3级 | I25: 商人 | J25: 3级 | K25: 3级 | L25: 3级 | M25: 3级 | N25: 空 | O25: 空 | P25: 营地+ | Q25: 4级 | R25: 4级 | S25: 4级 | T25: 4级 | U25: 4级 | V25: 4级 | W25: 4级 | X25: 空 | Y25: 空 | Z25: 空 | AA25: 空 | AB25: 空 | AC25: 空 | AD25: 空 | AE25: 空 | AF25: 0 | AJ25: 是 | AL25: 山中 | AM25: 160 | AN25: 40 | AO25: =COUNTIF($H$4:$O$94,AL25) -> 0 | AP25: =COUNTIF($P$4:$W$94,AL25) -> 0 | AQ25: =COUNTIF($X$4:$AE$94,AL25) -> 0 | AR25: =AO25+AP25+AQ25 -> 0 | AS25: =AO25*$AN25 -> 0 | AT25: =AP25*$AN25 -> 0 | AU25: =AQ25*$AN25 -> 0 | AY25: =AM25*0.8 -> 128
A26: 44478 | B26: 1600 | C26: {=(SUM(VLOOKUP(H26:AE26,$AL$4:$AN$44,2,FALSE))+AF26*10)*IF(AJ26="是",$AW$4,$AW$3)} -> 1576 | D26: =SUM($B$4:B26)-SUM($C$4:C26) -> 8984 | E26: {=SUM(VLOOKUP(H26:AE26,$AL$4:$AN$44,3,FALSE))} -> 605 | F26: =SUM($E$4:E26)+SUM($G$4:G26) -> 10710 | G26: 0 | H26: 3级 | I26: 3级 | J26: 营地+ | K26: 3级 | L26: 3级 | M26: 3级 | N26: 4级 | O26: 4级 | P26: 4级 | Q26: 4级 | R26: 4级 | S26: 商人 | T26: 4级 | U26: 4级 | V26: 空 | W26: 空 | X26: 空 | Y26: 空 | Z26: 空 | AA26: 空 | AB26: 空 | AC26: 空 | AD26: 空 | AE26: 空 | AF26: 1 | AG26: 1 | AJ26: 是 | AL26: 秋道 | AM26: 150 | AN26: 35 | AO26: =COUNTIF($H$4:$O$94,AL26) -> 0 | AP26: =COUNTIF($P$4:$W$94,AL26) -> 0 | AQ26: =COUNTIF($X$4:$AE$94,AL26) -> 0 | AR26: =AO26+AP26+AQ26 -> 0 | AS26: =AO26*$AN26 -> 0 | AT26: =AP26*$AN26 -> 0 | AU26: =AQ26*$AN26 -> 0 | AY26: =AM26*0.8 -> 120
A27: 44479 | B27: 1600 | C27: {=(SUM(VLOOKUP(H27:AE27,$AL$4:$AN$44,2,FALSE))+AF27*10)*IF(AJ27="是",$AW$4,$AW$3)} -> 1704 | D27: =SUM($B$4:B27)-SUM($C$4:C27) -> 8880 | E27: {=SUM(VLOOKUP(H27:AE27,$AL$4:$AN$44,3,FALSE))} -> 585 | F27: =SUM($E$4:E27)+SUM($G$4:G27) -> 11295 | G27: 0 | H27: 4级 | I27: 4级 | J27: 4级 | K27: 3级 | L27: 3级 | M27: 3级 | N27: 空 | O27: 空 | P27: 4级 | Q27: 4级 | R27: 4级 | S27: 4级 | T27: 4级 | U27: 4级 | V27: 空 | W27: 空 | X27: 空 | Y27: 空 | Z27: 空 | AA27: 空 | AB27: 空 | AC27: 空 | AD27: 空 | AE27: 空 | AF27: 0 | AJ27: 是 | AL27: 空 | AM27: 0 | AN27: 0 | AS27: =AO27*$AN27 -> 0 | AT27: =AP27*$AN27 -> 0 | AU27: =AQ27*$AN27 -> 0 | AY27: =AM27*0.8 -> 0
A28: 44480 | B28: 1600 | C28: {=(SUM(VLOOKUP(H28:AE28,$AL$4:$AN$44,2,FALSE))+AF28*10)*IF(AJ28="是",$AW$4,$AW$3)} -> 1664 | D28: =SUM($B$4:B28)-SUM($C$4:C28) -> 8816 | E28: {=SUM(VLOOKUP(H28:AE28,$AL$4:$AN$44,3,FALSE))} -> 620 | F28: =SUM($E$4:E28)+SUM($G$4:G28) -> 12115 | G28: 200 | H28: 3级 | I28: 3级 | J28: 3级 | K28: 3级 | L28: 3级 | M28: 3级 | N28: 空 | O28: 空 | P28: 4级 | Q28: 4级 | R28: 4级 | S28: 营地+ | T28: 4级 | U28: 4级 | V28: 4级 | W28: 4级 | X28: 空 | Y28: 空 | Z28: 空 | AA28: 空 | AB28: 空 | AC28: 空 | AD28: 空 | AE28: 空 | AF28: 0 | AJ28: 是 | AK28: 八卦后 | AL28: 营地+ | AM28: -200 | AN28: 0 | AO28: =COUNTIF($H$4:$O$94,AL28) -> 5 | AP28: =COUNTIF($P$4:$W$94,AL28) -> 9 | AQ28: =COUNTIF($X$4:$AE$94,AL28) -> 0 | AR28: =AO28+AP28+AQ28 -> 14 | AS28: =AO28*$AN28 -> 0 | AT28: =AP28*$AN28 -> 0 | AU28: =AQ28*$AN28 -> 0 | AY28: =AM28*0.8 -> -160
A29: 44481 | B29: 1600 | C29: {=(SUM(VLOOKUP(H29:AE29,$AL$4:$AN$44,2,FALSE))+AF29*10)*IF(AJ29="是",$AW$4,$AW$3)} -> 1568 | D29: =SUM($B$4:B29)-SUM($C$4:C29) -> 8848 | E29: {=SUM(VLOOKUP(H29:AE29,$AL$4:$AN$44,3,FALSE))} -> 555 | F29: =SUM($E$4:E29)+SUM($G$4:G29) -> 12770 | G29: 100 | H29: 3级 | I29: 3级 | J29: 商人 | K29: 3级 | L29: 3级 | M29: 塔3 | N29: 空 | O29: 空 | P29: 4级 | Q29: 4级 | R29: 4级 | S29: 4级 | T29: 4级 | U29: 4级 | V29: 空 | W29: 空 | X29: 空 | Y29: 空 | Z29: 空 | AA29: 空 | AB29: 空 | AC29: 空 | AD29: 空 | AE29: 空 | AF29: 0 | AJ29: 是 | AQ29: 总地块 | AR29: =SUM(AR4:AR28) -> 1026 | AT29: 总经验 | AU29: =SUM(AS4:AU28)+7000 -> 61465
A30: 44482 | B30: 1600 | C30: {=(SUM(VLOOKUP(H30:AE30,$AL$4:$AN$44,2,FALSE))+AF30*10)*IF(AJ30="是",$AW$4,$AW$3)} -> 1584 | D30: =SUM($B$4:B30)-SUM($C$4:C30) -> 8864 | E30: {=SUM(VLOOKUP(H30:AE30,$AL$4:$AN$44,3,FALSE))} -> 555 | F30: =SUM($E$4:E30)+SUM($G$4:G30) -> 13525 | G30: 200 | H30: 3级 | I30: 3级 | J30: 3级 | K30: 3级 | L30: 3级 | M30: 商人 | N30: 空 | O30: 空 | P30: 4级 | Q30: 4级 | R30: 4级 | S30: 4级 | T30: 4级 | U30: 4级 | V30: 空 | W30: 空 | X30: 空 | Y30: 空 | Z30: 空 | AA30: 空 | AB30: 空 | AC30: 空 | AD30: 空 | AE30: 空 | AF30: 0 | AJ30: 是
A31: 44483 | B31: 1600 | C31: {=(SUM(VLOOKUP(H31:AE31,$AL$4:$AN$44,2,FALSE))+AF31*10)*IF(AJ31="是",$AW$4,$AW$3)} -> 1680 | D31: =SUM($B$4:B31)-SUM($C$4:C31) -> 8784 | E31: {=SUM(VLOOKUP(H31:AE31,$AL$4:$AN$44,3,FALSE))} -> 570 | F31: =SUM($E$4:E31)+SUM($G$4:G31) -> 14095 | G31: 0 | H31: 3级 | I31: 3级 | J31: 3级 | K31: 3级 | L31: 3级 | M31: 3级 | N31: 空 | O31: 空 | P31: 4级 | Q31: 4级 | R31: 4级 | S31: 4级 | T31: 4级 | U31: 4级 | V31: 空 | W31: 空 | X31: 空 | Y31: 空 | Z31: 空 | AA31: 空 | AB31: 空 | AC31: 空 | AD31: 空 | AE31: 空 | AF31: 0 | AJ31: 是
A32: 44484 | B32: 1600 | C32: {=(SUM(VLOOKUP(H32:AE32,$AL$4:$AN$44,2,FALSE))+AF32*10)*IF(AJ32="是",$AW$4,$AW$3)} -> 1608 | D32: =SUM($B$4:B32)-SUM($C$4:C32) -> 8776 | E32: {=SUM(VLOOKUP(H32:AE32,$AL$4:$AN$44,3,FALSE))} -> 570 | F32: =SUM($E$4:E32)+SUM($G$4:G32) -> 14665 | G32: 0 | H32: 3级 | I32: 3级 | J32: 3级 | K32: 4级 | L32: 4级 | M32: 4级 | N32: 空 | O32: 空 | P32: 4级 | Q32: 4级 | R32: 商人 | S32: 4级 | T32: 4级 | U32: 5级 | V32: 空 | W32: 空 | X32: 空 | Y32: 空 | Z32: 空 | AA32: 空 | AB32: 空 | AC32: 空 | AD32: 空 | AE32: 空 | AF32: 0 | AJ32: 是
A33: 44485 | B33: 1600 | C33: {=(SUM(VLOOKUP(H33:AE33,$AL$4:$AN$44,2,FALSE))+AF33*10)*IF(AJ33="是",$AW$4,$AW$3)} -> 1728 | D33: =SUM($B$4:B33)-SUM($C$4:C33) -> 8648 | E33: {=SUM(VLOOKUP(H33:AE33,$AL$4:$AN$44,3,FALSE))} -> 600 | F33: =SUM($E$4:E33)+SUM($G$4:G33) -> 15265 | G33: 0 | H33: 4级 | I33: 4级 | J33: 4级 | K33: 4级 | L33: 4级 | M33: 4级 | N33: 空 | O33: 空 | P33: 4级 | Q33: 4级 | R33: 4级 | S33: 4级 | T33: 4级 | U33: 4级 | V33: 空 | W33: 空 | X33: 空 | Y33: 空 | Z33: 空 | AA33: 空 | AB33: 空 | AC33: 空 | AD33: 空 | AE33: 空 | AF33: 0 | AJ33: 是
A34: 44486 | B34: 1600 | C34: {=(SUM(VLOOKUP(H34:AE34,$AL$4:$AN$44,2,FALSE))+AF34*10)*IF(AJ34="是",$AW$4,$AW$3)} -> 1728 | D34: =SUM($B$4:B34)-SUM($C$4:C34) -> 8520 | E34: {=SUM(VLOOKUP(H34:AE34,$AL$4:$AN$44,3,FALSE))} -> 600 | F34: =SUM($E$4:E34)+SUM($G$4:G34) -> 15865 | G34: 0 | H34: 4级 | I34: 4级 | J34: 4级 | K34: 4级 | L34: 4级 | M34: 4级 | N34: 空 | O34: 空 | P34: 4级 | Q34: 4级 | R34: 4级 | S34: 4级 | T34: 4级 | U34: 4级 | V34: 空 | W34: 空 | X34: 空 | Y34: 空 | Z34: 空 | AA34: 空 | AB34: 空 | AC34: 空 | AD34: 空 | AE34: 空 | AF34: 0 | AJ34: 是
A35: 44487 | B35: 1600 | C35: {=(SUM(VLOOKUP(H35:AE35,$AL$4:$AN$44,2,FALSE))+AF35*10)*IF(AJ35="是",$AW$4,$AW$3)} -> 1624 | D35: =SUM($B$4:B35)-SUM($C$4:C35) -> 8496 | E35: {=SUM(VLOOKUP(H35:AE35,$AL$4:$AN$44,3,FALSE))} -> 580 | F35: =SUM($E$4:E35)+SUM($G$4:G35) -> 16645 | G35: 200 | H35: 4级 | I35: 4级 | J35: 4级 | K35: 4级 | L35: 4级 | M35: 商人 | N35: 空 | O35: 空 | P35: 4级 | Q35: 4级 | R35: 4级 | S35: 4级 | T35: 4级 | U35: 4级 | V35: 空 | W35: 空 | X35: 空 | Y35: 空 | Z35: 空 | AA35: 空 | AB35: 空 | AC35: 空 | AD35: 空 | AE35: 空 | AF35: 0 | AJ35: 是
A36: 44488 | B36: 1600 | C36: {=(SUM(VLOOKUP(H36:AE36,$AL$4:$AN$44,2,FALSE))+AF36*10)*IF(AJ36="是",$AW$4,$AW$3)} -> 1600 | D36: =SUM($B$4:B36)-SUM($C$4:C36) -> 8496 | E36: {=SUM(VLOOKUP(H36:AE36,$AL$4:$AN$44,3,FALSE))} -> 580 | F36: =SUM($E$4:E36)+SUM($G$4:G36) -> 17325 | G36: 100 | H36: 4级 | I36: 4级 | J36: 4级 | K36: 4级 | L36: 4级 | M36: 4级 | N36: 空 | O36: 空 | P36: 商人 | Q36: 4级 | R36: 4级 | S36: 4级 | T36: 塔4 | U36: 4级 | V36: 空 | W36: 空 | X36: 空 | Y36: 空 | Z36: 空 | AA36: 空 | AB36: 空 | AC36: 空 | AD36: 空 | AE36: 空 | AF36: 0 | AJ36: 是
A37: 44489 | B37: 1600 | C37: {=(SUM(VLOOKUP(H37:AE37,$AL$4:$AN$44,2,FALSE))+AF37*10)*IF(AJ37="是",$AW$4,$AW$3)} -> 1728 | D37: =SUM($B$4:B37)-SUM($C$4:C37) -> 8368 | E37: {=SUM(VLOOKUP(H37:AE37,$AL$4:$AN$44,3,FALSE))} -> 600 | F37: =SUM($E$4:E37)+SUM($G$4:G37) -> 18125 | G37: 200 | H37: 4级 | I37: 4级 | J37: 4级 | K37: 4级 | L37: 4级 | M37: 4级 | N37: 空 | O37: 空 | P37: 4级 | Q37: 4级 | R37: 4级 | S37: 4级 | T37: 4级 | U37: 4级 | V37: 空 | W37: 空 | X37: 空 | Y37: 空 | Z37: 空 | AA37: 空 | AB37: 空 | AC37: 空 | AD37: 空 | AE37: 空 | AF37: 0 | AJ37: 是 | AL37: 6级地194块 | AN37: 6 | AO37: 194
A38: 44490 | B38: 1600 | C38: {=(SUM(VLOOKUP(H38:AE38,$AL$4:$AN$44,2,FALSE))+AF38*10)*IF(AJ38="是",$AW$4,$AW$3)} -> 1728 | D38: =SUM($B$4:B38)-SUM($C$4:C38) -> 8240 | E38: {=SUM(VLOOKUP(H38:AE38,$AL$4:$AN$44,3,FALSE))} -> 600 | F38: =SUM($E$4:E38)+SUM($G$4:G38) -> 18725 | G38: 0 | H38: 4级 | I38: 4级 | J38: 4级 | K38: 4级 | L38: 4级 | M38: 4级 | N38: 空 | O38: 空 | P38: 4级 | Q38: 4级 | R38: 4级 | S38: 4级 | T38: 4级 | U38: 4级 | V38: 空 | W38: 空 | X38: 空 | Y38: 空 | Z38: 空 | AA38: 空 | AB38: 空 | AC38: 空 | AD38: 空 | AE38: 空 | AF38: 0 | AJ38: 是 | AL38: 5级地237块 | AN38: 5 | AO38: 236
A39: 44491 | B39: 1600 | C39: {=(SUM(VLOOKUP(H39:AE39,$AL$4:$AN$44,2,FALSE))+AF39*10)*IF(AJ39="是",$AW$4,$AW$3)} -> 1632 | D39: =SUM($B$4:B39)-SUM($C$4:C39) -> 8208 | E39: {=SUM(VLOOKUP(H39:AE39,$AL$4:$AN$44,3,FALSE))} -> 600 | F39: =SUM($E$4:E39)+SUM($G$4:G39) -> 19325 | G39: 0 | H39: 4级 | I39: 塔4 | J39: 4级 | K39: 4级 | L39: 商人 | M39: 4级 | N39: 空 | O39: 空 | P39: 4级 | Q39: 5级 | R39: 5级 | S39: 4级 | T39: 5级 | U39: 5级 | V39: 空 | W39: 空 | X39: 空 | Y39: 空 | Z39: 空 | AA39: 空 | AB39: 空 | AC39: 空 | AD39: 空 | AE39: 空 | AF39: 0 | AJ39: 是 | AL39: 4级地272块 | AN39: 4 | AO39: 269
A40: 44492 | B40: 1600 | C40: {=(SUM(VLOOKUP(H40:AE40,$AL$4:$AN$44,2,FALSE))+AF40*10)*IF(AJ40="是",$AW$4,$AW$3)} -> 1808 | D40: =SUM($B$4:B40)-SUM($C$4:C40) -> 8000 | E40: {=SUM(VLOOKUP(H40:AE40,$AL$4:$AN$44,3,FALSE))} -> 1125 | F40: =SUM($E$4:E40)+SUM($G$4:G40) -> 20450 | G40: 0 | H40: 4级 | I40: 4级 | J40: 4级 | K40: 4级 | L40: 4级 | M40: 4级 | N40: 营地+ | O40: 4级 | P40: 5级 | Q40: 5级 | R40: 5级 | S40: 中boss | T40: 5级 | U40: 5级 | V40: 空 | W40: 空 | X40: 空 | Y40: 空 | Z40: 空 | AA40: 空 | AB40: 空 | AC40: 空 | AD40: 空 | AE40: 空 | AF40: 0 | AJ40: 是 | AL40: 3级地358块 | AN40: 3 | AO40: 358
A41: 44493 | B41: 1600 | C41: {=(SUM(VLOOKUP(H41:AE41,$AL$4:$AN$44,2,FALSE))+AF41*10)*IF(AJ41="是",$AW$4,$AW$3)} -> 1776 | D41: =SUM($B$4:B41)-SUM($C$4:C41) -> 7824 | E41: {=SUM(VLOOKUP(H41:AE41,$AL$4:$AN$44,3,FALSE))} -> 630 | F41: =SUM($E$4:E41)+SUM($G$4:G41) -> 21080 | G41: 0 | H41: 4级 | I41: 4级 | J41: 4级 | K41: 4级 | L41: 4级 | M41: 4级 | N41: 空 | O41: 空 | P41: 5级 | Q41: 5级 | R41: 5级 | S41: 5级 | T41: 5级 | U41: 5级 | V41: 空 | W41: 空 | X41: 空 | Y41: 空 | Z41: 空 | AA41: 空 | AB41: 空 | AC41: 空 | AD41: 空 | AE41: 空 | AF41: 0 | AJ41: 是 | AO41: =SUM(AO37:AO40) -> 1057
A42: 44494 | B42: 1600 | C42: {=(SUM(VLOOKUP(H42:AE42,$AL$4:$AN$44,2,FALSE))+AF42*10)*IF(AJ42="是",$AW$4,$AW$3)} -> 1664 | D42: =SUM($B$4:B42)-SUM($C$4:C42) -> 7760 | E42: {=SUM(VLOOKUP(H42:AE42,$AL$4:$AN$44,3,FALSE))} -> 605 | F42: =SUM($E$4:E42)+SUM($G$4:G42) -> 21985 | G42: 300 | H42: 4级 | I42: 4级 | J42: 4级 | K42: 4级 | L42: 4级 | M42: 4级 | N42: 空 | O42: 空 | P42: 5级 | Q42: 5级 | R42: 5级 | S42: 5级 | T42: 5级 | U42: 商人 | V42: 空 | W42: 空 | X42: 空 | Y42: 空 | Z42: 空 | AA42: 空 | AB42: 空 | AC42: 空 | AD42: 空 | AE42: 空 | AF42: 0 | AJ42: 是
A43: 44495 | B43: 1600 | C43: {=(SUM(VLOOKUP(H43:AE43,$AL$4:$AN$44,2,FALSE))+AF43*10)*IF(AJ43="是",$AW$4,$AW$3)} -> 1776 | D43: =SUM($B$4:B43)-SUM($C$4:C43) -> 7584 | E43: {=SUM(VLOOKUP(H43:AE43,$AL$4:$AN$44,3,FALSE))} -> 630 | F43: =SUM($E$4:E43)+SUM($G$4:G43) -> 22615 | G43: 0 | H43: 4级 | I43: 4级 | J43: 4级 | K43: 4级 | L43: 4级 | M43: 4级 | N43: 空 | O43: 空 | P43: 5级 | Q43: 5级 | R43: 5级 | S43: 5级 | T43: 5级 | U43: 5级 | V43: 空 | W43: 空 | X43: 空 | Y43: 空 | Z43: 空 | AA43: 空 | AB43: 空 | AC43: 空 | AD43: 空 | AE43: 空 | AF43: 0 | AJ43: 是
A44: 44496 | B44: 1600 | C44: {=(SUM(VLOOKUP(H44:AE44,$AL$4:$AN$44,2,FALSE))+AF44*10)*IF(AJ44="是",$AW$4,$AW$3)} -> 1744 | D44: =SUM($B$4:B44)-SUM($C$4:C44) -> 7440 | E44: {=SUM(VLOOKUP(H44:AE44,$AL$4:$AN$44,3,FALSE))} -> 630 | F44: =SUM($E$4:E44)+SUM($G$4:G44) -> 23445 | G44: 200 | H44: 4级 | I44: 4级 | J44: 4级 | K44: 4级 | L44: 4级 | M44: 4级 | N44: 空 | O44: 空 | P44: 5级 | Q44: 5级 | R44: 5级 | S44: 5级 | T44: 塔5 | U44: 5级 | V44: 空 | W44: 空 | X44: 空 | Y44: 空 | Z44: 空 | AA44: 空 | AB44: 空 | AC44: 空 | AD44: 空 | AE44: 空 | AF44: 0 | AJ44: 是
A45: 44497 | B45: 1600 | C45: {=(SUM(VLOOKUP(H45:AE45,$AL$4:$AN$44,2,FALSE))+AF45*10)*IF(AJ45="是",$AW$4,$AW$3)} -> 1808 | D45: =SUM($B$4:B45)-SUM($C$4:C45) -> 7232 | E45: {=SUM(VLOOKUP(H45:AE45,$AL$4:$AN$44,3,FALSE))} -> 650 | F45: =SUM($E$4:E45)+SUM($G$4:G45) -> 24095 | G45: 0 | H45: 4级 | I45: 4级 | J45: 4级 | K45: 4级 | L45: 4级 | M45: 4级 | N45: 空 | O45: 空 | P45: 5级 | Q45: 5级 | R45: 6级 | S45: 6级 | T45: 6级 | U45: 6级 | V45: 空 | W45: 空 | X45: 空 | Y45: 空 | Z45: 空 | AA45: 空 | AB45: 空 | AC45: 空 | AD45: 空 | AE45: 空 | AF45: 0 | AJ45: 是
A46: 44498 | B46: 1600 | C46: {=(SUM(VLOOKUP(H46:AE46,$AL$4:$AN$44,2,FALSE))+AF46*10)*IF(AJ46="是",$AW$4,$AW$3)} -> 1848 | D46: =SUM($B$4:B46)-SUM($C$4:C46) -> 6984 | E46: {=SUM(VLOOKUP(H46:AE46,$AL$4:$AN$44,3,FALSE))} -> 675 | F46: =SUM($E$4:E46)+SUM($G$4:G46) -> 24770 | G46: 0 | H46: 4级 | I46: 4级 | J46: 4级 | K46: 5级 | L46: 5级 | M46: 5级 | N46: 空 | O46: 空 | P46: 6级 | Q46: 6级 | R46: 6级 | S46: 6级 | T46: 6级 | U46: 6级 | V46: 空 | W46: 空 | X46: 空 | Y46: 空 | Z46: 空 | AA46: 空 | AB46: 空 | AC46: 空 | AD46: 空 | AE46: 空 | AF46: 0 | AJ46: 是
A47: 44499 | B47: 1600 | C47: {=(SUM(VLOOKUP(H47:AE47,$AL$4:$AN$44,2,FALSE))+AF47*10)*IF(AJ47="是",$AW$4,$AW$3)} -> 1832 | D47: =SUM($B$4:B47)-SUM($C$4:C47) -> 6752 | E47: {=SUM(VLOOKUP(H47:AE47,$AL$4:$AN$44,3,FALSE))} -> 665 | F47: =SUM($E$4:E47)+SUM($G$4:G47) -> 25435 | G47: 0 | H47: 5级 | I47: 4级 | J47: 4级 | K47: 4级 | L47: 4级 | M47: 4级 | N47: 空 | O47: 空 | P47: 6级 | Q47: 6级 | R47: 6级 | S47: 6级 | T47: 6级 | U47: 6级 | V47: 空 | W47: 空 | X47: 空 | Y47: 空 | Z47: 空 | AA47: 空 | AB47: 空 | AC47: 空 | AD47: 空 | AE47: 空 | AF47: 0 | AJ47: 是
A48: 44500 | B48: 1600 | C48: {=(SUM(VLOOKUP(H48:AE48,$AL$4:$AN$44,2,FALSE))+AF48*10)*IF(AJ48="是",$AW$4,$AW$3)} -> 1824 | D48: =SUM($B$4:B48)-SUM($C$4:C48) -> 6528 | E48: {=SUM(VLOOKUP(H48:AE48,$AL$4:$AN$44,3,FALSE))} -> 660 | F48: =SUM($E$4:E48)+SUM($G$4:G48) -> 26095 | G48: 0 | H48: 4级 | I48: 4级 | J48: 4级 | K48: 4级 | L48: 4级 | M48: 4级 | N48: 空 | O48: 空 | P48: 6级 | Q48: 6级 | R48: 6级 | S48: 6级 | T48: 6级 | U48: 6级 | V48: 空 | W48: 空 | X48: 空 | Y48: 空 | Z48: 空 | AA48: 空 | AB48: 空 | AC48: 空 | AD48: 空 | AE48: 空 | AF48: 0 | AJ48: 是
A49: 44501 | B49: 1600 | C49: {=(SUM(VLOOKUP(H49:AE49,$AL$4:$AN$44,2,FALSE))+AF49*10)*IF(AJ49="是",$AW$4,$AW$3)} -> 1720 | D49: =SUM($B$4:B49)-SUM($C$4:C49) -> 6408 | E49: {=SUM(VLOOKUP(H49:AE49,$AL$4:$AN$44,3,FALSE))} -> 640 | F49: =SUM($E$4:E49)+SUM($G$4:G49) -> 26935 | G49: 200 | H49: 4级 | I49: 4级 | J49: 商人 | K49: 4级 | L49: 4级 | M49: 4级 | N49: 空 | O49: 空 | P49: 6级 | Q49: 6级 | R49: 6级 | S49: 6级 | T49: 6级 | U49: 6级 | V49: 空 | W49: 空 | X49: 空 | Y49: 空 | Z49: 空 | AA49: 空 | AB49: 空 | AC49: 空 | AD49: 空 | AE49: 空 | AF49: 0 | AJ49: 是
A50: 44502 | B50: 1600 | C50: {=(SUM(VLOOKUP(H50:AE50,$AL$4:$AN$44,2,FALSE))+AF50*10)*IF(AJ50="是",$AW$4,$AW$3)} -> 1800 | D50: =SUM($B$4:B50)-SUM($C$4:C50) -> 6208 | E50: {=SUM(VLOOKUP(H50:AE50,$AL$4:$AN$44,3,FALSE))} -> 715 | F50: =SUM($E$4:E50)+SUM($G$4:G50) -> 27750 | G50: 100 | H50: 4级 | I50: 塔3 | J50: 4级 | K50: 4级 | L50: 4级 | M50: 4级 | N50: 空 | O50: 空 | P50: 营地+ | Q50: 6级 | R50: 6级 | S50: 6级 | T50: 6级 | U50: 6级 | V50: 6级 | W50: 6级 | X50: 空 | Y50: 空 | Z50: 空 | AA50: 空 | AB50: 空 | AC50: 空 | AD50: 空 | AE50: 空 | AF50: 0 | AJ50: 是
A51: 44503 | B51: 1600 | C51: {=(SUM(VLOOKUP(H51:AE51,$AL$4:$AN$44,2,FALSE))+AF51*10)*IF(AJ51="是",$AW$4,$AW$3)} -> 1824 | D51: =SUM($B$4:B51)-SUM($C$4:C51) -> 5984 | E51: {=SUM(VLOOKUP(H51:AE51,$AL$4:$AN$44,3,FALSE))} -> 660 | F51: =SUM($E$4:E51)+SUM($G$4:G51) -> 28610 | G51: 200 | H51: 4级 | I51: 4级 | J51: 4级 | K51: 4级 | L51: 4级 | M51: 4级 | N51: 空 | O51: 空 | P51: 6级 | Q51: 6级 | R51: 6级 | S51: 6级 | T51: 6级 | U51: 6级 | V51: 空 | W51: 空 | X51: 空 | Y51: 空 | Z51: 空 | AA51: 空 | AB51: 空 | AC51: 空 | AD51: 空 | AE51: 空 | AF51: 0 | AJ51: 是
A52: 44504 | B52: 1600 | C52: {=(SUM(VLOOKUP(H52:AE52,$AL$4:$AN$44,2,FALSE))+AF52*10)*IF(AJ52="是",$AW$4,$AW$3)} -> 1776 | D52: =SUM($B$4:B52)-SUM($C$4:C52) -> 5808 | E52: {=SUM(VLOOKUP(H52:AE52,$AL$4:$AN$44,3,FALSE))} -> 630 | F52: =SUM($E$4:E52)+SUM($G$4:G52) -> 29240 | G52: 0 | H52: 4级 | I52: 4级 | J52: 4级 | K52: 4级 | L52: 4级 | M52: 4级 | N52: 空 | O52: 空 | P52: 5级 | Q52: 5级 | R52: 5级 | S52: 5级 | T52: 5级 | U52: 5级 | V52: 空 | W52: 空 | X52: 空 | Y52: 空 | Z52: 空 | AA52: 空 | AB52: 空 | AC52: 空 | AD52: 空 | AE52: 空 | AF52: 0 | AJ52: 是
A53: 44505 | B53: 1600 | C53: {=(SUM(VLOOKUP(H53:AE53,$AL$4:$AN$44,2,FALSE))+AF53*10)*IF(AJ53="是",$AW$4,$AW$3)} -> 1664 | D53: =SUM($B$4:B53)-SUM($C$4:C53) -> 5744 | E53: {=SUM(VLOOKUP(H53:AE53,$AL$4:$AN$44,3,FALSE))} -> 605 | F53: =SUM($E$4:E53)+SUM($G$4:G53) -> 29845 | G53: 0 | H53: 4级 | I53: 4级 | J53: 4级 | K53: 4级 | L53: 4级 | M53: 4级 | N53: 空 | O53: 空 | P53: 5级 | Q53: 5级 | R53: 5级 | S53: 商人 | T53: 5级 | U53: 5级 | V53: 空 | W53: 空 | X53: 空 | Y53: 空 | Z53: 空 | AA53: 空 | AB53: 空 | AC53: 空 | AD53: 空 | AE53: 空 | AF53: 0 | AJ53: 是
... A62: 44514 | B62: 1600 | C62: {=(SUM(VLOOKUP(H62:AE62,$AL$4:$AN$44,2,FALSE))+AF62*10)*IF(AJ62="是",$AW$4,$AW$3)} -> 1896 | D62: =SUM($B$4:B62)-SUM($C$4:C62) -> 4144 | E62: {=SUM(VLOOKUP(H62:AE62,$AL$4:$AN$44,3,FALSE))} -> 765 | F62: =SUM($E$4:E62)+SUM($G$4:G62) -> 36745 | G62: 0 | H62: 5级 | I62: 5级 | J62: 营地+ | K62: 5级 | L62: 6级 | M62: 6级 | N62: 6级 | O62: 6级 | P62: 6级 | Q62: 6级 | R62: 6级 | S62: 6级 | T62: 6级 | U62: 6级 | V62: 空 | W62: 空 | X62: 空 | Y62: 空 | Z62: 空 | AA62: 空 | AB62: 空 | AC62: 空 | AD62: 空 | AE62: 空 | AF62: 0 | AJ62: 是
A63: 44515 | B63: 1600 | C63: {=(SUM(VLOOKUP(H63:AE63,$AL$4:$AN$44,2,FALSE))+AF63*10)*IF(AJ63="是",$AW$4,$AW$3)} -> 1928 | D63: =SUM($B$4:B63)-SUM($C$4:C63) -> 3816 | E63: {=SUM(VLOOKUP(H63:AE63,$AL$4:$AN$44,3,FALSE))} -> 720 | F63: =SUM($E$4:E63)+SUM($G$4:G63) -> 37765 | G63: 300 | H63: 6级 | I63: 6级 | J63: 6级 | K63: 6级 | L63: 6级 | M63: 6级 | N63: 空 | O63: 空 | P63: 6级 | Q63: 6级 | R63: 6级 | S63: 6级 | T63: 6级 | U63: 6级 | V63: 空 | W63: 空 | X63: 空 | Y63: 空 | Z63: 空 | AA63: 空 | AB63: 空 | AC63: 空 | AD63: 空 | AE63: 空 | AF63: 1 | AH63: 1 | AJ63: 是
A64: 44516 | B64: 1600 | C64: {=(SUM(VLOOKUP(H64:AE64,$AL$4:$AN$44,2,FALSE))+AF64*10)*IF(AJ64="是",$AW$4,$AW$3)} -> 1920 | D64: =SUM($B$4:B64)-SUM($C$4:C64) -> 3496 | E64: {=SUM(VLOOKUP(H64:AE64,$AL$4:$AN$44,3,FALSE))} -> 720 | F64: =SUM($E$4:E64)+SUM($G$4:G64) -> 38485 | G64: 0 | H64: 6级 | I64: 6级 | J64: 6级 | K64: 6级 | L64: 6级 | M64: 6级 | N64: 空 | O64: 空 | P64: 6级 | Q64: 6级 | R64: 6级 | S64: 6级 | T64: 6级 | U64: 6级 | V64: 空 | W64: 空 | X64: 空 | Y64: 空 | Z64: 空 | AA64: 空 | AB64: 空 | AC64: 空 | AD64: 空 | AE64: 空 | AF64: 0 | AJ64: 是
A65: 44517 | B65: 1600 | C65: {=(SUM(VLOOKUP(H65:AE65,$AL$4:$AN$44,2,FALSE))+AF65*10)*IF(AJ65="是",$AW$4,$AW$3)} -> 1920 | D65: =SUM($B$4:B65)-SUM($C$4:C65) -> 3176 | E65: {=SUM(VLOOKUP(H65:AE65,$AL$4:$AN$44,3,FALSE))} -> 720 | F65: =SUM($E$4:E65)+SUM($G$4:G65) -> 39405 | G65: 200 | H65: 6级 | I65: 6级 | J65: 6级 | K65: 6级 | L65: 6级 | M65: 6级 | N65: 空 | O65: 空 | P65: 6级 | Q65: 6级 | R65: 6级 | S65: 6级 | T65: 6级 | U65: 6级 | V65: 空 | W65: 空 | X65: 空 | Y65: 空 | Z65: 空 | AA65: 空 | AB65: 空 | AC65: 空 | AD65: 空 | AE65: 空 | AF65: 0 | AJ65: 是
A66: 44518 | B66: 1600 | C66: {=(SUM(VLOOKUP(H66:AE66,$AL$4:$AN$44,2,FALSE))+AF66*10)*IF(AJ66="是",$AW$4,$AW$3)} -> 1960 | D66: =SUM($B$4:B66)-SUM($C$4:C66) -> 2816 | E66: {=SUM(VLOOKUP(H66:AE66,$AL$4:$AN$44,3,FALSE))} -> 1660 | F66: =SUM($E$4:E66)+SUM($G$4:G66) -> 41065 | G66: 0 | H66: 6级 | I66: 6级 | J66: 6级 | K66: 6级 | L66: 6级 | M66: 6级 | N66: 空 | O66: 空 | P66: 6级 | Q66: 大boss | R66: 6级 | S66: 6级 | T66: 6级 | U66: 6级 | V66: 空 | W66: 空 | X66: 空 | Y66: 空 | Z66: 空 | AA66: 空 | AB66: 空 | AC66: 空 | AD66: 空 | AE66: 空 | AF66: 0 | AJ66: 是
A67: 44519 | B67: 1600 | C67: {=(SUM(VLOOKUP(H67:AE67,$AL$4:$AN$44,2,FALSE))+AF67*10)*IF(AJ67="是",$AW$4,$AW$3)} -> 1872 | D67: =SUM($B$4:B67)-SUM($C$4:C67) -> 2544 | E67: {=SUM(VLOOKUP(H67:AE67,$AL$4:$AN$44,3,FALSE))} -> 775 | F67: =SUM($E$4:E67)+SUM($G$4:G67) -> 41840 | G67: 0 | H67: 6级 | I67: 6级 | J67: 6级 | K67: 塔6 | L67: 6级 | M67: 6级 | N67: 空 | O67: 空 | P67: 6级 | Q67: 6级 | R67: 6级 | S67: 6级 | T67: 6级 | U67: 营地+ | V67: 6级 | W67: 5级 | X67: 空 | Y67: 空 | Z67: 空 | AA67: 空 | AB67: 空 | AC67: 空 | AD67: 空 | AE67: 空 | AF67: 0 | AJ67: 是
A68: 44520 | B68: 1600 | C68: {=(SUM(VLOOKUP(H68:AE68,$AL$4:$AN$44,2,FALSE))+AF68*10)*IF(AJ68="是",$AW$4,$AW$3)} -> 1872 | D68: =SUM($B$4:B68)-SUM($C$4:C68) -> 2272 | E68: {=SUM(VLOOKUP(H68:AE68,$AL$4:$AN$44,3,FALSE))} -> 690 | F68: =SUM($E$4:E68)+SUM($G$4:G68) -> 42530 | G68: 0 | H68: 6级 | I68: 6级 | J68: 6级 | K68: 6级 | L68: 6级 | M68: 6级 | N68: 空 | O68: 空 | P68: 5级 | Q68: 5级 | R68: 5级 | S68: 5级 | T68: 5级 | U68: 5级 | V68: 空 | W68: 空 | X68: 空 | Y68: 空 | Z68: 空 | AA68: 空 | AB68: 空 | AC68: 空 | AD68: 空 | AE68: 空 | AF68: 0 | AJ68: 是
A69: 44521 | B69: 1600 | C69: {=(SUM(VLOOKUP(H69:AE69,$AL$4:$AN$44,2,FALSE))+AF69*10)*IF(AJ69="是",$AW$4,$AW$3)} -> 1840 | D69: =SUM($B$4:B69)-SUM($C$4:C69) -> 2032 | E69: {=SUM(VLOOKUP(H69:AE69,$AL$4:$AN$44,3,FALSE))} -> 690 | F69: =SUM($E$4:E69)+SUM($G$4:G69) -> 43220 | G69: 0 | H69: 6级 | I69: 6级 | J69: 6级 | K69: 6级 | L69: 6级 | M69: 6级 | N69: 空 | O69: 空 | P69: 5级 | Q69: 塔5 | R69: 5级 | S69: 5级 | T69: 5级 | U69: 5级 | V69: 空 | W69: 空 | X69: 空 | Y69: 空 | Z69: 空 | AA69: 空 | AB69: 空 | AC69: 空 | AD69: 空 | AE69: 空 | AF69: 0 | AJ69: 是
A70: 44522 | B70: 1600 | C70: {=(SUM(VLOOKUP(H70:AE70,$AL$4:$AN$44,2,FALSE))+AF70*10)*IF(AJ70="是",$AW$4,$AW$3)} -> 1872 | D70: =SUM($B$4:B70)-SUM($C$4:C70) -> 1760 | E70: {=SUM(VLOOKUP(H70:AE70,$AL$4:$AN$44,3,FALSE))} -> 750 | F70: =SUM($E$4:E70)+SUM($G$4:G70) -> 44270 | G70: 300 | H70: 营地+ | I70: 6级 | J70: 6级 | K70: 6级 | L70: 6级 | M70: 6级 | N70: 6级 | O70: 6级 | P70: 5级 | Q70: 5级 | R70: 5级 | S70: 5级 | T70: 5级 | U70: 5级 | V70: 空 | W70: 空 | X70: 空 | Y70: 空 | Z70: 空 | AA70: 空 | AB70: 空 | AC70: 空 | AD70: 空 | AE70: 空 | AF70: 0 | AJ70: 是
A71: 44523 | B71: 1600 | C71: {=(SUM(VLOOKUP(H71:AE71,$AL$4:$AN$44,2,FALSE))+AF71*10)*IF(AJ71="是",$AW$4,$AW$3)} -> 1760 | D71: =SUM($B$4:B71)-SUM($C$4:C71) -> 1600 | E71: {=SUM(VLOOKUP(H71:AE71,$AL$4:$AN$44,3,FALSE))} -> 665 | F71: =SUM($E$4:E71)+SUM($G$4:G71) -> 44935 | G71: 0 | H71: 6级 | I71: 6级 | J71: 6级 | K71: 6级 | L71: 6级 | M71: 6级 | N71: 空 | O71: 空 | P71: 5级 | Q71: 5级 | R71: 5级 | S71: 5级 | T71: 商人 | U71: 5级 | V71: 空 | W71: 空 | X71: 空 | Y71: 空 | Z71: 空 | AA71: 空 | AB71: 空 | AC71: 空 | AD71: 空 | AE71: 空 | AF71: 0 | AJ71: 是
A72: 44524 | B72: 1600 | C72: {=(SUM(VLOOKUP(H72:AE72,$AL$4:$AN$44,2,FALSE))+AF72*10)*IF(AJ72="是",$AW$4,$AW$3)} -> 1872 | D72: =SUM($B$4:B72)-SUM($C$4:C72) -> 1328 | E72: {=SUM(VLOOKUP(H72:AE72,$AL$4:$AN$44,3,FALSE))} -> 690 | F72: =SUM($E$4:E72)+SUM($G$4:G72) -> 45825 | G72: 200 | H72: 6级 | I72: 6级 | J72: 6级 | K72: 6级 | L72: 6级 | M72: 6级 | N72: 空 | O72: 空 | P72: 5级 | Q72: 5级 | R72: 5级 | S72: 5级 | T72: 5级 | U72: 5级 | V72: 空 | W72: 空 | X72: 空 | Y72: 空 | Z72: 空 | AA72: 空 | AB72: 空 | AC72: 空 | AD72: 空 | AE72: 空 | AF72: 0 | AJ72: 是
A73: 44525 | B73: 1600 | C73: {=(SUM(VLOOKUP(H73:AE73,$AL$4:$AN$44,2,FALSE))+AF73*10)*IF(AJ73="是",$AW$4,$AW$3)} -> 1872 | D73: =SUM($B$4:B73)-SUM($C$4:C73) -> 1056 | E73: {=SUM(VLOOKUP(H73:AE73,$AL$4:$AN$44,3,FALSE))} -> 690 | F73: =SUM($E$4:E73)+SUM($G$4:G73) -> 46515 | G73: 0 | H73: 6级 | I73: 6级 | J73: 6级 | K73: 6级 | L73: 6级 | M73: 6级 | N73: 空 | O73: 空 | P73: 5级 | Q73: 5级 | R73: 5级 | S73: 5级 | T73: 5级 | U73: 5级 | V73: 空 | W73: 空 | X73: 空 | Y73: 空 | Z73: 空 | AA73: 空 | AB73: 空 | AC73: 空 | AD73: 空 | AE73: 空 | AF73: 0 | AJ73: 是
A74: 44526 | B74: 1600 | C74: {=(SUM(VLOOKUP(H74:AE74,$AL$4:$AN$44,2,FALSE))+AF74*10)*IF(AJ74="是",$AW$4,$AW$3)} -> 1792 | D74: =SUM($B$4:B74)-SUM($C$4:C74) -> 864 | E74: {=SUM(VLOOKUP(H74:AE74,$AL$4:$AN$44,3,FALSE))} -> 1600 | F74: =SUM($E$4:E74)+SUM($G$4:G74) -> 48115 | G74: 0 | H74: 6级 | I74: 6级 | J74: 大boss | K74: 6级 | L74: 6级 | M74: 6级 | N74: 空 | O74: 空 | P74: 5级 | Q74: 5级 | R74: 5级 | S74: 5级 | T74: 商人 | U74: 4级 | V74: 空 | W74: 空 | X74: 空 | Y74: 空 | Z74: 空 | AA74: 空 | AB74: 空 | AC74: 空 | AD74: 空 | AE74: 空 | AF74: 0 | AJ74: 是
A75: 44527 | B75: 1600 | C75: {=(SUM(VLOOKUP(H75:AE75,$AL$4:$AN$44,2,FALSE))+AF75*10)*IF(AJ75="是",$AW$4,$AW$3)} -> 1824 | D75: =SUM($B$4:B75)-SUM($C$4:C75) -> 640 | E75: {=SUM(VLOOKUP(H75:AE75,$AL$4:$AN$44,3,FALSE))} -> 660 | F75: =SUM($E$4:E75)+SUM($G$4:G75) -> 48775 | G75: 0 | H75: 6级 | I75: 6级 | J75: 6级 | K75: 6级 | L75: 6级 | M75: 6级 | N75: 空 | O75: 空 | P75: 4级 | Q75: 4级 | R75: 4级 | S75: 4级 | T75: 4级 | U75: 4级 | V75: 空 | W75: 空 | X75: 空 | Y75: 空 | Z75: 空 | AA75: 空 | AB75: 空 | AC75: 空 | AD75: 空 | AE75: 空 | AF75: 0 | AJ75: 是
... A85: 44537 | B85: 1600 | C85: {=(SUM(VLOOKUP(H85:AE85,$AL$4:$AN$44,2,FALSE))+AF85*10)*IF(AJ85="是",$AW$4,$AW$3)} -> 1624 | D85: =SUM($B$4:B85)-SUM($C$4:C85) -> 136 | E85: {=SUM(VLOOKUP(H85:AE85,$AL$4:$AN$44,3,FALSE))} -> 575 | F85: =SUM($E$4:E85)+SUM($G$4:G85) -> 55525 | G85: 0 | H85: 5级 | I85: 5级 | J85: 5级 | K85: 5级 | L85: 5级 | M85: 5级 | N85: 空 | O85: 空 | P85: 4级 | Q85: 4级 | R85: 4级 | S85: 4级 | T85: 3级 | U85: 空 | V85: 空 | W85: 空 | X85: 空 | Y85: 空 | Z85: 空 | AA85: 空 | AB85: 空 | AC85: 空 | AD85: 空 | AE85: 空 | AF85: 0 | AJ85: 是
A86: 44538 | B86: 1600 | C86: {=(SUM(VLOOKUP(H86:AE86,$AL$4:$AN$44,2,FALSE))+AF86*10)*IF(AJ86="是",$AW$4,$AW$3)} -> 1600 | D86: =SUM($B$4:B86)-SUM($C$4:C86) -> 136 | E86: {=SUM(VLOOKUP(H86:AE86,$AL$4:$AN$44,3,FALSE))} -> 555 | F86: =SUM($E$4:E86)+SUM($G$4:G86) -> 56280 | G86: 200 | H86: 5级 | I86: 5级 | J86: 5级 | K86: 5级 | L86: 5级 | M86: 5级 | N86: 空 | O86: 空 | P86: 3级 | Q86: 3级 | R86: 3级 | S86: 3级 | T86: 3级 | U86: 空 | V86: 空 | W86: 空 | X86: 空 | Y86: 空 | Z86: 空 | AA86: 空 | AB86: 空 | AC86: 空 | AD86: 空 | AE86: 空 | AF86: 1 | AH86: 1 | AJ86: 是
A87: 44539 | B87: 1600 | C87: {=(SUM(VLOOKUP(H87:AE87,$AL$4:$AN$44,2,FALSE))+AF87*10)*IF(AJ87="是",$AW$4,$AW$3)} -> 1568 | D87: =SUM($B$4:B87)-SUM($C$4:C87) -> 168 | E87: {=SUM(VLOOKUP(H87:AE87,$AL$4:$AN$44,3,FALSE))} -> 600 | F87: =SUM($E$4:E87)+SUM($G$4:G87) -> 56880 | G87: 0 | H87: 5级 | I87: 5级 | J87: 营地+ | K87: 5级 | L87: 5级 | M87: 5级 | N87: 5级 | O87: 空 | P87: 3级 | Q87: 3级 | R87: 3级 | S87: 3级 | T87: 3级 | U87: 3级 | V87: 空 | W87: 空 | X87: 空 | Y87: 空 | Z87: 空 | AA87: 空 | AB87: 空 | AC87: 空 | AD87: 空 | AE87: 空 | AF87: 0 | AJ87: 是
A88: 44540 | B88: 1600 | C88: {=(SUM(VLOOKUP(H88:AE88,$AL$4:$AN$44,2,FALSE))+AF88*10)*IF(AJ88="是",$AW$4,$AW$3)} -> 1640 | D88: =SUM($B$4:B88)-SUM($C$4:C88) -> 128 | E88: {=SUM(VLOOKUP(H88:AE88,$AL$4:$AN$44,3,FALSE))} -> 585 | F88: =SUM($E$4:E88)+SUM($G$4:G88) -> 57465 | G88: 0 | H88: 5级 | I88: 5级 | J88: 5级 | K88: 5级 | L88: 5级 | M88: 5级 | N88: 空 | O88: 空 | P88: 3级 | Q88: 商人 | R88: 3级 | S88: 3级 | T88: 3级 | U88: 3级 | V88: 空 | W88: 空 | X88: 空 | Y88: 空 | Z88: 空 | AA88: 空 | AB88: 空 | AC88: 空 | AD88: 空 | AE88: 空 | AF88: 1 | AH88: 1 | AJ88: 是
A89: 44541 | B89: 1600 | C89: {=(SUM(VLOOKUP(H89:AE89,$AL$4:$AN$44,2,FALSE))+AF89*10)*IF(AJ89="是",$AW$4,$AW$3)} -> 1552 | D89: =SUM($B$4:B89)-SUM($C$4:C89) -> 176 | E89: {=SUM(VLOOKUP(H89:AE89,$AL$4:$AN$44,3,FALSE))} -> 570 | F89: =SUM($E$4:E89)+SUM($G$4:G89) -> 58035 | G89: 0 | H89: 5级 | I89: 5级 | J89: 5级 | K89: 5级 | L89: 5级 | M89: 5级 | N89: 空 | O89: 空 | P89: 商人 | Q89: 3级 | R89: 3级 | S89: 3级 | T89: 3级 | U89: 商人 | V89: 空 | W89: 空 | X89: 空 | Y89: 空 | Z89: 空 | AA89: 空 | AB89: 空 | AC89: 空 | AD89: 空 | AE89: 空 | AF89: 2 | AH89: 2 | AJ89: 是
A90: 44542 | B90: 1600 | C90: {=(SUM(VLOOKUP(H90:AE90,$AL$4:$AN$44,2,FALSE))+AF90*10)*IF(AJ90="是",$AW$4,$AW$3)} -> 1624 | D90: =SUM($B$4:B90)-SUM($C$4:C90) -> 152 | E90: {=SUM(VLOOKUP(H90:AE90,$AL$4:$AN$44,3,FALSE))} -> 575 | F90: =SUM($E$4:E90)+SUM($G$4:G90) -> 58610 | G90: 0 | H90: 5级 | I90: 5级 | J90: 5级 | K90: 5级 | L90: 5级 | M90: 商人 | N90: 空 | O90: 空 | P90: 3级 | Q90: 3级 | R90: 3级 | S90: 3级 | T90: 3级 | U90: 3级 | V90: 空 | W90: 空 | X90: 空 | Y90: 空 | Z90: 空 | AA90: 空 | AB90: 空 | AC90: 空 | AD90: 空 | AE90: 空 | AF90: 1 | AH90: 1 | AJ90: 是
A91: 44543 | B91: 1600 | C91: {=(SUM(VLOOKUP(H91:AE91,$AL$4:$AN$44,2,FALSE))+AF91*10)*IF(AJ91="是",$AW$4,$AW$3)} -> 1720 | D91: =SUM($B$4:B91)-SUM($C$4:C91) -> 32 | E91: {=SUM(VLOOKUP(H91:AE91,$AL$4:$AN$44,3,FALSE))} -> 600 | F91: =SUM($E$4:E91)+SUM($G$4:G91) -> 59510 | G91: 300 | H91: 5级 | I91: 5级 | J91: 5级 | K91: 5级 | L91: 5级 | M91: 5级 | N91: 空 | O91: 空 | P91: 3级 | Q91: 3级 | R91: 塔3 | S91: 3级 | T91: 3级 | U91: 3级 | V91: 空 | W91: 空 | X91: 空 | Y91: 空 | Z91: 空 | AA91: 空 | AB91: 空 | AC91: 空 | AD91: 空 | AE91: 空 | AF91: 1 | AH91: 1 | AJ91: 是
A92: 44544 | B92: 1600 | C92: {=(SUM(VLOOKUP(H92:AE92,$AL$4:$AN$44,2,FALSE))+AF92*10)*IF(AJ92="是",$AW$4,$AW$3)} -> 1624 | D92: =SUM($B$4:B92)-SUM($C$4:C92) -> 8 | E92: {=SUM(VLOOKUP(H92:AE92,$AL$4:$AN$44,3,FALSE))} -> 625 | F92: =SUM($E$4:E92)+SUM($G$4:G92) -> 60135 | G92: 0 | H92: 5级 | I92: 5级 | J92: 5级 | K92: 5级 | L92: 5级 | M92: 5级 | N92: 空 | O92: 空 | P92: 3级 | Q92: 3级 | R92: 营地+ | S92: 2级 | T92: 商人 | U92: 3级 | V92: 3级 | W92: 3级 | X92: 空 | Y92: 空 | Z92: 空 | AA92: 空 | AB92: 空 | AC92: 空 | AD92: 空 | AE92: 空 | AF92: 3 | AH92: 3 | AJ92: 是
A93: 44545 | B93: 1600 | C93: {=(SUM(VLOOKUP(H93:AE93,$AL$4:$AN$44,2,FALSE))+AF93*10)*IF(AJ93="是",$AW$4,$AW$3)} -> 1592 | D93: =SUM($B$4:B93)-SUM($C$4:C93) -> 16 | E93: {=SUM(VLOOKUP(H93:AE93,$AL$4:$AN$44,3,FALSE))} -> 555 | F93: =SUM($E$4:E93)+SUM($G$4:G93) -> 60890 | G93: 200 | H93: 5级 | I93: 5级 | J93: 5级 | K93: 5级 | L93: 5级 | M93: 5级 | N93: 空 | O93: 空 | P93: 3级 | Q93: 3级 | R93: 3级 | S93: 3级 | T93: 3级 | U93: 空 | V93: 空 | W93: 空 | X93: 空 | Y93: 空 | Z93: 空 | AA93: 空 | AB93: 空 | AC93: 空 | AD93: 空 | AE93: 空 | AF93: 0 | AJ93: 是
A94: 44546 | B94: 1600 | C94: {=(SUM(VLOOKUP(H94:AE94,$AL$4:$AN$44,2,FALSE))+AF94*10)*IF(AJ94="是",$AW$4,$AW$3)} -> 1616 | D94: =SUM($B$4:B94)-SUM($C$4:C94) -> 0 | E94: {=SUM(VLOOKUP(H94:AE94,$AL$4:$AN$44,3,FALSE))} -> 575 | F94: =SUM($E$4:E94)+SUM($G$4:G94) -> 61465 | G94: 0 | H94: 5级 | I94: 5级 | J94: 5级 | K94: 5级 | L94: 5级 | M94: 5级 | N94: 空 | O94: 空 | P94: 3级 | Q94: 3级 | R94: 商人 | S94: 3级 | T94: 3级 | U94: 遗迹 | V94: 空 | W94: 空 | X94: 空 | Y94: 空 | Z94: 空 | AA94: 空 | AB94: 空 | AC94: 空 | AD94: 空 | AE94: 空 | AF94: 0 | AJ94: 是
C96: 负粮草 | D96: =COUNTIF(D4:D94,"<0") -> 0

Sheet 102.5.1.05
A1: =(_xlfn.DAYS(TODAY(),A4)+2)/((_xlfn.DAYS(A94,A4))+1) -> 5.978022 | H1: 工作区 | AL1: 使用方法：按自己规划的路线，将下表中的地块名复制粘贴至工作区。初次使用传送门，当天跳步次数+5。重复使用传送门，当天跳步次数+1
A2: version 5.1.05 | C2: 合计经验 | E2: =SUM(E4:E94)+SUM(G4:G94) -> 61405 | H2: 队伍一 风 | J2: 步数 | K2: =COUNTIF(H18:O94,"<>空")-3 -> 221 | L2: (不算跳步和传送) | P2: 队伍二 雷 | R2: 步数 | S2: =COUNTIF(P4:W94,"<>空") -> 303 | T2: (不算跳步和传送) | X2: 队伍三 | Z2: 总步数 | AA2: =COUNTIF(X4:AE94,"<>空") -> 412 | AB2: (不算跳步和传送) | AF2: =SUM(AF4:AF94) -> 50 | AG2: =SUM(AG4:AG94) -> 17 | AH2: =SUM(AH4:AH94) -> 25 | AI2: =SUM(AI4:AI94) -> 8 | AJ2: 八卦全开 | AW2: 粮草系数
A3: 日期 | B3: 获得粮草 | C3: 消耗粮草 | D3: 剩余粮草 | E3: 获得经验 | F3: 累计经验 | G3: 任务经验 | H3: 1 | I3: 2 | J3: 3 | K3: 4 | L3: 5 | M3: 6 | N3: 7 | O3: 8 | P3: 1 | Q3: 2 | R3: 3 | S3: 4 | T3: 5 | U3: 6 | V3: 7 | W3: 8 | X3: 1 | Y3: 2 | Z3: 3 | AA3: 4 | AB3: 5 | AC3: 6 | AD3: 7 | AE3: 8 | AF3: 跳步次数 | AG3: 1队跳步 | AH3: 2队跳步 | AI3: 3队跳步 | AL3: 地块 | AM3: 粮草 | AN3: 经验 | AO3: 一队地块 | AP3: 二队地块 | AQ3: 三队地块 | AR3: 总地块 | AS3: 一队经验 | AT3: 二队经验 | AU3: 三队经验 | AV3: 八卦前 | AW3: 1
A4: 44456 | B4: 800 | C4: {=(SUM(VLOOKUP(H4:AE4,$AL$4:$AN$44,2,FALSE))+AF4*10)*IF(AJ4="是",$AW$4,$AW$3)} -> 750 | D4: =SUM($B$4:B4)-SUM($C$4:C4) -> 50 | E4: {=SUM(VLOOKUP(H4:AE4,$AL$4:$AN$44,3,FALSE))} -> 175 | F4: =SUM($E$4:E4)+SUM($G$4:G4) -> 175 | G4: 0 | H4: 1级 | I4: 1级 | J4: 1级 | K4: 1级 | L4: 1级 | M4: 空 | N4: 空 | O4: 空 | P4: 空 | Q4: 空 | R4: 空 | S4: 空 | T4: 空 | U4: 空 | V4: 空 | W4: 空 | X4: 空 | Y4: 空 | Z4: 空 | AA4: 空 | AB4: 空 | AC4: 空 | AD4: 空 | AE4: 空 | AF4: 0 | AJ4: 否 | AL4: 1级 | AM4: 150 | AN4: 35 | AO4: =COUNTIF($H$4:$O$94,AL4) -> 14 | AP4: =COUNTIF($P$4:$W$94,AL4) -> 0 | AQ4: =COUNTIF($X$4:$AE$94,AL4) -> 12 | AR4: =AO4+AP4+AQ4 -> 26 | AS4: =AO4*$AN4 -> 490 | AT4: =AP4*$AN4 -> 0 | AU4: =AQ4*$AN4 -> 420 | AV4: 八卦后 | AW4: 0.8 | AY4: =AM4*0.8 -> 120
A5: 44457 | B5: 1600 | C5: {=(SUM(VLOOKUP(H5:AE5,$AL$4:$AN$44,2,FALSE))+AF5*10)*IF(AJ5="是",$AW$4,$AW$3)} -> 900 | D5: =SUM($B$4:B5)-SUM($C$4:C5) -> 750 | E5: {=SUM(VLOOKUP(H5:AE5,$AL$4:$AN$44,3,FALSE))} -> 210 | F5: =SUM($E$4:E5)+SUM($G$4:G5) -> 885 | G5: 500 | H5: 1级 | I5: 1级 | J5: 1级 | K5: 1级 | L5: 1级 | M5: 1级 | N5: 空 | O5: 空 | P5: 空 | Q5: 空 | R5: 空 | S5: 空 | T5: 空 | U5: 空 | V5: 空 | W5: 空 | X5: 空 | Y5: 空 | Z5: 空 | AA5: 空 | AB5: 空 | AC5: 空 | AD5: 空 | AE5: 空 | AF5: 0 | AJ5: 否 | AL5: 2级 | AM5: 160 | AN5: 40 | AO5: =COUNTIF($H$4:$O$94,AL5) -> 17 | AP5: =COUNTIF($P$4:$W$94,AL5) -> 1 | AQ5: =COUNTIF($X$4:$AE$94,AL5) -> 9 | AR5: =AO5+AP5+AQ5 -> 27 | AS5: =AO5*$AN5 -> 680 | AT5: =AP5*$AN5 -> 40 | AU5: =AQ5*$AN5 -> 360 | AV5: Note：开完八卦当天可能需要手动计算粮草 | AY5: =AM5*0.8 -> 128
A6: 44458 | B6: 1600 | C6: {=(SUM(VLOOKUP(H6:AE6,$AL$4:$AN$44,2,FALSE))+AF6*10)*IF(AJ6="是",$AW$4,$AW$3)} -> 980 | D6: =SUM($B$4:B6)-SUM($C$4:C6) -> 1370 | E6: {=SUM(VLOOKUP(H6:AE6,$AL$4:$AN$44,3,FALSE))} -> 225 | F6: =SUM($E$4:E6)+SUM($G$4:G6) -> 1110 | G6: 0 | H6: 1级 | I6: 1级 | J6: 1级 | K6: 2级 | L6: 2级 | M6: 2级 | N6: 空 | O6: 空 | P6: 空 | Q6: 空 | R6: 空 | S6: 空 | T6: 空 | U6: 空 | V6: 空 | W6: 空 | X6: 空 | Y6: 空 | Z6: 空 | AA6: 空 | AB6: 空 | AC6: 空 | AD6: 空 | AE6: 空 | AF6: 5 | AG6: 5 | AJ6: 否 | AL6: 3级 | AM6: 170 | AN6: 45 | AO6: =COUNTIF($H$4:$O$94,AL6) -> 136 | AP6: =COUNTIF($P$4:$W$94,AL6) -> 44 | AQ6: =COUNTIF($X$4:$AE$94,AL6) -> 10 | AR6: =AO6+AP6+AQ6 -> 190 | AS6: =AO6*$AN6 -> 6120 | AT6: =AP6*$AN6 -> 1980 | AU6: =AQ6*$AN6 -> 450 | AY6: =AM6*0.8 -> 136
A7: 44459 | B7: 1600 | C7: {=(SUM(VLOOKUP(H7:AE7,$AL$4:$AN$44,2,FALSE))+AF7*10)*IF(AJ7="是",$AW$4,$AW$3)} -> 990 | D7: =SUM($B$4:B7)-SUM($C$4:C7) -> 1980 | E7: {=SUM(VLOOKUP(H7:AE7,$AL$4:$AN$44,3,FALSE))} -> 260 | F7: =SUM($E$4:E7)+SUM($G$4:G7) -> 1570 | G7: 200 | H7: 塔2 | I7: 2级 | J7: 3级 | K7: 3级 | L7: 3级 | M7: 3级 | N7: 空 | O7: 空 | P7: 空 | Q7: 空 | R7: 空 | S7: 空 | T7: 空 | U7: 空 | V7: 空 | W7: 空 | X7: 空 | Y7: 空 | Z7: 空 | AA7: 空 | AB7: 空 | AC7: 空 | AD7: 空 | AE7: 空 | AF7: 0 | AJ7: 否 | AL7: 4级 | AM7: 180 | AN7: 50 | AO7: =COUNTIF($H$4:$O$94,AL7) -> 111 | AP7: =COUNTIF($P$4:$W$94,AL7) -> 45 | AQ7: =COUNTIF($X$4:$AE$94,AL7) -> 113 | AR7: =AO7+AP7+AQ7 -> 269 | AS7: =AO7*$AN7 -> 5550 | AT7: =AP7*$AN7 -> 2250 | AU7: =AQ7*$AN7 -> 5650 | AY7: =AM7*0.8 -> 144
A8: 44460 | B8: 1600 | C8: {=(SUM(VLOOKUP(H8:AE8,$AL$4:$AN$44,2,FALSE))+AF8*10)*IF(AJ8="是",$AW$4,$AW$3)} -> 1030 | D8: =SUM($B$4:B8)-SUM($C$4:C8) -> 2550 | E8: {=SUM(VLOOKUP(H8:AE8,$AL$4:$AN$44,3,FALSE))} -> 270 | F8: =SUM($E$4:E8)+SUM($G$4:G8) -> 1940 | G8: 100 | H8: 艮震巽坎乾 | I8: 3级 | J8: 3级 | K8: 3级 | L8: 3级 | M8: 3级 | N8: 空 | O8: 空 | P8: 空 | Q8: 空 | R8: 空 | S8: 空 | T8: 空 | U8: 空 | V8: 空 | W8: 空 | X8: 空 | Y8: 空 | Z8: 空 | AA8: 空 | AB8: 空 | AC8: 空 | AD8: 空 | AE8: 空 | AF8: 1 | AG8: 1 | AJ8: 否 | AL8: 5级 | AM8: 190 | AN8: 55 | AO8: =COUNTIF($H$4:$O$94,AL8) -> 0 | AP8: =COUNTIF($P$4:$W$94,AL8) -> 112 | AQ8: =COUNTIF($X$4:$AE$94,AL8) -> 124 | AR8: =AO8+AP8+AQ8 -> 236 | AS8: =AO8*$AN8 -> 0 | AT8: =AP8*$AN8 -> 6160 | AU8: =AQ8*$AN8 -> 6820 | AY8: =AM8*0.8 -> 152
A9: 44461 | B9: 1600 | C9: {=(SUM(VLOOKUP(H9:AE9,$AL$4:$AN$44,2,FALSE))+AF9*10)*IF(AJ9="是",$AW$4,$AW$3)} -> 1040 | D9: =SUM($B$4:B9)-SUM($C$4:C9) -> 3110 | E9: {=SUM(VLOOKUP(H9:AE9,$AL$4:$AN$44,3,FALSE))} -> 315 | F9: =SUM($E$4:E9)+SUM($G$4:G9) -> 2455 | G9: 200 | H9: 3级 | I9: 3级 | J9: 3级 | K9: 3级 | L9: 3级 | M9: 营地 | N9: 3级 | O9: 3级 | P9: 空 | Q9: 空 | R9: 空 | S9: 空 | T9: 空 | U9: 空 | V9: 空 | W9: 空 | X9: 空 | Y9: 空 | Z9: 空 | AA9: 空 | AB9: 空 | AC9: 空 | AD9: 空 | AE9: 空 | AF9: 0 | AJ9: 否 | AL9: 6级 | AM9: 200 | AN9: 60 | AO9: =COUNTIF($H$4:$O$94,AL9) -> 0 | AP9: =COUNTIF($P$4:$W$94,AL9) -> 76 | AQ9: =COUNTIF($X$4:$AE$94,AL9) -> 118 | AR9: =AO9+AP9+AQ9 -> 194 | AS9: =AO9*$AN9 -> 0 | AT9: =AP9*$AN9 -> 4560 | AU9: =AQ9*$AN9 -> 7080 | AY9: =AM9*0.8 -> 160
A10: 44462 | B10: 1600 | C10: {=(SUM(VLOOKUP(H10:AE10,$AL$4:$AN$44,2,FALSE))+AF10*10)*IF(AJ10="是",$AW$4,$AW$3)} -> 890 | D10: =SUM($B$4:B10)-SUM($C$4:C10) -> 3820 | E10: {=SUM(VLOOKUP(H10:AE10,$AL$4:$AN$44,3,FALSE))} -> 250 | F10: =SUM($E$4:E10)+SUM($G$4:G10) -> 2705 | G10: 0 | H10: 2级 | I10: 3级 | J10: 3级 | K10: 商人 | L10: 3级 | M10: 艮震巽坎乾 | N10: 空 | O10: 空 | P10: 空 | Q10: 空 | R10: 空 | S10: 空 | T10: 空 | U10: 空 | V10: 空 | W10: 空 | X10: 空 | Y10: 空 | Z10: 空 | AA10: 空 | AB10: 空 | AC10: 空 | AD10: 空 | AE10: 空 | AF10: 0 | AJ10: 否 | AL10: 塔1 | AM10: 150 | AN10: 35 | AO10: =COUNTIF($H$4:$O$94,AL10) -> 0 | AP10: =COUNTIF($P$4:$W$94,AL10) -> 0 | AQ10: =COUNTIF($X$4:$AE$94,AL10) -> 0 | AR10: =AO10+AP10+AQ10 -> 0 | AS10: =AO10*$AN10 -> 0 | AT10: =AP10*$AN10 -> 0 | AU10: =AQ10*$AN10 -> 0 | AY10: =AM10*0.8 -> 120
A11: 44463 | B11: 1600 | C11: {=(SUM(VLOOKUP(H11:AE11,$AL$4:$AN$44,2,FALSE))+AF11*10)*IF(AJ11="是",$AW$4,$AW$3)} -> 1180 | D11: =SUM($B$4:B11)-SUM($C$4:C11) -> 4240 | E11: {=SUM(VLOOKUP(H11:AE11,$AL$4:$AN$44,3,FALSE))} -> 425 | F11: =SUM($E$4:E11)+SUM($G$4:G11) -> 3130 | G11: 0 | H11: 3级 | I11: 离兑坤 | J11: 3级 | K11: 3级 | L11: 3级 | M11: 3级 | N11: 空 | O11: 空 | P11: 空 | Q11: 空 | R11: 空 | S11: 空 | T11: 空 | U11: 空 | V11: 空 | W11: 空 | X11: 空 | Y11: 空 | Z11: 空 | AA11: 空 | AB11: 空 | AC11: 空 | AD11: 空 | AE11: 空 | AF11: 8 | AG11: 8 | AJ11: 否 | AL11: 塔2 | AM11: 150 | AN11: 40 | AO11: =COUNTIF($H$4:$O$94,AL11) -> 4 | AP11: =COUNTIF($P$4:$W$94,AL11) -> 0 | AQ11: =COUNTIF($X$4:$AE$94,AL11) -> 1 | AR11: =AO11+AP11+AQ11 -> 5 | AS11: =AO11*$AN11 -> 160 | AT11: =AP11*$AN11 -> 0 | AU11: =AQ11*$AN11 -> 40 | AY11: =AM11*0.8 -> 120
A12: 44464 | B12: 1600 | C12: {=(SUM(VLOOKUP(H12:AE12,$AL$4:$AN$44,2,FALSE))+AF12*10)*IF(AJ12="是",$AW$4,$AW$3)} -> 1020 | D12: =SUM($B$4:B12)-SUM($C$4:C12) -> 4820 | E12: {=SUM(VLOOKUP(H12:AE12,$AL$4:$AN$44,3,FALSE))} -> 270 | F12: =SUM($E$4:E12)+SUM($G$4:G12) -> 3400 | G12: 0 | H12: 3级 | I12: 3级 | J12: 3级 | K12: 3级 | L12: 艮震巽坎乾 | M12: 3级 | N12: 空 | O12: 空 | P12: 空 | Q12: 空 | R12: 空 | S12: 空 | T12: 空 | U12: 空 | V12: 空 | W12: 空 | X12: 空 | Y12: 空 | Z12: 空 | AA12: 空 | AB12: 空 | AC12: 空 | AD12: 空 | AE12: 空 | AF12: 0 | AJ12: 否 | AL12: 塔3 | AM12: 150 | AN12: 45 | AO12: =COUNTIF($H$4:$O$94,AL12) -> 2 | AP12: =COUNTIF($P$4:$W$94,AL12) -> 2 | AQ12: =COUNTIF($X$4:$AE$94,AL12) -> 1 | AR12: =AO12+AP12+AQ12 -> 5 | AS12: =AO12*$AN12 -> 90 | AT12: =AP12*$AN12 -> 90 | AU12: =AQ12*$AN12 -> 45 | AY12: =AM12*0.8 -> 120
A13: 44465 | B13: 1600 | C13: {=(SUM(VLOOKUP(H13:AE13,$AL$4:$AN$44,2,FALSE))+AF13*10)*IF(AJ13="是",$AW$4,$AW$3)} -> 1100 | D13: =SUM($B$4:B13)-SUM($C$4:C13) -> 5320 | E13: {=SUM(VLOOKUP(H13:AE13,$AL$4:$AN$44,3,FALSE))} -> 425 | F13: =SUM($E$4:E13)+SUM($G$4:G13) -> 3825 | G13: 0 | H13: 3级 | I13: 3级 | J13: 3级 | K13: 离兑坤 | L13: 3级 | M13: 3级 | N13: 空 | O13: 空 | P13: 空 | Q13: 空 | R13: 空 | S13: 空 | T13: 空 | U13: 空 | V13: 空 | W13: 空 | X13: 空 | Y13: 空 | Z13: 空 | AA13: 空 | AB13: 空 | AC13: 空 | AD13: 空 | AE13: 空 | AF13: 0 | AJ13: 否 | AL13: 塔4 | AM13: 150 | AN13: 50 | AO13: =COUNTIF($H$4:$O$94,AL13) -> 1 | AP13: =COUNTIF($P$4:$W$94,AL13) -> 2 | AQ13: =COUNTIF($X$4:$AE$94,AL13) -> 1 | AR13: =AO13+AP13+AQ13 -> 4 | AS13: =AO13*$AN13 -> 50 | AT13: =AP13*$AN13 -> 100 | AU13: =AQ13*$AN13 -> 50 | AY13: =AM13*0.8 -> 120
A14: 44466 | B14: 1600 | C14: {=(SUM(VLOOKUP(H14:AE14,$AL$4:$AN$44,2,FALSE))+AF14*10)*IF(AJ14="是",$AW$4,$AW$3)} -> 900 | D14: =SUM($B$4:B14)-SUM($C$4:C14) -> 6020 | E14: {=SUM(VLOOKUP(H14:AE14,$AL$4:$AN$44,3,FALSE))} -> 255 | F14: =SUM($E$4:E14)+SUM($G$4:G14) -> 4380 | G14: 300 | H14: 商人 | I14: 3级 | J14: 3级 | K14: 3级 | L14: 3级 | M14: 3级 | N14: 空 | O14: 空 | P14: 空 | Q14: 空 | R14: 空 | S14: 空 | T14: 空 | U14: 空 | V14: 空 | W14: 空 | X14: 空 | Y14: 空 | Z14: 空 | AA14: 空 | AB14: 空 | AC14: 空 | AD14: 空 | AE14: 空 | AF14: 0 | AJ14: 否 | AL14: 塔5 | AM14: 150 | AN14: 55 | AO14: =COUNTIF($H$4:$O$94,AL14) -> 0 | AP14: =COUNTIF($P$4:$W$94,AL14) -> 2 | AQ14: =COUNTIF($X$4:$AE$94,AL14) -> 1 | AR14: =AO14+AP14+AQ14 -> 3 | AS14: =AO14*$AN14 -> 0 | AT14: =AP14*$AN14 -> 110 | AU14: =AQ14*$AN14 -> 55 | AY14: =AM14*0.8 -> 120
A15: 44467 | B15: 1600 | C15: {=(SUM(VLOOKUP(H15:AE15,$AL$4:$AN$44,2,FALSE))+AF15*10)*IF(AJ15="是",$AW$4,$AW$3)} -> 1020 | D15: =SUM($B$4:B15)-SUM($C$4:C15) -> 6600 | E15: {=SUM(VLOOKUP(H15:AE15,$AL$4:$AN$44,3,FALSE))} -> 270 | F15: =SUM($E$4:E15)+SUM($G$4:G15) -> 4650 | G15: 0 | H15: 3级 | I15: 3级 | J15: 3级 | K15: 3级 | L15: 艮震巽坎乾 | M15: 3级 | N15: 空 | O15: 空 | P15: 空 | Q15: 空 | R15: 空 | S15: 空 | T15: 空 | U15: 空 | V15: 空 | W15: 空 | X15: 空 | Y15: 空 | Z15: 空 | AA15: 空 | AB15: 空 | AC15: 空 | AD15: 空 | AE15: 空 | AF15: 0 | AJ15: 否 | AL15: 塔6 | AM15: 150 | AN15: 60 | AO15: =COUNTIF($H$4:$O$94,AL15) -> 0 | AP15: =COUNTIF($P$4:$W$94,AL15) -> 0 | AQ15: =COUNTIF($X$4:$AE$94,AL15) -> 1 | AR15: =AO15+AP15+AQ15 -> 1 | AS15: =AO15*$AN15 -> 0 | AT15: =AP15*$AN15 -> 0 | AU15: =AQ15*$AN15 -> 60 | AY15: =AM15*0.8 -> 120
A16: 44468 | B16: 1600 | C16: {=(SUM(VLOOKUP(H16:AE16,$AL$4:$AN$44,2,FALSE))+AF16*10)*IF(AJ16="是",$AW$4,$AW$3)} -> 1080 | D16: =SUM($B$4:B16)-SUM($C$4:C16) -> 7120 | E16: {=SUM(VLOOKUP(H16:AE16,$AL$4:$AN$44,3,FALSE))} -> 425 | F16: =SUM($E$4:E16)+SUM($G$4:G16) -> 5275 | G16: 200 | H16: 3级 | I16: 3级 | J16: 塔3 | K16: 3级 | L16: 3级 | M16: 离兑坤 | N16: 空 | O16: 空 | P16: 空 | Q16: 空 | R16: 空 | S16: 空 | T16: 空 | U16: 空 | V16: 空 | W16: 空 | X16: 空 | Y16: 空 | Z16: 空 | AA16: 空 | AB16: 空 | AC16: 空 | AD16: 空 | AE16: 空 | AF16: 0 | AJ16: 否 | AL16: 遗迹 | AM16: 150 | AN16: 35 | AO16: =COUNTIF($H$4:$O$94,AL16) -> 0 | AP16: =COUNTIF($P$4:$W$94,AL16) -> 0 | AQ16: =COUNTIF($X$4:$AE$94,AL16) -> 0 | AR16: =AO16+AP16+AQ16 -> 0 | AS16: =AO16*$AN16 -> 0 | AT16: =AP16*$AN16 -> 0 | AU16: =AQ16*$AN16 -> 0 | AY16: =AM16*0.8 -> 120
A17: 44469 | B17: 1600 | C17: {=(SUM(VLOOKUP(H17:AE17,$AL$4:$AN$44,2,FALSE))+AF17*10)*IF(AJ17="是",$AW$4,$AW$3)} -> 1030 | D17: =SUM($B$4:B17)-SUM($C$4:C17) -> 7690 | E17: {=SUM(VLOOKUP(H17:AE17,$AL$4:$AN$44,3,FALSE))} -> 270 | F17: =SUM($E$4:E17)+SUM($G$4:G17) -> 5545 | G17: 0 | H17: 3级 | I17: 3级 | J17: 3级 | K17: 3级 | L17: 3级 | M17: 3级 | N17: 空 | O17: 空 | P17: 空 | Q17: 空 | R17: 空 | S17: 空 | T17: 空 | U17: 空 | V17: 空 | W17: 空 | X17: 空 | Y17: 空 | Z17: 空 | AA17: 空 | AB17: 空 | AC17: 空 | AD17: 空 | AE17: 空 | AF17: 1 | AG17: 1 | AJ17: 否 | AL17: 商人 | AM17: 50 | AN17: 30 | AO17: =COUNTIF($H$4:$O$94,AL17) -> 13 | AP17: =COUNTIF($P$4:$W$94,AL17) -> 13 | AQ17: =COUNTIF($X$4:$AE$94,AL17) -> 10 | AR17: =AO17+AP17+AQ17 -> 36 | AS17: =AO17*$AN17 -> 390 | AT17: =AP17*$AN17 -> 390 | AU17: =AQ17*$AN17 -> 300 | AY17: =AM17*0.8 -> 40
A18: 44470 | B18: 1600 | C18: {=(SUM(VLOOKUP(H18:AE18,$AL$4:$AN$44,2,FALSE))+AF18*10)*IF(AJ18="是",$AW$4,$AW$3)-402} -> 2118 | D18: =SUM($B$4:B18)-SUM($C$4:C18) -> 7172 | E18: {=SUM(VLOOKUP(H18:AE18,$AL$4:$AN$44,3,FALSE))} -> 685 | F18: =SUM($E$4:E18)+SUM($G$4:G18) -> 6230 | G18: 0 | H18: 3级 | I18: 3级 | J18: 艮震巽坎乾 | K18: 3级 | L18: 3级 | M18: 商人 | N18: 空 | O18: 空 | P18: 商人 | Q18: 商人 | R18: 3级 | S18: 3级 | T18: 商人 | U18: 3级 | V18: 空 | W18: 空 | X18: 1级 | Y18: 1级 | Z18: 1级 | AA18: 商人 | AB18: 1级 | AC18: 1级 | AD18: 空 | AE18: 空 | AF18: 16 | AH18: 15 | AI18: 1 | AJ18: 否 | AK18: 八卦前 | AL18: 营地 | AM18: -150 | AN18: 0 | AO18: =COUNTIF($H$4:$O$94,AL18) -> 1 | AP18: =COUNTIF($P$4:$W$94,AL18) -> 0 | AQ18: =COUNTIF($X$4:$AE$94,AL18) -> 0 | AR18: =AO18+AP18+AQ18 -> 1 | AS18: =AO18*$AN18 -> 0 | AT18: =AP18*$AN18 -> 0 | AU18: =AQ18*$AN18 -> 0 | AY18: =AM18*0.8 -> -120
A19: 44471 | B19: 1600 | C19: {=(SUM(VLOOKUP(H19:AE19,$AL$4:$AN$44,2,FALSE))+AF19*10)*IF(AJ19="是",$AW$4,$AW$3)} -> 2280 | D19: =SUM($B$4:B19)-SUM($C$4:C19) -> 6492 | E19: {=SUM(VLOOKUP(H19:AE19,$AL$4:$AN$44,3,FALSE))} -> 745 | F19: =SUM($E$4:E19)+SUM($G$4:G19) -> 6975 | G19: 0 | H19: 3级 | I19: 3级 | J19: 3级 | K19: 3级 | L19: 3级 | M19: 3级 | N19: 空 | O19: 空 | P19: 3级 | Q19: 3级 | R19: 3级 | S19: 3级 | T19: 3级 | U19: 3级 | V19: 空 | W19: 空 | X19: 1级 | Y19: 1级 | Z19: 1级 | AA19: 1级 | AB19: 商人 | AC19: 1级 | AD19: 空 | AE19: 空 | AF19: 1 | AH19: 1 | AJ19: 是 | AL19: 离兑坤 | AM19: 250 | AN19: 200 | AO19: =COUNTIF($H$4:$O$94,AL19) -> 3 | AP19: =COUNTIF($P$4:$W$94,AL19) -> 0 | AQ19: =COUNTIF($X$4:$AE$94,AL19) -> 0 | AR19: =AO19+AP19+AQ19 -> 3 | AS19: =AO19*$AN19 -> 600 | AT19: =AP19*$AN19 -> 0 | AU19: =AQ19*$AN19 -> 0 | AY19: =AM19*0.8 -> 200
A20: 44472 | B20: 1600 | C20: {=(SUM(VLOOKUP(H20:AE20,$AL$4:$AN$44,2,FALSE))+AF20*10)*IF(AJ20="是",$AW$4,$AW$3)} -> 2160 | D20: =SUM($B$4:B20)-SUM($C$4:C20) -> 5932 | E20: {=SUM(VLOOKUP(H20:AE20,$AL$4:$AN$44,3,FALSE))} -> 815 | F20: =SUM($E$4:E20)+SUM($G$4:G20) -> 7790 | G20: 0 | H20: 塔2 | I20: 3级 | J20: 3级 | K20: 商人 | L20: 3级 | M20: 3级 | N20: 空 | O20: 空 | P20: 营地+ | Q20: 2级 | R20: 商人 | S20: 3级 | T20: 3级 | U20: 塔3 | V20: 3级 | W20: 3级 | X20: 营地+ | Y20: 1级 | Z20: 1级 | AA20: 2级 | AB20: 2级 | AC20: 奈良 | AD20: 2级 | AE20: 2级 | AF20: 8 | AH20: 3 | AI20: 5 | AJ20: 是 | AL20: 艮震巽坎乾 | AM20: 170 | AN20: 45 | AO20: =COUNTIF($H$4:$O$94,AL20) -> 5 | AP20: =COUNTIF($P$4:$W$94,AL20) -> 0 | AQ20: =COUNTIF($X$4:$AE$94,AL20) -> 0 | AR20: =AO20+AP20+AQ20 -> 5 | AS20: =AO20*$AN20 -> 225 | AT20: =AP20*$AN20 -> 0 | AU20: =AQ20*$AN20 -> 0 | AY20: =AM20*0.8 -> 136
A21: 44473 | B21: 1600 | C21: {=(SUM(VLOOKUP(H21:AE21,$AL$4:$AN$44,2,FALSE))+AF21*10)*IF(AJ21="是",$AW$4,$AW$3)} -> 2120 | D21: =SUM($B$4:B21)-SUM($C$4:C21) -> 5412 | E21: {=SUM(VLOOKUP(H21:AE21,$AL$4:$AN$44,3,FALSE))} -> 735 | F21: =SUM($E$4:E21)+SUM($G$4:G21) -> 8725 | G21: 200 | H21: 3级 | I21: 3级 | J21: 3级 | K21: 3级 | L21: 2级 | M21: 商人 | N21: 空 | O21: 空 | P21: 3级 | Q21: 3级 | R21: 3级 | S21: 商人 | T21: 3级 | U21: 3级 | V21: 空 | W21: 空 | X21: 商人 | Y21: 2级 | Z21: 2级 | AA21: 2级 | AB21: 塔2 | AC21: 2级 | AD21: 空 | AE21: 空 | AF21: 2 | AH21: 2 | AJ21: 是 | AL21: 小boss | AM21: 250 | AN21: 200 | AO21: =COUNTIF($H$4:$O$94,AL21) -> 0 | AP21: =COUNTIF($P$4:$W$94,AL21) -> 0 | AQ21: =COUNTIF($X$4:$AE$94,AL21) -> 0 | AR21: =AO21+AP21+AQ21 -> 0 | AS21: =AO21*$AN21 -> 0 | AT21: =AP21*$AN21 -> 0 | AU21: =AQ21*$AN21 -> 0 | AY21: =AM21*0.8 -> 200
A22: 44474 | B22: 1600 | C22: {=(SUM(VLOOKUP(H22:AE22,$AL$4:$AN$44,2,FALSE))+AF22*10)*IF(AJ22="是",$AW$4,$AW$3)} -> 2208 | D22: =SUM($B$4:B22)-SUM($C$4:C22) -> 4804 | E22: {=SUM(VLOOKUP(H22:AE22,$AL$4:$AN$44,3,FALSE))} -> 795 | F22: =SUM($E$4:E22)+SUM($G$4:G22) -> 9620 | G22: 100 | H22: 2级 | I22: 2级 | J22: 2级 | K22: 2级 | L22: 2级 | M22: 商人 | N22: 空 | O22: 空 | P22: 3级 | Q22: 3级 | R22: 3级 | S22: 商人 | T22: 3级 | U22: 3级 | V22: 空 | W22: 空 | X22: 2级 | Y22: 营地+ | Z22: 3级 | AA22: 3级 | AB22: 3级 | AC22: 3级 | AD22: 3级 | AE22: 3级 | AF22: 3 | AH22: 1 | AI22: 2 | AJ22: 是 | AL22: 大boss | AM22: 250 | AN22: 1000 | AO22: =COUNTIF($H$4:$O$94,AL22) -> 0 | AP22: =COUNTIF($P$4:$W$94,AL22) -> 1 | AQ22: =COUNTIF($X$4:$AE$94,AL22) -> 1 | AR22: =AO22+AP22+AQ22 -> 2 | AS22: =AO22*$AN22 -> 0 | AT22: =AP22*$AN22 -> 1000 | AU22: =AQ22*$AN22 -> 1000 | AY22: =AM22*0.8 -> 200
A23: 44475 | B23: 1600 | C23: {=(SUM(VLOOKUP(H23:AE23,$AL$4:$AN$44,2,FALSE))+AF23*10)*IF(AJ23="是",$AW$4,$AW$3)} -> 1832 | D23: =SUM($B$4:B23)-SUM($C$4:C23) -> 4572 | E23: {=SUM(VLOOKUP(H23:AE23,$AL$4:$AN$44,3,FALSE))} -> 695 | F23: =SUM($E$4:E23)+SUM($G$4:G23) -> 10515 | G23: 200 | H23: 2级 | I23: 塔2 | J23: 2级 | K23: 2级 | L23: 2级 | M23: 商人 | N23: 空 | O23: 空 | P23: 3级 | Q23: 3级 | R23: 商人 | S23: 3级 | T23: 3级 | U23: 3级 | V23: 空 | W23: 空 | X23: 营地+ | Y23: 3级 | Z23: 3级 | AA23: 商人 | AB23: 3级 | AC23: 3级 | AD23: 空 | AE23: 空 | AF23: 2 | AH23: 2 | AJ23: 是 | AL23: 中boss | AM23: 250 | AN23: 500 | AO23: =COUNTIF($H$4:$O$94,AL23) -> 0 | AP23: =COUNTIF($P$4:$W$94,AL23) -> 0 | AQ23: =COUNTIF($X$4:$AE$94,AL23) -> 2 | AR23: =AO23+AP23+AQ23 -> 2 | AS23: =AO23*$AN23 -> 0 | AT23: =AP23*$AN23 -> 0 | AU23: =AQ23*$AN23 -> 1000 | AY23: =AM23*0.8 -> 200
A24: 44476 | B24: 1600 | C24: {=(SUM(VLOOKUP(H24:AE24,$AL$4:$AN$44,2,FALSE))+AF24*10)*IF(AJ24="是",$AW$4,$AW$3)} -> 2168 | D24: =SUM($B$4:B24)-SUM($C$4:C24) -> 4004 | E24: {=SUM(VLOOKUP(H24:AE24,$AL$4:$AN$44,3,FALSE))} -> 720 | F24: =SUM($E$4:E24)+SUM($G$4:G24) -> 11235 | G24: 0 | H24: 2级 | I24: 2级 | J24: 3级 | K24: 塔2 | L24: 3级 | M24: 3级 | N24: 空 | O24: 空 | P24: 3级 | Q24: 3级 | R24: 3级 | S24: 3级 | T24: 3级 | U24: 3级 | V24: 空 | W24: 空 | X24: 4级 | Y24: 4级 | Z24: 4级 | AA24: 塔3 | AB24: 空 | AC24: 空 | AD24: 空 | AE24: 空 | AF24: 2 | AG24: 1 | AH24: 1 | AJ24: 是 | AL24: 奈良 | AM24: 160 | AN24: 40 | AO24: =COUNTIF($H$4:$O$94,AL24) -> 0 | AP24: =COUNTIF($P$4:$W$94,AL24) -> 0 | AQ24: =COUNTIF($X$4:$AE$94,AL24) -> 1 | AR24: =AO24+AP24+AQ24 -> 1 | AS24: =AO24*$AN24 -> 0 | AT24: =AP24*$AN24 -> 0 | AU24: =AQ24*$AN24 -> 40 | AY24: =AM24*0.8 -> 128
A25: 44477 | B25: 1600 | C25: {=(SUM(VLOOKUP(H25:AE25,$AL$4:$AN$44,2,FALSE))+AF25*10)*IF(AJ25="是",$AW$4,$AW$3)} -> 2136 | D25: =SUM($B$4:B25)-SUM($C$4:C25) -> 3468 | E25: {=SUM(VLOOKUP(H25:AE25,$AL$4:$AN$44,3,FALSE))} -> 740 | F25: =SUM($E$4:E25)+SUM($G$4:G25) -> 11975 | G25: 0 | H25: 3级 | I25: 商人 | J25: 3级 | K25: 3级 | L25: 3级 | M25: 3级 | N25: 空 | O25: 空 | P25: 3级 | Q25: 4级 | R25: 3级 | S25: 3级 | T25: 空 | U25: 空 | V25: 空 | W25: 空 | X25: 4级 | Y25: 4级 | Z25: 4级 | AA25: 4级 | AB25: 4级 | AC25: 4级 | AD25: 空 | AE25: 空 | AF25: 0 | AJ25: 是 | AL25: 山中 | AM25: 160 | AN25: 40 | AO25: =COUNTIF($H$4:$O$94,AL25) -> 0 | AP25: =COUNTIF($P$4:$W$94,AL25) -> 0 | AQ25: =COUNTIF($X$4:$AE$94,AL25) -> 0 | AR25: =AO25+AP25+AQ25 -> 0 | AS25: =AO25*$AN25 -> 0 | AT25: =AP25*$AN25 -> 0 | AU25: =AQ25*$AN25 -> 0 | AY25: =AM25*0.8 -> 128
A26: 44478 | B26: 1600 | C26: {=(SUM(VLOOKUP(H26:AE26,$AL$4:$AN$44,2,FALSE))+AF26*10)*IF(AJ26="是",$AW$4,$AW$3)} -> 1824 | D26: =SUM($B$4:B26)-SUM($C$4:C26) -> 3244 | E26: {=SUM(VLOOKUP(H26:AE26,$AL$4:$AN$44,3,FALSE))} -> 740 | F26: =SUM($E$4:E26)+SUM($G$4:G26) -> 12715 | G26: 0 | H26: 3级 | I26: 3级 | J26: 营地+ | K26: 3级 | L26: 3级 | M26: 3级 | N26: 3级 | O26: 3级 | P26: 商人 | Q26: 3级 | R26: 营地+ | S26: 4级 | T26: 空 | U26: 空 | V26: 空 | W26: 空 | X26: 4级 | Y26: 4级 | Z26: 4级 | AA26: 4级 | AB26: 4级 | AC26: 4级 | AD26: 空 | AE26: 空 | AF26: 1 | AG26: 1 | AJ26: 是 | AL26: 秋道 | AM26: 150 | AN26: 35 | AO26: =COUNTIF($H$4:$O$94,AL26) -> 0 | AP26: =COUNTIF($P$4:$W$94,AL26) -> 0 | AQ26: =COUNTIF($X$4:$AE$94,AL26) -> 0 | AR26: =AO26+AP26+AQ26 -> 0 | AS26: =AO26*$AN26 -> 0 | AT26: =AP26*$AN26 -> 0 | AU26: =AQ26*$AN26 -> 0 | AY26: =AM26*0.8 -> 120
A27: 44479 | B27: 1600 | C27: {=(SUM(VLOOKUP(H27:AE27,$AL$4:$AN$44,2,FALSE))+AF27*10)*IF(AJ27="是",$AW$4,$AW$3)} -> 2256 | D27: =SUM($B$4:B27)-SUM($C$4:C27) -> 2588 | E27: {=SUM(VLOOKUP(H27:AE27,$AL$4:$AN$44,3,FALSE))} -> 770 | F27: =SUM($E$4:E27)+SUM($G$4:G27) -> 13485 | G27: 0 | H27: 3级 | I27: 3级 | J27: 3级 | K27: 3级 | L27: 3级 | M27: 3级 | N27: 空 | O27: 空 | P27: 4级 | Q27: 4级 | R27: 4级 | S27: 4级 | T27: 空 | U27: 空 | V27: 空 | W27: 空 | X27: 4级 | Y27: 4级 | Z27: 4级 | AA27: 4级 | AB27: 4级 | AC27: 4级 | AD27: 空 | AE27: 空 | AF27: 0 | AJ27: 是 | AL27: 空 | AM27: 0 | AN27: 0 | AS27: =AO27*$AN27 -> 0 | AT27: =AP27*$AN27 -> 0 | AU27: =AQ27*$AN27 -> 0 | AY27: =AM27*0.8 -> 0
A28: 44480 | B28: 1600 | C28: {=(SUM(VLOOKUP(H28:AE28,$AL$4:$AN$44,2,FALSE))+AF28*10)*IF(AJ28="是",$AW$4,$AW$3)} -> 2256 | D28: =SUM($B$4:B28)-SUM($C$4:C28) -> 1932 | E28: {=SUM(VLOOKUP(H28:AE28,$AL$4:$AN$44,3,FALSE))} -> 770 | F28: =SUM($E$4:E28)+SUM($G$4:G28) -> 14455 | G28: 200 | H28: 3级 | I28: 3级 | J28: 3级 | K28: 3级 | L28: 3级 | M28: 3级 | N28: 空 | O28: 空 | P28: 4级 | Q28: 4级 | R28: 4级 | S28: 4级 | T28: 空 | U28: 空 | V28: 空 | W28: 空 | X28: 4级 | Y28: 4级 | Z28: 4级 | AA28: 4级 | AB28: 4级 | AC28: 4级 | AD28: 空 | AE28: 空 | AF28: 0 | AJ28: 是 | AK28: 八卦后 | AL28: 营地+ | AM28: -200 | AN28: 0 | AO28: =COUNTIF($H$4:$O$94,AL28) -> 2 | AP28: =COUNTIF($P$4:$W$94,AL28) -> 5 | AQ28: =COUNTIF($X$4:$AE$94,AL28) -> 7 | AR28: =AO28+AP28+AQ28 -> 14 | AS28: =AO28*$AN28 -> 0 | AT28: =AP28*$AN28 -> 0 | AU28: =AQ28*$AN28 -> 0 | AY28: =AM28*0.8 -> -160
A29: 44481 | B29: 1600 | C29: {=(SUM(VLOOKUP(H29:AE29,$AL$4:$AN$44,2,FALSE))+AF29*10)*IF(AJ29="是",$AW$4,$AW$3)} -> 2192 | D29: =SUM($B$4:B29)-SUM($C$4:C29) -> 1340 | E29: {=SUM(VLOOKUP(H29:AE29,$AL$4:$AN$44,3,FALSE))} -> 775 | F29: =SUM($E$4:E29)+SUM($G$4:G29) -> 15330 | G29: 100 | H29: 3级 | I29: 3级 | J29: 商人 | K29: 3级 | L29: 3级 | M29: 3级 | N29: 空 | O29: 空 | P29: 4级 | Q29: 4级 | R29: 4级 | S29: 4级 | T29: 空 | U29: 空 | V29: 空 | W29: 空 | X29: 4级 | Y29: 4级 | Z29: 5级 | AA29: 5级 | AB29: 5级 | AC29: 5级 | AD29: 空 | AE29: 空 | AF29: 0 | AJ29: 是 | AQ29: 总地块 | AR29: =SUM(AR4:AR28) -> 1024 | AT29: 总经验 | AU29: =SUM(AS4:AU28)+7000 -> 61405
A30: 44482 | B30: 1600 | C30: {=(SUM(VLOOKUP(H30:AE30,$AL$4:$AN$44,2,FALSE))+AF30*10)*IF(AJ30="是",$AW$4,$AW$3)} -> 2256 | D30: =SUM($B$4:B30)-SUM($C$4:C30) -> 684 | E30: {=SUM(VLOOKUP(H30:AE30,$AL$4:$AN$44,3,FALSE))} -> 795 | F30: =SUM($E$4:E30)+SUM($G$4:G30) -> 16325 | G30: 200 | H30: 3级 | I30: 3级 | J30: 3级 | K30: 3级 | L30: 塔3 | M30: 3级 | N30: 空 | O30: 空 | P30: 塔4 | Q30: 4级 | R30: 4级 | S30: 3级 | T30: 空 | U30: 空 | V30: 空 | W30: 空 | X30: 5级 | Y30: 5级 | Z30: 5级 | AA30: 5级 | AB30: 5级 | AC30: 5级 | AD30: 空 | AE30: 空 | AF30: 0 | AJ30: 是
A31: 44483 | B31: 1600 | C31: {=(SUM(VLOOKUP(H31:AE31,$AL$4:$AN$44,2,FALSE))+AF31*10)*IF(AJ31="是",$AW$4,$AW$3)} -> 2144 | D31: =SUM($B$4:B31)-SUM($C$4:C31) -> 140 | E31: {=SUM(VLOOKUP(H31:AE31,$AL$4:$AN$44,3,FALSE))} -> 1205 | F31: =SUM($E$4:E31)+SUM($G$4:G31) -> 17530 | G31: 0 | H31: 3级 | I31: 商人 | J31: 3级 | K31: 3级 | L31: 4级 | M31: 4级 | N31: 空 | O31: 空 | P31: 3级 | Q31: 3级 | R31: 商人 | S31: 3级 | T31: 空 | U31: 空 | V31: 空 | W31: 空 | X31: 5级 | Y31: 5级 | Z31: 中boss | AA31: 5级 | AB31: 5级 | AC31: 5级 | AD31: 空 | AE31: 空 | AF31: 0 | AJ31: 是
A32: 44484 | B32: 1600 | C32: {=(SUM(VLOOKUP(H32:AE32,$AL$4:$AN$44,2,FALSE))+AF32*10)*IF(AJ32="是",$AW$4,$AW$3)} -> 1616 | D32: =SUM($B$4:B32)-SUM($C$4:C32) -> 124 | E32: {=SUM(VLOOKUP(H32:AE32,$AL$4:$AN$44,3,FALSE))} -> 570 | F32: =SUM($E$4:E32)+SUM($G$4:G32) -> 18100 | G32: 0 | H32: 4级 | I32: 空 | J32: 空 | K32: 空 | L32: 空 | M32: 空 | N32: 空 | O32: 空 | P32: 3级 | Q32: 3级 | R32: 4级 | S32: 4级 | T32: 空 | U32: 空 | V32: 空 | W32: 空 | X32: 5级 | Y32: 5级 | Z32: 5级 | AA32: 5级 | AB32: 5级 | AC32: 5级 | AD32: 空 | AE32: 空 | AF32: 0 | AJ32: 是
A33: 44485 | B33: 1600 | C33: {=(SUM(VLOOKUP(H33:AE33,$AL$4:$AN$44,2,FALSE))+AF33*10)*IF(AJ33="是",$AW$4,$AW$3)} -> 1640 | D33: =SUM($B$4:B33)-SUM($C$4:C33) -> 84 | E33: {=SUM(VLOOKUP(H33:AE33,$AL$4:$AN$44,3,FALSE))} -> 660 | F33: =SUM($E$4:E33)+SUM($G$4:G33) -> 18760 | G33: 0 | H33: 4级 | I33: 4级 | J33: 空 | K33: 空 | L33: 空 | M33: 空 | N33: 空 | O33: 空 | P33: 塔3 | Q33: 4级 | R33: 4级 | S33: 商人 | T33: 空 | U33: 空 | V33: 空 | W33: 空 | X33: 5级 | Y33: 营地+ | Z33: 5级 | AA33: 5级 | AB33: 5级 | AC33: 5级 | AD33: 5级 | AE33: 5级 | AF33: 0 | AJ33: 是
A34: 44486 | B34: 1600 | C34: {=(SUM(VLOOKUP(H34:AE34,$AL$4:$AN$44,2,FALSE))+AF34*10)*IF(AJ34="是",$AW$4,$AW$3)} -> 1600 | D34: =SUM($B$4:B34)-SUM($C$4:C34) -> 84 | E34: {=SUM(VLOOKUP(H34:AE34,$AL$4:$AN$44,3,FALSE))} -> 580 | F34: =SUM($E$4:E34)+SUM($G$4:G34) -> 19340 | G34: 0 | H34: 4级 | I34: 空 | J34: 空 | K34: 空 | L34: 空 | M34: 空 | N34: 空 | O34: 空 | P34: 4级 | Q34: 4级 | R34: 4级 | S34: 4级 | T34: 空 | U34: 空 | V34: 空 | W34: 空 | X34: 5级 | Y34: 5级 | Z34: 塔5 | AA34: 5级 | AB34: 5级 | AC34: 5级 | AD34: 空 | AE34: 空 | AF34: 0 | AJ34: 是
A35: 44487 | B35: 1600 | C35: {=(SUM(VLOOKUP(H35:AE35,$AL$4:$AN$44,2,FALSE))+AF35*10)*IF(AJ35="是",$AW$4,$AW$3)} -> 1664 | D35: =SUM($B$4:B35)-SUM($C$4:C35) -> 20 | E35: {=SUM(VLOOKUP(H35:AE35,$AL$4:$AN$44,3,FALSE))} -> 600 | F35: =SUM($E$4:E35)+SUM($G$4:G35) -> 20140 | G35: 200 | H35: 4级 | I35: 空 | J35: 空 | K35: 空 | L35: 空 | M35: 空 | N35: 空 | O35: 空 | P35: 4级 | Q35: 4级 | R35: 4级 | S35: 4级 | T35: 空 | U35: 空 | V35: 空 | W35: 空 | X35: 5级 | Y35: 5级 | Z35: 6级 | AA35: 6级 | AB35: 6级 | AC35: 6级 | AD35: 空 | AE35: 空 | AF35: 0 | AJ35: 是
A36: 44488 | B36: 1600 | C36: {=(SUM(VLOOKUP(H36:AE36,$AL$4:$AN$44,2,FALSE))+AF36*10)*IF(AJ36="是",$AW$4,$AW$3)} -> 1536 | D36: =SUM($B$4:B36)-SUM($C$4:C36) -> 84 | E36: {=SUM(VLOOKUP(H36:AE36,$AL$4:$AN$44,3,FALSE))} -> 560 | F36: =SUM($E$4:E36)+SUM($G$4:G36) -> 20800 | G36: 100 | H36: 空 | I36: 空 | J36: 空 | K36: 空 | L36: 空 | M36: 空 | N36: 空 | O36: 空 | P36: 4级 | Q36: 4级 | R36: 4级 | S36: 4级 | T36: 空 | U36: 空 | V36: 空 | W36: 空 | X36: 6级 | Y36: 6级 | Z36: 6级 | AA36: 6级 | AB36: 6级 | AC36: 6级 | AD36: 空 | AE36: 空 | AF36: 0 | AJ36: 是
A37: 44489 | B37: 1600 | C37: {=(SUM(VLOOKUP(H37:AE37,$AL$4:$AN$44,2,FALSE))+AF37*10)*IF(AJ37="是",$AW$4,$AW$3)} -> 1680 | D37: =SUM($B$4:B37)-SUM($C$4:C37) -> 4 | E37: {=SUM(VLOOKUP(H37:AE37,$AL$4:$AN$44,3,FALSE))} -> 610 | F37: =SUM($E$4:E37)+SUM($G$4:G37) -> 21610 | G37: 200 | H37: 4级 | I37: 空 | J37: 空 | K37: 空 | L37: 空 | M37: 空 | N37: 空 | O37: 空 | P37: 4级 | Q37: 4级 | R37: 4级 | S37: 4级 | T37: 空 | U37: 空 | V37: 空 | W37: 空 | X37: 6级 | Y37: 6级 | Z37: 6级 | AA37: 6级 | AB37: 6级 | AC37: 6级 | AD37: 空 | AE37: 空 | AF37: 0 | AJ37: 是 | AL37: 6级地194块 | AN37: 6 | AO37: 194
A38: 44490 | B38: 1600 | C38: {=(SUM(VLOOKUP(H38:AE38,$AL$4:$AN$44,2,FALSE))+AF38*10)*IF(AJ38="是",$AW$4,$AW$3)} -> 1544 | D38: =SUM($B$4:B38)-SUM($C$4:C38) -> 60 | E38: {=SUM(VLOOKUP(H38:AE38,$AL$4:$AN$44,3,FALSE))} -> 565 | F38: =SUM($E$4:E38)+SUM($G$4:G38) -> 22175 | G38: 0 | H38: 空 | I38: 空 | J38: 空 | K38: 空 | L38: 空 | M38: 空 | N38: 空 | O38: 空 | P38: 4级 | Q38: 4级 | R38: 4级 | S38: 5级 | T38: 空 | U38: 空 | V38: 空 | W38: 空 | X38: 6级 | Y38: 6级 | Z38: 6级 | AA38: 6级 | AB38: 6级 | AC38: 6级 | AD38: 空 | AE38: 空 | AF38: 0 | AJ38: 是 | AL38: 5级地237块 | AN38: 5 | AO38: 236
A39: 44491 | B39: 1600 | C39: {=(SUM(VLOOKUP(H39:AE39,$AL$4:$AN$44,2,FALSE))+AF39*10)*IF(AJ39="是",$AW$4,$AW$3)} -> 1552 | D39: =SUM($B$4:B39)-SUM($C$4:C39) -> 108 | E39: {=SUM(VLOOKUP(H39:AE39,$AL$4:$AN$44,3,FALSE))} -> 1500 | F39: =SUM($E$4:E39)+SUM($G$4:G39) -> 23675 | G39: 0 | H39: 空 | I39: 空 | J39: 空 | K39: 空 | L39: 空 | M39: 空 | N39: 空 | O39: 空 | P39: 塔4 | Q39: 4级 | R39: 4级 | S39: 4级 | T39: 空 | U39: 空 | V39: 空 | W39: 空 | X39: 6级 | Y39: 6级 | Z39: 6级 | AA39: 大boss | AB39: 6级 | AC39: 6级 | AD39: 空 | AE39: 空 | AF39: 0 | AJ39: 是 | AL39: 4级地272块 | AN39: 4 | AO39: 269
A40: 44492 | B40: 1600 | C40: {=(SUM(VLOOKUP(H40:AE40,$AL$4:$AN$44,2,FALSE))+AF40*10)*IF(AJ40="是",$AW$4,$AW$3)} -> 1688 | D40: =SUM($B$4:B40)-SUM($C$4:C40) -> 20 | E40: {=SUM(VLOOKUP(H40:AE40,$AL$4:$AN$44,3,FALSE))} -> 615 | F40: =SUM($E$4:E40)+SUM($G$4:G40) -> 24290 | G40: 0 | H40: 4级 | I40: 空 | J40: 空 | K40: 空 | L40: 空 | M40: 空 | N40: 空 | O40: 空 | P40: 4级 | Q40: 4级 | R40: 4级 | S40: 5级 | T40: 空 | U40: 空 | V40: 空 | W40: 空 | X40: 6级 | Y40: 6级 | Z40: 6级 | AA40: 6级 | AB40: 6级 | AC40: 6级 | AD40: 空 | AE40: 空 | AF40: 0 | AJ40: 是 | AL40: 3级地358块 | AN40: 3 | AO40: 358
A41: 44493 | B41: 1600 | C41: {=(SUM(VLOOKUP(H41:AE41,$AL$4:$AN$44,2,FALSE))+AF41*10)*IF(AJ41="是",$AW$4,$AW$3)} -> 1568 | D41: =SUM($B$4:B41)-SUM($C$4:C41) -> 52 | E41: {=SUM(VLOOKUP(H41:AE41,$AL$4:$AN$44,3,FALSE))} -> 580 | F41: =SUM($E$4:E41)+SUM($G$4:G41) -> 24870 | G41: 0 | H41: 空 | I41: 空 | J41: 空 | K41: 空 | L41: 空 | M41: 空 | N41: 空 | O41: 空 | P41: 5级 | Q41: 5级 | R41: 5级 | S41: 5级 | T41: 空 | U41: 空 | V41: 空 | W41: 空 | X41: 6级 | Y41: 6级 | Z41: 6级 | AA41: 6级 | AB41: 6级 | AC41: 6级 | AD41: 空 | AE41: 空 | AF41: 0 | AJ41: 是 | AO41: =SUM(AO37:AO40) -> 1057
A42: 44494 | B42: 1600 | C42: {=(SUM(VLOOKUP(H42:AE42,$AL$4:$AN$44,2,FALSE))+AF42*10)*IF(AJ42="是",$AW$4,$AW$3)} -> 1600 | D42: =SUM($B$4:B42)-SUM($C$4:C42) -> 52 | E42: {=SUM(VLOOKUP(H42:AE42,$AL$4:$AN$44,3,FALSE))} -> 605 | F42: =SUM($E$4:E42)+SUM($G$4:G42) -> 25775 | G42: 300 | H42: 4级 | I42: 空 | J42: 空 | K42: 空 | L42: 空 | M42: 空 | N42: 空 | O42: 空 | P42: 商人 | Q42: 5级 | R42: 5级 | S42: 5级 | T42: 空 | U42: 空 | V42: 空 | W42: 空 | X42: 6级 | Y42: 6级 | Z42: 6级 | AA42: 6级 | AB42: 6级 | AC42: 6级 | AD42: 空 | AE42: 空 | AF42: 0 | AJ42: 是
A43: 44495 | B43: 1600 | C43: {=(SUM(VLOOKUP(H43:AE43,$AL$4:$AN$44,2,FALSE))+AF43*10)*IF(AJ43="是",$AW$4,$AW$3)} -> 1568 | D43: =SUM($B$4:B43)-SUM($C$4:C43) -> 84 | E43: {=SUM(VLOOKUP(H43:AE43,$AL$4:$AN$44,3,FALSE))} -> 580 | F43: =SUM($E$4:E43)+SUM($G$4:G43) -> 26355 | G43: 0 | H43: 空 | I43: 空 | J43: 空 | K43: 空 | L43: 空 | M43: 空 | N43: 空 | O43: 空 | P43: 5级 | Q43: 5级 | R43: 5级 | S43: 5级 | T43: 空 | U43: 空 | V43: 空 | W43: 空 | X43: 6级 | Y43: 6级 | Z43: 6级 | AA43: 6级 | AB43: 6级 | AC43: 6级 | AD43: 空 | AE43: 空 | AF43: 0 | AJ43: 是
A44: 44496 | B44: 1600 | C44: {=(SUM(VLOOKUP(H44:AE44,$AL$4:$AN$44,2,FALSE))+AF44*10)*IF(AJ44="是",$AW$4,$AW$3)} -> 1592 | D44: =SUM($B$4:B44)-SUM($C$4:C44) -> 92 | E44: {=SUM(VLOOKUP(H44:AE44,$AL$4:$AN$44,3,FALSE))} -> 595 | F44: =SUM($E$4:E44)+SUM($G$4:G44) -> 27150 | G44: 200 | H44: 空 | I44: 空 | J44: 空 | K44: 空 | L44: 空 | M44: 空 | N44: 空 | O44: 空 | P44: 5级 | Q44: 6级 | R44: 6级 | S44: 6级 | T44: 空 | U44: 空 | V44: 空 | W44: 空 | X44: 6级 | Y44: 6级 | Z44: 6级 | AA44: 6级 | AB44: 6级 | AC44: 6级 | AD44: 空 | AE44: 空 | AF44: 0 | AJ44: 是
A45: 44497 | B45: 1600 | C45: {=(SUM(VLOOKUP(H45:AE45,$AL$4:$AN$44,2,FALSE))+AF45*10)*IF(AJ45="是",$AW$4,$AW$3)} -> 1600 | D45: =SUM($B$4:B45)-SUM($C$4:C45) -> 92 | E45: {=SUM(VLOOKUP(H45:AE45,$AL$4:$AN$44,3,FALSE))} -> 600 | F45: =SUM($E$4:E45)+SUM($G$4:G45) -> 27750 | G45: 0 | H45: 空 | I45: 空 | J45: 空 | K45: 空 | L45: 空 | M45: 空 | N45: 空 | O45: 空 | P45: 6级 | Q45: 6级 | R45: 6级 | S45: 6级 | T45: 空 | U45: 空 | V45: 空 | W45: 空 | X45: 6级 | Y45: 6级 | Z45: 6级 | AA45: 6级 | AB45: 6级 | AC45: 6级 | AD45: 空 | AE45: 空 | AF45: 0 | AJ45: 是
A46: 44498 | B46: 1600 | C46: {=(SUM(VLOOKUP(H46:AE46,$AL$4:$AN$44,2,FALSE))+AF46*10)*IF(AJ46="是",$AW$4,$AW$3)} -> 1584 | D46: =SUM($B$4:B46)-SUM($C$4:C46) -> 108 | E46: {=SUM(VLOOKUP(H46:AE46,$AL$4:$AN$44,3,FALSE))} -> 650 | F46: =SUM($E$4:E46)+SUM($G$4:G46) -> 28400 | G46: 0 | H46: 空 | I46: 空 | J46: 空 | K46: 空 | L46: 空 | M46: 空 | N46: 空 | O46: 空 | P46: 6级 | Q46: 5级 | R46: 5级 | S46: 6级 | T46: 空 | U46: 空 | V46: 空 | W46: 空 | X46: 6级 | Y46: 6级 | Z46: 6级 | AA46: 营地+ | AB46: 6级 | AC46: 6级 | AD46: 6级 | AE46: 6级 | AF46: 0 | AJ46: 是
A47: 44499 | B47: 1600 | C47: {=(SUM(VLOOKUP(H47:AE47,$AL$4:$AN$44,2,FALSE))+AF47*10)*IF(AJ47="是",$AW$4,$AW$3)} -> 1592 | D47: =SUM($B$4:B47)-SUM($C$4:C47) -> 116 | E47: {=SUM(VLOOKUP(H47:AE47,$AL$4:$AN$44,3,FALSE))} -> 595 | F47: =SUM($E$4:E47)+SUM($G$4:G47) -> 28995 | G47: 0 | H47: 空 | I47: 空 | J47: 空 | K47: 空 | L47: 空 | M47: 空 | N47: 空 | O47: 空 | P47: 6级 | Q47: 6级 | R47: 5级 | S47: 6级 | T47: 空 | U47: 空 | V47: 空 | W47: 空 | X47: 6级 | Y47: 6级 | Z47: 6级 | AA47: 6级 | AB47: 6级 | AC47: 6级 | AD47: 空 | AE47: 空 | AF47: 0 | AJ47: 是
A48: 44500 | B48: 1600 | C48: {=(SUM(VLOOKUP(H48:AE48,$AL$4:$AN$44,2,FALSE))+AF48*10)*IF(AJ48="是",$AW$4,$AW$3)} -> 1600 | D48: =SUM($B$4:B48)-SUM($C$4:C48) -> 116 | E48: {=SUM(VLOOKUP(H48:AE48,$AL$4:$AN$44,3,FALSE))} -> 600 | F48: =SUM($E$4:E48)+SUM($G$4:G48) -> 29595 | G48: 0 | H48: 空 | I48: 空 | J48: 空 | K48: 空 | L48: 空 | M48: 空 | N48: 空 | O48: 空 | P48: 6级 | Q48: 6级 | R48: 6级 | S48: 6级 | T48: 空 | U48: 空 | V48: 空 | W48: 空 | X48: 6级 | Y48: 6级 | Z48: 6级 | AA48: 6级 | AB48: 6级 | AC48: 6级 | AD48: 空 | AE48: 空 | AF48: 0 | AJ48: 是
A49: 44501 | B49: 1600 | C49: {=(SUM(VLOOKUP(H49:AE49,$AL$4:$AN$44,2,FALSE))+AF49*10)*IF(AJ49="是",$AW$4,$AW$3)} -> 1600 | D49: =SUM($B$4:B49)-SUM($C$4:C49) -> 116 | E49: {=SUM(VLOOKUP(H49:AE49,$AL$4:$AN$44,3,FALSE))} -> 600 | F49: =SUM($E$4:E49)+SUM($G$4:G49) -> 30395 | G49: 200 | H49: 空 | I49: 空 | J49: 空 | K49: 空 | L49: 空 | M49: 空 | N49: 空 | O49: 空 | P49: 6级 | Q49: 6级 | R49: 6级 | S49: 6级 | T49: 空 | U49: 空 | V49: 空 | W49: 空 | X49: 6级 | Y49: 6级 | Z49: 6级 | AA49: 6级 | AB49: 6级 | AC49: 6级 | AD49: 空 | AE49: 空 | AF49: 0 | AJ49: 是
A50: 44502 | B50: 1600 | C50: {=(SUM(VLOOKUP(H50:AE50,$AL$4:$AN$44,2,FALSE))+AF50*10)*IF(AJ50="是",$AW$4,$AW$3)} -> 1600 | D50: =SUM($B$4:B50)-SUM($C$4:C50) -> 116 | E50: {=SUM(VLOOKUP(H50:AE50,$AL$4:$AN$44,3,FALSE))} -> 600 | F50: =SUM($E$4:E50)+SUM($G$4:G50) -> 31095 | G50: 100 | H50: 空 | I50: 空 | J50: 空 | K50: 空 | L50: 空 | M50: 空 | N50: 空 | O50: 空 | P50: 6级 | Q50: 6级 | R50: 6级 | S50: 6级 | T50: 空 | U50: 空 | V50: 空 | W50: 空 | X50: 6级 | Y50: 6级 | Z50: 6级 | AA50: 6级 | AB50: 6级 | AC50: 6级 | AD50: 空 | AE50: 空 | AF50: 0 | AJ50: 是
A51: 44503 | B51: 1600 | C51: {=(SUM(VLOOKUP(H51:AE51,$AL$4:$AN$44,2,FALSE))+AF51*10)*IF(AJ51="是",$AW$4,$AW$3)} -> 1600 | D51: =SUM($B$4:B51)-SUM($C$4:C51) -> 116 | E51: {=SUM(VLOOKUP(H51:AE51,$AL$4:$AN$44,3,FALSE))} -> 600 | F51: =SUM($E$4:E51)+SUM($G$4:G51) -> 31895 | G51: 200 | H51: 空 | I51: 空 | J51: 空 | K51: 空 | L51: 空 | M51: 空 | N51: 空 | O51: 空 | P51: 6级 | Q51: 6级 | R51: 6级 | S51: 6级 | T51: 空 | U51: 空 | V51: 空 | W51: 空 | X51: 6级 | Y51: 6级 | Z51: 6级 | AA51: 6级 | AB51: 6级 | AC51: 6级 | AD51: 空 | AE51: 空 | AF51: 0 | AJ51: 是
A52: 44504 | B52: 1600 | C52: {=(SUM(VLOOKUP(H52:AE52,$AL$4:$AN$44,2,FALSE))+AF52*10)*IF(AJ52="是",$AW$4,$AW$3)} -> 1696 | D52: =SUM($B$4:B52)-SUM($C$4:C52) -> 20 | E52: {=SUM(VLOOKUP(H52:AE52,$AL$4:$AN$44,3,FALSE))} -> 645 | F52: =SUM($E$4:E52)+SUM($G$4:G52) -> 32540 | G52: 0 | H52: 4级 | I52: 空 | J52: 空 | K52: 空 | L52: 空 | M52: 空 | N52: 空 | O52: 空 | P52: 5级 | Q52: 6级 | R52: 6级 | S52: 6级 | T52: 空 | U52: 空 | V52: 空 | W52: 空 | X52: 6级 | Y52: 6级 | Z52: 6级 | AA52: 塔6 | AB52: 6级 | AC52: 6级 | AD52: 空 | AE52: 空 | AF52: 0 | AJ52: 是
A53: 44505 | B53: 1600 | C53: {=(SUM(VLOOKUP(H53:AE53,$AL$4:$AN$44,2,FALSE))+AF53*10)*IF(AJ53="是",$AW$4,$AW$3)} -> 1552 | D53: =SUM($B$4:B53)-SUM($C$4:C53) -> 68 | E53: {=SUM(VLOOKUP(H53:AE53,$AL$4:$AN$44,3,FALSE))} -> 570 | F53: =SUM($E$4:E53)+SUM($G$4:G53) -> 33110 | G53: 0 | H53: 空 | I53: 空 | J53: 空 | K53: 空 | L53: 空 | M53: 空 | N53: 空 | O53: 空 | P53: 6级 | Q53: 6级 | R53: 6级 | S53: 6级 | T53: 空 | U53: 空 | V53: 空 | W53: 空 | X53: 5级 | Y53: 5级 | Z53: 5级 | AA53: 5级 | AB53: 5级 | AC53: 5级 | AD53: 空 | AE53: 空 | AF53: 0 | AJ53: 是
... A94: 44546 | B94: 1600 | C94: {=(SUM(VLOOKUP(H94:AE94,$AL$4:$AN$44,2,FALSE))+AF94*10)*IF(AJ94="是",$AW$4,$AW$3)} -> 1776 | D94: =SUM($B$4:B94)-SUM($C$4:C94) -> 4 | E94: {=SUM(VLOOKUP(H94:AE94,$AL$4:$AN$44,3,FALSE))} -> 630 | F94: =SUM($E$4:E94)+SUM($G$4:G94) -> 61405 | G94: 0 | H94: 4级 | I94: 4级 | J94: 4级 | K94: 4级 | L94: 4级 | M94: 4级 | N94: 空 | O94: 空 | P94: 6级 | Q94: 6级 | R94: 6级 | S94: 空 | T94: 空 | U94: 空 | V94: 空 | W94: 空 | X94: 4级 | Y94: 4级 | Z94: 4级 | AA94: 空 | AB94: 空 | AC94: 空 | AD94: 空 | AE94: 空 | AF94: 0 | AJ94: 是
D95: 7350
C96: 负粮草 | D96: =COUNTIF(D4:D94,"<0") -> 0

Sheet 102.5.1.04
A1: =(_xlfn.DAYS(TODAY(),A4)+2)/((_xlfn.DAYS(A94,A4))+1) -> 5.978022 | H1: 工作区 | AL1: 使用方法：按自己规划的路线，将下表中的地块名复制粘贴至工作区。初次使用传送门，当天跳步次数+5。重复使用传送门，当天跳步次数+1
A2: version 1.20 | C2: 合计经验 | E2: =SUM(E4:E94)+SUM(G4:G94) -> 61375 | H2: 队伍一 风 | J2: 步数 | K2: =COUNTIF(H4:O94,"<>空") -> 309 | L2: (不算跳步和传送) | P2: 队伍二 雷 | R2: 步数 | S2: =COUNTIF(P4:W94,"<>空") -> 302 | T2: (不算跳步和传送) | X2: 队伍三 | Z2: 总步数 | AA2: =COUNTIF(X4:AE94,"<>空") -> 412 | AB2: (不算跳步和传送) | AF2: =SUM(AF4:AF94) -> 46 | AG2: =SUM(AG4:AG94) -> 14 | AH2: =SUM(AH4:AH94) -> 24 | AI2: =SUM(AI4:AI94) -> 8 | AJ2: 八卦全开 | AW2: 粮草系数
A3: 日期 | B3: 获得粮草 | C3: 消耗粮草 | D3: 剩余粮草 | E3: 获得经验 | F3: 累计经验 | G3: 任务经验 | H3: 1 | I3: 2 | J3: 3 | K3: 4 | L3: 5 | M3: 6 | N3: 7 | O3: 8 | P3: 1 | Q3: 2 | R3: 3 | S3: 4 | T3: 5 | U3: 6 | V3: 7 | W3: 8 | X3: 1 | Y3: 2 | Z3: 3 | AA3: 4 | AB3: 5 | AC3: 6 | AD3: 7 | AE3: 8 | AF3: 跳步次数 | AG3: 1队跳步 | AH3: 2队跳步 | AI3: 3队跳步 | AL3: 地块 | AM3: 粮草 | AN3: 经验 | AO3: 一队地块 | AP3: 二队地块 | AQ3: 三队地块 | AR3: 总地块 | AS3: 一队经验 | AT3: 二队经验 | AU3: 三队经验 | AV3: 八卦前 | AW3: 1
A4: 44456 | B4: 800 | C4: {=(SUM(VLOOKUP(H4:AE4,$AL$4:$AN$44,2,FALSE))+AF4*10)*IF(AJ4="是",$AW$4,$AW$3)} -> 750 | D4: =SUM($B$4:B4)-SUM($C$4:C4) -> 50 | E4: {=SUM(VLOOKUP(H4:AE4,$AL$4:$AN$44,3,FALSE))} -> 175 | F4: =SUM($E$4:E4)+SUM($G$4:G4) -> 175 | G4: 0 | H4: 1级 | I4: 1级 | J4: 1级 | K4: 1级 | L4: 1级 | M4: 空 | N4: 空 | O4: 空 | P4: 空 | Q4: 空 | R4: 空 | S4: 空 | T4: 空 | U4: 空 | V4: 空 | W4: 空 | X4: 空 | Y4: 空 | Z4: 空 | AA4: 空 | AB4: 空 | AC4: 空 | AD4: 空 | AE4: 空 | AF4: 0 | AJ4: 否 | AL4: 1级 | AM4: 150 | AN4: 35 | AO4: =COUNTIF($H$4:$O$94,AL4) -> 14 | AP4: =COUNTIF($P$4:$W$94,AL4) -> 0 | AQ4: =COUNTIF($X$4:$AE$94,AL4) -> 12 | AR4: =AO4+AP4+AQ4 -> 26 | AS4: =AO4*$AN4 -> 490 | AT4: =AP4*$AN4 -> 0 | AU4: =AQ4*$AN4 -> 420 | AV4: 八卦后 | AW4: 0.8 | AY4: =AM4*0.8 -> 120
A5: 44457 | B5: 1600 | C5: {=(SUM(VLOOKUP(H5:AE5,$AL$4:$AN$44,2,FALSE))+AF5*10)*IF(AJ5="是",$AW$4,$AW$3)} -> 900 | D5: =SUM($B$4:B5)-SUM($C$4:C5) -> 750 | E5: {=SUM(VLOOKUP(H5:AE5,$AL$4:$AN$44,3,FALSE))} -> 210 | F5: =SUM($E$4:E5)+SUM($G$4:G5) -> 885 | G5: 500 | H5: 1级 | I5: 1级 | J5: 1级 | K5: 1级 | L5: 1级 | M5: 1级 | N5: 空 | O5: 空 | P5: 空 | Q5: 空 | R5: 空 | S5: 空 | T5: 空 | U5: 空 | V5: 空 | W5: 空 | X5: 空 | Y5: 空 | Z5: 空 | AA5: 空 | AB5: 空 | AC5: 空 | AD5: 空 | AE5: 空 | AF5: 0 | AJ5: 否 | AL5: 2级 | AM5: 160 | AN5: 40 | AO5: =COUNTIF($H$4:$O$94,AL5) -> 16 | AP5: =COUNTIF($P$4:$W$94,AL5) -> 1 | AQ5: =COUNTIF($X$4:$AE$94,AL5) -> 9 | AR5: =AO5+AP5+AQ5 -> 26 | AS5: =AO5*$AN5 -> 640 | AT5: =AP5*$AN5 -> 40 | AU5: =AQ5*$AN5 -> 360 | AV5: Note：开完八卦当天可能需要手动计算粮草 | AY5: =AM5*0.8 -> 128
A6: 44458 | B6: 1600 | C6: {=(SUM(VLOOKUP(H6:AE6,$AL$4:$AN$44,2,FALSE))+AF6*10)*IF(AJ6="是",$AW$4,$AW$3)} -> 980 | D6: =SUM($B$4:B6)-SUM($C$4:C6) -> 1370 | E6: {=SUM(VLOOKUP(H6:AE6,$AL$4:$AN$44,3,FALSE))} -> 225 | F6: =SUM($E$4:E6)+SUM($G$4:G6) -> 1110 | G6: 0 | H6: 1级 | I6: 1级 | J6: 1级 | K6: 2级 | L6: 2级 | M6: 2级 | N6: 空 | O6: 空 | P6: 空 | Q6: 空 | R6: 空 | S6: 空 | T6: 空 | U6: 空 | V6: 空 | W6: 空 | X6: 空 | Y6: 空 | Z6: 空 | AA6: 空 | AB6: 空 | AC6: 空 | AD6: 空 | AE6: 空 | AF6: 5 | AG6: 5 | AJ6: 否 | AL6: 3级 | AM6: 170 | AN6: 45 | AO6: =COUNTIF($H$4:$O$94,AL6) -> 136 | AP6: =COUNTIF($P$4:$W$94,AL6) -> 44 | AQ6: =COUNTIF($X$4:$AE$94,AL6) -> 10 | AR6: =AO6+AP6+AQ6 -> 190 | AS6: =AO6*$AN6 -> 6120 | AT6: =AP6*$AN6 -> 1980 | AU6: =AQ6*$AN6 -> 450 | AY6: =AM6*0.8 -> 136
A7: 44459 | B7: 1600 | C7: {=(SUM(VLOOKUP(H7:AE7,$AL$4:$AN$44,2,FALSE))+AF7*10)*IF(AJ7="是",$AW$4,$AW$3)} -> 990 | D7: =SUM($B$4:B7)-SUM($C$4:C7) -> 1980 | E7: {=SUM(VLOOKUP(H7:AE7,$AL$4:$AN$44,3,FALSE))} -> 260 | F7: =SUM($E$4:E7)+SUM($G$4:G7) -> 1570 | G7: 200 | H7: 塔2 | I7: 2级 | J7: 3级 | K7: 3级 | L7: 3级 | M7: 3级 | N7: 空 | O7: 空 | P7: 空 | Q7: 空 | R7: 空 | S7: 空 | T7: 空 | U7: 空 | V7: 空 | W7: 空 | X7: 空 | Y7: 空 | Z7: 空 | AA7: 空 | AB7: 空 | AC7: 空 | AD7: 空 | AE7: 空 | AF7: 0 | AJ7: 否 | AL7: 4级 | AM7: 180 | AN7: 50 | AO7: =COUNTIF($H$4:$O$94,AL7) -> 111 | AP7: =COUNTIF($P$4:$W$94,AL7) -> 45 | AQ7: =COUNTIF($X$4:$AE$94,AL7) -> 113 | AR7: =AO7+AP7+AQ7 -> 269 | AS7: =AO7*$AN7 -> 5550 | AT7: =AP7*$AN7 -> 2250 | AU7: =AQ7*$AN7 -> 5650 | AY7: =AM7*0.8 -> 144
A8: 44460 | B8: 1600 | C8: {=(SUM(VLOOKUP(H8:AE8,$AL$4:$AN$44,2,FALSE))+AF8*10)*IF(AJ8="是",$AW$4,$AW$3)} -> 1030 | D8: =SUM($B$4:B8)-SUM($C$4:C8) -> 2550 | E8: {=SUM(VLOOKUP(H8:AE8,$AL$4:$AN$44,3,FALSE))} -> 270 | F8: =SUM($E$4:E8)+SUM($G$4:G8) -> 1940 | G8: 100 | H8: 艮震巽坎乾 | I8: 3级 | J8: 3级 | K8: 3级 | L8: 3级 | M8: 3级 | N8: 空 | O8: 空 | P8: 空 | Q8: 空 | R8: 空 | S8: 空 | T8: 空 | U8: 空 | V8: 空 | W8: 空 | X8: 空 | Y8: 空 | Z8: 空 | AA8: 空 | AB8: 空 | AC8: 空 | AD8: 空 | AE8: 空 | AF8: 1 | AG8: 1 | AJ8: 否 | AL8: 5级 | AM8: 190 | AN8: 55 | AO8: =COUNTIF($H$4:$O$94,AL8) -> 0 | AP8: =COUNTIF($P$4:$W$94,AL8) -> 112 | AQ8: =COUNTIF($X$4:$AE$94,AL8) -> 124 | AR8: =AO8+AP8+AQ8 -> 236 | AS8: =AO8*$AN8 -> 0 | AT8: =AP8*$AN8 -> 6160 | AU8: =AQ8*$AN8 -> 6820 | AY8: =AM8*0.8 -> 152
A9: 44461 | B9: 1600 | C9: {=(SUM(VLOOKUP(H9:AE9,$AL$4:$AN$44,2,FALSE))+AF9*10)*IF(AJ9="是",$AW$4,$AW$3)} -> 990 | D9: =SUM($B$4:B9)-SUM($C$4:C9) -> 3160 | E9: {=SUM(VLOOKUP(H9:AE9,$AL$4:$AN$44,3,FALSE))} -> 260 | F9: =SUM($E$4:E9)+SUM($G$4:G9) -> 2400 | G9: 200 | H9: 3级 | I9: 3级 | J9: 3级 | K9: 3级 | L9: 塔2 | M9: 2级 | N9: 空 | O9: 空 | P9: 空 | Q9: 空 | R9: 空 | S9: 空 | T9: 空 | U9: 空 | V9: 空 | W9: 空 | X9: 空 | Y9: 空 | Z9: 空 | AA9: 空 | AB9: 空 | AC9: 空 | AD9: 空 | AE9: 空 | AF9: 0 | AJ9: 否 | AL9: 6级 | AM9: 200 | AN9: 60 | AO9: =COUNTIF($H$4:$O$94,AL9) -> 0 | AP9: =COUNTIF($P$4:$W$94,AL9) -> 76 | AQ9: =COUNTIF($X$4:$AE$94,AL9) -> 118 | AR9: =AO9+AP9+AQ9 -> 194 | AS9: =AO9*$AN9 -> 0 | AT9: =AP9*$AN9 -> 4560 | AU9: =AQ9*$AN9 -> 7080 | AY9: =AM9*0.8 -> 160
A10: 44462 | B10: 1600 | C10: {=(SUM(VLOOKUP(H10:AE10,$AL$4:$AN$44,2,FALSE))+AF10*10)*IF(AJ10="是",$AW$4,$AW$3)} -> 940 | D10: =SUM($B$4:B10)-SUM($C$4:C10) -> 3820 | E10: {=SUM(VLOOKUP(H10:AE10,$AL$4:$AN$44,3,FALSE))} -> 255 | F10: =SUM($E$4:E10)+SUM($G$4:G10) -> 2655 | G10: 0 | H10: 3级 | I10: 3级 | J10: 商人 | K10: 3级 | L10: 艮震巽坎乾 | M10: 3级 | N10: 空 | O10: 空 | P10: 空 | Q10: 空 | R10: 空 | S10: 空 | T10: 空 | U10: 空 | V10: 空 | W10: 空 | X10: 空 | Y10: 空 | Z10: 空 | AA10: 空 | AB10: 空 | AC10: 空 | AD10: 空 | AE10: 空 | AF10: 4 | AG10: 4 | AJ10: 否 | AL10: 塔1 | AM10: 150 | AN10: 35 | AO10: =COUNTIF($H$4:$O$94,AL10) -> 0 | AP10: =COUNTIF($P$4:$W$94,AL10) -> 0 | AQ10: =COUNTIF($X$4:$AE$94,AL10) -> 0 | AR10: =AO10+AP10+AQ10 -> 0 | AS10: =AO10*$AN10 -> 0 | AT10: =AP10*$AN10 -> 0 | AU10: =AQ10*$AN10 -> 0 | AY10: =AM10*0.8 -> 120
A11: 44463 | B11: 1600 | C11: {=(SUM(VLOOKUP(H11:AE11,$AL$4:$AN$44,2,FALSE))+AF11*10)*IF(AJ11="是",$AW$4,$AW$3)} -> 1130 | D11: =SUM($B$4:B11)-SUM($C$4:C11) -> 4290 | E11: {=SUM(VLOOKUP(H11:AE11,$AL$4:$AN$44,3,FALSE))} -> 470 | F11: =SUM($E$4:E11)+SUM($G$4:G11) -> 3125 | G11: 0 | H11: 3级 | I11: 营地 | J11: 3级 | K11: 离兑坤 | L11: 3级 | M11: 3级 | N11: 3级 | O11: 3级 | P11: 空 | Q11: 空 | R11: 空 | S11: 空 | T11: 空 | U11: 空 | V11: 空 | W11: 空 | X11: 空 | Y11: 空 | Z11: 空 | AA11: 空 | AB11: 空 | AC11: 空 | AD11: 空 | AE11: 空 | AF11: 1 | AG11: 1 | AJ11: 否 | AL11: 塔2 | AM11: 150 | AN11: 40 | AO11: =COUNTIF($H$4:$O$94,AL11) -> 5 | AP11: =COUNTIF($P$4:$W$94,AL11) -> 0 | AQ11: =COUNTIF($X$4:$AE$94,AL11) -> 1 | AR11: =AO11+AP11+AQ11 -> 6 | AS11: =AO11*$AN11 -> 200 | AT11: =AP11*$AN11 -> 0 | AU11: =AQ11*$AN11 -> 40 | AY11: =AM11*0.8 -> 120
A12: 44464 | B12: 1600 | C12: {=(SUM(VLOOKUP(H12:AE12,$AL$4:$AN$44,2,FALSE))+AF12*10)*IF(AJ12="是",$AW$4,$AW$3)} -> 1020 | D12: =SUM($B$4:B12)-SUM($C$4:C12) -> 4870 | E12: {=SUM(VLOOKUP(H12:AE12,$AL$4:$AN$44,3,FALSE))} -> 270 | F12: =SUM($E$4:E12)+SUM($G$4:G12) -> 3395 | G12: 0 | H12: 3级 | I12: 3级 | J12: 3级 | K12: 3级 | L12: 艮震巽坎乾 | M12: 3级 | N12: 空 | O12: 空 | P12: 空 | Q12: 空 | R12: 空 | S12: 空 | T12: 空 | U12: 空 | V12: 空 | W12: 空 | X12: 空 | Y12: 空 | Z12: 空 | AA12: 空 | AB12: 空 | AC12: 空 | AD12: 空 | AE12: 空 | AF12: 0 | AJ12: 否 | AL12: 塔3 | AM12: 150 | AN12: 45 | AO12: =COUNTIF($H$4:$O$94,AL12) -> 2 | AP12: =COUNTIF($P$4:$W$94,AL12) -> 2 | AQ12: =COUNTIF($X$4:$AE$94,AL12) -> 1 | AR12: =AO12+AP12+AQ12 -> 5 | AS12: =AO12*$AN12 -> 90 | AT12: =AP12*$AN12 -> 90 | AU12: =AQ12*$AN12 -> 45 | AY12: =AM12*0.8 -> 120
A13: 44465 | B13: 1600 | C13: {=(SUM(VLOOKUP(H13:AE13,$AL$4:$AN$44,2,FALSE))+AF13*10)*IF(AJ13="是",$AW$4,$AW$3)} -> 1100 | D13: =SUM($B$4:B13)-SUM($C$4:C13) -> 5370 | E13: {=SUM(VLOOKUP(H13:AE13,$AL$4:$AN$44,3,FALSE))} -> 425 | F13: =SUM($E$4:E13)+SUM($G$4:G13) -> 3820 | G13: 0 | H13: 3级 | I13: 3级 | J13: 3级 | K13: 离兑坤 | L13: 3级 | M13: 3级 | N13: 空 | O13: 空 | P13: 空 | Q13: 空 | R13: 空 | S13: 空 | T13: 空 | U13: 空 | V13: 空 | W13: 空 | X13: 空 | Y13: 空 | Z13: 空 | AA13: 空 | AB13: 空 | AC13: 空 | AD13: 空 | AE13: 空 | AF13: 0 | AJ13: 否 | AL13: 塔4 | AM13: 150 | AN13: 50 | AO13: =COUNTIF($H$4:$O$94,AL13) -> 1 | AP13: =COUNTIF($P$4:$W$94,AL13) -> 2 | AQ13: =COUNTIF($X$4:$AE$94,AL13) -> 1 | AR13: =AO13+AP13+AQ13 -> 4 | AS13: =AO13*$AN13 -> 50 | AT13: =AP13*$AN13 -> 100 | AU13: =AQ13*$AN13 -> 50 | AY13: =AM13*0.8 -> 120
A14: 44466 | B14: 1600 | C14: {=(SUM(VLOOKUP(H14:AE14,$AL$4:$AN$44,2,FALSE))+AF14*10)*IF(AJ14="是",$AW$4,$AW$3)} -> 900 | D14: =SUM($B$4:B14)-SUM($C$4:C14) -> 6070 | E14: {=SUM(VLOOKUP(H14:AE14,$AL$4:$AN$44,3,FALSE))} -> 255 | F14: =SUM($E$4:E14)+SUM($G$4:G14) -> 4375 | G14: 300 | H14: 商人 | I14: 3级 | J14: 3级 | K14: 3级 | L14: 3级 | M14: 3级 | N14: 空 | O14: 空 | P14: 空 | Q14: 空 | R14: 空 | S14: 空 | T14: 空 | U14: 空 | V14: 空 | W14: 空 | X14: 空 | Y14: 空 | Z14: 空 | AA14: 空 | AB14: 空 | AC14: 空 | AD14: 空 | AE14: 空 | AF14: 0 | AJ14: 否 | AL14: 塔5 | AM14: 150 | AN14: 55 | AO14: =COUNTIF($H$4:$O$94,AL14) -> 0 | AP14: =COUNTIF($P$4:$W$94,AL14) -> 2 | AQ14: =COUNTIF($X$4:$AE$94,AL14) -> 1 | AR14: =AO14+AP14+AQ14 -> 3 | AS14: =AO14*$AN14 -> 0 | AT14: =AP14*$AN14 -> 110 | AU14: =AQ14*$AN14 -> 55 | AY14: =AM14*0.8 -> 120
A15: 44467 | B15: 1600 | C15: {=(SUM(VLOOKUP(H15:AE15,$AL$4:$AN$44,2,FALSE))+AF15*10)*IF(AJ15="是",$AW$4,$AW$3)} -> 1020 | D15: =SUM($B$4:B15)-SUM($C$4:C15) -> 6650 | E15: {=SUM(VLOOKUP(H15:AE15,$AL$4:$AN$44,3,FALSE))} -> 270 | F15: =SUM($E$4:E15)+SUM($G$4:G15) -> 4645 | G15: 0 | H15: 3级 | I15: 3级 | J15: 3级 | K15: 3级 | L15: 艮震巽坎乾 | M15: 3级 | N15: 空 | O15: 空 | P15: 空 | Q15: 空 | R15: 空 | S15: 空 | T15: 空 | U15: 空 | V15: 空 | W15: 空 | X15: 空 | Y15: 空 | Z15: 空 | AA15: 空 | AB15: 空 | AC15: 空 | AD15: 空 | AE15: 空 | AF15: 0 | AJ15: 否 | AL15: 塔6 | AM15: 150 | AN15: 60 | AO15: =COUNTIF($H$4:$O$94,AL15) -> 0 | AP15: =COUNTIF($P$4:$W$94,AL15) -> 0 | AQ15: =COUNTIF($X$4:$AE$94,AL15) -> 1 | AR15: =AO15+AP15+AQ15 -> 1 | AS15: =AO15*$AN15 -> 0 | AT15: =AP15*$AN15 -> 0 | AU15: =AQ15*$AN15 -> 60 | AY15: =AM15*0.8 -> 120
A16: 44468 | B16: 1600 | C16: {=(SUM(VLOOKUP(H16:AE16,$AL$4:$AN$44,2,FALSE))+AF16*10)*IF(AJ16="是",$AW$4,$AW$3)} -> 1080 | D16: =SUM($B$4:B16)-SUM($C$4:C16) -> 7170 | E16: {=SUM(VLOOKUP(H16:AE16,$AL$4:$AN$44,3,FALSE))} -> 425 | F16: =SUM($E$4:E16)+SUM($G$4:G16) -> 5270 | G16: 200 | H16: 3级 | I16: 3级 | J16: 塔3 | K16: 3级 | L16: 3级 | M16: 离兑坤 | N16: 空 | O16: 空 | P16: 空 | Q16: 空 | R16: 空 | S16: 空 | T16: 空 | U16: 空 | V16: 空 | W16: 空 | X16: 空 | Y16: 空 | Z16: 空 | AA16: 空 | AB16: 空 | AC16: 空 | AD16: 空 | AE16: 空 | AF16: 0 | AJ16: 否 | AL16: 遗迹 | AM16: 150 | AN16: 35 | AO16: =COUNTIF($H$4:$O$94,AL16) -> 0 | AP16: =COUNTIF($P$4:$W$94,AL16) -> 0 | AQ16: =COUNTIF($X$4:$AE$94,AL16) -> 0 | AR16: =AO16+AP16+AQ16 -> 0 | AS16: =AO16*$AN16 -> 0 | AT16: =AP16*$AN16 -> 0 | AU16: =AQ16*$AN16 -> 0 | AY16: =AM16*0.8 -> 120
A17: 44469 | B17: 1600 | C17: {=(SUM(VLOOKUP(H17:AE17,$AL$4:$AN$44,2,FALSE))+AF17*10)*IF(AJ17="是",$AW$4,$AW$3)} -> 1030 | D17: =SUM($B$4:B17)-SUM($C$4:C17) -> 7740 | E17: {=SUM(VLOOKUP(H17:AE17,$AL$4:$AN$44,3,FALSE))} -> 270 | F17: =SUM($E$4:E17)+SUM($G$4:G17) -> 5540 | G17: 0 | H17: 3级 | I17: 3级 | J17: 3级 | K17: 3级 | L17: 3级 | M17: 3级 | N17: 空 | O17: 空 | P17: 空 | Q17: 空 | R17: 空 | S17: 空 | T17: 空 | U17: 空 | V17: 空 | W17: 空 | X17: 空 | Y17: 空 | Z17: 空 | AA17: 空 | AB17: 空 | AC17: 空 | AD17: 空 | AE17: 空 | AF17: 1 | AG17: 1 | AJ17: 否 | AL17: 商人 | AM17: 50 | AN17: 30 | AO17: =COUNTIF($H$4:$O$94,AL17) -> 13 | AP17: =COUNTIF($P$4:$W$94,AL17) -> 12 | AQ17: =COUNTIF($X$4:$AE$94,AL17) -> 10 | AR17: =AO17+AP17+AQ17 -> 35 | AS17: =AO17*$AN17 -> 390 | AT17: =AP17*$AN17 -> 360 | AU17: =AQ17*$AN17 -> 300 | AY17: =AM17*0.8 -> 40
A18: 44470 | B18: 1600 | C18: {=(SUM(VLOOKUP(H18:AE18,$AL$4:$AN$44,2,FALSE))+AF18*10)*IF(AJ18="是",$AW$4,$AW$3)-426} -> 2094 | D18: =SUM($B$4:B18)-SUM($C$4:C18) -> 7246 | E18: {=SUM(VLOOKUP(H18:AE18,$AL$4:$AN$44,3,FALSE))} -> 685 | F18: =SUM($E$4:E18)+SUM($G$4:G18) -> 6225 | G18: 0 | H18: 3级 | I18: 3级 | J18: 艮震巽坎乾 | K18: 3级 | L18: 3级 | M18: 商人 | N18: 空 | O18: 空 | P18: 商人 | Q18: 商人 | R18: 3级 | S18: 3级 | T18: 商人 | U18: 3级 | V18: 空 | W18: 空 | X18: 1级 | Y18: 1级 | Z18: 1级 | AA18: 商人 | AB18: 1级 | AC18: 1级 | AD18: 空 | AE18: 空 | AF18: 16 | AH18: 15 | AI18: 1 | AJ18: 否 | AK18: 八卦前 | AL18: 营地 | AM18: -150 | AN18: 0 | AO18: =COUNTIF($H$4:$O$94,AL18) -> 1 | AP18: =COUNTIF($P$4:$W$94,AL18) -> 0 | AQ18: =COUNTIF($X$4:$AE$94,AL18) -> 0 | AR18: =AO18+AP18+AQ18 -> 1 | AS18: =AO18*$AN18 -> 0 | AT18: =AP18*$AN18 -> 0 | AU18: =AQ18*$AN18 -> 0 | AY18: =AM18*0.8 -> -120
A19: 44471 | B19: 1600 | C19: {=(SUM(VLOOKUP(H19:AE19,$AL$4:$AN$44,2,FALSE))+AF19*10)*IF(AJ19="是",$AW$4,$AW$3)} -> 2280 | D19: =SUM($B$4:B19)-SUM($C$4:C19) -> 6566 | E19: {=SUM(VLOOKUP(H19:AE19,$AL$4:$AN$44,3,FALSE))} -> 745 | F19: =SUM($E$4:E19)+SUM($G$4:G19) -> 6970 | G19: 0 | H19: 3级 | I19: 3级 | J19: 3级 | K19: 3级 | L19: 3级 | M19: 3级 | N19: 空 | O19: 空 | P19: 3级 | Q19: 3级 | R19: 3级 | S19: 3级 | T19: 3级 | U19: 3级 | V19: 空 | W19: 空 | X19: 1级 | Y19: 1级 | Z19: 1级 | AA19: 1级 | AB19: 商人 | AC19: 1级 | AD19: 空 | AE19: 空 | AF19: 1 | AH19: 1 | AJ19: 是 | AL19: 离兑坤 | AM19: 250 | AN19: 200 | AO19: =COUNTIF($H$4:$O$94,AL19) -> 3 | AP19: =COUNTIF($P$4:$W$94,AL19) -> 0 | AQ19: =COUNTIF($X$4:$AE$94,AL19) -> 0 | AR19: =AO19+AP19+AQ19 -> 3 | AS19: =AO19*$AN19 -> 600 | AT19: =AP19*$AN19 -> 0 | AU19: =AQ19*$AN19 -> 0 | AY19: =AM19*0.8 -> 200
A20: 44472 | B20: 1600 | C20: {=(SUM(VLOOKUP(H20:AE20,$AL$4:$AN$44,2,FALSE))+AF20*10)*IF(AJ20="是",$AW$4,$AW$3)} -> 2160 | D20: =SUM($B$4:B20)-SUM($C$4:C20) -> 6006 | E20: {=SUM(VLOOKUP(H20:AE20,$AL$4:$AN$44,3,FALSE))} -> 815 | F20: =SUM($E$4:E20)+SUM($G$4:G20) -> 7785 | G20: 0 | H20: 塔2 | I20: 3级 | J20: 3级 | K20: 商人 | L20: 3级 | M20: 3级 | N20: 空 | O20: 空 | P20: 营地+ | Q20: 2级 | R20: 商人 | S20: 3级 | T20: 3级 | U20: 塔3 | V20: 3级 | W20: 3级 | X20: 营地+ | Y20: 1级 | Z20: 1级 | AA20: 2级 | AB20: 2级 | AC20: 奈良 | AD20: 2级 | AE20: 2级 | AF20: 8 | AH20: 3 | AI20: 5 | AJ20: 是 | AL20: 艮震巽坎乾 | AM20: 170 | AN20: 45 | AO20: =COUNTIF($H$4:$O$94,AL20) -> 5 | AP20: =COUNTIF($P$4:$W$94,AL20) -> 0 | AQ20: =COUNTIF($X$4:$AE$94,AL20) -> 0 | AR20: =AO20+AP20+AQ20 -> 5 | AS20: =AO20*$AN20 -> 225 | AT20: =AP20*$AN20 -> 0 | AU20: =AQ20*$AN20 -> 0 | AY20: =AM20*0.8 -> 136
A21: 44473 | B21: 1600 | C21: {=(SUM(VLOOKUP(H21:AE21,$AL$4:$AN$44,2,FALSE))+AF21*10)*IF(AJ21="是",$AW$4,$AW$3)} -> 2216 | D21: =SUM($B$4:B21)-SUM($C$4:C21) -> 5390 | E21: {=SUM(VLOOKUP(H21:AE21,$AL$4:$AN$44,3,FALSE))} -> 750 | F21: =SUM($E$4:E21)+SUM($G$4:G21) -> 8735 | G21: 200 | H21: 3级 | I21: 3级 | J21: 3级 | K21: 3级 | L21: 2级 | M21: 商人 | N21: 空 | O21: 空 | P21: 3级 | Q21: 3级 | R21: 3级 | S21: 3级 | T21: 3级 | U21: 3级 | V21: 空 | W21: 空 | X21: 商人 | Y21: 2级 | Z21: 2级 | AA21: 2级 | AB21: 塔2 | AC21: 2级 | AD21: 空 | AE21: 空 | AF21: 2 | AH21: 2 | AJ21: 是 | AL21: 小boss | AM21: 250 | AN21: 200 | AO21: =COUNTIF($H$4:$O$94,AL21) -> 0 | AP21: =COUNTIF($P$4:$W$94,AL21) -> 0 | AQ21: =COUNTIF($X$4:$AE$94,AL21) -> 0 | AR21: =AO21+AP21+AQ21 -> 0 | AS21: =AO21*$AN21 -> 0 | AT21: =AP21*$AN21 -> 0 | AU21: =AQ21*$AN21 -> 0 | AY21: =AM21*0.8 -> 200
A22: 44474 | B22: 1600 | C22: {=(SUM(VLOOKUP(H22:AE22,$AL$4:$AN$44,2,FALSE))+AF22*10)*IF(AJ22="是",$AW$4,$AW$3)} -> 2112 | D22: =SUM($B$4:B22)-SUM($C$4:C22) -> 4878 | E22: {=SUM(VLOOKUP(H22:AE22,$AL$4:$AN$44,3,FALSE))} -> 780 | F22: =SUM($E$4:E22)+SUM($G$4:G22) -> 9615 | G22: 100 | H22: 2级 | I22: 2级 | J22: 2级 | K22: 2级 | L22: 2级 | M22: 商人 | N22: 空 | O22: 空 | P22: 商人 | Q22: 3级 | R22: 3级 | S22: 3级 | T22: 3级 | U22: 商人 | V22: 空 | W22: 空 | X22: 2级 | Y22: 营地+ | Z22: 3级 | AA22: 3级 | AB22: 3级 | AC22: 3级 | AD22: 3级 | AE22: 3级 | AF22: 3 | AH22: 1 | AI22: 2 | AJ22: 是 | AL22: 大boss | AM22: 250 | AN22: 1000 | AO22: =COUNTIF($H$4:$O$94,AL22) -> 0 | AP22: =COUNTIF($P$4:$W$94,AL22) -> 1 | AQ22: =COUNTIF($X$4:$AE$94,AL22) -> 1 | AR22: =AO22+AP22+AQ22 -> 2 | AS22: =AO22*$AN22 -> 0 | AT22: =AP22*$AN22 -> 1000 | AU22: =AQ22*$AN22 -> 1000 | AY22: =AM22*0.8 -> 200
A23: 44475 | B23: 1600 | C23: {=(SUM(VLOOKUP(H23:AE23,$AL$4:$AN$44,2,FALSE))+AF23*10)*IF(AJ23="是",$AW$4,$AW$3)} -> 1920 | D23: =SUM($B$4:B23)-SUM($C$4:C23) -> 4558 | E23: {=SUM(VLOOKUP(H23:AE23,$AL$4:$AN$44,3,FALSE))} -> 710 | F23: =SUM($E$4:E23)+SUM($G$4:G23) -> 10525 | G23: 200 | H23: 2级 | I23: 塔2 | J23: 2级 | K23: 2级 | L23: 2级 | M23: 商人 | N23: 空 | O23: 空 | P23: 3级 | Q23: 3级 | R23: 3级 | S23: 3级 | T23: 3级 | U23: 3级 | V23: 空 | W23: 空 | X23: 营地+ | Y23: 3级 | Z23: 3级 | AA23: 商人 | AB23: 3级 | AC23: 3级 | AD23: 空 | AE23: 空 | AF23: 1 | AH23: 1 | AJ23: 是 | AL23: 中boss | AM23: 250 | AN23: 500 | AO23: =COUNTIF($H$4:$O$94,AL23) -> 0 | AP23: =COUNTIF($P$4:$W$94,AL23) -> 0 | AQ23: =COUNTIF($X$4:$AE$94,AL23) -> 2 | AR23: =AO23+AP23+AQ23 -> 2 | AS23: =AO23*$AN23 -> 0 | AT23: =AP23*$AN23 -> 0 | AU23: =AQ23*$AN23 -> 1000 | AY23: =AM23*0.8 -> 200
A24: 44476 | B24: 1600 | C24: {=(SUM(VLOOKUP(H24:AE24,$AL$4:$AN$44,2,FALSE))+AF24*10)*IF(AJ24="是",$AW$4,$AW$3)} -> 2176 | D24: =SUM($B$4:B24)-SUM($C$4:C24) -> 3982 | E24: {=SUM(VLOOKUP(H24:AE24,$AL$4:$AN$44,3,FALSE))} -> 725 | F24: =SUM($E$4:E24)+SUM($G$4:G24) -> 11250 | G24: 0 | H24: 2级 | I24: 3级 | J24: 3级 | K24: 塔2 | L24: 3级 | M24: 3级 | N24: 空 | O24: 空 | P24: 3级 | Q24: 3级 | R24: 3级 | S24: 3级 | T24: 3级 | U24: 3级 | V24: 空 | W24: 空 | X24: 4级 | Y24: 4级 | Z24: 4级 | AA24: 塔3 | AB24: 空 | AC24: 空 | AD24: 空 | AE24: 空 | AF24: 2 | AG24: 1 | AH24: 1 | AJ24: 是 | AL24: 奈良 | AM24: 160 | AN24: 40 | AO24: =COUNTIF($H$4:$O$94,AL24) -> 0 | AP24: =COUNTIF($P$4:$W$94,AL24) -> 0 | AQ24: =COUNTIF($X$4:$AE$94,AL24) -> 1 | AR24: =AO24+AP24+AQ24 -> 1 | AS24: =AO24*$AN24 -> 0 | AT24: =AP24*$AN24 -> 0 | AU24: =AQ24*$AN24 -> 40 | AY24: =AM24*0.8 -> 128
A25: 44477 | B25: 1600 | C25: {=(SUM(VLOOKUP(H25:AE25,$AL$4:$AN$44,2,FALSE))+AF25*10)*IF(AJ25="是",$AW$4,$AW$3)} -> 2000 | D25: =SUM($B$4:B25)-SUM($C$4:C25) -> 3582 | E25: {=SUM(VLOOKUP(H25:AE25,$AL$4:$AN$44,3,FALSE))} -> 695 | F25: =SUM($E$4:E25)+SUM($G$4:G25) -> 11945 | G25: 0 | H25: 3级 | I25: 商人 | J25: 3级 | K25: 3级 | L25: 3级 | M25: 3级 | N25: 空 | O25: 空 | P25: 4级 | Q25: 3级 | R25: 3级 | S25: 空 | T25: 空 | U25: 空 | V25: 空 | W25: 空 | X25: 4级 | Y25: 4级 | Z25: 4级 | AA25: 4级 | AB25: 4级 | AC25: 4级 | AD25: 空 | AE25: 空 | AF25: 0 | AJ25: 是 | AL25: 山中 | AM25: 160 | AN25: 40 | AO25: =COUNTIF($H$4:$O$94,AL25) -> 0 | AP25: =COUNTIF($P$4:$W$94,AL25) -> 0 | AQ25: =COUNTIF($X$4:$AE$94,AL25) -> 0 | AR25: =AO25+AP25+AQ25 -> 0 | AS25: =AO25*$AN25 -> 0 | AT25: =AP25*$AN25 -> 0 | AU25: =AQ25*$AN25 -> 0 | AY25: =AM25*0.8 -> 128
A26: 44478 | B26: 1600 | C26: {=(SUM(VLOOKUP(H26:AE26,$AL$4:$AN$44,2,FALSE))+AF26*10)*IF(AJ26="是",$AW$4,$AW$3)} -> 1824 | D26: =SUM($B$4:B26)-SUM($C$4:C26) -> 3358 | E26: {=SUM(VLOOKUP(H26:AE26,$AL$4:$AN$44,3,FALSE))} -> 740 | F26: =SUM($E$4:E26)+SUM($G$4:G26) -> 12685 | G26: 0 | H26: 3级 | I26: 3级 | J26: 营地+ | K26: 3级 | L26: 3级 | M26: 3级 | N26: 3级 | O26: 3级 | P26: 商人 | Q26: 3级 | R26: 营地+ | S26: 4级 | T26: 空 | U26: 空 | V26: 空 | W26: 空 | X26: 4级 | Y26: 4级 | Z26: 4级 | AA26: 4级 | AB26: 4级 | AC26: 4级 | AD26: 空 | AE26: 空 | AF26: 1 | AG26: 1 | AJ26: 是 | AL26: 秋道 | AM26: 150 | AN26: 35 | AO26: =COUNTIF($H$4:$O$94,AL26) -> 0 | AP26: =COUNTIF($P$4:$W$94,AL26) -> 0 | AQ26: =COUNTIF($X$4:$AE$94,AL26) -> 0 | AR26: =AO26+AP26+AQ26 -> 0 | AS26: =AO26*$AN26 -> 0 | AT26: =AP26*$AN26 -> 0 | AU26: =AQ26*$AN26 -> 0 | AY26: =AM26*0.8 -> 120
A27: 44479 | B27: 1600 | C27: {=(SUM(VLOOKUP(H27:AE27,$AL$4:$AN$44,2,FALSE))+AF27*10)*IF(AJ27="是",$AW$4,$AW$3)} -> 2256 | D27: =SUM($B$4:B27)-SUM($C$4:C27) -> 2702 | E27: {=SUM(VLOOKUP(H27:AE27,$AL$4:$AN$44,3,FALSE))} -> 770 | F27: =SUM($E$4:E27)+SUM($G$4:G27) -> 13455 | G27: 0 | H27: 3级 | I27: 3级 | J27: 3级 | K27: 3级 | L27: 3级 | M27: 3级 | N27: 空 | O27: 空 | P27: 4级 | Q27: 4级 | R27: 4级 | S27: 4级 | T27: 空 | U27: 空 | V27: 空 | W27: 空 | X27: 4级 | Y27: 4级 | Z27: 4级 | AA27: 4级 | AB27: 4级 | AC27: 4级 | AD27: 空 | AE27: 空 | AF27: 0 | AJ27: 是 | AL27: 空 | AM27: 0 | AN27: 0 | AS27: =AO27*$AN27 -> 0 | AT27: =AP27*$AN27 -> 0 | AU27: =AQ27*$AN27 -> 0 | AY27: =AM27*0.8 -> 0
A28: 44480 | B28: 1600 | C28: {=(SUM(VLOOKUP(H28:AE28,$AL$4:$AN$44,2,FALSE))+AF28*10)*IF(AJ28="是",$AW$4,$AW$3)} -> 2256 | D28: =SUM($B$4:B28)-SUM($C$4:C28) -> 2046 | E28: {=SUM(VLOOKUP(H28:AE28,$AL$4:$AN$44,3,FALSE))} -> 770 | F28: =SUM($E$4:E28)+SUM($G$4:G28) -> 14425 | G28: 200 | H28: 3级 | I28: 3级 | J28: 3级 | K28: 3级 | L28: 3级 | M28: 3级 | N28: 空 | O28: 空 | P28: 4级 | Q28: 4级 | R28: 4级 | S28: 4级 | T28: 空 | U28: 空 | V28: 空 | W28: 空 | X28: 4级 | Y28: 4级 | Z28: 4级 | AA28: 4级 | AB28: 4级 | AC28: 4级 | AD28: 空 | AE28: 空 | AF28: 0 | AJ28: 是 | AK28: 八卦后 | AL28: 营地+ | AM28: -200 | AN28: 0 | AO28: =COUNTIF($H$4:$O$94,AL28) -> 2 | AP28: =COUNTIF($P$4:$W$94,AL28) -> 5 | AQ28: =COUNTIF($X$4:$AE$94,AL28) -> 7 | AR28: =AO28+AP28+AQ28 -> 14 | AS28: =AO28*$AN28 -> 0 | AT28: =AP28*$AN28 -> 0 | AU28: =AQ28*$AN28 -> 0 | AY28: =AM28*0.8 -> -160
A29: 44481 | B29: 1600 | C29: {=(SUM(VLOOKUP(H29:AE29,$AL$4:$AN$44,2,FALSE))+AF29*10)*IF(AJ29="是",$AW$4,$AW$3)} -> 2192 | D29: =SUM($B$4:B29)-SUM($C$4:C29) -> 1454 | E29: {=SUM(VLOOKUP(H29:AE29,$AL$4:$AN$44,3,FALSE))} -> 775 | F29: =SUM($E$4:E29)+SUM($G$4:G29) -> 15300 | G29: 100 | H29: 3级 | I29: 3级 | J29: 商人 | K29: 3级 | L29: 3级 | M29: 3级 | N29: 空 | O29: 空 | P29: 4级 | Q29: 4级 | R29: 4级 | S29: 4级 | T29: 空 | U29: 空 | V29: 空 | W29: 空 | X29: 4级 | Y29: 4级 | Z29: 5级 | AA29: 5级 | AB29: 5级 | AC29: 5级 | AD29: 空 | AE29: 空 | AF29: 0 | AJ29: 是 | AQ29: 总地块 | AR29: =SUM(AR4:AR28) -> 1023 | AT29: 总经验 | AU29: =SUM(AS4:AU28)+7000 -> 61375
A30: 44482 | B30: 1600 | C30: {=(SUM(VLOOKUP(H30:AE30,$AL$4:$AN$44,2,FALSE))+AF30*10)*IF(AJ30="是",$AW$4,$AW$3)} -> 2256 | D30: =SUM($B$4:B30)-SUM($C$4:C30) -> 798 | E30: {=SUM(VLOOKUP(H30:AE30,$AL$4:$AN$44,3,FALSE))} -> 795 | F30: =SUM($E$4:E30)+SUM($G$4:G30) -> 16295 | G30: 200 | H30: 3级 | I30: 3级 | J30: 3级 | K30: 3级 | L30: 塔3 | M30: 3级 | N30: 空 | O30: 空 | P30: 塔4 | Q30: 4级 | R30: 4级 | S30: 3级 | T30: 空 | U30: 空 | V30: 空 | W30: 空 | X30: 5级 | Y30: 5级 | Z30: 5级 | AA30: 5级 | AB30: 5级 | AC30: 5级 | AD30: 空 | AE30: 空 | AF30: 0 | AJ30: 是
A31: 44483 | B31: 1600 | C31: {=(SUM(VLOOKUP(H31:AE31,$AL$4:$AN$44,2,FALSE))+AF31*10)*IF(AJ31="是",$AW$4,$AW$3)} -> 2144 | D31: =SUM($B$4:B31)-SUM($C$4:C31) -> 254 | E31: {=SUM(VLOOKUP(H31:AE31,$AL$4:$AN$44,3,FALSE))} -> 1205 | F31: =SUM($E$4:E31)+SUM($G$4:G31) -> 17500 | G31: 0 | H31: 3级 | I31: 商人 | J31: 3级 | K31: 3级 | L31: 4级 | M31: 4级 | N31: 空 | O31: 空 | P31: 3级 | Q31: 3级 | R31: 商人 | S31: 3级 | T31: 空 | U31: 空 | V31: 空 | W31: 空 | X31: 5级 | Y31: 5级 | Z31: 中boss | AA31: 5级 | AB31: 5级 | AC31: 5级 | AD31: 空 | AE31: 空 | AF31: 0 | AJ31: 是
A32: 44484 | B32: 1600 | C32: {=(SUM(VLOOKUP(H32:AE32,$AL$4:$AN$44,2,FALSE))+AF32*10)*IF(AJ32="是",$AW$4,$AW$3)} -> 1760 | D32: =SUM($B$4:B32)-SUM($C$4:C32) -> 94 | E32: {=SUM(VLOOKUP(H32:AE32,$AL$4:$AN$44,3,FALSE))} -> 620 | F32: =SUM($E$4:E32)+SUM($G$4:G32) -> 18120 | G32: 0 | H32: 4级 | I32: 4级 | J32: 空 | K32: 空 | L32: 空 | M32: 空 | N32: 空 | O32: 空 | P32: 3级 | Q32: 3级 | R32: 4级 | S32: 4级 | T32: 空 | U32: 空 | V32: 空 | W32: 空 | X32: 5级 | Y32: 5级 | Z32: 5级 | AA32: 5级 | AB32: 5级 | AC32: 5级 | AD32: 空 | AE32: 空 | AF32: 0 | AJ32: 是
A33: 44485 | B33: 1600 | C33: {=(SUM(VLOOKUP(H33:AE33,$AL$4:$AN$44,2,FALSE))+AF33*10)*IF(AJ33="是",$AW$4,$AW$3)} -> 1640 | D33: =SUM($B$4:B33)-SUM($C$4:C33) -> 54 | E33: {=SUM(VLOOKUP(H33:AE33,$AL$4:$AN$44,3,FALSE))} -> 660 | F33: =SUM($E$4:E33)+SUM($G$4:G33) -> 18780 | G33: 0 | H33: 4级 | I33: 4级 | J33: 空 | K33: 空 | L33: 空 | M33: 空 | N33: 空 | O33: 空 | P33: 塔3 | Q33: 4级 | R33: 4级 | S33: 商人 | T33: 空 | U33: 空 | V33: 空 | W33: 空 | X33: 5级 | Y33: 营地+ | Z33: 5级 | AA33: 5级 | AB33: 5级 | AC33: 5级 | AD33: 5级 | AE33: 5级 | AF33: 0 | AJ33: 是
A34: 44486 | B34: 1600 | C34: {=(SUM(VLOOKUP(H34:AE34,$AL$4:$AN$44,2,FALSE))+AF34*10)*IF(AJ34="是",$AW$4,$AW$3)} -> 1600 | D34: =SUM($B$4:B34)-SUM($C$4:C34) -> 54 | E34: {=SUM(VLOOKUP(H34:AE34,$AL$4:$AN$44,3,FALSE))} -> 580 | F34: =SUM($E$4:E34)+SUM($G$4:G34) -> 19360 | G34: 0 | H34: 4级 | I34: 空 | J34: 空 | K34: 空 | L34: 空 | M34: 空 | N34: 空 | O34: 空 | P34: 4级 | Q34: 4级 | R34: 4级 | S34: 4级 | T34: 空 | U34: 空 | V34: 空 | W34: 空 | X34: 5级 | Y34: 5级 | Z34: 塔5 | AA34: 5级 | AB34: 5级 | AC34: 5级 | AD34: 空 | AE34: 空 | AF34: 0 | AJ34: 是
A35: 44487 | B35: 1600 | C35: {=(SUM(VLOOKUP(H35:AE35,$AL$4:$AN$44,2,FALSE))+AF35*10)*IF(AJ35="是",$AW$4,$AW$3)} -> 1520 | D35: =SUM($B$4:B35)-SUM($C$4:C35) -> 134 | E35: {=SUM(VLOOKUP(H35:AE35,$AL$4:$AN$44,3,FALSE))} -> 550 | F35: =SUM($E$4:E35)+SUM($G$4:G35) -> 20110 | G35: 200 | H35: 空 | I35: 空 | J35: 空 | K35: 空 | L35: 空 | M35: 空 | N35: 空 | O35: 空 | P35: 4级 | Q35: 4级 | R35: 4级 | S35: 4级 | T35: 空 | U35: 空 | V35: 空 | W35: 空 | X35: 5级 | Y35: 5级 | Z35: 6级 | AA35: 6级 | AB35: 6级 | AC35: 6级 | AD35: 空 | AE35: 空 | AF35: 0 | AJ35: 是
A36: 44488 | B36: 1600 | C36: {=(SUM(VLOOKUP(H36:AE36,$AL$4:$AN$44,2,FALSE))+AF36*10)*IF(AJ36="是",$AW$4,$AW$3)} -> 1680 | D36: =SUM($B$4:B36)-SUM($C$4:C36) -> 54 | E36: {=SUM(VLOOKUP(H36:AE36,$AL$4:$AN$44,3,FALSE))} -> 610 | F36: =SUM($E$4:E36)+SUM($G$4:G36) -> 20820 | G36: 100 | H36: 4级 | I36: 空 | J36: 空 | K36: 空 | L36: 空 | M36: 空 | N36: 空 | O36: 空 | P36: 4级 | Q36: 4级 | R36: 4级 | S36: 4级 | T36: 空 | U36: 空 | V36: 空 | W36: 空 | X36: 6级 | Y36: 6级 | Z36: 6级 | AA36: 6级 | AB36: 6级 | AC36: 6级 | AD36: 空 | AE36: 空 | AF36: 0 | AJ36: 是
A37: 44489 | B37: 1600 | C37: {=(SUM(VLOOKUP(H37:AE37,$AL$4:$AN$44,2,FALSE))+AF37*10)*IF(AJ37="是",$AW$4,$AW$3)} -> 1536 | D37: =SUM($B$4:B37)-SUM($C$4:C37) -> 118 | E37: {=SUM(VLOOKUP(H37:AE37,$AL$4:$AN$44,3,FALSE))} -> 560 | F37: =SUM($E$4:E37)+SUM($G$4:G37) -> 21580 | G37: 200 | H37: 空 | I37: 空 | J37: 空 | K37: 空 | L37: 空 | M37: 空 | N37: 空 | O37: 空 | P37: 4级 | Q37: 4级 | R37: 4级 | S37: 4级 | T37: 空 | U37: 空 | V37: 空 | W37: 空 | X37: 6级 | Y37: 6级 | Z37: 6级 | AA37: 6级 | AB37: 6级 | AC37: 6级 | AD37: 空 | AE37: 空 | AF37: 0 | AJ37: 是 | AL37: 6级地194块 | AN37: 6 | AO37: 194
A38: 44490 | B38: 1600 | C38: {=(SUM(VLOOKUP(H38:AE38,$AL$4:$AN$44,2,FALSE))+AF38*10)*IF(AJ38="是",$AW$4,$AW$3)} -> 1688 | D38: =SUM($B$4:B38)-SUM($C$4:C38) -> 30 | E38: {=SUM(VLOOKUP(H38:AE38,$AL$4:$AN$44,3,FALSE))} -> 615 | F38: =SUM($E$4:E38)+SUM($G$4:G38) -> 22195 | G38: 0 | H38: 4级 | I38: 空 | J38: 空 | K38: 空 | L38: 空 | M38: 空 | N38: 空 | O38: 空 | P38: 4级 | Q38: 4级 | R38: 4级 | S38: 5级 | T38: 空 | U38: 空 | V38: 空 | W38: 空 | X38: 6级 | Y38: 6级 | Z38: 6级 | AA38: 6级 | AB38: 6级 | AC38: 6级 | AD38: 空 | AE38: 空 | AF38: 0 | AJ38: 是 | AL38: 5级地237块 | AN38: 5 | AO38: 237
A39: 44491 | B39: 1600 | C39: {=(SUM(VLOOKUP(H39:AE39,$AL$4:$AN$44,2,FALSE))+AF39*10)*IF(AJ39="是",$AW$4,$AW$3)} -> 1552 | D39: =SUM($B$4:B39)-SUM($C$4:C39) -> 78 | E39: {=SUM(VLOOKUP(H39:AE39,$AL$4:$AN$44,3,FALSE))} -> 1500 | F39: =SUM($E$4:E39)+SUM($G$4:G39) -> 23695 | G39: 0 | H39: 空 | I39: 空 | J39: 空 | K39: 空 | L39: 空 | M39: 空 | N39: 空 | O39: 空 | P39: 塔4 | Q39: 4级 | R39: 4级 | S39: 4级 | T39: 空 | U39: 空 | V39: 空 | W39: 空 | X39: 6级 | Y39: 6级 | Z39: 6级 | AA39: 大boss | AB39: 6级 | AC39: 6级 | AD39: 空 | AE39: 空 | AF39: 0 | AJ39: 是 | AL39: 4级地272块 | AN39: 4 | AO39: 272
A40: 44492 | B40: 1600 | C40: {=(SUM(VLOOKUP(H40:AE40,$AL$4:$AN$44,2,FALSE))+AF40*10)*IF(AJ40="是",$AW$4,$AW$3)} -> 1544 | D40: =SUM($B$4:B40)-SUM($C$4:C40) -> 134 | E40: {=SUM(VLOOKUP(H40:AE40,$AL$4:$AN$44,3,FALSE))} -> 565 | F40: =SUM($E$4:E40)+SUM($G$4:G40) -> 24260 | G40: 0 | H40: 空 | I40: 空 | J40: 空 | K40: 空 | L40: 空 | M40: 空 | N40: 空 | O40: 空 | P40: 4级 | Q40: 4级 | R40: 4级 | S40: 5级 | T40: 空 | U40: 空 | V40: 空 | W40: 空 | X40: 6级 | Y40: 6级 | Z40: 6级 | AA40: 6级 | AB40: 6级 | AC40: 6级 | AD40: 空 | AE40: 空 | AF40: 0 | AJ40: 是 | AL40: 3级地358块 | AN40: 3 | AO40: 358
A41: 44493 | B41: 1600 | C41: {=(SUM(VLOOKUP(H41:AE41,$AL$4:$AN$44,2,FALSE))+AF41*10)*IF(AJ41="是",$AW$4,$AW$3)} -> 1712 | D41: =SUM($B$4:B41)-SUM($C$4:C41) -> 22 | E41: {=SUM(VLOOKUP(H41:AE41,$AL$4:$AN$44,3,FALSE))} -> 630 | F41: =SUM($E$4:E41)+SUM($G$4:G41) -> 24890 | G41: 0 | H41: 4级 | I41: 空 | J41: 空 | K41: 空 | L41: 空 | M41: 空 | N41: 空 | O41: 空 | P41: 5级 | Q41: 5级 | R41: 5级 | S41: 5级 | T41: 空 | U41: 空 | V41: 空 | W41: 空 | X41: 6级 | Y41: 6级 | Z41: 6级 | AA41: 6级 | AB41: 6级 | AC41: 6级 | AD41: 空 | AE41: 空 | AF41: 0 | AJ41: 是 | AO41: =SUM(AO37:AO40) -> 1061
A42: 44494 | B42: 1600 | C42: {=(SUM(VLOOKUP(H42:AE42,$AL$4:$AN$44,2,FALSE))+AF42*10)*IF(AJ42="是",$AW$4,$AW$3)} -> 1600 | D42: =SUM($B$4:B42)-SUM($C$4:C42) -> 22 | E42: {=SUM(VLOOKUP(H42:AE42,$AL$4:$AN$44,3,FALSE))} -> 605 | F42: =SUM($E$4:E42)+SUM($G$4:G42) -> 25795 | G42: 300 | H42: 4级 | I42: 空 | J42: 空 | K42: 空 | L42: 空 | M42: 空 | N42: 空 | O42: 空 | P42: 商人 | Q42: 5级 | R42: 5级 | S42: 5级 | T42: 空 | U42: 空 | V42: 空 | W42: 空 | X42: 6级 | Y42: 6级 | Z42: 6级 | AA42: 6级 | AB42: 6级 | AC42: 6级 | AD42: 空 | AE42: 空 | AF42: 0 | AJ42: 是
A43: 44495 | B43: 1600 | C43: {=(SUM(VLOOKUP(H43:AE43,$AL$4:$AN$44,2,FALSE))+AF43*10)*IF(AJ43="是",$AW$4,$AW$3)} -> 1568 | D43: =SUM($B$4:B43)-SUM($C$4:C43) -> 54 | E43: {=SUM(VLOOKUP(H43:AE43,$AL$4:$AN$44,3,FALSE))} -> 580 | F43: =SUM($E$4:E43)+SUM($G$4:G43) -> 26375 | G43: 0 | H43: 空 | I43: 空 | J43: 空 | K43: 空 | L43: 空 | M43: 空 | N43: 空 | O43: 空 | P43: 5级 | Q43: 5级 | R43: 5级 | S43: 5级 | T43: 空 | U43: 空 | V43: 空 | W43: 空 | X43: 6级 | Y43: 6级 | Z43: 6级 | AA43: 6级 | AB43: 6级 | AC43: 6级 | AD43: 空 | AE43: 空 | AF43: 0 | AJ43: 是
A44: 44496 | B44: 1600 | C44: {=(SUM(VLOOKUP(H44:AE44,$AL$4:$AN$44,2,FALSE))+AF44*10)*IF(AJ44="是",$AW$4,$AW$3)} -> 1592 | D44: =SUM($B$4:B44)-SUM($C$4:C44) -> 62 | E44: {=SUM(VLOOKUP(H44:AE44,$AL$4:$AN$44,3,FALSE))} -> 595 | F44: =SUM($E$4:E44)+SUM($G$4:G44) -> 27170 | G44: 200 | H44: 空 | I44: 空 | J44: 空 | K44: 空 | L44: 空 | M44: 空 | N44: 空 | O44: 空 | P44: 5级 | Q44: 6级 | R44: 6级 | S44: 6级 | T44: 空 | U44: 空 | V44: 空 | W44: 空 | X44: 6级 | Y44: 6级 | Z44: 6级 | AA44: 6级 | AB44: 6级 | AC44: 6级 | AD44: 空 | AE44: 空 | AF44: 0 | AJ44: 是
A45: 44497 | B45: 1600 | C45: {=(SUM(VLOOKUP(H45:AE45,$AL$4:$AN$44,2,FALSE))+AF45*10)*IF(AJ45="是",$AW$4,$AW$3)} -> 1600 | D45: =SUM($B$4:B45)-SUM($C$4:C45) -> 62 | E45: {=SUM(VLOOKUP(H45:AE45,$AL$4:$AN$44,3,FALSE))} -> 600 | F45: =SUM($E$4:E45)+SUM($G$4:G45) -> 27770 | G45: 0 | H45: 空 | I45: 空 | J45: 空 | K45: 空 | L45: 空 | M45: 空 | N45: 空 | O45: 空 | P45: 6级 | Q45: 6级 | R45: 6级 | S45: 6级 | T45: 空 | U45: 空 | V45: 空 | W45: 空 | X45: 6级 | Y45: 6级 | Z45: 6级 | AA45: 6级 | AB45: 6级 | AC45: 6级 | AD45: 空 | AE45: 空 | AF45: 0 | AJ45: 是
A46: 44498 | B46: 1600 | C46: {=(SUM(VLOOKUP(H46:AE46,$AL$4:$AN$44,2,FALSE))+AF46*10)*IF(AJ46="是",$AW$4,$AW$3)} -> 1584 | D46: =SUM($B$4:B46)-SUM($C$4:C46) -> 78 | E46: {=SUM(VLOOKUP(H46:AE46,$AL$4:$AN$44,3,FALSE))} -> 650 | F46: =SUM($E$4:E46)+SUM($G$4:G46) -> 28420 | G46: 0 | H46: 空 | I46: 空 | J46: 空 | K46: 空 | L46: 空 | M46: 空 | N46: 空 | O46: 空 | P46: 6级 | Q46: 5级 | R46: 5级 | S46: 6级 | T46: 空 | U46: 空 | V46: 空 | W46: 空 | X46: 6级 | Y46: 6级 | Z46: 6级 | AA46: 营地+ | AB46: 6级 | AC46: 6级 | AD46: 6级 | AE46: 6级 | AF46: 0 | AJ46: 是
A47: 44499 | B47: 1600 | C47: {=(SUM(VLOOKUP(H47:AE47,$AL$4:$AN$44,2,FALSE))+AF47*10)*IF(AJ47="是",$AW$4,$AW$3)} -> 1592 | D47: =SUM($B$4:B47)-SUM($C$4:C47) -> 86 | E47: {=SUM(VLOOKUP(H47:AE47,$AL$4:$AN$44,3,FALSE))} -> 595 | F47: =SUM($E$4:E47)+SUM($G$4:G47) -> 29015 | G47: 0 | H47: 空 | I47: 空 | J47: 空 | K47: 空 | L47: 空 | M47: 空 | N47: 空 | O47: 空 | P47: 6级 | Q47: 6级 | R47: 5级 | S47: 6级 | T47: 空 | U47: 空 | V47: 空 | W47: 空 | X47: 6级 | Y47: 6级 | Z47: 6级 | AA47: 6级 | AB47: 6级 | AC47: 6级 | AD47: 空 | AE47: 空 | AF47: 0 | AJ47: 是
A48: 44500 | B48: 1600 | C48: {=(SUM(VLOOKUP(H48:AE48,$AL$4:$AN$44,2,FALSE))+AF48*10)*IF(AJ48="是",$AW$4,$AW$3)} -> 1600 | D48: =SUM($B$4:B48)-SUM($C$4:C48) -> 86 | E48: {=SUM(VLOOKUP(H48:AE48,$AL$4:$AN$44,3,FALSE))} -> 600 | F48: =SUM($E$4:E48)+SUM($G$4:G48) -> 29615 | G48: 0 | H48: 空 | I48: 空 | J48: 空 | K48: 空 | L48: 空 | M48: 空 | N48: 空 | O48: 空 | P48: 6级 | Q48: 6级 | R48: 6级 | S48: 6级 | T48: 空 | U48: 空 | V48: 空 | W48: 空 | X48: 6级 | Y48: 6级 | Z48: 6级 | AA48: 6级 | AB48: 6级 | AC48: 6级 | AD48: 空 | AE48: 空 | AF48: 0 | AJ48: 是
A49: 44501 | B49: 1600 | C49: {=(SUM(VLOOKUP(H49:AE49,$AL$4:$AN$44,2,FALSE))+AF49*10)*IF(AJ49="是",$AW$4,$AW$3)} -> 1600 | D49: =SUM($B$4:B49)-SUM($C$4:C49) -> 86 | E49: {=SUM(VLOOKUP(H49:AE49,$AL$4:$AN$44,3,FALSE))} -> 600 | F49: =SUM($E$4:E49)+SUM($G$4:G49) -> 30415 | G49: 200 | H49: 空 | I49: 空 | J49: 空 | K49: 空 | L49: 空 | M49: 空 | N49: 空 | O49: 空 | P49: 6级 | Q49: 6级 | R49: 6级 | S49: 6级 | T49: 空 | U49: 空 | V49: 空 | W49: 空 | X49: 6级 | Y49: 6级 | Z49: 6级 | AA49: 6级 | AB49: 6级 | AC49: 6级 | AD49: 空 | AE49: 空 | AF49: 0 | AJ49: 是
A50: 44502 | B50: 1600 | C50: {=(SUM(VLOOKUP(H50:AE50,$AL$4:$AN$44,2,FALSE))+AF50*10)*IF(AJ50="是",$AW$4,$AW$3)} -> 1600 | D50: =SUM($B$4:B50)-SUM($C$4:C50) -> 86 | E50: {=SUM(VLOOKUP(H50:AE50,$AL$4:$AN$44,3,FALSE))} -> 600 | F50: =SUM($E$4:E50)+SUM($G$4:G50) -> 31115 | G50: 100 | H50: 空 | I50: 空 | J50: 空 | K50: 空 | L50: 空 | M50: 空 | N50: 空 | O50: 空 | P50: 6级 | Q50: 6级 | R50: 6级 | S50: 6级 | T50: 空 | U50: 空 | V50: 空 | W50: 空 | X50: 6级 | Y50: 6级 | Z50: 6级 | AA50: 6级 | AB50: 6级 | AC50: 6级 | AD50: 空 | AE50: 空 | AF50: 0 | AJ50: 是
A51: 44503 | B51: 1600 | C51: {=(SUM(VLOOKUP(H51:AE51,$AL$4:$AN$44,2,FALSE))+AF51*10)*IF(AJ51="是",$AW$4,$AW$3)} -> 1600 | D51: =SUM($B$4:B51)-SUM($C$4:C51) -> 86 | E51: {=SUM(VLOOKUP(H51:AE51,$AL$4:$AN$44,3,FALSE))} -> 600 | F51: =SUM($E$4:E51)+SUM($G$4:G51) -> 31915 | G51: 200 | H51: 空 | I51: 空 | J51: 空 | K51: 空 | L51: 空 | M51: 空 | N51: 空 | O51: 空 | P51: 6级 | Q51: 6级 | R51: 6级 | S51: 6级 | T51: 空 | U51: 空 | V51: 空 | W51: 空 | X51: 6级 | Y51: 6级 | Z51: 6级 | AA51: 6级 | AB51: 6级 | AC51: 6级 | AD51: 空 | AE51: 空 | AF51: 0 | AJ51: 是
A52: 44504 | B52: 1600 | C52: {=(SUM(VLOOKUP(H52:AE52,$AL$4:$AN$44,2,FALSE))+AF52*10)*IF(AJ52="是",$AW$4,$AW$3)} -> 1552 | D52: =SUM($B$4:B52)-SUM($C$4:C52) -> 134 | E52: {=SUM(VLOOKUP(H52:AE52,$AL$4:$AN$44,3,FALSE))} -> 595 | F52: =SUM($E$4:E52)+SUM($G$4:G52) -> 32510 | G52: 0 | H52: 空 | I52: 空 | J52: 空 | K52: 空 | L52: 空 | M52: 空 | N52: 空 | O52: 空 | P52: 5级 | Q52: 6级 | R52: 6级 | S52: 6级 | T52: 空 | U52: 空 | V52: 空 | W52: 空 | X52: 6级 | Y52: 6级 | Z52: 6级 | AA52: 塔6 | AB52: 6级 | AC52: 6级 | AD52: 空 | AE52: 空 | AF52: 0 | AJ52: 是
A53: 44505 | B53: 1600 | C53: {=(SUM(VLOOKUP(H53:AE53,$AL$4:$AN$44,2,FALSE))+AF53*10)*IF(AJ53="是",$AW$4,$AW$3)} -> 1696 | D53: =SUM($B$4:B53)-SUM($C$4:C53) -> 38 | E53: {=SUM(VLOOKUP(H53:AE53,$AL$4:$AN$44,3,FALSE))} -> 620 | F53: =SUM($E$4:E53)+SUM($G$4:G53) -> 33130 | G53: 0 | H53: 4级 | I53: 空 | J53: 空 | K53: 空 | L53: 空 | M53: 空 | N53: 空 | O53: 空 | P53: 6级 | Q53: 6级 | R53: 6级 | S53: 6级 | T53: 空 | U53: 空 | V53: 空 | W53: 空 | X53: 5级 | Y53: 5级 | Z53: 5级 | AA53: 5级 | AB53: 5级 | AC53: 5级 | AD53: 空 | AE53: 空 | AF53: 0 | AJ53: 是
... A94: 44546 | B94: 1600 | C94: {=(SUM(VLOOKUP(H94:AE94,$AL$4:$AN$44,2,FALSE))+AF94*10)*IF(AJ94="是",$AW$4,$AW$3)} -> 1776 | D94: =SUM($B$4:B94)-SUM($C$4:C94) -> 118 | E94: {=SUM(VLOOKUP(H94:AE94,$AL$4:$AN$44,3,FALSE))} -> 630 | F94: =SUM($E$4:E94)+SUM($G$4:G94) -> 61375 | G94: 0 | H94: 4级 | I94: 4级 | J94: 4级 | K94: 4级 | L94: 4级 | M94: 4级 | N94: 空 | O94: 空 | P94: 6级 | Q94: 6级 | R94: 6级 | S94: 空 | T94: 空 | U94: 空 | V94: 空 | W94: 空 | X94: 4级 | Y94: 4级 | Z94: 4级 | AA94: 空 | AB94: 空 | AC94: 空 | AD94: 空 | AE94: 空 | AF94: 0 | AJ94: 是
D95: 7350
C96: 负粮草 | D96: =COUNTIF(D4:D94,"<0") -> 0

Sheet 102.5.1.01
A1: =(_xlfn.DAYS(TODAY(),A4)+2)/((_xlfn.DAYS(A94,A4))+1) -> 5.978022 | H1: 工作区 | AL1: 使用方法：按自己规划的路线，将下表中的地块名复制粘贴至工作区。初次使用传送门，当天跳步次数+5。重复使用传送门，当天跳步次数+1
A2: version 1.20 | C2: 合计经验 | E2: =SUM(E4:E94)+SUM(G4:G94) -> 61245 | H2: 队伍一 风 | J2: 步数 | K2: =COUNTIF(H4:O94,"<>空") -> 406 | L2: (不算跳步和传送) | P2: 队伍二 雷 | R2: 步数 | S2: =COUNTIF(P4:W94,"<>空") -> 184 | T2: (不算跳步和传送) | X2: 队伍三 | Z2: 总步数 | AA2: =COUNTIF(X4:AE94,"<>空") -> 434 | AB2: (不算跳步和传送) | AF2: =SUM(AF4:AF94) -> 58 | AG2: =SUM(AG4:AG94) -> 20 | AH2: =SUM(AH4:AH94) -> 23 | AI2: =SUM(AI4:AI94) -> 15 | AJ2: 八卦全开 | AW2: 粮草系数
A3: 日期 | B3: 获得粮草 | C3: 消耗粮草 | D3: 剩余粮草 | E3: 获得经验 | F3: 累计经验 | G3: 任务经验 | H3: 1 | I3: 2 | J3: 3 | K3: 4 | L3: 5 | M3: 6 | N3: 7 | O3: 8 | P3: 1 | Q3: 2 | R3: 3 | S3: 4 | T3: 5 | U3: 6 | V3: 7 | W3: 8 | X3: 1 | Y3: 2 | Z3: 3 | AA3: 4 | AB3: 5 | AC3: 6 | AD3: 7 | AE3: 8 | AF3: 跳步次数 | AG3: 1队跳步 | AH3: 2队跳步 | AI3: 3队跳步 | AL3: 地块 | AM3: 粮草 | AN3: 经验 | AO3: 一队地块 | AP3: 二队地块 | AQ3: 三队地块 | AR3: 总地块 | AS3: 一队经验 | AT3: 二队经验 | AU3: 三队经验 | AV3: 八卦前 | AW3: 1
A4: 44456 | B4: 800 | C4: {=(SUM(VLOOKUP(H4:AE4,$AL$4:$AN$44,2,FALSE))+AF4*10)*IF(AJ4="是",$AW$4,$AW$3)} -> 750 | D4: =SUM($B$4:B4)-SUM($C$4:C4) -> 50 | E4: {=SUM(VLOOKUP(H4:AE4,$AL$4:$AN$44,3,FALSE))} -> 175 | F4: =SUM($E$4:E4)+SUM($G$4:G4) -> 175 | G4: 0 | H4: 1级 | I4: 1级 | J4: 1级 | K4: 1级 | L4: 1级 | M4: 空 | N4: 空 | O4: 空 | P4: 空 | Q4: 空 | R4: 空 | S4: 空 | T4: 空 | U4: 空 | V4: 空 | W4: 空 | X4: 空 | Y4: 空 | Z4: 空 | AA4: 空 | AB4: 空 | AC4: 空 | AD4: 空 | AE4: 空 | AF4: 0 | AJ4: 否 | AL4: 1级 | AM4: 150 | AN4: 35 | AO4: =COUNTIF($H$4:$O$94,AL4) -> 18 | AP4: =COUNTIF($P$4:$W$94,AL4) -> 0 | AQ4: =COUNTIF($X$4:$AE$94,AL4) -> 11 | AR4: =AO4+AP4+AQ4 -> 29 | AS4: =AO4*$AN4 -> 630 | AT4: =AP4*$AN4 -> 0 | AU4: =AQ4*$AN4 -> 385 | AV4: 八卦后 | AW4: 0.8 | AX4: =AN4/AY4 -> 0.29166667 | AY4: =AM4*0.8 -> 120
A5: 44457 | B5: 1600 | C5: {=(SUM(VLOOKUP(H5:AE5,$AL$4:$AN$44,2,FALSE))+AF5*10)*IF(AJ5="是",$AW$4,$AW$3)} -> 900 | D5: =SUM($B$4:B5)-SUM($C$4:C5) -> 750 | E5: {=SUM(VLOOKUP(H5:AE5,$AL$4:$AN$44,3,FALSE))} -> 210 | F5: =SUM($E$4:E5)+SUM($G$4:G5) -> 885 | G5: 500 | H5: 1级 | I5: 1级 | J5: 1级 | K5: 1级 | L5: 1级 | M5: 1级 | N5: 空 | O5: 空 | P5: 空 | Q5: 空 | R5: 空 | S5: 空 | T5: 空 | U5: 空 | V5: 空 | W5: 空 | X5: 空 | Y5: 空 | Z5: 空 | AA5: 空 | AB5: 空 | AC5: 空 | AD5: 空 | AE5: 空 | AF5: 0 | AJ5: 否 | AL5: 2级 | AM5: 160 | AN5: 40 | AO5: =COUNTIF($H$4:$O$94,AL5) -> 16 | AP5: =COUNTIF($P$4:$W$94,AL5) -> 12 | AQ5: =COUNTIF($X$4:$AE$94,AL5) -> 16 | AR5: =AO5+AP5+AQ5 -> 44 | AS5: =AO5*$AN5 -> 640 | AT5: =AP5*$AN5 -> 480 | AU5: =AQ5*$AN5 -> 640 | AV5: Note：开完八卦当天可能需要手动计算粮草 | AX5: =AN5/AY5 -> 0.3125 | AY5: =AM5*0.8 -> 128
A6: 44458 | B6: 1600 | C6: {=(SUM(VLOOKUP(H6:AE6,$AL$4:$AN$44,2,FALSE))+AF6*10)*IF(AJ6="是",$AW$4,$AW$3)} -> 800 | D6: =SUM($B$4:B6)-SUM($C$4:C6) -> 1550 | E6: {=SUM(VLOOKUP(H6:AE6,$AL$4:$AN$44,3,FALSE))} -> 205 | F6: =SUM($E$4:E6)+SUM($G$4:G6) -> 1090 | G6: 0 | H6: 1级 | I6: 1级 | J6: 秋道 | K6: 1级 | L6: 商人 | M6: 1级 | N6: 空 | O6: 空 | P6: 空 | Q6: 空 | R6: 空 | S6: 空 | T6: 空 | U6: 空 | V6: 空 | W6: 空 | X6: 空 | Y6: 空 | Z6: 空 | AA6: 空 | AB6: 空 | AC6: 空 | AD6: 空 | AE6: 空 | AF6: 0 | AJ6: 否 | AL6: 3级 | AM6: 170 | AN6: 45 | AO6: =COUNTIF($H$4:$O$94,AL6) -> 97 | AP6: =COUNTIF($P$4:$W$94,AL6) -> 46 | AQ6: =COUNTIF($X$4:$AE$94,AL6) -> 22 | AR6: =AO6+AP6+AQ6 -> 165 | AS6: =AO6*$AN6 -> 4365 | AT6: =AP6*$AN6 -> 2070 | AU6: =AQ6*$AN6 -> 990 | AX6: =AN6/AY6 -> 0.33088235 | AY6: =AM6*0.8 -> 136
A7: 44459 | B7: 1600 | C7: {=(SUM(VLOOKUP(H7:AE7,$AL$4:$AN$44,2,FALSE))+AF7*10)*IF(AJ7="是",$AW$4,$AW$3)} -> 980 | D7: =SUM($B$4:B7)-SUM($C$4:C7) -> 2170 | E7: {=SUM(VLOOKUP(H7:AE7,$AL$4:$AN$44,3,FALSE))} -> 225 | F7: =SUM($E$4:E7)+SUM($G$4:G7) -> 1515 | G7: 200 | H7: 1级 | I7: 1级 | J7: 1级 | K7: 2级 | L7: 2级 | M7: 2级 | N7: 空 | O7: 空 | P7: 空 | Q7: 空 | R7: 空 | S7: 空 | T7: 空 | U7: 空 | V7: 空 | W7: 空 | X7: 空 | Y7: 空 | Z7: 空 | AA7: 空 | AB7: 空 | AC7: 空 | AD7: 空 | AE7: 空 | AF7: 5 | AG7: 5 | AJ7: 否 | AL7: 4级 | AM7: 180 | AN7: 50 | AO7: =COUNTIF($H$4:$O$94,AL7) -> 45 | AP7: =COUNTIF($P$4:$W$94,AL7) -> 111 | AQ7: =COUNTIF($X$4:$AE$94,AL7) -> 113 | AR7: =AO7+AP7+AQ7 -> 269 | AS7: =AO7*$AN7 -> 2250 | AT7: =AP7*$AN7 -> 5550 | AU7: =AQ7*$AN7 -> 5650 | AX7: =AN7/AY7 -> 0.34722222 | AY7: =AM7*0.8 -> 144
A8: 44460 | B8: 1600 | C8: {=(SUM(VLOOKUP(H8:AE8,$AL$4:$AN$44,2,FALSE))+AF8*10)*IF(AJ8="是",$AW$4,$AW$3)} -> 960 | D8: =SUM($B$4:B8)-SUM($C$4:C8) -> 2810 | E8: {=SUM(VLOOKUP(H8:AE8,$AL$4:$AN$44,3,FALSE))} -> 240 | F8: =SUM($E$4:E8)+SUM($G$4:G8) -> 1855 | G8: 100 | H8: 山中 | I8: 2级 | J8: 2级 | K8: 2级 | L8: 2级 | M8: 2级 | N8: 空 | O8: 空 | P8: 空 | Q8: 空 | R8: 空 | S8: 空 | T8: 空 | U8: 空 | V8: 空 | W8: 空 | X8: 空 | Y8: 空 | Z8: 空 | AA8: 空 | AB8: 空 | AC8: 空 | AD8: 空 | AE8: 空 | AF8: 0 | AJ8: 否 | AL8: 5级 | AM8: 190 | AN8: 55 | AO8: =COUNTIF($H$4:$O$94,AL8) -> 112 | AP8: =COUNTIF($P$4:$W$94,AL8) -> 0 | AQ8: =COUNTIF($X$4:$AE$94,AL8) -> 124 | AR8: =AO8+AP8+AQ8 -> 236 | AS8: =AO8*$AN8 -> 6160 | AT8: =AP8*$AN8 -> 0 | AU8: =AQ8*$AN8 -> 6820 | AX8: =AN8/AY8 -> 0.36184211 | AY8: =AM8*0.8 -> 152
A9: 44461 | B9: 1600 | C9: {=(SUM(VLOOKUP(H9:AE9,$AL$4:$AN$44,2,FALSE))+AF9*10)*IF(AJ9="是",$AW$4,$AW$3)} -> 890 | D9: =SUM($B$4:B9)-SUM($C$4:C9) -> 3520 | E9: {=SUM(VLOOKUP(H9:AE9,$AL$4:$AN$44,3,FALSE))} -> 250 | F9: =SUM($E$4:E9)+SUM($G$4:G9) -> 2305 | G9: 200 | H9: 商人 | I9: 2级 | J9: 3级 | K9: 3级 | L9: 3级 | M9: 3级 | N9: 空 | O9: 空 | P9: 空 | Q9: 空 | R9: 空 | S9: 空 | T9: 空 | U9: 空 | V9: 空 | W9: 空 | X9: 空 | Y9: 空 | Z9: 空 | AA9: 空 | AB9: 空 | AC9: 空 | AD9: 空 | AE9: 空 | AF9: 0 | AJ9: 否 | AL9: 6级 | AM9: 200 | AN9: 60 | AO9: =COUNTIF($H$4:$O$94,AL9) -> 76 | AP9: =COUNTIF($P$4:$W$94,AL9) -> 0 | AQ9: =COUNTIF($X$4:$AE$94,AL9) -> 118 | AR9: =AO9+AP9+AQ9 -> 194 | AS9: =AO9*$AN9 -> 4560 | AT9: =AP9*$AN9 -> 0 | AU9: =AQ9*$AN9 -> 7080 | AX9: =AN9/AY9 -> 0.375 | AY9: =AM9*0.8 -> 160
A10: 44462 | B10: 1600 | C10: {=(SUM(VLOOKUP(H10:AE10,$AL$4:$AN$44,2,FALSE))+AF10*10)*IF(AJ10="是",$AW$4,$AW$3)} -> 1020 | D10: =SUM($B$4:B10)-SUM($C$4:C10) -> 4100 | E10: {=SUM(VLOOKUP(H10:AE10,$AL$4:$AN$44,3,FALSE))} -> 270 | F10: =SUM($E$4:E10)+SUM($G$4:G10) -> 2575 | G10: 0 | H10: 艮震巽坎乾 | I10: 3级 | J10: 3级 | K10: 3级 | L10: 3级 | M10: 3级 | N10: 空 | O10: 空 | P10: 空 | Q10: 空 | R10: 空 | S10: 空 | T10: 空 | U10: 空 | V10: 空 | W10: 空 | X10: 空 | Y10: 空 | Z10: 空 | AA10: 空 | AB10: 空 | AC10: 空 | AD10: 空 | AE10: 空 | AF10: 0 | AJ10: 否 | AL10: 塔1 | AM10: 150 | AN10: 35 | AO10: =COUNTIF($H$4:$O$94,AL10) -> 0 | AP10: =COUNTIF($P$4:$W$94,AL10) -> 0 | AQ10: =COUNTIF($X$4:$AE$94,AL10) -> 0 | AR10: =AO10+AP10+AQ10 -> 0 | AS10: =AO10*$AN10 -> 0 | AT10: =AP10*$AN10 -> 0 | AU10: =AQ10*$AN10 -> 0 | AX10: =AN10/AY10 -> 0.29166667 | AY10: =AM10*0.8 -> 120
A11: 44463 | B11: 1600 | C11: {=(SUM(VLOOKUP(H11:AE11,$AL$4:$AN$44,2,FALSE))+AF11*10)*IF(AJ11="是",$AW$4,$AW$3)} -> 1110 | D11: =SUM($B$4:B11)-SUM($C$4:C11) -> 4590 | E11: {=SUM(VLOOKUP(H11:AE11,$AL$4:$AN$44,3,FALSE))} -> 425 | F11: =SUM($E$4:E11)+SUM($G$4:G11) -> 3000 | G11: 0 | H11: 3级 | I11: 3级 | J11: 3级 | K11: 3级 | L11: 离兑坤 | M11: 3级 | N11: 空 | O11: 空 | P11: 空 | Q11: 空 | R11: 空 | S11: 空 | T11: 空 | U11: 空 | V11: 空 | W11: 空 | X11: 空 | Y11: 空 | Z11: 空 | AA11: 空 | AB11: 空 | AC11: 空 | AD11: 空 | AE11: 空 | AF11: 1 | AG11: 1 | AJ11: 否 | AL11: 塔2 | AM11: 150 | AN11: 40 | AO11: =COUNTIF($H$4:$O$94,AL11) -> 2 | AP11: =COUNTIF($P$4:$W$94,AL11) -> 1 | AQ11: =COUNTIF($X$4:$AE$94,AL11) -> 2 | AR11: =AO11+AP11+AQ11 -> 5 | AS11: =AO11*$AN11 -> 80 | AT11: =AP11*$AN11 -> 40 | AU11: =AQ11*$AN11 -> 80 | AX11: =AN11/AY11 -> 0.33333333 | AY11: =AM11*0.8 -> 120
A12: 44464 | B12: 1600 | C12: {=(SUM(VLOOKUP(H12:AE12,$AL$4:$AN$44,2,FALSE))+AF12*10)*IF(AJ12="是",$AW$4,$AW$3)} -> 1000 | D12: =SUM($B$4:B12)-SUM($C$4:C12) -> 5190 | E12: {=SUM(VLOOKUP(H12:AE12,$AL$4:$AN$44,3,FALSE))} -> 270 | F12: =SUM($E$4:E12)+SUM($G$4:G12) -> 3270 | G12: 0 | H12: 塔3 | I12: 3级 | J12: 3级 | K12: 3级 | L12: 艮震巽坎乾 | M12: 3级 | N12: 空 | O12: 空 | P12: 空 | Q12: 空 | R12: 空 | S12: 空 | T12: 空 | U12: 空 | V12: 空 | W12: 空 | X12: 空 | Y12: 空 | Z12: 空 | AA12: 空 | AB12: 空 | AC12: 空 | AD12: 空 | AE12: 空 | AF12: 0 | AJ12: 否 | AL12: 塔3 | AM12: 150 | AN12: 45 | AO12: =COUNTIF($H$4:$O$94,AL12) -> 3 | AP12: =COUNTIF($P$4:$W$94,AL12) -> 2 | AQ12: =COUNTIF($X$4:$AE$94,AL12) -> 1 | AR12: =AO12+AP12+AQ12 -> 6 | AS12: =AO12*$AN12 -> 135 | AT12: =AP12*$AN12 -> 90 | AU12: =AQ12*$AN12 -> 45 | AX12: =AN12/AY12 -> 0.375 | AY12: =AM12*0.8 -> 120
A13: 44465 | B13: 1600 | C13: {=(SUM(VLOOKUP(H13:AE13,$AL$4:$AN$44,2,FALSE))+AF13*10)*IF(AJ13="是",$AW$4,$AW$3)} -> 1020 | D13: =SUM($B$4:B13)-SUM($C$4:C13) -> 5770 | E13: {=SUM(VLOOKUP(H13:AE13,$AL$4:$AN$44,3,FALSE))} -> 270 | F13: =SUM($E$4:E13)+SUM($G$4:G13) -> 3540 | G13: 0 | H13: 3级 | I13: 3级 | J13: 3级 | K13: 3级 | L13: 3级 | M13: 3级 | N13: 空 | O13: 空 | P13: 空 | Q13: 空 | R13: 空 | S13: 空 | T13: 空 | U13: 空 | V13: 空 | W13: 空 | X13: 空 | Y13: 空 | Z13: 空 | AA13: 空 | AB13: 空 | AC13: 空 | AD13: 空 | AE13: 空 | AF13: 0 | AJ13: 否 | AL13: 塔4 | AM13: 150 | AN13: 50 | AO13: =COUNTIF($H$4:$O$94,AL13) -> 2 | AP13: =COUNTIF($P$4:$W$94,AL13) -> 1 | AQ13: =COUNTIF($X$4:$AE$94,AL13) -> 1 | AR13: =AO13+AP13+AQ13 -> 4 | AS13: =AO13*$AN13 -> 100 | AT13: =AP13*$AN13 -> 50 | AU13: =AQ13*$AN13 -> 50 | AX13: =AN13/AY13 -> 0.41666667 | AY13: =AM13*0.8 -> 120
A14: 44466 | B14: 1600 | C14: {=(SUM(VLOOKUP(H14:AE14,$AL$4:$AN$44,2,FALSE))+AF14*10)*IF(AJ14="是",$AW$4,$AW$3)} -> 980 | D14: =SUM($B$4:B14)-SUM($C$4:C14) -> 6390 | E14: {=SUM(VLOOKUP(H14:AE14,$AL$4:$AN$44,3,FALSE))} -> 410 | F14: =SUM($E$4:E14)+SUM($G$4:G14) -> 4250 | G14: 300 | H14: 3级 | I14: 3级 | J14: 商人 | K14: 3级 | L14: 3级 | M14: 离兑坤 | N14: 空 | O14: 空 | P14: 空 | Q14: 空 | R14: 空 | S14: 空 | T14: 空 | U14: 空 | V14: 空 | W14: 空 | X14: 空 | Y14: 空 | Z14: 空 | AA14: 空 | AB14: 空 | AC14: 空 | AD14: 空 | AE14: 空 | AF14: 0 | AJ14: 否 | AL14: 塔5 | AM14: 150 | AN14: 55 | AO14: =COUNTIF($H$4:$O$94,AL14) -> 2 | AP14: =COUNTIF($P$4:$W$94,AL14) -> 0 | AQ14: =COUNTIF($X$4:$AE$94,AL14) -> 1 | AR14: =AO14+AP14+AQ14 -> 3 | AS14: =AO14*$AN14 -> 110 | AT14: =AP14*$AN14 -> 0 | AU14: =AQ14*$AN14 -> 55 | AX14: =AN14/AY14 -> 0.45833333 | AY14: =AM14*0.8 -> 120
A15: 44467 | B15: 1600 | C15: {=(SUM(VLOOKUP(H15:AE15,$AL$4:$AN$44,2,FALSE))+AF15*10)*IF(AJ15="是",$AW$4,$AW$3)} -> 1020 | D15: =SUM($B$4:B15)-SUM($C$4:C15) -> 6970 | E15: {=SUM(VLOOKUP(H15:AE15,$AL$4:$AN$44,3,FALSE))} -> 270 | F15: =SUM($E$4:E15)+SUM($G$4:G15) -> 4520 | G15: 0 | H15: 3级 | I15: 3级 | J15: 3级 | K15: 3级 | L15: 艮震巽坎乾 | M15: 3级 | N15: 空 | O15: 空 | P15: 空 | Q15: 空 | R15: 空 | S15: 空 | T15: 空 | U15: 空 | V15: 空 | W15: 空 | X15: 空 | Y15: 空 | Z15: 空 | AA15: 空 | AB15: 空 | AC15: 空 | AD15: 空 | AE15: 空 | AF15: 0 | AJ15: 否 | AL15: 塔6 | AM15: 150 | AN15: 60 | AO15: =COUNTIF($H$4:$O$94,AL15) -> 0 | AP15: =COUNTIF($P$4:$W$94,AL15) -> 0 | AQ15: =COUNTIF($X$4:$AE$94,AL15) -> 1 | AR15: =AO15+AP15+AQ15 -> 1 | AS15: =AO15*$AN15 -> 0 | AT15: =AP15*$AN15 -> 0 | AU15: =AQ15*$AN15 -> 60 | AX15: =AN15/AY15 -> 0.5 | AY15: =AM15*0.8 -> 120
A16: 44468 | B16: 1600 | C16: {=(SUM(VLOOKUP(H16:AE16,$AL$4:$AN$44,2,FALSE))+AF16*10)*IF(AJ16="是",$AW$4,$AW$3)} -> 1020 | D16: =SUM($B$4:B16)-SUM($C$4:C16) -> 7550 | E16: {=SUM(VLOOKUP(H16:AE16,$AL$4:$AN$44,3,FALSE))} -> 270 | F16: =SUM($E$4:E16)+SUM($G$4:G16) -> 4990 | G16: 200 | H16: 3级 | I16: 3级 | J16: 3级 | K16: 3级 | L16: 3级 | M16: 3级 | N16: 空 | O16: 空 | P16: 空 | Q16: 空 | R16: 空 | S16: 空 | T16: 空 | U16: 空 | V16: 空 | W16: 空 | X16: 空 | Y16: 空 | Z16: 空 | AA16: 空 | AB16: 空 | AC16: 空 | AD16: 空 | AE16: 空 | AF16: 0 | AJ16: 否 | AL16: 遗迹 | AM16: 150 | AN16: 35 | AO16: =COUNTIF($H$4:$O$94,AL16) -> 0 | AP16: =COUNTIF($P$4:$W$94,AL16) -> 0 | AQ16: =COUNTIF($X$4:$AE$94,AL16) -> 0 | AR16: =AO16+AP16+AQ16 -> 0 | AS16: =AO16*$AN16 -> 0 | AT16: =AP16*$AN16 -> 0 | AU16: =AQ16*$AN16 -> 0 | AX16: =AN16/AY16 -> 0.29166667 | AY16: =AM16*0.8 -> 120
A17: 44469 | B17: 1600 | C17: {=(SUM(VLOOKUP(H17:AE17,$AL$4:$AN$44,2,FALSE))+AF17*10)*IF(AJ17="是",$AW$4,$AW$3)} -> 1120 | D17: =SUM($B$4:B17)-SUM($C$4:C17) -> 8030 | E17: {=SUM(VLOOKUP(H17:AE17,$AL$4:$AN$44,3,FALSE))} -> 465 | F17: =SUM($E$4:E17)+SUM($G$4:G17) -> 5455 | G17: 0 | H17: 3级 | I17: 3级 | J17: 离兑坤 | K17: 营地 | L17: 3级 | M17: 3级 | N17: 2级 | O17: 3级 | P17: 空 | Q17: 空 | R17: 空 | S17: 空 | T17: 空 | U17: 空 | V17: 空 | W17: 空 | X17: 空 | Y17: 空 | Z17: 空 | AA17: 空 | AB17: 空 | AC17: 空 | AD17: 空 | AE17: 空 | AF17: 1 | AG17: 1 | AJ17: 否 | AL17: 商人 | AM17: 50 | AN17: 30 | AO17: =COUNTIF($H$4:$O$94,AL17) -> 16 | AP17: =COUNTIF($P$4:$W$94,AL17) -> 9 | AQ17: =COUNTIF($X$4:$AE$94,AL17) -> 13 | AR17: =AO17+AP17+AQ17 -> 38 | AS17: =AO17*$AN17 -> 480 | AT17: =AP17*$AN17 -> 270 | AU17: =AQ17*$AN17 -> 390 | AX17: =AN17/AY17 -> 0.75 | AY17: =AM17*0.8 -> 40
A18: 44470 | B18: 1600 | C18: {=(SUM(VLOOKUP(H18:AE18,$AL$4:$AN$44,2,FALSE))+AF18*10)*IF(AJ18="是",$AW$4,$AW$3)} -> 920 | D18: =SUM($B$4:B18)-SUM($C$4:C18) -> 8710 | E18: {=SUM(VLOOKUP(H18:AE18,$AL$4:$AN$44,3,FALSE))} -> 250 | F18: =SUM($E$4:E18)+SUM($G$4:G18) -> 5705 | G18: 0 | H18: 3级 | I18: 商人 | J18: 3级 | K18: 艮震巽坎乾 | L18: 塔2 | M18: 3级 | N18: 空 | O18: 空 | P18: 空 | Q18: 空 | R18: 空 | S18: 空 | T18: 空 | U18: 空 | V18: 空 | W18: 空 | X18: 空 | Y18: 空 | Z18: 空 | AA18: 空 | AB18: 空 | AC18: 空 | AD18: 空 | AE18: 空 | AF18: 4 | AG18: 4 | AJ18: 否 | AK18: 八卦前 | AL18: 营地 | AM18: -150 | AN18: 0 | AO18: =COUNTIF($H$4:$O$94,AL18) -> 1 | AP18: =COUNTIF($P$4:$W$94,AL18) -> 0 | AQ18: =COUNTIF($X$4:$AE$94,AL18) -> 0 | AR18: =AO18+AP18+AQ18 -> 1 | AS18: =AO18*$AN18 -> 0 | AT18: =AP18*$AN18 -> 0 | AU18: =AQ18*$AN18 -> 0 | AX18: =AN18/AY18 -> 0 | AY18: =AM18*0.8 -> -120
A19: 44471 | B19: 1600 | C19: {=(SUM(VLOOKUP(H19:AE19,$AL$4:$AN$44,2,FALSE))+AF19*10)*IF(AJ19="是",$AW$4,$AW$3)} -> 1020 | D19: =SUM($B$4:B19)-SUM($C$4:C19) -> 9290 | E19: {=SUM(VLOOKUP(H19:AE19,$AL$4:$AN$44,3,FALSE))} -> 270 | F19: =SUM($E$4:E19)+SUM($G$4:G19) -> 5975 | G19: 0 | H19: 3级 | I19: 3级 | J19: 3级 | K19: 3级 | L19: 3级 | M19: 3级 | N19: 空 | O19: 空 | P19: 空 | Q19: 空 | R19: 空 | S19: 空 | T19: 空 | U19: 空 | V19: 空 | W19: 空 | X19: 空 | Y19: 空 | Z19: 空 | AA19: 空 | AB19: 空 | AC19: 空 | AD19: 空 | AE19: 空 | AF19: 0 | AJ19: 否 | AL19: 离兑坤 | AM19: 250 | AN19: 200 | AO19: =COUNTIF($H$4:$O$94,AL19) -> 3 | AP19: =COUNTIF($P$4:$W$94,AL19) -> 0 | AQ19: =COUNTIF($X$4:$AE$94,AL19) -> 0 | AR19: =AO19+AP19+AQ19 -> 3 | AS19: =AO19*$AN19 -> 600 | AT19: =AP19*$AN19 -> 0 | AU19: =AQ19*$AN19 -> 0 | AX19: =AN19/AY19 -> 1 | AY19: =AM19*0.8 -> 200
A20: 44472 | B20: 1600 | C20: {=(SUM(VLOOKUP(H20:AE20,$AL$4:$AN$44,2,FALSE))+AF20*10)*IF(AJ20="是",$AW$4,$AW$3)-420} -> 2360 | D20: =SUM($B$4:B20)-SUM($C$4:C20) -> 8530 | E20: {=SUM(VLOOKUP(H20:AE20,$AL$4:$AN$44,3,FALSE))} -> 695 | F20: =SUM($E$4:E20)+SUM($G$4:G20) -> 6670 | G20: 0 | H20: 3级 | I20: 3级 | J20: 3级 | K20: 艮震巽坎乾 | L20: 3级 | M20: 3级 | N20: 空 | O20: 空 | P20: 商人 | Q20: 2级 | R20: 2级 | S20: 2级 | T20: 2级 | U20: 商人 | V20: 空 | W20: 空 | X20: 1级 | Y20: 1级 | Z20: 商人 | AA20: 1级 | AB20: 1级 | AC20: 1级 | AD20: 空 | AE20: 空 | AF20: 22 | AH20: 20 | AI20: 2 | AJ20: 否 | AL20: 艮震巽坎乾 | AM20: 170 | AN20: 45 | AO20: =COUNTIF($H$4:$O$94,AL20) -> 5 | AP20: =COUNTIF($P$4:$W$94,AL20) -> 0 | AQ20: =COUNTIF($X$4:$AE$94,AL20) -> 0 | AR20: =AO20+AP20+AQ20 -> 5 | AS20: =AO20*$AN20 -> 225 | AT20: =AP20*$AN20 -> 0 | AU20: =AQ20*$AN20 -> 0 | AX20: =AN20/AY20 -> 0.33088235 | AY20: =AM20*0.8 -> 136
A21: 44473 | B21: 1600 | C21: {=(SUM(VLOOKUP(H21:AE21,$AL$4:$AN$44,2,FALSE))+AF21*10)*IF(AJ21="是",$AW$4,$AW$3)} -> 2056 | D21: =SUM($B$4:B21)-SUM($C$4:C21) -> 8074 | E21: {=SUM(VLOOKUP(H21:AE21,$AL$4:$AN$44,3,FALSE))} -> 720 | F21: =SUM($E$4:E21)+SUM($G$4:G21) -> 7590 | G21: 200 | H21: 商人 | I21: 3级 | J21: 3级 | K21: 2级 | L21: 塔2 | M21: 2级 | N21: 空 | O21: 空 | P21: 2级 | Q21: 2级 | R21: 2级 | S21: 2级 | T21: 2级 | U21: 2级 | V21: 空 | W21: 空 | X21: 1级 | Y21: 1级 | Z21: 1级 | AA21: 商人 | AB21: 1级 | AC21: 营地+ | AD21: 1级 | AE21: 1级 | AF21: 0 | AJ21: 是 | AL21: 小boss | AM21: 250 | AN21: 200 | AO21: =COUNTIF($H$4:$O$94,AL21) -> 0 | AP21: =COUNTIF($P$4:$W$94,AL21) -> 0 | AQ21: =COUNTIF($X$4:$AE$94,AL21) -> 0 | AR21: =AO21+AP21+AQ21 -> 0 | AS21: =AO21*$AN21 -> 0 | AT21: =AP21*$AN21 -> 0 | AU21: =AQ21*$AN21 -> 0 | AX21: =AN21/AY21 -> 1 | AY21: =AM21*0.8 -> 200
A22: 44474 | B22: 1600 | C22: {=(SUM(VLOOKUP(H22:AE22,$AL$4:$AN$44,2,FALSE))+AF22*10)*IF(AJ22="是",$AW$4,$AW$3)} -> 2016 | D22: =SUM($B$4:B22)-SUM($C$4:C22) -> 7658 | E22: {=SUM(VLOOKUP(H22:AE22,$AL$4:$AN$44,3,FALSE))} -> 690 | F22: =SUM($E$4:E22)+SUM($G$4:G22) -> 8380 | G22: 100 | H22: 2级 | I22: 商人 | J22: 2级 | K22: 2级 | L22: 商人 | M22: 2级 | N22: 空 | O22: 空 | P22: 2级 | Q22: 2级 | R22: 商人 | S22: 3级 | T22: 3级 | U22: 塔2 | V22: 空 | W22: 空 | X22: 2级 | Y22: 2级 | Z22: 奈良 | AA22: 2级 | AB22: 2级 | AC22: 商人 | AD22: 空 | AE22: 空 | AF22: 7 | AG22: 2 | AI22: 5 | AJ22: 是 | AL22: 大boss | AM22: 250 | AN22: 1000 | AO22: =COUNTIF($H$4:$O$94,AL22) -> 1 | AP22: =COUNTIF($P$4:$W$94,AL22) -> 0 | AQ22: =COUNTIF($X$4:$AE$94,AL22) -> 1 | AR22: =AO22+AP22+AQ22 -> 2 | AS22: =AO22*$AN22 -> 1000 | AT22: =AP22*$AN22 -> 0 | AU22: =AQ22*$AN22 -> 1000 | AX22: =AN22/AY22 -> 5 | AY22: =AM22*0.8 -> 200
A23: 44475 | B23: 1600 | C23: {=(SUM(VLOOKUP(H23:AE23,$AL$4:$AN$44,2,FALSE))+AF23*10)*IF(AJ23="是",$AW$4,$AW$3)} -> 2280 | D23: =SUM($B$4:B23)-SUM($C$4:C23) -> 6978 | E23: {=SUM(VLOOKUP(H23:AE23,$AL$4:$AN$44,3,FALSE))} -> 815 | F23: =SUM($E$4:E23)+SUM($G$4:G23) -> 9395 | G23: 200 | H23: 营地+ | I23: 3级 | J23: 3级 | K23: 塔3 | L23: 3级 | M23: 3级 | N23: 3级 | O23: 3级 | P23: 3级 | Q23: 3级 | R23: 3级 | S23: 3级 | T23: 3级 | U23: 3级 | V23: 空 | W23: 空 | X23: 2级 | Y23: 2级 | Z23: 2级 | AA23: 2级 | AB23: 2级 | AC23: 商人 | AD23: 空 | AE23: 空 | AF23: 1 | AG23: 1 | AJ23: 是 | AL23: 中boss | AM23: 250 | AN23: 500 | AO23: =COUNTIF($H$4:$O$94,AL23) -> 0 | AP23: =COUNTIF($P$4:$W$94,AL23) -> 0 | AQ23: =COUNTIF($X$4:$AE$94,AL23) -> 2 | AR23: =AO23+AP23+AQ23 -> 2 | AS23: =AO23*$AN23 -> 0 | AT23: =AP23*$AN23 -> 0 | AU23: =AQ23*$AN23 -> 1000 | AX23: =AN23/AY23 -> 2.5 | AY23: =AM23*0.8 -> 200
A24: 44476 | B24: 1600 | C24: {=(SUM(VLOOKUP(H24:AE24,$AL$4:$AN$44,2,FALSE))+AF24*10)*IF(AJ24="是",$AW$4,$AW$3)} -> 2112 | D24: =SUM($B$4:B24)-SUM($C$4:C24) -> 6466 | E24: {=SUM(VLOOKUP(H24:AE24,$AL$4:$AN$44,3,FALSE))} -> 740 | F24: =SUM($E$4:E24)+SUM($G$4:G24) -> 10135 | G24: 0 | H24: 3级 | I24: 3级 | J24: 商人 | K24: 3级 | L24: 3级 | M24: 3级 | N24: 空 | O24: 空 | P24: 商人 | Q24: 塔3 | R24: 3级 | S24: 3级 | T24: 3级 | U24: 3级 | V24: 空 | W24: 空 | X24: 2级 | Y24: 2级 | Z24: 2级 | AA24: 塔2 | AB24: 2级 | AC24: 商人 | AD24: 空 | AE24: 空 | AF24: 2 | AG24: 1 | AH24: 1 | AJ24: 是 | AL24: 奈良 | AM24: 160 | AN24: 40 | AO24: =COUNTIF($H$4:$O$94,AL24) -> 0 | AP24: =COUNTIF($P$4:$W$94,AL24) -> 0 | AQ24: =COUNTIF($X$4:$AE$94,AL24) -> 1 | AR24: =AO24+AP24+AQ24 -> 1 | AS24: =AO24*$AN24 -> 0 | AT24: =AP24*$AN24 -> 0 | AU24: =AQ24*$AN24 -> 40 | AX24: =AN24/AY24 -> 0.3125 | AY24: =AM24*0.8 -> 128
A25: 44477 | B25: 1600 | C25: {=(SUM(VLOOKUP(H25:AE25,$AL$4:$AN$44,2,FALSE))+AF25*10)*IF(AJ25="是",$AW$4,$AW$3)} -> 2360 | D25: =SUM($B$4:B25)-SUM($C$4:C25) -> 5706 | E25: {=SUM(VLOOKUP(H25:AE25,$AL$4:$AN$44,3,FALSE))} -> 820 | F25: =SUM($E$4:E25)+SUM($G$4:G25) -> 10955 | G25: 0 | H25: 3级 | I25: 商人 | J25: 3级 | K25: 3级 | L25: 3级 | M25: 3级 | N25: 空 | O25: 空 | P25: 3级 | Q25: 3级 | R25: 3级 | S25: 营地+ | T25: 3级 | U25: 3级 | V25: 3级 | W25: 3级 | X25: 2级 | Y25: 2级 | Z25: 2级 | AA25: 塔2 | AB25: 3级 | AC25: 3级 | AD25: 空 | AE25: 空 | AF25: 9 | AG25: 2 | AH25: 2 | AI25: 5 | AJ25: 是 | AL25: 山中 | AM25: 160 | AN25: 40 | AO25: =COUNTIF($H$4:$O$94,AL25) -> 1 | AP25: =COUNTIF($P$4:$W$94,AL25) -> 0 | AQ25: =COUNTIF($X$4:$AE$94,AL25) -> 0 | AR25: =AO25+AP25+AQ25 -> 1 | AS25: =AO25*$AN25 -> 40 | AT25: =AP25*$AN25 -> 0 | AU25: =AQ25*$AN25 -> 0 | AX25: =AN25/AY25 -> 0.3125 | AY25: =AM25*0.8 -> 128
A26: 44478 | B26: 1600 | C26: {=(SUM(VLOOKUP(H26:AE26,$AL$4:$AN$44,2,FALSE))+AF26*10)*IF(AJ26="是",$AW$4,$AW$3)} -> 2280 | D26: =SUM($B$4:B26)-SUM($C$4:C26) -> 5026 | E26: {=SUM(VLOOKUP(H26:AE26,$AL$4:$AN$44,3,FALSE))} -> 780 | F26: =SUM($E$4:E26)+SUM($G$4:G26) -> 11735 | G26: 0 | H26: 商人 | I26: 3级 | J26: 3级 | K26: 3级 | L26: 3级 | M26: 3级 | N26: 空 | O26: 空 | P26: 3级 | Q26: 3级 | R26: 3级 | S26: 3级 | T26: 3级 | U26: 3级 | V26: 空 | W26: 空 | X26: 3级 | Y26: 商人 | Z26: 3级 | AA26: 3级 | AB26: 3级 | AC26: 3级 | AD26: 空 | AE26: 空 | AF26: 3 | AG26: 2 | AI26: 1 | AJ26: 是 | AL26: 秋道 | AM26: 150 | AN26: 35 | AO26: =COUNTIF($H$4:$O$94,AL26) -> 1 | AP26: =COUNTIF($P$4:$W$94,AL26) -> 0 | AQ26: =COUNTIF($X$4:$AE$94,AL26) -> 0 | AR26: =AO26+AP26+AQ26 -> 1 | AS26: =AO26*$AN26 -> 35 | AT26: =AP26*$AN26 -> 0 | AU26: =AQ26*$AN26 -> 0 | AX26: =AN26/AY26 -> 0.29166667 | AY26: =AM26*0.8 -> 120
A27: 44479 | B27: 1600 | C27: {=(SUM(VLOOKUP(H27:AE27,$AL$4:$AN$44,2,FALSE))+AF27*10)*IF(AJ27="是",$AW$4,$AW$3)} -> 2320 | D27: =SUM($B$4:B27)-SUM($C$4:C27) -> 4306 | E27: {=SUM(VLOOKUP(H27:AE27,$AL$4:$AN$44,3,FALSE))} -> 840 | F27: =SUM($E$4:E27)+SUM($G$4:G27) -> 12575 | G27: 0 | H27: 3级 | I27: 3级 | J27: 3级 | K27: 3级 | L27: 3级 | M27: 3级 | N27: 空 | O27: 空 | P27: 商人 | Q27: 3级 | R27: 3级 | S27: 塔3 | T27: 3级 | U27: 3级 | V27: 空 | W27: 空 | X27: 3级 | Y27: 3级 | Z27: 3级 | AA27: 3级 | AB27: 3级 | AC27: 营地+ | AD27: 3级 | AE27: 3级 | AF27: 1 | AG27: 1 | AJ27: 是 | AL27: 空 | AM27: 0 | AN27: 0 | AS27: =AO27*$AN27 -> 0 | AT27: =AP27*$AN27 -> 0 | AU27: =AQ27*$AN27 -> 0 | AX27: =AN27/AY27 -> #DIV/0! | AY27: =AM27*0.8 -> 0
A28: 44480 | B28: 1600 | C28: {=(SUM(VLOOKUP(H28:AE28,$AL$4:$AN$44,2,FALSE))+AF28*10)*IF(AJ28="是",$AW$4,$AW$3)} -> 2008 | D28: =SUM($B$4:B28)-SUM($C$4:C28) -> 3898 | E28: {=SUM(VLOOKUP(H28:AE28,$AL$4:$AN$44,3,FALSE))} -> 755 | F28: =SUM($E$4:E28)+SUM($G$4:G28) -> 13530 | G28: 200 | H28: 3级 | I28: 4级 | J28: 3级 | K28: 3级 | L28: 空 | M28: 空 | N28: 空 | O28: 空 | P28: 商人 | Q28: 3级 | R28: 3级 | S28: 4级 | T28: 4级 | U28: 4级 | V28: 空 | W28: 空 | X28: 3级 | Y28: 3级 | Z28: 3级 | AA28: 3级 | AB28: 营地+ | AC28: 3级 | AD28: 3级 | AE28: 商人 | AF28: 2 | AI28: 2 | AJ28: 是 | AK28: 八卦后 | AL28: 营地+ | AM28: -200 | AN28: 0 | AO28: =COUNTIF($H$4:$O$94,AL28) -> 5 | AP28: =COUNTIF($P$4:$W$94,AL28) -> 2 | AQ28: =COUNTIF($X$4:$AE$94,AL28) -> 7 | AR28: =AO28+AP28+AQ28 -> 14 | AS28: =AO28*$AN28 -> 0 | AT28: =AP28*$AN28 -> 0 | AU28: =AQ28*$AN28 -> 0 | AX28: =AN28/AY28 -> 0 | AY28: =AM28*0.8 -> -160
A29: 44481 | B29: 1600 | C29: {=(SUM(VLOOKUP(H29:AE29,$AL$4:$AN$44,2,FALSE))+AF29*10)*IF(AJ29="是",$AW$4,$AW$3)} -> 1848 | D29: =SUM($B$4:B29)-SUM($C$4:C29) -> 3650 | E29: {=SUM(VLOOKUP(H29:AE29,$AL$4:$AN$44,3,FALSE))} -> 710 | F29: =SUM($E$4:E29)+SUM($G$4:G29) -> 14340 | G29: 100 | H29: 商人 | I29: 3级 | J29: 营地+ | K29: 4级 | L29: 空 | M29: 空 | N29: 空 | O29: 空 | P29: 4级 | Q29: 4级 | R29: 4级 | S29: 4级 | T29: 4级 | U29: 4级 | V29: 空 | W29: 空 | X29: 3级 | Y29: 3级 | Z29: 4级 | AA29: 4级 | AB29: 4级 | AC29: 塔3 | AD29: 空 | AE29: 空 | AF29: 0 | AJ29: 是 | AQ29: 总地块 | AR29: =SUM(AR4:AR28) -> 1024 | AT29: 总经验 | AU29: =SUM(AS4:AU28)+7000 -> 61245
A30: 44482 | B30: 1600 | C30: {=(SUM(VLOOKUP(H30:AE30,$AL$4:$AN$44,2,FALSE))+AF30*10)*IF(AJ30="是",$AW$4,$AW$3)} -> 2304 | D30: =SUM($B$4:B30)-SUM($C$4:C30) -> 2946 | E30: {=SUM(VLOOKUP(H30:AE30,$AL$4:$AN$44,3,FALSE))} -> 800 | F30: =SUM($E$4:E30)+SUM($G$4:G30) -> 15340 | G30: 200 | H30: 4级 | I30: 4级 | J30: 4级 | K30: 4级 | L30: 空 | M30: 空 | N30: 空 | O30: 空 | P30: 4级 | Q30: 4级 | R30: 4级 | S30: 4级 | T30: 4级 | U30: 4级 | V30: 空 | W30: 空 | X30: 4级 | Y30: 4级 | Z30: 4级 | AA30: 4级 | AB30: 4级 | AC30: 4级 | AD30: 空 | AE30: 空 | AF30: 0 | AJ30: 是
A31: 44483 | B31: 1600 | C31: {=(SUM(VLOOKUP(H31:AE31,$AL$4:$AN$44,2,FALSE))+AF31*10)*IF(AJ31="是",$AW$4,$AW$3)} -> 2256 | D31: =SUM($B$4:B31)-SUM($C$4:C31) -> 2290 | E31: {=SUM(VLOOKUP(H31:AE31,$AL$4:$AN$44,3,FALSE))} -> 770 | F31: =SUM($E$4:E31)+SUM($G$4:G31) -> 16110 | G31: 0 | H31: 4级 | I31: 4级 | J31: 4级 | K31: 4级 | L31: 空 | M31: 空 | N31: 空 | O31: 空 | P31: 3级 | Q31: 3级 | R31: 3级 | S31: 3级 | T31: 3级 | U31: 3级 | V31: 空 | W31: 空 | X31: 4级 | Y31: 4级 | Z31: 4级 | AA31: 4级 | AB31: 4级 | AC31: 4级 | AD31: 空 | AE31: 空 | AF31: 0 | AJ31: 是
A32: 44484 | B32: 1600 | C32: {=(SUM(VLOOKUP(H32:AE32,$AL$4:$AN$44,2,FALSE))+AF32*10)*IF(AJ32="是",$AW$4,$AW$3)} -> 1984 | D32: =SUM($B$4:B32)-SUM($C$4:C32) -> 1906 | E32: {=SUM(VLOOKUP(H32:AE32,$AL$4:$AN$44,3,FALSE))} -> 680 | F32: =SUM($E$4:E32)+SUM($G$4:G32) -> 16790 | G32: 0 | H32: 4级 | I32: 4级 | J32: 4级 | K32: 4级 | L32: 空 | M32: 空 | N32: 空 | O32: 空 | P32: 3级 | Q32: 3级 | R32: 3级 | S32: 3级 | T32: 空 | U32: 空 | V32: 空 | W32: 空 | X32: 4级 | Y32: 4级 | Z32: 4级 | AA32: 4级 | AB32: 4级 | AC32: 4级 | AD32: 空 | AE32: 空 | AF32: 0 | AJ32: 是
A33: 44485 | B33: 1600 | C33: {=(SUM(VLOOKUP(H33:AE33,$AL$4:$AN$44,2,FALSE))+AF33*10)*IF(AJ33="是",$AW$4,$AW$3)} -> 2272 | D33: =SUM($B$4:B33)-SUM($C$4:C33) -> 1234 | E33: {=SUM(VLOOKUP(H33:AE33,$AL$4:$AN$44,3,FALSE))} -> 795 | F33: =SUM($E$4:E33)+SUM($G$4:G33) -> 17585 | G33: 0 | H33: 塔4 | I33: 4级 | J33: 4级 | K33: 3级 | L33: 空 | M33: 空 | N33: 空 | O33: 空 | P33: 4级 | Q33: 4级 | R33: 4级 | S33: 4级 | T33: 4级 | U33: 4级 | V33: 空 | W33: 空 | X33: 4级 | Y33: 4级 | Z33: 4级 | AA33: 4级 | AB33: 4级 | AC33: 4级 | AD33: 空 | AE33: 空 | AF33: 0 | AJ33: 是
A34: 44486 | B34: 1600 | C34: {=(SUM(VLOOKUP(H34:AE34,$AL$4:$AN$44,2,FALSE))+AF34*10)*IF(AJ34="是",$AW$4,$AW$3)} -> 2104 | D34: =SUM($B$4:B34)-SUM($C$4:C34) -> 730 | E34: {=SUM(VLOOKUP(H34:AE34,$AL$4:$AN$44,3,FALSE))} -> 765 | F34: =SUM($E$4:E34)+SUM($G$4:G34) -> 18350 | G34: 0 | H34: 3级 | I34: 3级 | J34: 商人 | K34: 3级 | L34: 空 | M34: 空 | N34: 空 | O34: 空 | P34: 4级 | Q34: 4级 | R34: 商人 | S34: 4级 | T34: 4级 | U34: 4级 | V34: 空 | W34: 空 | X34: 4级 | Y34: 4级 | Z34: 5级 | AA34: 5级 | AB34: 5级 | AC34: 5级 | AD34: 空 | AE34: 空 | AF34: 0 | AJ34: 是
A35: 44487 | B35: 1600 | C35: {=(SUM(VLOOKUP(H35:AE35,$AL$4:$AN$44,2,FALSE))+AF35*10)*IF(AJ35="是",$AW$4,$AW$3)} -> 2168 | D35: =SUM($B$4:B35)-SUM($C$4:C35) -> 162 | E35: {=SUM(VLOOKUP(H35:AE35,$AL$4:$AN$44,3,FALSE))} -> 770 | F35: =SUM($E$4:E35)+SUM($G$4:G35) -> 19320 | G35: 200 | H35: 3级 | I35: 3级 | J35: 4级 | K35: 4级 | L35: 空 | M35: 空 | N35: 空 | O35: 空 | P35: 4级 | Q35: 4级 | R35: 4级 | S35: 4级 | T35: 塔4 | U35: 空 | V35: 空 | W35: 空 | X35: 5级 | Y35: 5级 | Z35: 5级 | AA35: 5级 | AB35: 5级 | AC35: 5级 | AD35: 空 | AE35: 空 | AF35: 0 | AJ35: 是
A36: 44488 | B36: 1600 | C36: {=(SUM(VLOOKUP(H36:AE36,$AL$4:$AN$44,2,FALSE))+AF36*10)*IF(AJ36="是",$AW$4,$AW$3)} -> 1552 | D36: =SUM($B$4:B36)-SUM($C$4:C36) -> 210 | E36: {=SUM(VLOOKUP(H36:AE36,$AL$4:$AN$44,3,FALSE))} -> 1000 | F36: =SUM($E$4:E36)+SUM($G$4:G36) -> 20420 | G36: 100 | H36: 塔3 | I36: 4级 | J36: 4级 | K36: 商人 | L36: 空 | M36: 空 | N36: 空 | O36: 空 | P36: 4级 | Q36: 空 | R36: 空 | S36: 空 | T36: 空 | U36: 空 | V36: 空 | W36: 空 | X36: 5级 | Y36: 5级 | Z36: 中boss | AA36: 5级 | AB36: 5级 | AC36: 5级 | AD36: 空 | AE36: 空 | AF36: 0 | AJ36: 是
A37: 44489 | B37: 1600 | C37: {=(SUM(VLOOKUP(H37:AE37,$AL$4:$AN$44,2,FALSE))+AF37*10)*IF(AJ37="是",$AW$4,$AW$3)} -> 1632 | D37: =SUM($B$4:B37)-SUM($C$4:C37) -> 178 | E37: {=SUM(VLOOKUP(H37:AE37,$AL$4:$AN$44,3,FALSE))} -> 580 | F37: =SUM($E$4:E37)+SUM($G$4:G37) -> 21200 | G37: 200 | H37: 4级 | I37: 4级 | J37: 4级 | K37: 4级 | L37: 空 | M37: 空 | N37: 空 | O37: 空 | P37: 4级 | Q37: 空 | R37: 空 | S37: 空 | T37: 空 | U37: 空 | V37: 空 | W37: 空 | X37: 5级 | Y37: 5级 | Z37: 5级 | AA37: 5级 | AB37: 5级 | AC37: 5级 | AD37: 空 | AE37: 空 | AF37: 0 | AJ37: 是 | AL37: 6级地194块 | AN37: 6 | AO37: 194
A38: 44490 | B38: 1600 | C38: {=(SUM(VLOOKUP(H38:AE38,$AL$4:$AN$44,2,FALSE))+AF38*10)*IF(AJ38="是",$AW$4,$AW$3)} -> 1624 | D38: =SUM($B$4:B38)-SUM($C$4:C38) -> 154 | E38: {=SUM(VLOOKUP(H38:AE38,$AL$4:$AN$44,3,FALSE))} -> 635 | F38: =SUM($E$4:E38)+SUM($G$4:G38) -> 21835 | G38: 0 | H38: 4级 | I38: 4级 | J38: 4级 | K38: 4级 | L38: 空 | M38: 空 | N38: 空 | O38: 空 | P38: 4级 | Q38: 空 | R38: 空 | S38: 空 | T38: 空 | U38: 空 | V38: 空 | W38: 空 | X38: 5级 | Y38: 营地+ | Z38: 5级 | AA38: 5级 | AB38: 5级 | AC38: 5级 | AD38: 5级 | AE38: 5级 | AF38: 0 | AJ38: 是 | AL38: 5级地237块 | AN38: 5 | AO38: 236
A39: 44491 | B39: 1600 | C39: {=(SUM(VLOOKUP(H39:AE39,$AL$4:$AN$44,2,FALSE))+AF39*10)*IF(AJ39="是",$AW$4,$AW$3)} -> 1600 | D39: =SUM($B$4:B39)-SUM($C$4:C39) -> 154 | E39: {=SUM(VLOOKUP(H39:AE39,$AL$4:$AN$44,3,FALSE))} -> 580 | F39: =SUM($E$4:E39)+SUM($G$4:G39) -> 22415 | G39: 0 | H39: 4级 | I39: 4级 | J39: 4级 | K39: 4级 | L39: 空 | M39: 空 | N39: 空 | O39: 空 | P39: 4级 | Q39: 空 | R39: 空 | S39: 空 | T39: 空 | U39: 空 | V39: 空 | W39: 空 | X39: 5级 | Y39: 5级 | Z39: 塔5 | AA39: 5级 | AB39: 5级 | AC39: 5级 | AD39: 空 | AE39: 空 | AF39: 0 | AJ39: 是 | AL39: 4级地272块 | AN39: 4 | AO39: 272
A40: 44492 | B40: 1600 | C40: {=(SUM(VLOOKUP(H40:AE40,$AL$4:$AN$44,2,FALSE))+AF40*10)*IF(AJ40="是",$AW$4,$AW$3)} -> 1520 | D40: =SUM($B$4:B40)-SUM($C$4:C40) -> 234 | E40: {=SUM(VLOOKUP(H40:AE40,$AL$4:$AN$44,3,FALSE))} -> 550 | F40: =SUM($E$4:E40)+SUM($G$4:G40) -> 22965 | G40: 0 | H40: 4级 | I40: 4级 | J40: 4级 | K40: 4级 | L40: 空 | M40: 空 | N40: 空 | O40: 空 | P40: 空 | Q40: 空 | R40: 空 | S40: 空 | T40: 空 | U40: 空 | V40: 空 | W40: 空 | X40: 5级 | Y40: 5级 | Z40: 6级 | AA40: 6级 | AB40: 6级 | AC40: 6级 | AD40: 空 | AE40: 空 | AF40: 0 | AJ40: 是 | AL40: 3级地358块 | AN40: 3 | AO40: 358
A41: 44493 | B41: 1600 | C41: {=(SUM(VLOOKUP(H41:AE41,$AL$4:$AN$44,2,FALSE))+AF41*10)*IF(AJ41="是",$AW$4,$AW$3)} -> 1688 | D41: =SUM($B$4:B41)-SUM($C$4:C41) -> 146 | E41: {=SUM(VLOOKUP(H41:AE41,$AL$4:$AN$44,3,FALSE))} -> 615 | F41: =SUM($E$4:E41)+SUM($G$4:G41) -> 23580 | G41: 0 | H41: 4级 | I41: 4级 | J41: 4级 | K41: 5级 | L41: 空 | M41: 空 | N41: 空 | O41: 空 | P41: 4级 | Q41: 空 | R41: 空 | S41: 空 | T41: 空 | U41: 空 | V41: 空 | W41: 空 | X41: 6级 | Y41: 6级 | Z41: 6级 | AA41: 6级 | AB41: 6级 | AC41: 6级 | AD41: 空 | AE41: 空 | AF41: 0 | AJ41: 是 | AN41: 456 | AO41: =SUM(AO37:AO39) -> 702
A42: 44494 | B42: 1600 | C42: {=(SUM(VLOOKUP(H42:AE42,$AL$4:$AN$44,2,FALSE))+AF42*10)*IF(AJ42="是",$AW$4,$AW$3)} -> 1656 | D42: =SUM($B$4:B42)-SUM($C$4:C42) -> 90 | E42: {=SUM(VLOOKUP(H42:AE42,$AL$4:$AN$44,3,FALSE))} -> 610 | F42: =SUM($E$4:E42)+SUM($G$4:G42) -> 24490 | G42: 300 | H42: 塔4 | I42: 4级 | J42: 4级 | K42: 4级 | L42: 空 | M42: 空 | N42: 空 | O42: 空 | P42: 4级 | Q42: 空 | R42: 空 | S42: 空 | T42: 空 | U42: 空 | V42: 空 | W42: 空 | X42: 6级 | Y42: 6级 | Z42: 6级 | AA42: 6级 | AB42: 6级 | AC42: 6级 | AD42: 空 | AE42: 空 | AF42: 0 | AJ42: 是
A43: 44495 | B43: 1600 | C43: {=(SUM(VLOOKUP(H43:AE43,$AL$4:$AN$44,2,FALSE))+AF43*10)*IF(AJ43="是",$AW$4,$AW$3)} -> 1544 | D43: =SUM($B$4:B43)-SUM($C$4:C43) -> 146 | E43: {=SUM(VLOOKUP(H43:AE43,$AL$4:$AN$44,3,FALSE))} -> 565 | F43: =SUM($E$4:E43)+SUM($G$4:G43) -> 25055 | G43: 0 | H43: 4级 | I43: 4级 | J43: 4级 | K43: 5级 | L43: 空 | M43: 空 | N43: 空 | O43: 空 | P43: 空 | Q43: 空 | R43: 空 | S43: 空 | T43: 空 | U43: 空 | V43: 空 | W43: 空 | X43: 6级 | Y43: 6级 | Z43: 6级 | AA43: 6级 | AB43: 6级 | AC43: 6级 | AD43: 空 | AE43: 空 | AF43: 0 | AJ43: 是 | AP43: 67
A44: 44496 | B44: 1600 | C44: {=(SUM(VLOOKUP(H44:AE44,$AL$4:$AN$44,2,FALSE))+AF44*10)*IF(AJ44="是",$AW$4,$AW$3)} -> 1608 | D44: =SUM($B$4:B44)-SUM($C$4:C44) -> 138 | E44: {=SUM(VLOOKUP(H44:AE44,$AL$4:$AN$44,3,FALSE))} -> 1520 | F44: =SUM($E$4:E44)+SUM($G$4:G44) -> 26775 | G44: 200 | H44: 5级 | I44: 5级 | J44: 5级 | K44: 5级 | L44: 空 | M44: 空 | N44: 空 | O44: 空 | P44: 空 | Q44: 空 | R44: 空 | S44: 空 | T44: 空 | U44: 空 | V44: 空 | W44: 空 | X44: 6级 | Y44: 6级 | Z44: 6级 | AA44: 大boss | AB44: 6级 | AC44: 6级 | AD44: 空 | AE44: 空 | AF44: 0 | AJ44: 是
A45: 44497 | B45: 1600 | C45: {=(SUM(VLOOKUP(H45:AE45,$AL$4:$AN$44,2,FALSE))+AF45*10)*IF(AJ45="是",$AW$4,$AW$3)} -> 1600 | D45: =SUM($B$4:B45)-SUM($C$4:C45) -> 138 | E45: {=SUM(VLOOKUP(H45:AE45,$AL$4:$AN$44,3,FALSE))} -> 605 | F45: =SUM($E$4:E45)+SUM($G$4:G45) -> 27380 | G45: 0 | H45: 商人 | I45: 5级 | J45: 5级 | K45: 5级 | L45: 空 | M45: 空 | N45: 空 | O45: 空 | P45: 4级 | Q45: 空 | R45: 空 | S45: 空 | T45: 空 | U45: 空 | V45: 空 | W45: 空 | X45: 6级 | Y45: 6级 | Z45: 6级 | AA45: 6级 | AB45: 6级 | AC45: 6级 | AD45: 空 | AE45: 空 | AF45: 0 | AJ45: 是
A46: 44498 | B46: 1600 | C46: {=(SUM(VLOOKUP(H46:AE46,$AL$4:$AN$44,2,FALSE))+AF46*10)*IF(AJ46="是",$AW$4,$AW$3)} -> 1712 | D46: =SUM($B$4:B46)-SUM($C$4:C46) -> 26 | E46: {=SUM(VLOOKUP(H46:AE46,$AL$4:$AN$44,3,FALSE))} -> 630 | F46: =SUM($E$4:E46)+SUM($G$4:G46) -> 28010 | G46: 0 | H46: 5级 | I46: 5级 | J46: 5级 | K46: 5级 | L46: 空 | M46: 空 | N46: 空 | O46: 空 | P46: 4级 | Q46: 空 | R46: 空 | S46: 空 | T46: 空 | U46: 空 | V46: 空 | W46: 空 | X46: 6级 | Y46: 6级 | Z46: 6级 | AA46: 6级 | AB46: 6级 | AC46: 6级 | AD46: 空 | AE46: 空 | AF46: 0 | AJ46: 是
A47: 44499 | B47: 1600 | C47: {=(SUM(VLOOKUP(H47:AE47,$AL$4:$AN$44,2,FALSE))+AF47*10)*IF(AJ47="是",$AW$4,$AW$3)} -> 1592 | D47: =SUM($B$4:B47)-SUM($C$4:C47) -> 34 | E47: {=SUM(VLOOKUP(H47:AE47,$AL$4:$AN$44,3,FALSE))} -> 595 | F47: =SUM($E$4:E47)+SUM($G$4:G47) -> 28605 | G47: 0 | H47: 5级 | I47: 6级 | J47: 6级 | K47: 6级 | L47: 空 | M47: 空 | N47: 空 | O47: 空 | P47: 空 | Q47: 空 | R47: 空 | S47: 空 | T47: 空 | U47: 空 | V47: 空 | W47: 空 | X47: 6级 | Y47: 6级 | Z47: 6级 | AA47: 6级 | AB47: 6级 | AC47: 6级 | AD47: 空 | AE47: 空 | AF47: 0 | AJ47: 是
A48: 44500 | B48: 1600 | C48: {=(SUM(VLOOKUP(H48:AE48,$AL$4:$AN$44,2,FALSE))+AF48*10)*IF(AJ48="是",$AW$4,$AW$3)} -> 1600 | D48: =SUM($B$4:B48)-SUM($C$4:C48) -> 34 | E48: {=SUM(VLOOKUP(H48:AE48,$AL$4:$AN$44,3,FALSE))} -> 600 | F48: =SUM($E$4:E48)+SUM($G$4:G48) -> 29205 | G48: 0 | H48: 6级 | I48: 6级 | J48: 6级 | K48: 6级 | L48: 空 | M48: 空 | N48: 空 | O48: 空 | P48: 空 | Q48: 空 | R48: 空 | S48: 空 | T48: 空 | U48: 空 | V48: 空 | W48: 空 | X48: 6级 | Y48: 6级 | Z48: 6级 | AA48: 6级 | AB48: 6级 | AC48: 6级 | AD48: 空 | AE48: 空 | AF48: 0 | AJ48: 是
A49: 44501 | B49: 1600 | C49: {=(SUM(VLOOKUP(H49:AE49,$AL$4:$AN$44,2,FALSE))+AF49*10)*IF(AJ49="是",$AW$4,$AW$3)} -> 1584 | D49: =SUM($B$4:B49)-SUM($C$4:C49) -> 50 | E49: {=SUM(VLOOKUP(H49:AE49,$AL$4:$AN$44,3,FALSE))} -> 590 | F49: =SUM($E$4:E49)+SUM($G$4:G49) -> 29995 | G49: 200 | H49: 6级 | I49: 5级 | J49: 5级 | K49: 6级 | L49: 空 | M49: 空 | N49: 空 | O49: 空 | P49: 空 | Q49: 空 | R49: 空 | S49: 空 | T49: 空 | U49: 空 | V49: 空 | W49: 空 | X49: 6级 | Y49: 6级 | Z49: 6级 | AA49: 6级 | AB49: 6级 | AC49: 6级 | AD49: 空 | AE49: 空 | AF49: 0 | AJ49: 是
A50: 44502 | B50: 1600 | C50: {=(SUM(VLOOKUP(H50:AE50,$AL$4:$AN$44,2,FALSE))+AF50*10)*IF(AJ50="是",$AW$4,$AW$3)} -> 1592 | D50: =SUM($B$4:B50)-SUM($C$4:C50) -> 58 | E50: {=SUM(VLOOKUP(H50:AE50,$AL$4:$AN$44,3,FALSE))} -> 595 | F50: =SUM($E$4:E50)+SUM($G$4:G50) -> 30690 | G50: 100 | H50: 6级 | I50: 6级 | J50: 5级 | K50: 6级 | L50: 空 | M50: 空 | N50: 空 | O50: 空 | P50: 空 | Q50: 空 | R50: 空 | S50: 空 | T50: 空 | U50: 空 | V50: 空 | W50: 空 | X50: 6级 | Y50: 6级 | Z50: 6级 | AA50: 6级 | AB50: 6级 | AC50: 6级 | AD50: 空 | AE50: 空 | AF50: 0 | AJ50: 是
A51: 44503 | B51: 1600 | C51: {=(SUM(VLOOKUP(H51:AE51,$AL$4:$AN$44,2,FALSE))+AF51*10)*IF(AJ51="是",$AW$4,$AW$3)} -> 1600 | D51: =SUM($B$4:B51)-SUM($C$4:C51) -> 58 | E51: {=SUM(VLOOKUP(H51:AE51,$AL$4:$AN$44,3,FALSE))} -> 660 | F51: =SUM($E$4:E51)+SUM($G$4:G51) -> 31550 | G51: 200 | H51: 6级 | I51: 6级 | J51: 6级 | K51: 6级 | L51: 空 | M51: 空 | N51: 空 | O51: 空 | P51: 空 | Q51: 空 | R51: 空 | S51: 空 | T51: 空 | U51: 空 | V51: 空 | W51: 空 | X51: 6级 | Y51: 6级 | Z51: 6级 | AA51: 营地+ | AB51: 6级 | AC51: 6级 | AD51: 6级 | AE51: 6级 | AF51: 0 | AJ51: 是
A52: 44504 | B52: 1600 | C52: {=(SUM(VLOOKUP(H52:AE52,$AL$4:$AN$44,2,FALSE))+AF52*10)*IF(AJ52="是",$AW$4,$AW$3)} -> 1600 | D52: =SUM($B$4:B52)-SUM($C$4:C52) -> 58 | E52: {=SUM(VLOOKUP(H52:AE52,$AL$4:$AN$44,3,FALSE))} -> 600 | F52: =SUM($E$4:E52)+SUM($G$4:G52) -> 32150 | G52: 0 | H52: 6级 | I52: 6级 | J52: 6级 | K52: 6级 | L52: 空 | M52: 空 | N52: 空 | O52: 空 | P52: 空 | Q52: 空 | R52: 空 | S52: 空 | T52: 空 | U52: 空 | V52: 空 | W52: 空 | X52: 6级 | Y52: 6级 | Z52: 6级 | AA52: 6级 | AB52: 6级 | AC52: 6级 | AD52: 空 | AE52: 空 | AF52: 0 | AJ52: 是
A53: 44505 | B53: 1600 | C53: {=(SUM(VLOOKUP(H53:AE53,$AL$4:$AN$44,2,FALSE))+AF53*10)*IF(AJ53="是",$AW$4,$AW$3)} -> 1600 | D53: =SUM($B$4:B53)-SUM($C$4:C53) -> 58 | E53: {=SUM(VLOOKUP(H53:AE53,$AL$4:$AN$44,3,FALSE))} -> 600 | F53: =SUM($E$4:E53)+SUM($G$4:G53) -> 32750 | G53: 0 | H53: 6级 | I53: 6级 | J53: 6级 | K53: 6级 | L53: 空 | M53: 空 | N53: 空 | O53: 空 | P53: 空 | Q53: 空 | R53: 空 | S53: 空 | T53: 空 | U53: 空 | V53: 空 | W53: 空 | X53: 6级 | Y53: 6级 | Z53: 6级 | AA53: 6级 | AB53: 6级 | AC53: 6级 | AD53: 空 | AE53: 空 | AF53: 0 | AJ53: 是
A54: 44506 | B54: 1600 | C54: {=(SUM(VLOOKUP(H54:AE54,$AL$4:$AN$44,2,FALSE))+AF54*10)*IF(AJ54="是",$AW$4,$AW$3)} -> 1600 | D54: =SUM($B$4:B54)-SUM($C$4:C54) -> 58 | E54: {=SUM(VLOOKUP(H54:AE54,$AL$4:$AN$44,3,FALSE))} -> 600 | F54: =SUM($E$4:E54)+SUM($G$4:G54) -> 33350 | G54: 0 | H54: 6级 | I54: 6级 | J54: 6级 | K54: 6级 | L54: 空 | M54: 空 | N54: 空 | O54: 空 | P54: 空 | Q54: 空 | R54: 空 | S54: 空 | T54: 空 | U54: 空 | V54: 空 | W54: 空 | X54: 6级 | Y54: 6级 | Z54: 6级 | AA54: 6级 | AB54: 6级 | AC54: 6级 | AD54: 空 | AE54: 空 | AF54: 0 | AJ54: 是
A55: 44507 | B55: 1600 | C55: {=(SUM(VLOOKUP(H55:AE55,$AL$4:$AN$44,2,FALSE))+AF55*10)*IF(AJ55="是",$AW$4,$AW$3)} -> 1592 | D55: =SUM($B$4:B55)-SUM($C$4:C55) -> 66 | E55: {=SUM(VLOOKUP(H55:AE55,$AL$4:$AN$44,3,FALSE))} -> 595 | F55: =SUM($E$4:E55)+SUM($G$4:G55) -> 33945 | G55: 0 | H55: 5级 | I55: 6级 | J55: 6级 | K55: 6级 | L55: 空 | M55: 空 | N55: 空 | O55: 空 | P55: 空 | Q55: 空 | R55: 空 | S55: 空 | T55: 空 | U55: 空 | V55: 空 | W55: 空 | X55: 6级 | Y55: 6级 | Z55: 6级 | AA55: 6级 | AB55: 6级 | AC55: 6级 | AD55: 空 | AE55: 空 | AF55: 0 | AJ55: 是
... A94: 44546 | B94: 1600 | C94: {=(SUM(VLOOKUP(H94:AE94,$AL$4:$AN$44,2,FALSE))+AF94*10)*IF(AJ94="是",$AW$4,$AW$3)} -> 1632 | D94: =SUM($B$4:B94)-SUM($C$4:C94) -> 2 | E94: {=SUM(VLOOKUP(H94:AE94,$AL$4:$AN$44,3,FALSE))} -> 580 | F94: =SUM($E$4:E94)+SUM($G$4:G94) -> 61245 | G94: 0 | H94: 6级 | I94: 6级 | J94: 6级 | K94: 空 | L94: 空 | M94: 空 | N94: 空 | O94: 空 | P94: 4级 | Q94: 4级 | R94: 4级 | S94: 4级 | T94: 4级 | U94: 4级 | V94: 空 | W94: 空 | X94: 4级 | Y94: 4级 | Z94: 空 | AA94: 空 | AB94: 空 | AC94: 空 | AD94: 空 | AE94: 空 | AF94: 0 | AJ94: 是
C96: 负粮草 | D96: =COUNTIF(D4:D94,"<0") -> 0

Sheet 7.0.4
A1: =(_xlfn.DAYS(TODAY(),A4)+2)/((_xlfn.DAYS(A94,A4))+1) -> 3.978022 | I1: 工作区 | AM1: 使用方法：按自己规划的路线，将下表中的地块名复制粘贴至工作区。初次使用传送门，当天跳步次数+5。重复使用传送门，当天跳步次数+1 | AS1: 总消耗 | AT1: =SUM(D4:D94)+150*AT18+160*AT28 -> 16400
A2: version 7.0.2 | B2: 八卦前亏 | C2: {=SUM(VLOOKUP(I4:P14,$AM$4:$AP$44,4,FALSE))+SUM(VLOOKUP(Q4:AD12,$AM$4:$AP$44,4,FALSE))+SUM(AG4:AG14)*10} -> 3255.7731 | D2: 合计经验 | F2: =SUM(F4:F94)+SUM(H4:H94) -> 11730 | I2: 队伍一 风 | K2: 步数 | L2: =COUNTIF(I4:P94,"<>空") -> 26 | M2: (不算跳步和传送) | Q2: 队伍二 雷 | S2: 步数 | T2: =COUNTIF(Q4:X94,"<>空") -> 42 | U2: (不算跳步和传送) | Y2: 队伍三 | AA2: 总步数 | AB2: =COUNTIF(Y4:AF94,"<>空") -> 36 | AC2: (不算跳步和传送) | AG2: =SUM(AG4:AG94) -> 6 | AH2: =SUM(AH4:AH94) -> 6 | AI2: =SUM(AI4:AI94) -> 0 | AJ2: =SUM(AJ4:AJ94) -> 0 | AK2: 八卦全开 | AL2: =L2+T2+AB2 -> 104 | AS2: 总地块 | AT2: =SUM(AT4:AT28) -> 104 | AV2: 总经验 | AW2: =SUM(AU4:AW28)+7000 -> 11730 | AY2: 粮草系数
A3: 日期 | B3: 获得粮草 | C3: 种植粮草 | D3: 消耗粮草 | E3: 剩余粮草 | F3: 获得经验 | G3: 累计经验 | H3: 任务经验 | I3: 1 | J3: 2 | K3: 3 | L3: 4 | M3: 5 | N3: 6 | O3: 7 | P3: 8 | Q3: 1 | R3: 2 | S3: 3 | T3: 4 | U3: 5 | V3: 6 | W3: 7 | X3: 8 | Y3: 1 | Z3: 2 | AA3: 3 | AB3: 4 | AC3: 5 | AD3: 6 | AE3: 7 | AF3: 8 | AG3: 跳步次数 | AH3: 1队跳步 | AI3: 2队跳步 | AJ3: 3队跳步 | AM3: 地块 | AN3: 粮草 | AO3: 经验 | AP3: 八卦前亏损 | AQ3: 一队地块 | AR3: 二队地块 | AS3: 三队地块 | AT3: 总地块 | AU3: 一队经验 | AV3: 二队经验 | AW3: 三队经验 | AX3: 八卦前 | AY3: 1
A4: 44638 | B4: 800 | C4: 4800 | D4: {=(SUM(VLOOKUP(I4:AF4,$AM$4:$AO$44,2,FALSE))+AG4*10)*IF(AK4="是",$AY$4,$AY$3)} -> 2700 | E4: =SUM($B$4:B4)+SUM($C$4:C4)-SUM($D$4:D4) -> 2900 | F4: {=SUM(VLOOKUP(I4:AF4,$AM$4:$AO$44,3,FALSE))} -> 715 | G4: =SUM($F$4:F4)+SUM($H$4:H4) -> 715 | H4: 0 | I4: 1级 | J4: 1级 | K4: 1级 | L4: 1级 | M4: 1级 | N4: 商人 | O4: 空 | P4: 空 | Q4: 1级 | R4: 1级 | S4: 营地 | T4: 2级 | U4: 2级 | V4: 2级 | W4: 2级 | X4: 2级 | Y4: 2级 | Z4: 2级 | AA4: 塔2 | AB4: 2级 | AC4: 2级 | AD4: 2级 | AE4: 空 | AF4: 空 | AG4: 0 | AK4: 否 | AM4: 1级 | AN4: 150 | AO4: 35 | AP4: =AN4-AO4/0.330882 -> 44.222109 | AQ4: =COUNTIF($I$4:$P$94,AM4) -> 5 | AR4: =COUNTIF($Q$4:$X$94,AM4) -> 2 | AS4: =COUNTIF($Y$4:$AF$94,AM4) -> 0 | AT4: =AQ4+AR4+AS4 -> 7 | AU4: =AQ4*$AO4 -> 175 | AV4: =AR4*$AO4 -> 70 | AW4: =AS4*$AO4 -> 0 | AX4: 八卦后 | AY4: 0.8 | AZ4: =AO4/BA4 -> 0.29166667 | BA4: =AN4*0.8 -> 120
A5: 44639 | B5: 1600 | C5: 1200 | D5: {=(SUM(VLOOKUP(I5:AF5,$AM$4:$AO$44,2,FALSE))+AG5*10)*IF(AK5="是",$AY$4,$AY$3)} -> 1820 | E5: =SUM($B$4:B5)+SUM($C$4:C5)-SUM($D$4:D5) -> 3880 | F5: {=SUM(VLOOKUP(I5:AF5,$AM$4:$AO$44,3,FALSE))} -> 550 | G5: =SUM($F$4:F5)+SUM($H$4:H5) -> 1765 | H5: 500 | I5: 空 | J5: 空 | K5: 空 | L5: 空 | M5: 空 | N5: 空 | O5: 空 | P5: 空 | Q5: 2级 | R5: 2级 | S5: 营地 | T5: 2级 | U5: 2级 | V5: 2级 | W5: 塔2 | X5: 2级 | Y5: 2级 | Z5: 营地 | AA5: 2级 | AB5: 2级 | AC5: 2级 | AD5: 2级 | AE5: 商人 | AF5: 2级 | AG5: 0 | AK5: 否 | AM5: 2级 | AN5: 160 | AO5: 40 | AP5: =AN5-AO5/0.330882 -> 39.110982 | AQ5: =COUNTIF($I$4:$P$94,AM5) -> 0 | AR5: =COUNTIF($Q$4:$X$94,AM5) -> 13 | AS5: =COUNTIF($Y$4:$AF$94,AM5) -> 12 | AT5: =AQ5+AR5+AS5 -> 25 | AU5: =AQ5*$AO5 -> 0 | AV5: =AR5*$AO5 -> 520 | AW5: =AS5*$AO5 -> 480 | AX5: Note：开完八卦当天可能需要手动计算粮草 | AZ5: =AO5/BA5 -> 0.3125 | BA5: =AN5*0.8 -> 128
A6: 44640 | B6: 1600 | D6: {=(SUM(VLOOKUP(I6:AF6,$AM$4:$AO$44,2,FALSE))+AG6*10)*IF(AK6="是",$AY$4,$AY$3)} -> 1990 | E6: =SUM($B$4:B6)+SUM($C$4:C6)-SUM($D$4:D6) -> 3490 | F6: {=SUM(VLOOKUP(I6:AF6,$AM$4:$AO$44,3,FALSE))} -> 520 | G6: =SUM($F$4:F6)+SUM($H$4:H6) -> 2285 | H6: 0 | I6: 空 | J6: 空 | K6: 空 | L6: 空 | M6: 空 | N6: 空 | O6: 空 | P6: 空 | Q6: 2级 | R6: 2级 | S6: 塔2 | T6: 3级 | U6: 3级 | V6: 小卦 | W6: 空 | X6: 空 | Y6: 2级 | Z6: 3级 | AA6: 3级 | AB6: 3级 | AC6: 3级 | AD6: 小卦 | AE6: 空 | AF6: 空 | AG6: 0 | AK6: 否 | AM6: 3级 | AN6: 170 | AO6: 45 | AP6: 34 | AQ6: =COUNTIF($I$4:$P$94,AM6) -> 7 | AR6: =COUNTIF($Q$4:$X$94,AM6) -> 18 | AS6: =COUNTIF($Y$4:$AF$94,AM6) -> 16 | AT6: =AQ6+AR6+AS6 -> 41 | AU6: =AQ6*$AO6 -> 315 | AV6: =AR6*$AO6 -> 810 | AW6: =AS6*$AO6 -> 720 | AZ6: =AO6/BA6 -> 0.33088235 | BA6: =AN6*0.8 -> 136
A7: 44641 | B7: 1600 | D7: {=(SUM(VLOOKUP(I7:AF7,$AM$4:$AO$44,2,FALSE))+AG7*10)*IF(AK7="是",$AY$4,$AY$3)} -> 2940 | E7: =SUM($B$4:B7)+SUM($C$4:C7)-SUM($D$4:D7) -> 2150 | F7: {=SUM(VLOOKUP(I7:AF7,$AM$4:$AO$44,3,FALSE))} -> 805 | G7: =SUM($F$4:F7)+SUM($H$4:H7) -> 3390 | H7: 300 | I7: 3级 | J7: 3级 | K7: 3级 | L7: 4级 | M7: 4级 | N7: 商人 | O7: 空 | P7: 空 | Q7: 3级 | R7: 3级 | S7: 3级 | T7: 3级 | U7: 3级 | V7: 3级 | W7: 空 | X7: 空 | Y7: 3级 | Z7: 3级 | AA7: 3级 | AB7: 3级 | AC7: 塔3 | AD7: 3级 | AE7: 空 | AF7: 空 | AG7: 0 | AK7: 否 | AM7: 4级 | AN7: 180 | AO7: 50 | AP7: 36 | AQ7: =COUNTIF($I$4:$P$94,AM7) -> 9 | AR7: =COUNTIF($Q$4:$X$94,AM7) -> 0 | AS7: =COUNTIF($Y$4:$AF$94,AM7) -> 0 | AT7: =AQ7+AR7+AS7 -> 9 | AU7: =AQ7*$AO7 -> 450 | AV7: =AR7*$AO7 -> 0 | AW7: =AS7*$AO7 -> 0 | AZ7: =AO7/BA7 -> 0.34722222 | BA7: =AN7*0.8 -> 144
A8: 44642 | B8: 1600 | D8: {=(SUM(VLOOKUP(I8:AF8,$AM$4:$AO$44,2,FALSE))+AG8*10)*IF(AK8="是",$AY$4,$AY$3)} -> 3190 | E8: =SUM($B$4:B8)+SUM($C$4:C8)-SUM($D$4:D8) -> 560 | F8: {=SUM(VLOOKUP(I8:AF8,$AM$4:$AO$44,3,FALSE))} -> 1125 | G8: =SUM($F$4:F8)+SUM($H$4:H8) -> 4515 | H8: 0 | I8: 4级 | J8: 4级 | K8: 4级 | L8: 4级 | M8: 4级 | N8: 4级 | O8: 空 | P8: 空 | Q8: 3级 | R8: 3级 | S8: 大卦 | T8: 3级 | U8: 遗迹 | V8: 3级 | W8: 空 | X8: 空 | Y8: 3级 | Z8: 大卦 | AA8: 3级 | AB8: 3级 | AC8: 商人 | AD8: 3级 | AE8: 空 | AF8: 空 | AG8: 5 | AH8: 5 | AK8: 否 | AM8: 5级 | AN8: 190 | AO8: 55 | AP8: 38 | AQ8: =COUNTIF($I$4:$P$94,AM8) -> 0 | AR8: =COUNTIF($Q$4:$X$94,AM8) -> 0 | AS8: =COUNTIF($Y$4:$AF$94,AM8) -> 0 | AT8: =AQ8+AR8+AS8 -> 0 | AU8: =AQ8*$AO8 -> 0 | AV8: =AR8*$AO8 -> 0 | AW8: =AS8*$AO8 -> 0 | AZ8: =AO8/BA8 -> 0.36184211 | BA8: =AN8*0.8 -> 152
A9: 44643 | B9: 1600 | D9: {=(SUM(VLOOKUP(I9:AF9,$AM$4:$AO$44,2,FALSE))+AG9*10)*IF(AK9="是",$AY$4,$AY$3)} -> 2820 | E9: =SUM($B$4:B9)+SUM($C$4:C9)-SUM($D$4:D9) -> -660 | F9: {=SUM(VLOOKUP(I9:AF9,$AM$4:$AO$44,3,FALSE))} -> 925 | G9: =SUM($F$4:F9)+SUM($H$4:H9) -> 5640 | H9: 200 | I9: 4级 | J9: 3级 | K9: 小卦 | L9: 营地 | M9: 3级 | N9: 3级 | O9: 3级 | P9: 大卦 | Q9: 3级 | R9: 3级 | S9: 塔3 | T9: 3级 | U9: 3级 | V9: 3级 | W9: 空 | X9: 空 | Y9: 3级 | Z9: 3级 | AA9: 3级 | AB9: 小卦 | AC9: 空 | AD9: 空 | AE9: 空 | AF9: 空 | AG9: 1 | AH9: 1 | AK9: 否 | AM9: 6级 | AN9: 200 | AO9: 60 | AQ9: =COUNTIF($I$4:$P$94,AM9) -> 0 | AR9: =COUNTIF($Q$4:$X$94,AM9) -> 0 | AS9: =COUNTIF($Y$4:$AF$94,AM9) -> 0 | AT9: =AQ9+AR9+AS9 -> 0 | AU9: =AQ9*$AO9 -> 0 | AV9: =AR9*$AO9 -> 0 | AW9: =AS9*$AO9 -> 0 | AZ9: =AO9/BA9 -> 0.375 | BA9: =AN9*0.8 -> 160
A10: 44644 | B10: 1600 | D10: {=(SUM(VLOOKUP(I10:AF10,$AM$4:$AO$44,2,FALSE))+AG10*10)*IF(AK10="是",$AY$4,$AY$3)} -> 340 | E10: =SUM($B$4:B10)+SUM($C$4:C10)-SUM($D$4:D10) -> 600 | F10: {=SUM(VLOOKUP(I10:AF10,$AM$4:$AO$44,3,FALSE))} -> 90 | G10: =SUM($F$4:F10)+SUM($H$4:H10) -> 5730 | H10: 0 | I10: 空 | J10: 空 | K10: 空 | L10: 空 | M10: 空 | N10: 空 | O10: 空 | P10: 空 | Q10: 3级 | R10: 小卦 | S10: 空 | T10: 空 | U10: 空 | V10: 空 | W10: 空 | X10: 空 | Y10: 空 | Z10: 空 | AA10: 空 | AB10: 空 | AC10: 空 | AD10: 空 | AE10: 空 | AF10: 空 | AG10: 0 | AK10: 否 | AM10: 塔1 | AN10: 150 | AO10: 35 | AP10: =AN10-AO10/0.330882 -> 44.222109 | AQ10: =COUNTIF($I$4:$P$94,AM10) -> 0 | AR10: =COUNTIF($Q$4:$X$94,AM10) -> 0 | AS10: =COUNTIF($Y$4:$AF$94,AM10) -> 0 | AT10: =AQ10+AR10+AS10 -> 0 | AU10: =AQ10*$AO10 -> 0 | AV10: =AR10*$AO10 -> 0 | AW10: =AS10*$AO10 -> 0 | AZ10: =AO10/BA10 -> 0.29166667 | BA10: =AN10*0.8 -> 120
A11: 44645 | B11: 1600 | D11: {=(SUM(VLOOKUP(I11:AF11,$AM$4:$AO$44,2,FALSE))+AG11*10)*IF(AK11="是",$AY$4,$AY$3)} -> 0 | E11: =SUM($B$4:B11)+SUM($C$4:C11)-SUM($D$4:D11) -> 2200 | F11: {=SUM(VLOOKUP(I11:AF11,$AM$4:$AO$44,3,FALSE))} -> 0 | G11: =SUM($F$4:F11)+SUM($H$4:H11) -> 5730 | H11: 0 | I11: 空 | J11: 空 | K11: 空 | L11: 空 | M11: 空 | N11: 空 | O11: 空 | P11: 空 | Q11: 空 | R11: 空 | S11: 空 | T11: 空 | U11: 空 | V11: 空 | W11: 空 | X11: 空 | Y11: 空 | Z11: 空 | AA11: 空 | AB11: 空 | AC11: 空 | AD11: 空 | AE11: 空 | AF11: 空 | AG11: 0 | AK11: 否 | AM11: 塔2 | AN11: 150 | AO11: 40 | AP11: =AN11-AO11/0.330882 -> 29.110982 | AQ11: =COUNTIF($I$4:$P$94,AM11) -> 0 | AR11: =COUNTIF($Q$4:$X$94,AM11) -> 2 | AS11: =COUNTIF($Y$4:$AF$94,AM11) -> 1 | AT11: =AQ11+AR11+AS11 -> 3 | AU11: =AQ11*$AO11 -> 0 | AV11: =AR11*$AO11 -> 80 | AW11: =AS11*$AO11 -> 40 | AZ11: =AO11/BA11 -> 0.33333333 | BA11: =AN11*0.8 -> 120
A12: 44646 | B12: 1600 | D12: {=(SUM(VLOOKUP(I12:AF12,$AM$4:$AO$44,2,FALSE))+AG12*10)*IF(AK12="是",$AY$4,$AY$3)} -> 0 | E12: =SUM($B$4:B12)+SUM($C$4:C12)-SUM($D$4:D12) -> 3800 | F12: {=SUM(VLOOKUP(I12:AF12,$AM$4:$AO$44,3,FALSE))} -> 0 | G12: =SUM($F$4:F12)+SUM($H$4:H12) -> 5730 | H12: 0 | I12: 空 | J12: 空 | K12: 空 | L12: 空 | M12: 空 | N12: 空 | O12: 空 | P12: 空 | Q12: 空 | R12: 空 | S12: 空 | T12: 空 | U12: 空 | V12: 空 | W12: 空 | X12: 空 | Y12: 空 | Z12: 空 | AA12: 空 | AB12: 空 | AC12: 空 | AD12: 空 | AE12: 空 | AF12: 空 | AG12: 0 | AK12: 否 | AM12: 塔3 | AN12: 150 | AO12: 45 | AP12: =AN12-AO12/0.330882 -> 13.999855 | AQ12: =COUNTIF($I$4:$P$94,AM12) -> 0 | AR12: =COUNTIF($Q$4:$X$94,AM12) -> 1 | AS12: =COUNTIF($Y$4:$AF$94,AM12) -> 1 | AT12: =AQ12+AR12+AS12 -> 2 | AU12: =AQ12*$AO12 -> 0 | AV12: =AR12*$AO12 -> 45 | AW12: =AS12*$AO12 -> 45 | AZ12: =AO12/BA12 -> 0.375 | BA12: =AN12*0.8 -> 120
A13: 44647 | B13: 1600 | D13: {=(SUM(VLOOKUP(I13:AF13,$AM$4:$AO$44,2,FALSE))+AG13*10)*IF(AK13="是",$AY$4,$AY$3)} -> 0 | E13: =SUM($B$4:B13)+SUM($C$4:C13)-SUM($D$4:D13) -> 5400 | F13: {=SUM(VLOOKUP(I13:AF13,$AM$4:$AO$44,3,FALSE))} -> 0 | G13: =SUM($F$4:F13)+SUM($H$4:H13) -> 5730 | H13: 0 | I13: 空 | J13: 空 | K13: 空 | L13: 空 | M13: 空 | N13: 空 | O13: 空 | P13: 空 | Q13: 空 | R13: 空 | S13: 空 | T13: 空 | U13: 空 | V13: 空 | W13: 空 | X13: 空 | Y13: 空 | Z13: 空 | AA13: 空 | AB13: 空 | AC13: 空 | AD13: 空 | AE13: 空 | AF13: 空 | AG13: 0 | AK13: 否 | AM13: 塔4 | AN13: 150 | AO13: 50 | AQ13: =COUNTIF($I$4:$P$94,AM13) -> 0 | AR13: =COUNTIF($Q$4:$X$94,AM13) -> 0 | AS13: =COUNTIF($Y$4:$AF$94,AM13) -> 0 | AT13: =AQ13+AR13+AS13 -> 0 | AU13: =AQ13*$AO13 -> 0 | AV13: =AR13*$AO13 -> 0 | AW13: =AS13*$AO13 -> 0 | AZ13: =AO13/BA13 -> 0.41666667 | BA13: =AN13*0.8 -> 120
A14: 44648 | B14: 1600 | D14: {=(SUM(VLOOKUP(I14:AF14,$AM$4:$AO$44,2,FALSE))+AG14*10)*IF(AK14="是",$AY$4,$AY$3)} -> 0 | E14: =SUM($B$4:B14)+SUM($C$4:C14)-SUM($D$4:D14) -> 7000 | F14: {=SUM(VLOOKUP(I14:AF14,$AM$4:$AO$44,3,FALSE))} -> 0 | G14: =SUM($F$4:F14)+SUM($H$4:H14) -> 6030 | H14: 300 | I14: 空 | J14: 空 | K14: 空 | L14: 空 | M14: 空 | N14: 空 | O14: 空 | P14: 空 | Q14: 空 | R14: 空 | S14: 空 | T14: 空 | U14: 空 | V14: 空 | W14: 空 | X14: 空 | Y14: 空 | Z14: 空 | AA14: 空 | AB14: 空 | AC14: 空 | AD14: 空 | AE14: 空 | AF14: 空 | AG14: 0 | AK14: 否 | AM14: 塔5 | AN14: 150 | AO14: 55 | AQ14: =COUNTIF($I$4:$P$94,AM14) -> 0 | AR14: =COUNTIF($Q$4:$X$94,AM14) -> 0 | AS14: =COUNTIF($Y$4:$AF$94,AM14) -> 0 | AT14: =AQ14+AR14+AS14 -> 0 | AU14: =AQ14*$AO14 -> 0 | AV14: =AR14*$AO14 -> 0 | AW14: =AS14*$AO14 -> 0 | AZ14: =AO14/BA14 -> 0.45833333 | BA14: =AN14*0.8 -> 120
A15: 44649 | B15: 1600 | D15: {=(SUM(VLOOKUP(I15:AF15,$AM$4:$AO$44,2,FALSE))+AG15*10)*IF(AK15="是",$AY$4,$AY$3)} -> 0 | E15: =SUM($B$4:B15)+SUM($C$4:C15)-SUM($D$4:D15) -> 8600 | F15: {=SUM(VLOOKUP(I15:AF15,$AM$4:$AO$44,3,FALSE))} -> 0 | G15: =SUM($F$4:F15)+SUM($H$4:H15) -> 6030 | H15: 0 | I15: 空 | J15: 空 | K15: 空 | L15: 空 | M15: 空 | N15: 空 | O15: 空 | P15: 空 | Q15: 空 | R15: 空 | S15: 空 | T15: 空 | U15: 空 | V15: 空 | W15: 空 | X15: 空 | Y15: 空 | Z15: 空 | AA15: 空 | AB15: 空 | AC15: 空 | AD15: 空 | AE15: 空 | AF15: 空 | AG15: 0 | AK15: 是 | AM15: 塔6 | AN15: 150 | AO15: 60 | AQ15: =COUNTIF($I$4:$P$94,AM15) -> 0 | AR15: =COUNTIF($Q$4:$X$94,AM15) -> 0 | AS15: =COUNTIF($Y$4:$AF$94,AM15) -> 0 | AT15: =AQ15+AR15+AS15 -> 0 | AU15: =AQ15*$AO15 -> 0 | AV15: =AR15*$AO15 -> 0 | AW15: =AS15*$AO15 -> 0 | AZ15: =AO15/BA15 -> 0.5 | BA15: =AN15*0.8 -> 120
A16: 44650 | B16: 1600 | D16: {=(SUM(VLOOKUP(I16:AF16,$AM$4:$AO$44,2,FALSE))+AG16*10)*IF(AK16="是",$AY$4,$AY$3)} -> 0 | E16: =SUM($B$4:B16)+SUM($C$4:C16)-SUM($D$4:D16) -> 10200 | F16: {=SUM(VLOOKUP(I16:AF16,$AM$4:$AO$44,3,FALSE))} -> 0 | G16: =SUM($F$4:F16)+SUM($H$4:H16) -> 6230 | H16: 200 | I16: 空 | J16: 空 | K16: 空 | L16: 空 | M16: 空 | N16: 空 | O16: 空 | P16: 空 | Q16: 空 | R16: 空 | S16: 空 | T16: 空 | U16: 空 | V16: 空 | W16: 空 | X16: 空 | Y16: 空 | Z16: 空 | AA16: 空 | AB16: 空 | AC16: 空 | AD16: 空 | AE16: 空 | AF16: 空 | AG16: 0 | AK16: 是 | AM16: 遗迹 | AN16: 150 | AO16: 35 | AP16: =AN16-AO16/0.330882 -> 44.222109 | AQ16: =COUNTIF($I$4:$P$94,AM16) -> 0 | AR16: =COUNTIF($Q$4:$X$94,AM16) -> 1 | AS16: =COUNTIF($Y$4:$AF$94,AM16) -> 0 | AT16: =AQ16+AR16+AS16 -> 1 | AU16: =AQ16*$AO16 -> 0 | AV16: =AR16*$AO16 -> 35 | AW16: =AS16*$AO16 -> 0 | AZ16: =AO16/BA16 -> 0.29166667 | BA16: =AN16*0.8 -> 120
A17: 44651 | B17: 1600 | D17: {=(SUM(VLOOKUP(I17:AF17,$AM$4:$AO$44,2,FALSE))+AG17*10)*IF(AK17="是",$AY$4,$AY$3)} -> 0 | E17: =SUM($B$4:B17)+SUM($C$4:C17)-SUM($D$4:D17) -> 11800 | F17: {=SUM(VLOOKUP(I17:AF17,$AM$4:$AO$44,3,FALSE))} -> 0 | G17: =SUM($F$4:F17)+SUM($H$4:H17) -> 6230 | H17: 0 | I17: 空 | J17: 空 | K17: 空 | L17: 空 | M17: 空 | N17: 空 | O17: 空 | P17: 空 | Q17: 空 | R17: 空 | S17: 空 | T17: 空 | U17: 空 | V17: 空 | W17: 空 | X17: 空 | Y17: 空 | Z17: 空 | AA17: 空 | AB17: 空 | AC17: 空 | AD17: 空 | AE17: 空 | AF17: 空 | AG17: 0 | AK17: 是 | AM17: 商人 | AN17: 50 | AO17: 30 | AP17: 10 | AQ17: =COUNTIF($I$4:$P$94,AM17) -> 2 | AR17: =COUNTIF($Q$4:$X$94,AM17) -> 0 | AS17: =COUNTIF($Y$4:$AF$94,AM17) -> 2 | AT17: =AQ17+AR17+AS17 -> 4 | AU17: =AQ17*$AO17 -> 60 | AV17: =AR17*$AO17 -> 0 | AW17: =AS17*$AO17 -> 60 | AZ17: =AO17/BA17 -> 0.75 | BA17: =AN17*0.8 -> 40
A18: 44652 | B18: 1600 | D18: {=(SUM(VLOOKUP(I18:AF18,$AM$4:$AO$44,2,FALSE))+AG18*10)*IF(AK18="是",$AY$4,$AY$3)} -> 0 | E18: =SUM($B$4:B18)+SUM($C$4:C18)-SUM($D$4:D18) -> 13400 | F18: {=SUM(VLOOKUP(I18:AF18,$AM$4:$AO$44,3,FALSE))} -> 0 | G18: =SUM($F$4:F18)+SUM($H$4:H18) -> 6230 | H18: 0 | I18: 空 | J18: 空 | K18: 空 | L18: 空 | M18: 空 | N18: 空 | O18: 空 | P18: 空 | Q18: 空 | R18: 空 | S18: 空 | T18: 空 | U18: 空 | V18: 空 | W18: 空 | X18: 空 | Y18: 空 | Z18: 空 | AA18: 空 | AB18: 空 | AC18: 空 | AD18: 空 | AE18: 空 | AF18: 空 | AG18: 0 | AK18: 是 | AM18: 营地 | AN18: -150 | AO18: 0 | AP18: 10 | AQ18: =COUNTIF($I$4:$P$94,AM18) -> 1 | AR18: =COUNTIF($Q$4:$X$94,AM18) -> 2 | AS18: =COUNTIF($Y$4:$AF$94,AM18) -> 1 | AT18: =AQ18+AR18+AS18 -> 4 | AU18: =AQ18*$AO18 -> 0 | AV18: =AR18*$AO18 -> 0 | AW18: =AS18*$AO18 -> 0 | AZ18: =AO18/BA18 -> 0 | BA18: =AN18*0.8 -> -120
A19: 44653 | B19: 1600 | D19: {=(SUM(VLOOKUP(I19:AF19,$AM$4:$AO$44,2,FALSE))+AG19*10)*IF(AK19="是",$AY$4,$AY$3)} -> 0 | E19: =SUM($B$4:B19)+SUM($C$4:C19)-SUM($D$4:D19) -> 15000 | F19: {=SUM(VLOOKUP(I19:AF19,$AM$4:$AO$44,3,FALSE))} -> 0 | G19: =SUM($F$4:F19)+SUM($H$4:H19) -> 6230 | H19: 0 | I19: 空 | J19: 空 | K19: 空 | L19: 空 | M19: 空 | N19: 空 | O19: 空 | P19: 空 | Q19: 空 | R19: 空 | S19: 空 | T19: 空 | U19: 空 | V19: 空 | W19: 空 | X19: 空 | Y19: 空 | Z19: 空 | AA19: 空 | AB19: 空 | AC19: 空 | AD19: 空 | AE19: 空 | AF19: 空 | AG19: 0 | AK19: 是 | AM19: 大卦 | AN19: 250 | AO19: 200 | AQ19: =COUNTIF($I$4:$P$94,AM19) -> 1 | AR19: =COUNTIF($Q$4:$X$94,AM19) -> 1 | AS19: =COUNTIF($Y$4:$AF$94,AM19) -> 1 | AT19: =AQ19+AR19+AS19 -> 3 | AU19: =AQ19*$AO19 -> 200 | AV19: =AR19*$AO19 -> 200 | AW19: =AS19*$AO19 -> 200 | AZ19: =AO19/BA19 -> 1 | BA19: =AN19*0.8 -> 200
A20: 44654 | B20: 1600 | D20: {=(SUM(VLOOKUP(I20:AF20,$AM$4:$AO$44,2,FALSE))+AG20*10)*IF(AK20="是",$AY$4,$AY$3)} -> 0 | E20: =SUM($B$4:B20)+SUM($C$4:C20)-SUM($D$4:D20) -> 16600 | F20: {=SUM(VLOOKUP(I20:AF20,$AM$4:$AO$44,3,FALSE))} -> 0 | G20: =SUM($F$4:F20)+SUM($H$4:H20) -> 6230 | H20: 0 | I20: 空 | J20: 空 | K20: 空 | L20: 空 | M20: 空 | N20: 空 | O20: 空 | P20: 空 | Q20: 空 | R20: 空 | S20: 空 | T20: 空 | U20: 空 | V20: 空 | W20: 空 | X20: 空 | Y20: 空 | Z20: 空 | AA20: 空 | AB20: 空 | AC20: 空 | AD20: 空 | AE20: 空 | AF20: 空 | AG20: 0 | AK20: 是 | AM20: 小卦 | AN20: 170 | AO20: 45 | AQ20: =COUNTIF($I$4:$P$94,AM20) -> 1 | AR20: =COUNTIF($Q$4:$X$94,AM20) -> 2 | AS20: =COUNTIF($Y$4:$AF$94,AM20) -> 2 | AT20: =AQ20+AR20+AS20 -> 5 | AU20: =AQ20*$AO20 -> 45 | AV20: =AR20*$AO20 -> 90 | AW20: =AS20*$AO20 -> 90 | AZ20: =AO20/BA20 -> 0.33088235 | BA20: =AN20*0.8 -> 136
A21: 44655 | B21: 1600 | D21: {=(SUM(VLOOKUP(I21:AF21,$AM$4:$AO$44,2,FALSE))+AG21*10)*IF(AK21="是",$AY$4,$AY$3)} -> 0 | E21: =SUM($B$4:B21)+SUM($C$4:C21)-SUM($D$4:D21) -> 18200 | F21: {=SUM(VLOOKUP(I21:AF21,$AM$4:$AO$44,3,FALSE))} -> 0 | G21: =SUM($F$4:F21)+SUM($H$4:H21) -> 6430 | H21: 200 | I21: 空 | J21: 空 | K21: 空 | L21: 空 | M21: 空 | N21: 空 | O21: 空 | P21: 空 | Q21: 空 | R21: 空 | S21: 空 | T21: 空 | U21: 空 | V21: 空 | W21: 空 | X21: 空 | Y21: 空 | Z21: 空 | AA21: 空 | AB21: 空 | AC21: 空 | AD21: 空 | AE21: 空 | AF21: 空 | AG21: 0 | AK21: 是 | AM21: 小boss | AN21: 250 | AO21: 200 | AQ21: =COUNTIF($I$4:$P$94,AM21) -> 0 | AR21: =COUNTIF($Q$4:$X$94,AM21) -> 0 | AS21: =COUNTIF($Y$4:$AF$94,AM21) -> 0 | AT21: =AQ21+AR21+AS21 -> 0 | AU21: =AQ21*$AO21 -> 0 | AV21: =AR21*$AO21 -> 0 | AW21: =AS21*$AO21 -> 0 | AZ21: =AO21/BA21 -> 1 | BA21: =AN21*0.8 -> 200
A22: 44656 | B22: 1600 | D22: {=(SUM(VLOOKUP(I22:AF22,$AM$4:$AO$44,2,FALSE))+AG22*10)*IF(AK22="是",$AY$4,$AY$3)} -> 0 | E22: =SUM($B$4:B22)+SUM($C$4:C22)-SUM($D$4:D22) -> 19800 | F22: {=SUM(VLOOKUP(I22:AF22,$AM$4:$AO$44,3,FALSE))} -> 0 | G22: =SUM($F$4:F22)+SUM($H$4:H22) -> 6530 | H22: 100 | I22: 空 | J22: 空 | K22: 空 | L22: 空 | M22: 空 | N22: 空 | O22: 空 | P22: 空 | Q22: 空 | R22: 空 | S22: 空 | T22: 空 | U22: 空 | V22: 空 | W22: 空 | X22: 空 | Y22: 空 | Z22: 空 | AA22: 空 | AB22: 空 | AC22: 空 | AD22: 空 | AE22: 空 | AF22: 空 | AG22: 0 | AK22: 是 | AM22: 大boss | AN22: 250 | AO22: 1000 | AQ22: =COUNTIF($I$4:$P$94,AM22) -> 0 | AR22: =COUNTIF($Q$4:$X$94,AM22) -> 0 | AS22: =COUNTIF($Y$4:$AF$94,AM22) -> 0 | AT22: =AQ22+AR22+AS22 -> 0 | AU22: =AQ22*$AO22 -> 0 | AV22: =AR22*$AO22 -> 0 | AW22: =AS22*$AO22 -> 0 | AZ22: =AO22/BA22 -> 5 | BA22: =AN22*0.8 -> 200
A23: 44657 | B23: 1600 | D23: {=(SUM(VLOOKUP(I23:AF23,$AM$4:$AO$44,2,FALSE))+AG23*10)*IF(AK23="是",$AY$4,$AY$3)} -> 0 | E23: =SUM($B$4:B23)+SUM($C$4:C23)-SUM($D$4:D23) -> 21400 | F23: {=SUM(VLOOKUP(I23:AF23,$AM$4:$AO$44,3,FALSE))} -> 0 | G23: =SUM($F$4:F23)+SUM($H$4:H23) -> 6730 | H23: 200 | I23: 空 | J23: 空 | K23: 空 | L23: 空 | M23: 空 | N23: 空 | O23: 空 | P23: 空 | Q23: 空 | R23: 空 | S23: 空 | T23: 空 | U23: 空 | V23: 空 | W23: 空 | X23: 空 | Y23: 空 | Z23: 空 | AA23: 空 | AB23: 空 | AC23: 空 | AD23: 空 | AE23: 空 | AF23: 空 | AG23: 0 | AK23: 是 | AM23: 中boss | AN23: 250 | AO23: 500 | AQ23: =COUNTIF($I$4:$P$94,AM23) -> 0 | AR23: =COUNTIF($Q$4:$X$94,AM23) -> 0 | AS23: =COUNTIF($Y$4:$AF$94,AM23) -> 0 | AT23: =AQ23+AR23+AS23 -> 0 | AU23: =AQ23*$AO23 -> 0 | AV23: =AR23*$AO23 -> 0 | AW23: =AS23*$AO23 -> 0 | AZ23: =AO23/BA23 -> 2.5 | BA23: =AN23*0.8 -> 200
A24: 44658 | B24: 1600 | D24: {=(SUM(VLOOKUP(I24:AF24,$AM$4:$AO$44,2,FALSE))+AG24*10)*IF(AK24="是",$AY$4,$AY$3)} -> 0 | E24: =SUM($B$4:B24)+SUM($C$4:C24)-SUM($D$4:D24) -> 23000 | F24: {=SUM(VLOOKUP(I24:AF24,$AM$4:$AO$44,3,FALSE))} -> 0 | G24: =SUM($F$4:F24)+SUM($H$4:H24) -> 6730 | H24: 0 | I24: 空 | J24: 空 | K24: 空 | L24: 空 | M24: 空 | N24: 空 | O24: 空 | P24: 空 | Q24: 空 | R24: 空 | S24: 空 | T24: 空 | U24: 空 | V24: 空 | W24: 空 | X24: 空 | Y24: 空 | Z24: 空 | AA24: 空 | AB24: 空 | AC24: 空 | AD24: 空 | AE24: 空 | AF24: 空 | AG24: 0 | AK24: 是 | AM24: 奈良 | AN24: 160 | AO24: 40 | AP24: =AN24-AO24/0.330882 -> 39.110982 | AQ24: =COUNTIF($I$4:$P$94,AM24) -> 0 | AR24: =COUNTIF($Q$4:$X$94,AM24) -> 0 | AS24: =COUNTIF($Y$4:$AF$94,AM24) -> 0 | AT24: =AQ24+AR24+AS24 -> 0 | AU24: =AQ24*$AO24 -> 0 | AV24: =AR24*$AO24 -> 0 | AW24: =AS24*$AO24 -> 0 | AZ24: =AO24/BA24 -> 0.3125 | BA24: =AN24*0.8 -> 128
A25: 44659 | B25: 1600 | D25: {=(SUM(VLOOKUP(I25:AF25,$AM$4:$AO$44,2,FALSE))+AG25*10)*IF(AK25="是",$AY$4,$AY$3)} -> 0 | E25: =SUM($B$4:B25)+SUM($C$4:C25)-SUM($D$4:D25) -> 24600 | F25: {=SUM(VLOOKUP(I25:AF25,$AM$4:$AO$44,3,FALSE))} -> 0 | G25: =SUM($F$4:F25)+SUM($H$4:H25) -> 6730 | H25: 0 | I25: 空 | J25: 空 | K25: 空 | L25: 空 | M25: 空 | N25: 空 | O25: 空 | P25: 空 | Q25: 空 | R25: 空 | S25: 空 | T25: 空 | U25: 空 | V25: 空 | W25: 空 | X25: 空 | Y25: 空 | Z25: 空 | AA25: 空 | AB25: 空 | AC25: 空 | AD25: 空 | AE25: 空 | AF25: 空 | AG25: 0 | AK25: 是 | AM25: 山中 | AN25: 160 | AO25: 40 | AP25: =AN25-AO25/0.330882 -> 39.110982 | AQ25: =COUNTIF($I$4:$P$94,AM25) -> 0 | AR25: =COUNTIF($Q$4:$X$94,AM25) -> 0 | AS25: =COUNTIF($Y$4:$AF$94,AM25) -> 0 | AT25: =AQ25+AR25+AS25 -> 0 | AU25: =AQ25*$AO25 -> 0 | AV25: =AR25*$AO25 -> 0 | AW25: =AS25*$AO25 -> 0 | AZ25: =AO25/BA25 -> 0.3125 | BA25: =AN25*0.8 -> 128
A26: 44660 | B26: 1600 | D26: {=(SUM(VLOOKUP(I26:AF26,$AM$4:$AO$44,2,FALSE))+AG26*10)*IF(AK26="是",$AY$4,$AY$3)} -> 0 | E26: =SUM($B$4:B26)+SUM($C$4:C26)-SUM($D$4:D26) -> 26200 | F26: {=SUM(VLOOKUP(I26:AF26,$AM$4:$AO$44,3,FALSE))} -> 0 | G26: =SUM($F$4:F26)+SUM($H$4:H26) -> 6730 | H26: 0 | I26: 空 | J26: 空 | K26: 空 | L26: 空 | M26: 空 | N26: 空 | O26: 空 | P26: 空 | Q26: 空 | R26: 空 | S26: 空 | T26: 空 | U26: 空 | V26: 空 | W26: 空 | X26: 空 | Y26: 空 | Z26: 空 | AA26: 空 | AB26: 空 | AC26: 空 | AD26: 空 | AE26: 空 | AF26: 空 | AG26: 0 | AK26: 是 | AM26: 秋道 | AN26: 150 | AO26: 35 | AP26: =AN26-AO26/0.330882 -> 44.222109 | AQ26: =COUNTIF($I$4:$P$94,AM26) -> 0 | AR26: =COUNTIF($Q$4:$X$94,AM26) -> 0 | AS26: =COUNTIF($Y$4:$AF$94,AM26) -> 0 | AT26: =AQ26+AR26+AS26 -> 0 | AU26: =AQ26*$AO26 -> 0 | AV26: =AR26*$AO26 -> 0 | AW26: =AS26*$AO26 -> 0 | AZ26: =AO26/BA26 -> 0.29166667 | BA26: =AN26*0.8 -> 120
A27: 44661 | B27: 1600 | D27: {=(SUM(VLOOKUP(I27:AF27,$AM$4:$AO$44,2,FALSE))+AG27*10)*IF(AK27="是",$AY$4,$AY$3)} -> 0 | E27: =SUM($B$4:B27)+SUM($C$4:C27)-SUM($D$4:D27) -> 27800 | F27: {=SUM(VLOOKUP(I27:AF27,$AM$4:$AO$44,3,FALSE))} -> 0 | G27: =SUM($F$4:F27)+SUM($H$4:H27) -> 6730 | H27: 0 | I27: 空 | J27: 空 | K27: 空 | L27: 空 | M27: 空 | N27: 空 | O27: 空 | P27: 空 | Q27: 空 | R27: 空 | S27: 空 | T27: 空 | U27: 空 | V27: 空 | W27: 空 | X27: 空 | Y27: 空 | Z27: 空 | AA27: 空 | AB27: 空 | AC27: 空 | AD27: 空 | AE27: 空 | AF27: 空 | AG27: 0 | AK27: 是 | AM27: 空 | AN27: 0 | AO27: 0 | AP27: =AN27-AO27/0.330882 -> 0 | AU27: =AQ27*$AO27 -> 0 | AV27: =AR27*$AO27 -> 0 | AW27: =AS27*$AO27 -> 0 | BA27: =AN27*0.8 -> 0
A28: 44662 | B28: 1600 | D28: {=(SUM(VLOOKUP(I28:AF28,$AM$4:$AO$44,2,FALSE))+AG28*10)*IF(AK28="是",$AY$4,$AY$3)} -> 0 | E28: =SUM($B$4:B28)+SUM($C$4:C28)-SUM($D$4:D28) -> 29400 | F28: {=SUM(VLOOKUP(I28:AF28,$AM$4:$AO$44,3,FALSE))} -> 0 | G28: =SUM($F$4:F28)+SUM($H$4:H28) -> 7030 | H28: 300 | I28: 空 | J28: 空 | K28: 空 | L28: 空 | M28: 空 | N28: 空 | O28: 空 | P28: 空 | Q28: 空 | R28: 空 | S28: 空 | T28: 空 | U28: 空 | V28: 空 | W28: 空 | X28: 空 | Y28: 空 | Z28: 空 | AA28: 空 | AB28: 空 | AC28: 空 | AD28: 空 | AE28: 空 | AF28: 空 | AG28: 0 | AK28: 是 | AL28: 八卦后 | AM28: 营地+ | AN28: -200 | AO28: 0 | AQ28: =COUNTIF($I$4:$P$94,AM28) -> 0 | AR28: =COUNTIF($Q$4:$X$94,AM28) -> 0 | AS28: =COUNTIF($Y$4:$AF$94,AM28) -> 0 | AT28: =AQ28+AR28+AS28 -> 0 | AU28: =AQ28*$AO28 -> 0 | AV28: =AR28*$AO28 -> 0 | AW28: =AS28*$AO28 -> 0 | BA28: =AN28*0.8 -> -160
A29: 44663 | B29: 1600 | D29: {=(SUM(VLOOKUP(I29:AF29,$AM$4:$AO$44,2,FALSE))+AG29*10)*IF(AK29="是",$AY$4,$AY$3)} -> 0 | E29: =SUM($B$4:B29)+SUM($C$4:C29)-SUM($D$4:D29) -> 31000 | F29: {=SUM(VLOOKUP(I29:AF29,$AM$4:$AO$44,3,FALSE))} -> 0 | G29: =SUM($F$4:F29)+SUM($H$4:H29) -> 7030 | H29: 0 | I29: 空 | J29: 空 | K29: 空 | L29: 空 | M29: 空 | N29: 空 | O29: 空 | P29: 空 | Q29: 空 | R29: 空 | S29: 空 | T29: 空 | U29: 空 | V29: 空 | W29: 空 | X29: 空 | Y29: 空 | Z29: 空 | AA29: 空 | AB29: 空 | AC29: 空 | AD29: 空 | AE29: 空 | AF29: 空 | AG29: 0 | AK29: 是 | AM29: 历练 | AN29: 50 | AO29: 520 | AQ29: =COUNTIF($I$4:$P$94,AM29) -> 0 | AR29: =COUNTIF($Q$4:$X$94,AM29) -> 0 | AS29: =COUNTIF($Y$4:$AF$94,AM29) -> 0 | AT29: =AQ29+AR29+AS29 -> 0 | AU29: =AQ29*$AO29 -> 0 | AV29: =AR29*$AO29 -> 0 | AW29: =AS29*$AO29 -> 0 | BA29: =AN29*0.8 -> 40
A30: 44664 | B30: 1600 | D30: {=(SUM(VLOOKUP(I30:AF30,$AM$4:$AO$44,2,FALSE))+AG30*10)*IF(AK30="是",$AY$4,$AY$3)} -> 0 | E30: =SUM($B$4:B30)+SUM($C$4:C30)-SUM($D$4:D30) -> 32600 | F30: {=SUM(VLOOKUP(I30:AF30,$AM$4:$AO$44,3,FALSE))} -> 0 | G30: =SUM($F$4:F30)+SUM($H$4:H30) -> 7230 | H30: 200 | I30: 空 | J30: 空 | K30: 空 | L30: 空 | M30: 空 | N30: 空 | O30: 空 | P30: 空 | Q30: 空 | R30: 空 | S30: 空 | T30: 空 | U30: 空 | V30: 空 | W30: 空 | X30: 空 | Y30: 空 | Z30: 空 | AA30: 空 | AB30: 空 | AC30: 空 | AD30: 空 | AE30: 空 | AF30: 空 | AG30: 0 | AK30: 是
A31: 44665 | B31: 1600 | D31: {=(SUM(VLOOKUP(I31:AF31,$AM$4:$AO$44,2,FALSE))+AG31*10)*IF(AK31="是",$AY$4,$AY$3)} -> 0 | E31: =SUM($B$4:B31)+SUM($C$4:C31)-SUM($D$4:D31) -> 34200 | F31: {=SUM(VLOOKUP(I31:AF31,$AM$4:$AO$44,3,FALSE))} -> 0 | G31: =SUM($F$4:F31)+SUM($H$4:H31) -> 7230 | H31: 0 | I31: 空 | J31: 空 | K31: 空 | L31: 空 | M31: 空 | N31: 空 | O31: 空 | P31: 空 | Q31: 空 | R31: 空 | S31: 空 | T31: 空 | U31: 空 | V31: 空 | W31: 空 | X31: 空 | Y31: 空 | Z31: 空 | AA31: 空 | AB31: 空 | AC31: 空 | AD31: 空 | AE31: 空 | AF31: 空 | AG31: 0 | AK31: 是
A32: 44666 | B32: 1600 | D32: {=(SUM(VLOOKUP(I32:AF32,$AM$4:$AO$44,2,FALSE))+AG32*10)*IF(AK32="是",$AY$4,$AY$3)} -> 0 | E32: =SUM($B$4:B32)+SUM($C$4:C32)-SUM($D$4:D32) -> 35800 | F32: {=SUM(VLOOKUP(I32:AF32,$AM$4:$AO$44,3,FALSE))} -> 0 | G32: =SUM($F$4:F32)+SUM($H$4:H32) -> 7230 | H32: 0 | I32: 空 | J32: 空 | K32: 空 | L32: 空 | M32: 空 | N32: 空 | O32: 空 | P32: 空 | Q32: 空 | R32: 空 | S32: 空 | T32: 空 | U32: 空 | V32: 空 | W32: 空 | X32: 空 | Y32: 空 | Z32: 空 | AA32: 空 | AB32: 空 | AC32: 空 | AD32: 空 | AE32: 空 | AF32: 空 | AG32: 0 | AK32: 是
A33: 44667 | B33: 1600 | D33: {=(SUM(VLOOKUP(I33:AF33,$AM$4:$AO$44,2,FALSE))+AG33*10)*IF(AK33="是",$AY$4,$AY$3)} -> 0 | E33: =SUM($B$4:B33)+SUM($C$4:C33)-SUM($D$4:D33) -> 37400 | F33: {=SUM(VLOOKUP(I33:AF33,$AM$4:$AO$44,3,FALSE))} -> 0 | G33: =SUM($F$4:F33)+SUM($H$4:H33) -> 7230 | H33: 0 | I33: 空 | J33: 空 | K33: 空 | L33: 空 | M33: 空 | N33: 空 | O33: 空 | P33: 空 | Q33: 空 | R33: 空 | S33: 空 | T33: 空 | U33: 空 | V33: 空 | W33: 空 | X33: 空 | Y33: 空 | Z33: 空 | AA33: 空 | AB33: 空 | AC33: 空 | AD33: 空 | AE33: 空 | AF33: 空 | AG33: 0 | AK33: 是
A34: 44668 | B34: 1600 | D34: {=(SUM(VLOOKUP(I34:AF34,$AM$4:$AO$44,2,FALSE))+AG34*10)*IF(AK34="是",$AY$4,$AY$3)} -> 0 | E34: =SUM($B$4:B34)+SUM($C$4:C34)-SUM($D$4:D34) -> 39000 | F34: {=SUM(VLOOKUP(I34:AF34,$AM$4:$AO$44,3,FALSE))} -> 0 | G34: =SUM($F$4:F34)+SUM($H$4:H34) -> 7230 | H34: 0 | I34: 空 | J34: 空 | K34: 空 | L34: 空 | M34: 空 | N34: 空 | O34: 空 | P34: 空 | Q34: 空 | R34: 空 | S34: 空 | T34: 空 | U34: 空 | V34: 空 | W34: 空 | X34: 空 | Y34: 空 | Z34: 空 | AA34: 空 | AB34: 空 | AC34: 空 | AD34: 空 | AE34: 空 | AF34: 空 | AG34: 0 | AK34: 是
A35: 44669 | B35: 1600 | D35: {=(SUM(VLOOKUP(I35:AF35,$AM$4:$AO$44,2,FALSE))+AG35*10)*IF(AK35="是",$AY$4,$AY$3)} -> 0 | E35: =SUM($B$4:B35)+SUM($C$4:C35)-SUM($D$4:D35) -> 40600 | F35: {=SUM(VLOOKUP(I35:AF35,$AM$4:$AO$44,3,FALSE))} -> 0 | G35: =SUM($F$4:F35)+SUM($H$4:H35) -> 7430 | H35: 200 | I35: 空 | J35: 空 | K35: 空 | L35: 空 | M35: 空 | N35: 空 | O35: 空 | P35: 空 | Q35: 空 | R35: 空 | S35: 空 | T35: 空 | U35: 空 | V35: 空 | W35: 空 | X35: 空 | Y35: 空 | Z35: 空 | AA35: 空 | AB35: 空 | AC35: 空 | AD35: 空 | AE35: 空 | AF35: 空 | AG35: 0 | AK35: 是
A36: 44670 | B36: 1600 | D36: {=(SUM(VLOOKUP(I36:AF36,$AM$4:$AO$44,2,FALSE))+AG36*10)*IF(AK36="是",$AY$4,$AY$3)} -> 0 | E36: =SUM($B$4:B36)+SUM($C$4:C36)-SUM($D$4:D36) -> 42200 | F36: {=SUM(VLOOKUP(I36:AF36,$AM$4:$AO$44,3,FALSE))} -> 0 | G36: =SUM($F$4:F36)+SUM($H$4:H36) -> 7530 | H36: 100 | I36: 空 | J36: 空 | K36: 空 | L36: 空 | M36: 空 | N36: 空 | O36: 空 | P36: 空 | Q36: 空 | R36: 空 | S36: 空 | T36: 空 | U36: 空 | V36: 空 | W36: 空 | X36: 空 | Y36: 空 | Z36: 空 | AA36: 空 | AB36: 空 | AC36: 空 | AD36: 空 | AE36: 空 | AF36: 空 | AG36: 0 | AK36: 是 | AO36: 地 | AQ36: s5 | AR36: s6
A37: 44671 | B37: 1600 | D37: {=(SUM(VLOOKUP(I37:AF37,$AM$4:$AO$44,2,FALSE))+AG37*10)*IF(AK37="是",$AY$4,$AY$3)} -> 0 | E37: =SUM($B$4:B37)+SUM($C$4:C37)-SUM($D$4:D37) -> 43800 | F37: {=SUM(VLOOKUP(I37:AF37,$AM$4:$AO$44,3,FALSE))} -> 0 | G37: =SUM($F$4:F37)+SUM($H$4:H37) -> 7730 | H37: 200 | I37: 空 | J37: 空 | K37: 空 | L37: 空 | M37: 空 | N37: 空 | O37: 空 | P37: 空 | Q37: 空 | R37: 空 | S37: 空 | T37: 空 | U37: 空 | V37: 空 | W37: 空 | X37: 空 | Y37: 空 | Z37: 空 | AA37: 空 | AB37: 空 | AC37: 空 | AD37: 空 | AE37: 空 | AF37: 空 | AG37: 0 | AK37: 是 | AM37: 6级地194块 | AO37: 6 | AQ37: 194 | AR37: 194
A38: 44672 | B38: 1600 | D38: {=(SUM(VLOOKUP(I38:AF38,$AM$4:$AO$44,2,FALSE))+AG38*10)*IF(AK38="是",$AY$4,$AY$3)} -> 0 | E38: =SUM($B$4:B38)+SUM($C$4:C38)-SUM($D$4:D38) -> 45400 | F38: {=SUM(VLOOKUP(I38:AF38,$AM$4:$AO$44,3,FALSE))} -> 0 | G38: =SUM($F$4:F38)+SUM($H$4:H38) -> 7730 | H38: 0 | I38: 空 | J38: 空 | K38: 空 | L38: 空 | M38: 空 | N38: 空 | O38: 空 | P38: 空 | Q38: 空 | R38: 空 | S38: 空 | T38: 空 | U38: 空 | V38: 空 | W38: 空 | X38: 空 | Y38: 空 | Z38: 空 | AA38: 空 | AB38: 空 | AC38: 空 | AD38: 空 | AE38: 空 | AF38: 空 | AG38: 0 | AK38: 是 | AM38: 5级地237块 | AO38: 5 | AQ38: 236 | AR38: 237
A39: 44673 | B39: 1600 | D39: {=(SUM(VLOOKUP(I39:AF39,$AM$4:$AO$44,2,FALSE))+AG39*10)*IF(AK39="是",$AY$4,$AY$3)} -> 0 | E39: =SUM($B$4:B39)+SUM($C$4:C39)-SUM($D$4:D39) -> 47000 | F39: {=SUM(VLOOKUP(I39:AF39,$AM$4:$AO$44,3,FALSE))} -> 0 | G39: =SUM($F$4:F39)+SUM($H$4:H39) -> 7730 | H39: 0 | I39: 空 | J39: 空 | K39: 空 | L39: 空 | M39: 空 | N39: 空 | O39: 空 | P39: 空 | Q39: 空 | R39: 空 | S39: 空 | T39: 空 | U39: 空 | V39: 空 | W39: 空 | X39: 空 | Y39: 空 | Z39: 空 | AA39: 空 | AB39: 空 | AC39: 空 | AD39: 空 | AE39: 空 | AF39: 空 | AG39: 0 | AK39: 是 | AM39: 4级地272块 | AO39: 4 | AQ39: 269 | AR39: 272
A40: 44674 | B40: 1600 | D40: {=(SUM(VLOOKUP(I40:AF40,$AM$4:$AO$44,2,FALSE))+AG40*10)*IF(AK40="是",$AY$4,$AY$3)} -> 0 | E40: =SUM($B$4:B40)+SUM($C$4:C40)-SUM($D$4:D40) -> 48600 | F40: {=SUM(VLOOKUP(I40:AF40,$AM$4:$AO$44,3,FALSE))} -> 0 | G40: =SUM($F$4:F40)+SUM($H$4:H40) -> 7730 | H40: 0 | I40: 空 | J40: 空 | K40: 空 | L40: 空 | M40: 空 | N40: 空 | O40: 空 | P40: 空 | Q40: 空 | R40: 空 | S40: 空 | T40: 空 | U40: 空 | V40: 空 | W40: 空 | X40: 空 | Y40: 空 | Z40: 空 | AA40: 空 | AB40: 空 | AC40: 空 | AD40: 空 | AE40: 空 | AF40: 空 | AG40: 0 | AK40: 是 | AM40: 3级地358块 | AO40: 3 | AQ40: 358 | AR40: 358
A41: 44675 | B41: 1600 | D41: {=(SUM(VLOOKUP(I41:AF41,$AM$4:$AO$44,2,FALSE))+AG41*10)*IF(AK41="是",$AY$4,$AY$3)} -> 0 | E41: =SUM($B$4:B41)+SUM($C$4:C41)-SUM($D$4:D41) -> 50200 | F41: {=SUM(VLOOKUP(I41:AF41,$AM$4:$AO$44,3,FALSE))} -> 0 | G41: =SUM($F$4:F41)+SUM($H$4:H41) -> 7730 | H41: 0 | I41: 空 | J41: 空 | K41: 空 | L41: 空 | M41: 空 | N41: 空 | O41: 空 | P41: 空 | Q41: 空 | R41: 空 | S41: 空 | T41: 空 | U41: 空 | V41: 空 | W41: 空 | X41: 空 | Y41: 空 | Z41: 空 | AA41: 空 | AB41: 空 | AC41: 空 | AD41: 空 | AE41: 空 | AF41: 空 | AG41: 0 | AK41: 是 | AQ41: =SUM(AQ37:AQ40) -> 1057 | AR41: =SUM(AR37:AR40) -> 1061
A42: 44676 | B42: 1600 | D42: {=(SUM(VLOOKUP(I42:AF42,$AM$4:$AO$44,2,FALSE))+AG42*10)*IF(AK42="是",$AY$4,$AY$3)} -> 0 | E42: =SUM($B$4:B42)+SUM($C$4:C42)-SUM($D$4:D42) -> 51800 | F42: {=SUM(VLOOKUP(I42:AF42,$AM$4:$AO$44,3,FALSE))} -> 0 | G42: =SUM($F$4:F42)+SUM($H$4:H42) -> 8030 | H42: 300 | I42: 空 | J42: 空 | K42: 空 | L42: 空 | M42: 空 | N42: 空 | O42: 空 | P42: 空 | Q42: 空 | R42: 空 | S42: 空 | T42: 空 | U42: 空 | V42: 空 | W42: 空 | X42: 空 | Y42: 空 | Z42: 空 | AA42: 空 | AB42: 空 | AC42: 空 | AD42: 空 | AE42: 空 | AF42: 空 | AG42: 0 | AK42: 是
A43: 44677 | B43: 1600 | D43: {=(SUM(VLOOKUP(I43:AF43,$AM$4:$AO$44,2,FALSE))+AG43*10)*IF(AK43="是",$AY$4,$AY$3)} -> 0 | E43: =SUM($B$4:B43)+SUM($C$4:C43)-SUM($D$4:D43) -> 53400 | F43: {=SUM(VLOOKUP(I43:AF43,$AM$4:$AO$44,3,FALSE))} -> 0 | G43: =SUM($F$4:F43)+SUM($H$4:H43) -> 8030 | H43: 0 | I43: 空 | J43: 空 | K43: 空 | L43: 空 | M43: 空 | N43: 空 | O43: 空 | P43: 空 | Q43: 空 | R43: 空 | S43: 空 | T43: 空 | U43: 空 | V43: 空 | W43: 空 | X43: 空 | Y43: 空 | Z43: 空 | AA43: 空 | AB43: 空 | AC43: 空 | AD43: 空 | AE43: 空 | AF43: 空 | AG43: 0 | AK43: 是
A44: 44678 | B44: 1600 | D44: {=(SUM(VLOOKUP(I44:AF44,$AM$4:$AO$44,2,FALSE))+AG44*10)*IF(AK44="是",$AY$4,$AY$3)} -> 0 | E44: =SUM($B$4:B44)+SUM($C$4:C44)-SUM($D$4:D44) -> 55000 | F44: {=SUM(VLOOKUP(I44:AF44,$AM$4:$AO$44,3,FALSE))} -> 0 | G44: =SUM($F$4:F44)+SUM($H$4:H44) -> 8230 | H44: 200 | I44: 空 | J44: 空 | K44: 空 | L44: 空 | M44: 空 | N44: 空 | O44: 空 | P44: 空 | Q44: 空 | R44: 空 | S44: 空 | T44: 空 | U44: 空 | V44: 空 | W44: 空 | X44: 空 | Y44: 空 | Z44: 空 | AA44: 空 | AB44: 空 | AC44: 空 | AD44: 空 | AE44: 空 | AF44: 空 | AG44: 0 | AK44: 是
A45: 44679 | B45: 1600 | D45: {=(SUM(VLOOKUP(I45:AF45,$AM$4:$AO$44,2,FALSE))+AG45*10)*IF(AK45="是",$AY$4,$AY$3)} -> 0 | E45: =SUM($B$4:B45)+SUM($C$4:C45)-SUM($D$4:D45) -> 56600 | F45: {=SUM(VLOOKUP(I45:AF45,$AM$4:$AO$44,3,FALSE))} -> 0 | G45: =SUM($F$4:F45)+SUM($H$4:H45) -> 8230 | H45: 0 | I45: 空 | J45: 空 | K45: 空 | L45: 空 | M45: 空 | N45: 空 | O45: 空 | P45: 空 | Q45: 空 | R45: 空 | S45: 空 | T45: 空 | U45: 空 | V45: 空 | W45: 空 | X45: 空 | Y45: 空 | Z45: 空 | AA45: 空 | AB45: 空 | AC45: 空 | AD45: 空 | AE45: 空 | AF45: 空 | AG45: 0 | AK45: 是
A46: 44680 | B46: 1600 | D46: {=(SUM(VLOOKUP(I46:AF46,$AM$4:$AO$44,2,FALSE))+AG46*10)*IF(AK46="是",$AY$4,$AY$3)} -> 0 | E46: =SUM($B$4:B46)+SUM($C$4:C46)-SUM($D$4:D46) -> 58200 | F46: {=SUM(VLOOKUP(I46:AF46,$AM$4:$AO$44,3,FALSE))} -> 0 | G46: =SUM($F$4:F46)+SUM($H$4:H46) -> 8230 | H46: 0 | I46: 空 | J46: 空 | K46: 空 | L46: 空 | M46: 空 | N46: 空 | O46: 空 | P46: 空 | Q46: 空 | R46: 空 | S46: 空 | T46: 空 | U46: 空 | V46: 空 | W46: 空 | X46: 空 | Y46: 空 | Z46: 空 | AA46: 空 | AB46: 空 | AC46: 空 | AD46: 空 | AE46: 空 | AF46: 空 | AG46: 0 | AK46: 是
A47: 44681 | B47: 1600 | D47: {=(SUM(VLOOKUP(I47:AF47,$AM$4:$AO$44,2,FALSE))+AG47*10)*IF(AK47="是",$AY$4,$AY$3)} -> 0 | E47: =SUM($B$4:B47)+SUM($C$4:C47)-SUM($D$4:D47) -> 59800 | F47: {=SUM(VLOOKUP(I47:AF47,$AM$4:$AO$44,3,FALSE))} -> 0 | G47: =SUM($F$4:F47)+SUM($H$4:H47) -> 8230 | H47: 0 | I47: 空 | J47: 空 | K47: 空 | L47: 空 | M47: 空 | N47: 空 | O47: 空 | P47: 空 | Q47: 空 | R47: 空 | S47: 空 | T47: 空 | U47: 空 | V47: 空 | W47: 空 | X47: 空 | Y47: 空 | Z47: 空 | AA47: 空 | AB47: 空 | AC47: 空 | AD47: 空 | AE47: 空 | AF47: 空 | AG47: 0 | AK47: 是
A48: 44682 | B48: 1600 | D48: {=(SUM(VLOOKUP(I48:AF48,$AM$4:$AO$44,2,FALSE))+AG48*10)*IF(AK48="是",$AY$4,$AY$3)} -> 0 | E48: =SUM($B$4:B48)+SUM($C$4:C48)-SUM($D$4:D48) -> 61400 | F48: {=SUM(VLOOKUP(I48:AF48,$AM$4:$AO$44,3,FALSE))} -> 0 | G48: =SUM($F$4:F48)+SUM($H$4:H48) -> 8230 | H48: 0 | I48: 空 | J48: 空 | K48: 空 | L48: 空 | M48: 空 | N48: 空 | O48: 空 | P48: 空 | Q48: 空 | R48: 空 | S48: 空 | T48: 空 | U48: 空 | V48: 空 | W48: 空 | X48: 空 | Y48: 空 | Z48: 空 | AA48: 空 | AB48: 空 | AC48: 空 | AD48: 空 | AE48: 空 | AF48: 空 | AG48: 0 | AK48: 是
A49: 44683 | B49: 1600 | D49: {=(SUM(VLOOKUP(I49:AF49,$AM$4:$AO$44,2,FALSE))+AG49*10)*IF(AK49="是",$AY$4,$AY$3)} -> 0 | E49: =SUM($B$4:B49)+SUM($C$4:C49)-SUM($D$4:D49) -> 63000 | F49: {=SUM(VLOOKUP(I49:AF49,$AM$4:$AO$44,3,FALSE))} -> 0 | G49: =SUM($F$4:F49)+SUM($H$4:H49) -> 8430 | H49: 200 | I49: 空 | J49: 空 | K49: 空 | L49: 空 | M49: 空 | N49: 空 | O49: 空 | P49: 空 | Q49: 空 | R49: 空 | S49: 空 | T49: 空 | U49: 空 | V49: 空 | W49: 空 | X49: 空 | Y49: 空 | Z49: 空 | AA49: 空 | AB49: 空 | AC49: 空 | AD49: 空 | AE49: 空 | AF49: 空 | AG49: 0 | AK49: 是
A50: 44684 | B50: 1600 | D50: {=(SUM(VLOOKUP(I50:AF50,$AM$4:$AO$44,2,FALSE))+AG50*10)*IF(AK50="是",$AY$4,$AY$3)} -> 0 | E50: =SUM($B$4:B50)+SUM($C$4:C50)-SUM($D$4:D50) -> 64600 | F50: {=SUM(VLOOKUP(I50:AF50,$AM$4:$AO$44,3,FALSE))} -> 0 | G50: =SUM($F$4:F50)+SUM($H$4:H50) -> 8530 | H50: 100 | I50: 空 | J50: 空 | K50: 空 | L50: 空 | M50: 空 | N50: 空 | O50: 空 | P50: 空 | Q50: 空 | R50: 空 | S50: 空 | T50: 空 | U50: 空 | V50: 空 | W50: 空 | X50: 空 | Y50: 空 | Z50: 空 | AA50: 空 | AB50: 空 | AC50: 空 | AD50: 空 | AE50: 空 | AF50: 空 | AG50: 0 | AK50: 是
A51: 44685 | B51: 1600 | D51: {=(SUM(VLOOKUP(I51:AF51,$AM$4:$AO$44,2,FALSE))+AG51*10)*IF(AK51="是",$AY$4,$AY$3)} -> 0 | E51: =SUM($B$4:B51)+SUM($C$4:C51)-SUM($D$4:D51) -> 66200 | F51: {=SUM(VLOOKUP(I51:AF51,$AM$4:$AO$44,3,FALSE))} -> 0 | G51: =SUM($F$4:F51)+SUM($H$4:H51) -> 8730 | H51: 200 | I51: 空 | J51: 空 | K51: 空 | L51: 空 | M51: 空 | N51: 空 | O51: 空 | P51: 空 | Q51: 空 | R51: 空 | S51: 空 | T51: 空 | U51: 空 | V51: 空 | W51: 空 | X51: 空 | Y51: 空 | Z51: 空 | AA51: 空 | AB51: 空 | AC51: 空 | AD51: 空 | AE51: 空 | AF51: 空 | AG51: 0 | AK51: 是
A52: 44686 | B52: 1600 | D52: {=(SUM(VLOOKUP(I52:AF52,$AM$4:$AO$44,2,FALSE))+AG52*10)*IF(AK52="是",$AY$4,$AY$3)} -> 0 | E52: =SUM($B$4:B52)+SUM($C$4:C52)-SUM($D$4:D52) -> 67800 | F52: {=SUM(VLOOKUP(I52:AF52,$AM$4:$AO$44,3,FALSE))} -> 0 | G52: =SUM($F$4:F52)+SUM($H$4:H52) -> 8730 | H52: 0 | I52: 空 | J52: 空 | K52: 空 | L52: 空 | M52: 空 | N52: 空 | O52: 空 | P52: 空 | Q52: 空 | R52: 空 | S52: 空 | T52: 空 | U52: 空 | V52: 空 | W52: 空 | X52: 空 | Y52: 空 | Z52: 空 | AA52: 空 | AB52: 空 | AC52: 空 | AD52: 空 | AE52: 空 | AF52: 空 | AG52: 0 | AK52: 是
A53: 44687 | B53: 1600 | D53: {=(SUM(VLOOKUP(I53:AF53,$AM$4:$AO$44,2,FALSE))+AG53*10)*IF(AK53="是",$AY$4,$AY$3)} -> 0 | E53: =SUM($B$4:B53)+SUM($C$4:C53)-SUM($D$4:D53) -> 69400 | F53: {=SUM(VLOOKUP(I53:AF53,$AM$4:$AO$44,3,FALSE))} -> 0 | G53: =SUM($F$4:F53)+SUM($H$4:H53) -> 8730 | H53: 0 | I53: 空 | J53: 空 | K53: 空 | L53: 空 | M53: 空 | N53: 空 | O53: 空 | P53: 空 | Q53: 空 | R53: 空 | S53: 空 | T53: 空 | U53: 空 | V53: 空 | W53: 空 | X53: 空 | Y53: 空 | Z53: 空 | AA53: 空 | AB53: 空 | AC53: 空 | AD53: 空 | AE53: 空 | AF53: 空 | AG53: 0 | AK53: 是
... A94: 44728 | B94: 1600 | D94: {=(SUM(VLOOKUP(I94:AF94,$AM$4:$AO$44,2,FALSE))+AG94*10)*IF(AK94="是",$AY$4,$AY$3)} -> 0 | E94: =SUM($B$4:B94)+SUM($C$4:C94)-SUM($D$4:D94) -> 135000 | F94: {=SUM(VLOOKUP(I94:AF94,$AM$4:$AO$44,3,FALSE))} -> 0 | G94: =SUM($F$4:F94)+SUM($H$4:H94) -> 11730 | H94: 0 | I94: 空 | J94: 空 | K94: 空 | L94: 空 | M94: 空 | N94: 空 | O94: 空 | P94: 空 | Q94: 空 | R94: 空 | S94: 空 | T94: 空 | U94: 空 | V94: 空 | W94: 空 | X94: 空 | Y94: 空 | Z94: 空 | AA94: 空 | AB94: 空 | AC94: 空 | AD94: 空 | AE94: 空 | AF94: 空 | AG94: 0 | AK94: 是
D96: 负粮草 | E96: =COUNTIF(E4:E94,"<0") -> 1

Sheet 7.0.5
A1: =(_xlfn.DAYS(TODAY(),A4)+2)/((_xlfn.DAYS(A94,A4))+1) -> 3.978022 | I1: 工作区 | AM1: 使用方法：按自己规划的路线，将下表中的地块名复制粘贴至工作区。初次使用传送门，当天跳步次数+5。重复使用传送门，当天跳步次数+1 | AS1: 总消耗 | AT1: =SUM(D4:D94)+150*AT18+160*AT28 -> 14660
A2: version 7.0.5 | B2: 八卦前亏 | C2: {=SUM(VLOOKUP(I4:P14,$AM$4:$AP$44,4,FALSE))+SUM(VLOOKUP(Q4:AE9,$AM$4:$AP$44,4,FALSE))+SUM(AG4:AG14)*10} -> 2941.9952 | D2: 合计经验 | F2: =SUM(F4:F94)+SUM(H4:H94) -> 11730 | I2: 队伍一 风 | K2: 步数 | L2: =COUNTIF(I4:P94,"<>空") -> 35 | M2: (不算跳步和传送) | Q2: 队伍二 雷 | S2: 步数 | T2: =COUNTIF(Q4:X94,"<>空") -> 42 | U2: (不算跳步和传送) | Y2: 队伍三 | AA2: 总步数 | AB2: =COUNTIF(Y4:AF94,"<>空") -> 16 | AC2: (不算跳步和传送) | AG2: =SUM(AG4:AG94) -> 10 | AH2: =SUM(AH4:AH94) -> 0 | AI2: =SUM(AI4:AI94) -> 0 | AJ2: =SUM(AJ4:AJ94) -> 10 | AK2: 八卦全开 | AL2: =L2+T2+AB2 -> 93 | AS2: 总地块 | AT2: =SUM(AT4:AT28) -> 92 | AV2: 总经验 | AW2: =SUM(AU4:AW28)+7000 -> 11210 | AY2: 粮草系数
A3: 日期 | B3: 获得粮草 | C3: 种植粮草 | D3: 消耗粮草 | E3: 剩余粮草 | F3: 获得经验 | G3: 累计经验 | H3: 任务经验 | I3: 1 | J3: 2 | K3: 3 | L3: 4 | M3: 5 | N3: 6 | O3: 7 | P3: 8 | Q3: 1 | R3: 2 | S3: 3 | T3: 4 | U3: 5 | V3: 6 | W3: 7 | X3: 8 | Y3: 1 | Z3: 2 | AA3: 3 | AB3: 4 | AC3: 5 | AD3: 6 | AE3: 7 | AF3: 8 | AG3: 跳步次数 | AH3: 1队跳步 | AI3: 2队跳步 | AJ3: 3队跳步 | AM3: 地块 | AN3: 粮草 | AO3: 经验 | AP3: 八卦前亏损 | AQ3: 一队地块 | AR3: 二队地块 | AS3: 三队地块 | AT3: 总地块 | AU3: 一队经验 | AV3: 二队经验 | AW3: 三队经验 | AX3: 八卦前 | AY3: 1
A4: 44638 | B4: 800 | C4: 4800 | D4: {=(SUM(VLOOKUP(I4:AF4,$AM$4:$AO$44,2,FALSE))+AG4*10)*IF(AK4="是",$AY$4,$AY$3)} -> 1750 | E4: =SUM($B$4:B4)+SUM($C$4:C4)-SUM($D$4:D4) -> 3850 | F4: {=SUM(VLOOKUP(I4:AF4,$AM$4:$AO$44,3,FALSE))} -> 475 | G4: =SUM($F$4:F4)+SUM($H$4:H4) -> 475 | H4: 0 | I4: 1级 | J4: 1级 | K4: 1级 | L4: 1级 | M4: 1级 | N4: 商人 | O4: 空 | P4: 空 | Q4: 1级 | R4: 1级 | S4: 营地 | T4: 2级 | U4: 2级 | V4: 2级 | W4: 2级 | X4: 2级 | Y4: 空 | Z4: 空 | AA4: 空 | AB4: 空 | AC4: 空 | AD4: 空 | AE4: 空 | AF4: 空 | AG4: 0 | AK4: 否 | AM4: 1级 | AN4: 150 | AO4: 35 | AP4: =AN4-AO4/0.330882 -> 44.222109 | AQ4: =COUNTIF($I$4:$P$94,AM4) -> 5 | AR4: =COUNTIF($Q$4:$X$94,AM4) -> 2 | AS4: =COUNTIF($Y$4:$AF$94,AM4) -> 0 | AT4: =AQ4+AR4+AS4 -> 7 | AU4: =AQ4*$AO4 -> 175 | AV4: =AR4*$AO4 -> 70 | AW4: =AS4*$AO4 -> 0 | AX4: 八卦后 | AY4: 0.8 | AZ4: =AO4/BA4 -> 0.29166667 | BA4: =AN4*0.8 -> 120
A5: 44639 | B5: 1600 | C5: 1200 | D5: {=(SUM(VLOOKUP(I5:AF5,$AM$4:$AO$44,2,FALSE))+AG5*10)*IF(AK5="是",$AY$4,$AY$3)} -> 2700 | E5: =SUM($B$4:B5)+SUM($C$4:C5)-SUM($D$4:D5) -> 3950 | F5: {=SUM(VLOOKUP(I5:AF5,$AM$4:$AO$44,3,FALSE))} -> 1230 | G5: =SUM($F$4:F5)+SUM($H$4:H5) -> 2205 | H5: 500 | I5: 塔2 | J5: 2级 | K5: 2级 | L5: 2级 | M5: 2级 | N5: 商人 | O5: 空 | P5: 空 | Q5: 2级 | R5: 2级 | S5: 营地 | T5: 2级 | U5: 2级 | V5: 2级 | W5: 塔2 | X5: 2级 | Y5: 2级 | Z5: 2级 | AA5: 2级 | AB5: 历练 | AC5: 2级 | AD5: 2级 | AE5: 空 | AF5: 空 | AG5: 5 | AJ5: 5 | AK5: 否 | AM5: 2级 | AN5: 160 | AO5: 40 | AP5: =AN5-AO5/0.330882 -> 39.110982 | AQ5: =COUNTIF($I$4:$P$94,AM5) -> 6 | AR5: =COUNTIF($Q$4:$X$94,AM5) -> 13 | AS5: =COUNTIF($Y$4:$AF$94,AM5) -> 5 | AT5: =AQ5+AR5+AS5 -> 24 | AU5: =AQ5*$AO5 -> 240 | AV5: =AR5*$AO5 -> 520 | AW5: =AS5*$AO5 -> 200 | AX5: Note：开完八卦当天可能需要手动计算粮草 | AZ5: =AO5/BA5 -> 0.3125 | BA5: =AN5*0.8 -> 128
A6: 44640 | B6: 1600 | D6: {=(SUM(VLOOKUP(I6:AF6,$AM$4:$AO$44,2,FALSE))+AG6*10)*IF(AK6="是",$AY$4,$AY$3)} -> 3130 | E6: =SUM($B$4:B6)+SUM($C$4:C6)-SUM($D$4:D6) -> 2420 | F6: {=SUM(VLOOKUP(I6:AF6,$AM$4:$AO$44,3,FALSE))} -> 940 | G6: =SUM($F$4:F6)+SUM($H$4:H6) -> 3145 | H6: 0 | I6: 2级 | J6: 2级 | K6: 3级 | L6: 3级 | M6: 3级 | N6: 3级 | O6: 空 | P6: 空 | Q6: 2级 | R6: 2级 | S6: 塔2 | T6: 3级 | U6: 3级 | V6: 小卦 | W6: 空 | X6: 空 | Y6: 4级 | Z6: 遗迹 | AA6: 4级 | AB6: 大卦 | AC6: 3级 | AD6: 3级 | AE6: 空 | AF6: 空 | AG6: 5 | AJ6: 5 | AK6: 否 | AM6: 3级 | AN6: 170 | AO6: 45 | AP6: 34 | AQ6: =COUNTIF($I$4:$P$94,AM6) -> 16 | AR6: =COUNTIF($Q$4:$X$94,AM6) -> 18 | AS6: =COUNTIF($Y$4:$AF$94,AM6) -> 4 | AT6: =AQ6+AR6+AS6 -> 38 | AU6: =AQ6*$AO6 -> 720 | AV6: =AR6*$AO6 -> 810 | AW6: =AS6*$AO6 -> 180 | AZ6: =AO6/BA6 -> 0.33088235 | BA6: =AN6*0.8 -> 136
A7: 44641 | B7: 1600 | D7: {=(SUM(VLOOKUP(I7:AF7,$AM$4:$AO$44,2,FALSE))+AG7*10)*IF(AK7="是",$AY$4,$AY$3)} -> 2380 | E7: =SUM($B$4:B7)+SUM($C$4:C7)-SUM($D$4:D7) -> 1640 | F7: {=SUM(VLOOKUP(I7:AF7,$AM$4:$AO$44,3,FALSE))} -> 675 | G7: =SUM($F$4:F7)+SUM($H$4:H7) -> 4120 | H7: 300 | I7: 小卦 | J7: 3级 | K7: 3级 | L7: 3级 | M7: 3级 | N7: 塔3 | O7: 空 | P7: 空 | Q7: 3级 | R7: 3级 | S7: 3级 | T7: 3级 | U7: 3级 | V7: 3级 | W7: 空 | X7: 空 | Y7: 3级 | Z7: 营地 | AA7: 3级 | AB7: 小卦 | AC7: 空 | AD7: 空 | AE7: 空 | AF7: 空 | AG7: 0 | AK7: 否 | AM7: 4级 | AN7: 180 | AO7: 50 | AP7: 36 | AQ7: =COUNTIF($I$4:$P$94,AM7) -> 0 | AR7: =COUNTIF($Q$4:$X$94,AM7) -> 0 | AS7: =COUNTIF($Y$4:$AF$94,AM7) -> 2 | AT7: =AQ7+AR7+AS7 -> 2 | AU7: =AQ7*$AO7 -> 0 | AV7: =AR7*$AO7 -> 0 | AW7: =AS7*$AO7 -> 100 | AZ7: =AO7/BA7 -> 0.34722222 | BA7: =AN7*0.8 -> 144
A8: 44642 | B8: 1600 | D8: {=(SUM(VLOOKUP(I8:AF8,$AM$4:$AO$44,2,FALSE))+AG8*10)*IF(AK8="是",$AY$4,$AY$3)} -> 2060 | E8: =SUM($B$4:B8)+SUM($C$4:C8)-SUM($D$4:D8) -> 1180 | F8: {=SUM(VLOOKUP(I8:AF8,$AM$4:$AO$44,3,FALSE))} -> 825 | G8: =SUM($F$4:F8)+SUM($H$4:H8) -> 4945 | H8: 0 | I8: 3级 | J8: 3级 | K8: 大卦 | L8: 3级 | M8: 3级 | N8: 商人 | O8: 空 | P8: 空 | Q8: 3级 | R8: 3级 | S8: 大卦 | T8: 3级 | U8: 遗迹 | V8: 3级 | W8: 空 | X8: 空 | Y8: 空 | Z8: 空 | AA8: 空 | AB8: 空 | AC8: 空 | AD8: 空 | AE8: 空 | AF8: 空 | AG8: 0 | AK8: 否 | AM8: 5级 | AN8: 190 | AO8: 55 | AP8: 38 | AQ8: =COUNTIF($I$4:$P$94,AM8) -> 0 | AR8: =COUNTIF($Q$4:$X$94,AM8) -> 0 | AS8: =COUNTIF($Y$4:$AF$94,AM8) -> 0 | AT8: =AQ8+AR8+AS8 -> 0 | AU8: =AQ8*$AO8 -> 0 | AV8: =AR8*$AO8 -> 0 | AW8: =AS8*$AO8 -> 0 | AZ8: =AO8/BA8 -> 0.36184211 | BA8: =AN8*0.8 -> 152
A9: 44643 | B9: 1600 | D9: {=(SUM(VLOOKUP(I9:AF9,$AM$4:$AO$44,2,FALSE))+AG9*10)*IF(AK9="是",$AY$4,$AY$3)} -> 1850 | E9: =SUM($B$4:B9)+SUM($C$4:C9)-SUM($D$4:D9) -> 930 | F9: {=SUM(VLOOKUP(I9:AF9,$AM$4:$AO$44,3,FALSE))} -> 495 | G9: =SUM($F$4:F9)+SUM($H$4:H9) -> 5640 | H9: 200 | I9: 3级 | J9: 3级 | K9: 3级 | L9: 3级 | M9: 小卦 | N9: 空 | O9: 空 | P9: 空 | Q9: 3级 | R9: 3级 | S9: 塔3 | T9: 3级 | U9: 3级 | V9: 3级 | W9: 空 | X9: 空 | Y9: 空 | Z9: 空 | AA9: 空 | AB9: 空 | AC9: 空 | AD9: 空 | AE9: 空 | AF9: 空 | AG9: 0 | AK9: 否 | AM9: 6级 | AN9: 200 | AO9: 60 | AQ9: =COUNTIF($I$4:$P$94,AM9) -> 0 | AR9: =COUNTIF($Q$4:$X$94,AM9) -> 0 | AS9: =COUNTIF($Y$4:$AF$94,AM9) -> 0 | AT9: =AQ9+AR9+AS9 -> 0 | AU9: =AQ9*$AO9 -> 0 | AV9: =AR9*$AO9 -> 0 | AW9: =AS9*$AO9 -> 0 | AZ9: =AO9/BA9 -> 0.375 | BA9: =AN9*0.8 -> 160
A10: 44644 | B10: 1600 | D10: {=(SUM(VLOOKUP(I10:AF10,$AM$4:$AO$44,2,FALSE))+AG10*10)*IF(AK10="是",$AY$4,$AY$3)} -> 340 | E10: =SUM($B$4:B10)+SUM($C$4:C10)-SUM($D$4:D10) -> 2190 | F10: {=SUM(VLOOKUP(I10:AF10,$AM$4:$AO$44,3,FALSE))} -> 90 | G10: =SUM($F$4:F10)+SUM($H$4:H10) -> 5730 | H10: 0 | I10: 空 | J10: 空 | K10: 空 | L10: 空 | M10: 空 | N10: 空 | O10: 空 | P10: 空 | Q10: 3级 | R10: 小卦 | S10: 空 | T10: 空 | U10: 空 | V10: 空 | W10: 空 | X10: 空 | Y10: 空 | Z10: 空 | AA10: 空 | AB10: 空 | AC10: 空 | AD10: 空 | AE10: 空 | AF10: 空 | AG10: 0 | AK10: 否 | AM10: 塔1 | AN10: 150 | AO10: 35 | AP10: =AN10-AO10/0.330882 -> 44.222109 | AQ10: =COUNTIF($I$4:$P$94,AM10) -> 0 | AR10: =COUNTIF($Q$4:$X$94,AM10) -> 0 | AS10: =COUNTIF($Y$4:$AF$94,AM10) -> 0 | AT10: =AQ10+AR10+AS10 -> 0 | AU10: =AQ10*$AO10 -> 0 | AV10: =AR10*$AO10 -> 0 | AW10: =AS10*$AO10 -> 0 | AZ10: =AO10/BA10 -> 0.29166667 | BA10: =AN10*0.8 -> 120
